序号,页码,撒尼语读音(我方记法),汉文释义,义项数
1,1,pʰi+,念(念彝文经书),1
2,1,pʰi+,跳(狮子舞)；跳月；动,1
3,1,pʰi+ dʐi+ tʰo7,(词义截断，未显示),1
4,1,pʰi+ fA+,比方；譬如,1
5,1,pʰi+ fA+ dɤJ,举例,1
6,1,pʰi+ kʰA+,饼干,1
7,1,pʰi+ le+,动,1
8,1,pʰi+ lɤJ,比例,1
9,1,pʰi+ moJ,毕摩(彝族祭师，掌握彝文、传播彝文的人),1
10,1,pʰi+ mu+,念经(祭祀时念经),1
11,1,pʰi+ mɤ+ tʂ+,扭秧歌；舞蹈,1
12,1,pʰi+ pɛJ,冰棒；冰棍,1
13,1,pʰi+ pʰi+,步,1
14,1,pʰi+ tsi+,饼子,1
15,1,pʰi+ tʂ+,铃子,1
16,1,pʰi+ tʂ+ tʂ+,摇铃,1
17,1,pʰi7,盖；覆盖；关,1
18,1,pʰi7 lɿ7 pʰi7 lɤ+,果实累累,1
19,1,pʰi7 pe+,关上,1
20,1,pʰi7 tshiJ,盖住；关好,1
21,1,pʰi7 tu+,盖子(泛指),1
22,1,pʰi7 tʂ+,盖子(专指一种做饭用的盖子),1
23,2,pʰi+,粢(指汤里的粢),1
24,2,pʰi+ dɤJ,①可能；可以 ②胜任,2
25,2,pʰi+ kɯ7 no7 ŋɤJ,动物,1
26,2,pʰi+ mu+,①很 ②热烈,2
27,2,pʰi+ mu+ lu7 sɔ+,热烈欢迎；非常喜欢,1
28,2,pʰi+ mu+ neJ,很早,1
29,2,pʰi+ mu+ nɔ7,很多,1
30,2,pʰi+ mu+ ʂeJ,很少,1
31,2,pʰi+ pʰi+,非常,1
32,2,pʰi+ pʰi+ mu+,最,1
33,2,pʰi+ tʂ+,菜刀,1
34,2,pʰi+ tʂ+,食囊；膝囊(鸡、鸭等膝囊),1
35,2,pʰi7,①撒粪 ②代；辈(一代人；一辈人),2
36,2,pʰi7 be7,花边,1
37,2,pʰi7 lɿ7,唢呐,1
38,2,pʰi7 pʰi7 tʰo7 tʰo7,哭哭啼啼,1
39,2,pʰi7 pʰi7 ʑo7 ʑo7,哭哭啼啼(专指大人),1
40,2,pʰi7 tʂJ,倒霉,1
41,2,pʰi7 xɔ+,撒开；撒掉,1
42,2,pʰiJ,拉痢,1
43,2,pʰiJ mɤ+,笔墨,1
44,2,pʰiJ neJ,毕业,1
45,2,pʰiJ nɿJ duJ mo+,秃笔,1
46,2,pʰiJ o7,笔尖,1
47,2,pʰiJ pʰiJ ʐ?ɤJ ʐ?ɤJ,单单啥啥(拉痢或强行拖人时的象声词),1
48,2,pʰiJ tʂ+,逼死,1
49,2,pʰiJ xɔ+,淹,1
50,3,pe+,①合：合起来；合在一起 ②附带：沾水附带洗菜,2
51,3,pe+ dlɔ+ dɤJ,合得来,1
52,3,pe+ leJ,伴侣；伙伴；同志；朋友,1
53,3,pe+ leJ mu+,陪伴；做伴,1
54,3,pe+ leJ siJ,访友,1
55,3,pe+ leJ zɔJ,小伙伴,1
56,3,pe+ pe+,一块儿,1
57,3,pe+ tʂ+,参加,1
58,3,pe+ tʂiJ,本质,1
59,3,pe7 dlɔ+,变成,1
60,3,pe7 moJ ʐɤJ,不便,1
61,3,pe7 pe+ pʰi7,碎碗片,1
62,3,pe7 pe7,碗(童语),1
63,3,pe7 tʂhiJ,腐朽,1
64,3,pe7 xɔ+,褪色,1
65,3,pe7 ʐɤJ,方便,1
66,3,pe7·pê7,(两读),1
67,3,peJ,白(字头),1
68,3,peJ bɿ7,老百姓,1
69,3,peJ tɔ+,扁担,1
70,3,peJ tʂ+,别针,1
71,3,peJ tʂiJ,北京,1
72,3,peJ xɔJ kʰo+ si+,百货公司,1
73,3,pʰi+ kʰo7,驼背,1
74,3,pʰi+ lɔJ,背篓,1
75,3,pʰi+ tshiJ,胜；胜过(指摔跤时胜过对方),1
76,3,pʰiJ,比(赛)：我们两个来赛一赛,1
77,3,pʰiJ pe+,合并,1
78,3,pʰiJ pʰiJ tʰoJ tʰoJ,①秩序紊乱 ②声音嘈杂,2
79,3,pʰiJ tu+ mɔJ tʰo7,无与伦比,1
80,3,pʰiJ tɔ+ lɿ+,归纳,1
81,4,pA+,①次(量词)：打一次 ②个(字)：一个字,2
82,4,pA+,棒；棍,1
83,4,pA+ dʐA+ tʂi+ mɔ+,芭蕉芋,1
84,4,pA+ pʰɤ+,手杖；拐棍,1
85,4,pA+ tshɤ+,滴下来,1
86,4,pA+ tʰo+,翘起,1
87,4,pA+ vɤ+,把握,1
88,4,pA7,特地：我特地来看您,1
89,4,pA7 tɕA+,①霸占 ②爆炸,2
90,4,pA7 tɕi+,坝子(小平原),1
91,4,pA7 tʰo7,霸道,1
92,4,pA7 ʐɯ7,故意；特地,1
93,4,pA7 ʐɯ7 mɔJ dɤ+,无意,1
94,4,pe+,脱落(掉)：牙齿脱落了,1
95,4,pe+ tʂ+,搬迁,1
96,4,pe+ tʰA mɔ+,陀螺；得螺(一种会旋转的木制小玩具),1
97,4,pe7 f?ɤJ,办法,1
98,4,pe7 f?ɤJ mɔJ tʰo7,无法；没有办法,1
99,4,peJ,女人生殖器,1
100,4,peJ,①陈列：陈列起来 ②悬：悬案 ③唉(表示不满意),3
101,4,peJ ghɤ+,性交,1
102,4,peJ kʰo+ tʂiJ,办公室,1
103,4,peJ tʰo7,摆设,1
104,4,peJ xɔ+,办妥了,1
105,4,peJ ʐo7,难办,1
106,4,peJ ʑuA7,谎言,1
107,4,pʰi+,瓶：酒瓶子,1
108,4,pʰi+ tʂ+,杯子,1
109,5,pA+ bi7,杂技,1
110,5,pA+ bi7 gɔ+,耍把戏,1
111,5,pA+ gɔJ lɿ+,①反转 ②倒置,2
112,5,pA+ kʰɛi+,扒开,1
113,5,pA+ tʂi+,疤,1
114,5,pA+ tʂi+ si+ thɿ+,巴基斯坦,1
115,5,pAJ,(释义未显示),1
116,5,pAJ,①炸：炸玉米花 ②半(半斤；半升)：半斤猪肉,2
117,5,pAJ dʐiJ,把持,1
118,5,pAJ kʰo+ zɔJ,八哥(鸟名),1
119,5,pAJ kʰo7,板桥(地名),1
120,5,pAJ pʰi7,炸,1
121,5,pAJ tu+,凳子,1
122,5,pAJ tʂ+,升子(量具),1
123,5,pAJ tʂi+ bA+,打靶,1
124,5,pAJ tʂi+ bA+ tʂ+,靶场,1
125,5,pAJ tʂi7,"""八字""(迷信用语)",1
126,5,pÃ+,(字头，释义未显示),1
127,5,pÃ+ gɔ+,帮助；援助,1
128,5,pÃ+ tɕÃ+,班长,1
129,5,pʰo7,公(雄性)：公马,1
130,6,pɔ+,①糟粕；渣 ②在,2
131,6,pɔ+ 1ɔ7,在其中,1
132,6,pɔ+ biJ,包揽；包干,1
133,6,pɔ+ mɔJ tʰo7,精华,1
134,6,pɔ+ pɔ+ mu+,重重地；狠狠地,1
135,6,pɔ+ pɔ+ mu+ dɤJ,痛打；狠揍,1
136,6,pɔ+ tʂi+,包子,1
137,6,pɔ+ tʰÃ+,包产,1
138,6,pɔ7,报(字头),1
139,6,pɔ7 kʰɔ7,报告,1
140,6,pɔ7 kʰɔ7 nẽ+,听报告,1
141,6,pɔ7 nɿ7 pɔ7 ne+ dzo+,象个假小子,1
142,6,pɔ7 tʂi+,报纸,1
143,6,pɔ7 tẽ+,回报,1
144,6,pɔJ,①校对 ②担保,2
145,6,pɔJ bo+,报销,1
146,6,pɔJ dʐwJ,把持,1
147,6,pɔJ t?ɤJ,报答,1
148,6,pɔJ tʰo+,保送人,1
149,6,pɔJ tẽJ,保证人,1
150,6,pʰɔ+,①换 ②调换,2
151,6,pʰɔ+ be+,说反话,1
152,6,pʰɔ+ dɛi7,①轮流 ②调换,2
153,6,pʰɔ+ dʐwJ,保证,1
154,6,pʰɔ+ kuÃ+,保管,1
155,6,pʰɔ+ pʰɔ+,要换吗？,1
156,6,pʰɔ+ tɤ+,可爱(专指小孩儿学说话),1
157,6,pʰɔ+ ʑuiJ,保卫,1
158,6,pʰɔ+ ʑuiJ dʐwJ lɔ7,包围,1
159,7,pɔ+,(字头),1
160,7,pɔ+ lɿJ,玻璃,1
161,7,pɔ+ tshɛ7,菠菜,1
162,7,pɔJ,(字头),1
163,7,pɔJ pɯ7,驳斥,1
164,7,pɔJ ɖʐuJ,剥削,1
165,7,pɔJ ʈʂ+,拨动,1
166,7,pʰɿ+,沾：沾了泥巴,1
167,7,pʰɿ+,①缎 ②翻,2
168,7,pʰɿ+ do+ pʰɿ+ do7,(词义截断，未显示),1
169,7,pʰɿ+ n?ɤ+ n?ɤ+ mu+,笨蛋,1
170,7,pʰɿ7,①秸：玉米秸 ②草：稻草,2
171,7,pʰɿ7 bɿJ,乱草,1
172,7,pʰɿ7 bɿJ,堆秸,1
173,7,pʰɿ7 dz?ɤ+,草腐,1
174,7,pʰɿ7 dz?ɤ+ dɤJ,织席子,1
175,7,pʰɿ7 dz?ɤ+ pʂi+ lɤ+ mɔ+,滑席(精制的卧席),1
176,7,pʰɿ7 tshiJ pʰɿ7 bɿJ,肮脏,1
177,7,pʰɿJ,(字头),1
178,7,pʰɿJ lɿ7,本利,1
179,7,pʰɿJ tshɿ+,资本；本钱；垫本；成本,1
180,7,pʰɿJ tshɿ+ 1oJ,夠本；保本,1
181,7,pʰɿJ tshɿ+ tʂɿ+,赔本；亏本；蚀本,1
182,7,pʰɿJ tshɿ+ ʂeJ,亏本；亏空,1
183,7,pʰɿJ tɿ7,本地,1
184,8,pɯ+,①叫：公牛叫 ②啼：公鸡啼,2
185,8,pɯ+,①绞：绞绳子 ②边：大河边,2
186,8,pɯ+ tʂɿ+,边缘；边境,1
187,8,pɯ7,①斗(量词) ②斗(名词) ③掼(使动) ④洞,4
188,8,pɯ7 duJ,坑,1
189,8,pɯ7 ne+,洞；窟窿；空隙；隧道,1
190,8,pɯ7 ne+ duJ,挖洞,1
191,8,pɯ7 ne+ dʐi+,通洞,1
192,8,pɯ7 ne+ g?ɤ7,掏洞,1
193,8,pɯ7 ne+ ghwJ,洞口,1
194,8,pɯ7 ne+ tu+,通洞；有小孔,1
195,8,pɯ7 tshu7,步骤,1
196,8,pɯ7 tʂi+,账本,1
197,8,pʰɿ+ 1e+,翻,1
198,8,pʰɿ+ gɔJ,①翻过来 ②返回,2
199,8,pʰɿ+ tu7 lɛi+ tshɿ+,翻滚,1
200,8,pʰɿJ,凸：地面凸着,1
201,8,pʰɿJ Si+,本事；本领；能力,1
202,8,pʰɿJ Si+ mɔJ tʰo7,无能,1
203,8,pʰɿJ tʂi+,北京,1
204,8,pʰɿJ tʰÃ+,白糖；麦芽糖,1
205,9,pɯ+,推：推石头,1
206,9,pɯ+,漂：水上漂着树叶,1
207,9,pɯ+,①驯：驯牛 ②绵羊(古语),2
208,9,pɯ+,米(玉米的米),1
209,9,pɯ+,哥：我哥哥昨天从昆明回来,1
210,9,pɯ+ A7 l?ɤJ tɛ+,推翻,1
211,9,pɯ+ dziJ,刺猬,1
212,9,pɯ+ dziJ dziJ,刺猬刺,1
213,9,pɯ+ dʐiJ,抵挡,1
214,9,pɯ+ kʰɛ+ tɤ+,浮在上面,1
215,9,pɯ+ kʰɛi,推开,1
216,9,pɯ+ l?ɤJ,推倒(泛指),1
217,9,pɯ+ lo7,放绵羊,1
218,9,pɯ+ pɯ7,推倒(专指重物和人),1
219,9,pɯ+ tsuJ,补助,1
220,9,pɯ+ tʂɿ+ ʂi+ ʂi+,沿岸,1
221,9,pɯ+ tʰo+,推起来,1
222,9,pɯ+ tʰɿJ,补贴,1
223,9,pɯ+ xɔ+,推掉,1
224,9,pɯ+ ʈʂ+,推动,1
225,9,pɯJ,补：补栽辣子秧,1
226,9,pɯJ biJ,找补,1
227,9,pɯJ tɛ+,布丹(国名，疑即不丹),1
228,9,pɯJ tʂiJ,布置,1
229,9,pɯJ tʰÃ+,部长,1
230,9,pɯJ tʰÃ+,步枪,1
231,10,pɯ+,①山 ②分 ③窝,3
232,10,pɯ+ bet zɔJ,襁褓,1
233,10,pɯ+ bɔJ,山坡,1
234,10,pɯ+ bɔJ ŋuJ tʂɛi+ duJ,山坡放牛处(文学语),1
235,10,pɯ+ de+,上坡,1
236,10,pɯ+ de+ de+,上缓坡,1
237,10,pɯ+ dlɔ+,半坡,1
238,10,pɯ+ loJ,①山凹子 ②陷落塘,2
239,10,pɯ+ loJ mɤ+,凹塘地,1
240,10,pɯ+ loJ nɿ7 pʂi+ dɿ+,淤泥塘,1
241,10,pɯ+ mɔJ tʰo7 ʂi+ lɿ+ tʰo7,山不转水转,1
242,10,pɯ+ mɤ+,山地,1
243,10,pɯ+ mɯ+,山高,1
244,10,pɯ+ nɤ+ pɯ+ bɔJ,背后议论别人,1
245,10,pɯ+ pɯ+ bet,自赞自夸；自讲,1
246,10,pɯ+ pɯ+ do+,空等(白等),1
247,10,pɯ+ pɯ+ mu+,白费劲,1
248,10,pɯ+ pɯ+ mu+ dzɔJ,白吃(不交伙食费),1
249,10,pɯ+ pʰi+,山腰,1
250,10,pɯ+ tu7,陡坡,1
251,10,pɯ+ tu7 de+,爬陡坡,1
252,10,pɯ+ tu7 zeJ,下坡,1
253,10,pɯ+ tʰo+,山梁,1
254,10,pɯ+ tʰo+,山下,1
255,10,pɯ+ tʰɿJ o7 ɖʐ+ tʰɿJ bɔJ,漫山遍野,1
256,10,pɯ+ zɔJ,小山,1
257,10,pɯ7,笨：很笨,1
258,10,pɯ7 muJ pɯ7 lɯ7,慢条斯理,1
259,10,pɯ7 muJ pɯ7 tʂʰɿ+,笨头笨脑,1
260,10,pɯ7 ʂɿ+ khuJ,青山口(村名),1
261,11,piA+,表(字头),1
262,11,piA+ ZAJ,表扬,1
263,11,piA+ Zɿ+,标语,1
264,11,piA+ bẽJ,表现,1
265,11,piA+ thɿJ,填表,1
266,11,piA+ tʂA+,膘肥体壮,1
267,11,piA+ tʂuĩ+,标准,1
268,11,pɯ+ A+ ku+ mɔ+,蜗牛,1
269,11,pɯ+ A+ pʰi+,山腰,1
270,11,pɯ+ ZɛiJ mɔ+,大山,1
271,11,pɯ+ dlɔ+ mɔ+,长坡,1
272,11,pɯ+ dlɔ+ mɤ+,坡地,1
273,11,pɯ+ dʐo7,下边,1
274,11,pɯ+ dʐo7 pɯ+ dʐoJ mɔ+,深谷,1
275,11,pɯ+ dʐoJ ʐo7,下面(指方位),1
276,11,pɯ+ go+,山里,1
277,11,pɯ+ go+ Si+ ne+ duJ,深山林密,1
278,11,pɯ+ gɔ+,山丫口,1
279,11,pɯ+ gɔ+ mɔ+,大丫口,1
280,11,pɯ+ gɔ+ zɔJ,小丫口,1
281,11,pɯ+ gɛi+ gɔJ mɔ+,山湾子,1
282,11,pɯ+ o7,山头；山顶,1
283,11,pɯ+ o7 gɔJ,山峰,1
284,11,pɯ+ tʂhi+,山麓；山脚,1
285,11,pɯ+ tʂhi+ pɯ+ leJ,漫山遍野,1
286,11,pɯ+ tʂhɔ+,补钉,1
287,11,pɯ+ tʂhɿ+ mɔ+,旱稻,1
288,11,pɯ+ tʂi7 tʂi+,泉水,1
289,11,pɯ+ tʂɛ+ de+,上山,1
290,11,pɯ+ tʂɛ+ mɔ+,山峦,1
291,11,pɯ+ tʂɿ7,山沟,1
292,11,pɯ+ tʂɿ7 mɔ+,箐沟；深沟,1
293,11,pɯ+ tʂɿ7 tʂi+,山箐(涧水),1
294,11,pɯ+ tʂɿ7 tʂi+ ZɛiJ mɔ+,山洪,1
295,11,pɯ+ ɛ+ D?ɛi+ mɔ+,野山药,1
296,11,pɯ+ ʐoJ,山洼,1
297,12,phi+,泼,1
298,12,phi+ XɛiJ,颜色,1
299,12,phi+ XɛiJ ho+,染色,1
300,12,phi+ Zɿ7,便宜,1
301,12,phi+ Zɿ7 dzɔJ,贪便宜,1
302,12,phi+ Zɿ7 tʂA7,占便宜,1
303,12,phi+ Zɿ7 tʂɿ+,讨便宜,1
304,12,phi+ lA+ mɔ+,荒蓝,1
305,12,phi+ loJ,平坦,1
306,12,phi+ loJ loJ,平坦坦,1
307,12,phi+ lɿ+ phA+ lA+,噼呖啪啦(象声词),1
308,12,phi+ phiJ,批评,1
309,12,phi+ tʂuĩ+,批准,1
310,12,phi7,边(指方位),1
311,12,phi7,①破 ②裂,2
312,12,phi7 Si7 mɔ+,哨子,1
313,12,phi7 phi7 A7 A7,破破烂烂,1
314,12,phiJ,①板(木板、板子) ②祖母,2
315,12,phiJ,①吐,1
316,12,phiJ duJ mɔ+,①罐子 ②臼,2
317,13,phe+,①半 ②回声,2
318,13,phe+ S?A7 phe+ mɔJ S?A7,一知半解,1
319,13,phe+ be+ phe+ mɔJ be+,半理不睬,1
320,13,phe+ dziJ phe+ mɯ+,半生不熟,1
321,13,phe+ dzɔJ phe+ mɔJ dzɔJ,食欲不振,1
322,13,phe+ lɛi+ phe+ mɔJ lɛi+,冷淡,1
323,13,phe+ tʂi+ phe+ Si+,半死不活,1
324,13,phe+ tʂi+ phe+ tʂɯ7,奄奄一息,1
325,13,phe+ tʂɯ+ phe+ tʂɔJ,半真半假,1
326,13,phiJ nẽJ,贫农,1
327,13,phiJ pɔ+,皮包,1
328,13,phiJ tʂhi7,脾气,1
329,13,phiJ tʂhi7 fAJ,发脾气；大发雷霆,1
330,13,phiJ tʂhɛ+,弹弓,1
331,13,phiJ xɔ+ dɛiJ,聚友,1
332,13,phɿ+,赔(赔偿),1
333,13,phɿ+ doJ,赌博,1
334,13,phɿ+ gɯ+,还清账目,1
335,13,phɿ7,①骗 ②配,2
336,13,phɿ7 XɛiJ,①配合 ②协调,2
337,13,phɿ7 biJ,配备,1
338,13,phɿ7 dʐiJ dɤJ,配得上,1
339,13,phɿ7 fɯJ,佩服；服气；钦佩,1
340,13,phɿ7 pe+,搭配,1
341,13,phɿ7 tʂhɿ+,齐全,1
342,13,phɿ7 tʂi+,配得好(佐料),1
343,14,phe+,①灰(色) ②肩,2
344,14,phe+,①抢 ②狠 ③辣(味),3
345,14,phe+ dAJ,灰色,1
346,14,phe+ dAJ dAJ,灰扑扑,1
347,14,phe+ gɔJ gɔJ,灰茫茫,1
348,14,phe+ gɔJ mɔ+,灰色,1
349,14,phe+ ku7 phe+ mɔJ ku7,半懂不懂,1
350,14,phe+ lɛJ,蓝色,1
351,14,phe+ lɛJ lɛJ,深蓝色,1
352,14,phe+ lɛJ mɔ+,天蓝色,1
353,14,phe+ mu+ thu+,灰色,1
354,14,phe+ muJ phe+ tʂhɿ+,灰尘满面,1
355,14,phe+ nɿ7,肩膀,1
356,14,phe+ tʂhɛ+,肩上,1
357,14,phe+ ʐɯ+,驼背,1
358,14,phe+ ʐɯ+ ʐuĩ+,弓腰驼背,1
359,14,pheJ,①叶子 ②只,2
360,14,pheJ Se+ ʐoJ,耙栗叶,1
361,14,pheJ dɔJ,叶子,1
362,14,pheJ mɤ+,后天晚上,1
363,14,pheJ nɿ+,后天,1
364,14,pheJ phi7,吹的叶子,1
365,14,pheJ phi7 mu+,吹叶子,1
366,14,pheJ tʂi+,①拍子 ②盒子,2
367,14,phẽ7,不行；不成器,1
368,14,phẽ7 tʂi+,片子(影片),1
369,14,phẽ7 tʂi+ lɿ+ A+,(词义截断，未显示),1
370,15,phA+,①搔 ②脱粒(抹包谷),2
371,15,phA7,也许；或许,1
372,15,phA7 de+ lɿ+,爬上来,1
373,15,phe+ gɯ+ gɯ+,辣味烈,1
374,15,phe+ gɯ+ phe+ ne+ tʂhɿ+,抢先,1
375,15,phe+ kɔ+,争夺；抢夺；掠夺,1
376,15,phe+ phe+ mu+,狠狠地,1
377,15,phe+ ʐo+,掠取；夺得,1
378,15,phɛ+,袋子；口袋,1
379,15,phɛ+ du7,衣袋,1
380,15,phɛ+ hɛ+,口袋,1
381,15,phɛJ,①母(专指鸡和野鸡) ②扬(用风箱扬稻子) ③扒(专指母鸡扒土) ④旗,4
382,15,phɛJ,牌(字头),1
383,15,phɛJ dɛiJ,打牌,1
384,15,phɛJ fÃ+,牌坊,1
385,15,phɛJ nɛi+ buJ mɔ+,红旗,1
386,15,phɛJ tʂuiJ,排队,1
387,15,phɛJ tʂÃ+,排长,1
388,15,phɛJ zɔJ,小旗子,1
389,15,phɛJ zɔJ vɿ+,扬旗,1
390,15,phɛJ ʐɯJ,旗杆,1
391,16,phA+ khɛ+,掀开,1
392,16,phA+ tʂA+ mɔ+,球；篮球,1
393,16,phA+ tʂA+ mɔ+ dɛiJ,打篮球,1
394,16,phA+ tʂAJ dlɔ+,踢足球,1
395,16,phA+ tʂi+ ʑuA+,木棉(攀枝花),1
396,16,phA+ tʰo+,掀起,1
397,16,phA+ xɔ+,揭开,1
398,16,phAJ,旁(字头),1
399,16,phAJ hɛ+ mɔ+,螃蟹,1
400,16,phɔ+,①泡 ②布,2
401,16,phɔ+ bɛ+,①抹布 ②破布,2
402,16,phɔ+ du+ gA+ mɔ+,旧布,1
403,16,phɔ+ du+ mɔ+,白布,1
404,16,phɔ+ dwJ mɔ+,布匹,1
405,16,phɔ+ dʐiJ phɔ+ mɔ+,零布,1
406,16,phɔ+ moJ,隐蔽；躲藏；躲避；掩蔽,1
407,16,phɔ+ moJ phɔ+ tʂɿ+ gɔ+,捉迷藏,1
408,16,phɔ+ moJ xɔ+,躲开,1
409,16,phɔ+ ne+ duJ mɔ+,黑布,1
410,16,phɔ+ nɛi+ buJ mɔ+,红布,1
411,16,phɔ+ nɿ7 mɔ+,零布,1
412,16,phɔ+ phi+ lɛJ mɔ+,蓝布,1
413,16,phɔ+ phi+ muJ tʂhɿ+ mɔ+,灰布,1
414,16,phɔ+ tʂhi+ nɿ+,布鞋,1
415,16,phɔ+ tʂhiJ,织布,1
416,16,phɔ+ tʂhiJ tu+,织布机,1
417,16,phɔ7,抛(字头),1
418,16,phɔ7 ZɛiJ mɔ+,大砲,1
419,16,phɔ7 gɯJ tʂho+,砲手,1
420,16,phɔ7 pĩ+,砲兵,1
421,17,pho+,松软,1
422,17,pho7,捧(字头),1
423,17,pho7 gɯJ,解释,1
424,17,pho7 lɿ+,纠缠,1
425,17,pho7 tɛ+,碰着；遇着,1
426,17,phoJ,碰(字头),1
427,17,phoJ ʑuAJ,破坏,1
428,17,phɔ+ dʐiJ gɔJ mɔ+,花布,1
429,17,phɔ+ dʐiJ nAJ mɔ+,碎布,1
430,17,phɔ+ ho+,染布,1
431,17,phɔ+ o7,布头,1
432,17,phɔJ,①人 ②族 ③男 ④父,4
433,17,phɔJ mɯ+,弟弟(引称),1
434,17,phɔJ tʂo+ mɔ+ tʂo+,父母俱在(文学语),1
435,17,phɔJ zɔJ,父子；叔侄,1
436,17,phɔJ ŋɛi+ phɔJ,继父,1
437,17,phɿ+,盖,1
438,17,phɿ+ tu+ no7 ŋɤJ,铺盖行李,1
439,17,phɿ+ tʂhiJ,遮盖；掩盖,1
440,18,phu+,公,1
441,18,phu+,①睁 ②开 ③胀,3
442,18,phu+ e+,呸,1
443,18,phu+ khɛ+,开,1
444,18,phu+ tʂhe+ phɔJ zɔJ,乡亲,1
445,18,phu+ xɔ+,揭开,1
446,18,phu7,普(字头),1
447,18,phu7 tʂhi+,铺子,1
448,18,phu7 tʂi+ khɛ+,开铺子,1
449,18,phuJ,①价；价值；价格；牌价 ②祖先,2
450,18,phuJ be+,讲价钱(专指讨价还价),1
451,18,phuJ bo+,珍贵；宝贝,1
452,18,phuJ mɔJ nɿ+,不值钱,1
453,18,phuJ mɔJ ŋo7,免费,1
454,18,phɿ+,拍,1
455,18,phɿJ,色(红色的色),1
456,18,phɿJ,肿,1
457,18,phɿJ Sɿ+,消肿,1
458,19,phiA7,票(字头),1
459,19,phiA7 thɿJ,投票,1
460,19,phu+,①架 ②丛,2
461,19,phu+,①建(盖) ②捣(敲),2
462,19,phu+,把(火把的把),1
463,19,phu+ tho+,普通,1
464,19,phuJ,盖,1
465,19,phuJ SiJ,膀胱,1
466,19,phuJ de+,涨价,1
467,19,phuJ dɛJ,估价,1
468,19,phuJ dɿJ,值得,1
469,19,phuJ ghe+,高价；昂贵,1
470,19,phuJ lo+,廉价；便宜,1
471,19,phuJ lo+ mu+ vɯJ,贱卖；削价出售,1
472,19,phuJ mɿ7,喷,1
473,19,phuJ nɿ+,值钱；宝贵,1
474,19,phuJ thɿ+ tʂhɿ+,跌价,1
475,19,phuJ thɿJ mɔ+,风箱(铁匠用具),1
476,19,phuJ tʂeJ,折价,1
477,19,phuJ tʂi7 tʂ?ɿ7,定价,1
478,19,phuJ zeJ,减价；降价,1
479,20,bi+,①颤音 ②震,2
480,20,bi+ nɿJ,微震,1
481,20,bi+ tʰo+ lɿ+,颤抖,1
482,20,biJ,给,1
483,20,biJ vɿJ,屁,1
484,20,bɿ7,悄(悄悄地的悄),1
485,20,bɿJ,散,1
486,20,bɿJ bɿJ nɔJ nɔJ,散乱,1
487,20,bɿJ bɿJ tʂA+ tʂA+,散乱,1
488,20,bɿJ de+ dʐiJ,散开(自动),1
489,20,bɿJ lɿJ S?ɔJ lɔJ,杂乱,1
490,20,bɿJ tʂi+,河水,1
491,20,bɿJ tʂi+ gɯJ,趟水；过河,1
492,20,bɿJ tʂi+ tɯ7 phe+ lo+,对岸,1
493,20,bɿJ tʂi+ tʂi+,河边；江边,1
494,21,be+,说；讲,1
495,21,be+ XɔJ,调解,1
496,21,be+ Xɯ+,爱说爱讲,1
497,21,be+ do+,讲吧,1
498,21,be+ dɛi+,说得通,1
499,21,be+ dɤJ,可以说,1
500,21,be+ dɿ+,通知；告诉,1
501,21,be+ gɯ+,说完,1
502,21,be+ ku7,能说会道,1
503,21,be+ ku7 S?i+ ne+ S?ɔ+,能说会道的人说出话来动听(成语),1
504,21,be+ lɔ+ gɔJ,告知,1
505,21,be+ lɛ+,好说(容易商量),1
506,21,be+ mɤJ,说明,1
507,21,be+ nɿ7,俗话,1
508,21,be+ nɿ7 be+ dʐɔ+ lɿ7,俗话说,1
509,21,be+ tshɿ+ lɿ+,说服,1
510,21,be+ tu+ S?ɔ+,便于说,1
511,21,be+ tʂA+,①好说 ②说定,2
512,21,be+ tʂhA+ mɔJ tʰo7,十全十美,1
513,21,be+ tʂhɛi+,离婚,1
514,21,be+ tʂi7,敢说,1
515,21,be+ tʰo7 doJ,诺言,1
516,21,be+ ʐo7,难说,1
517,21,be+ ʐo7,好意思说,1
518,21,bɿJ,裂,1
519,21,bɿJ khɛ+,散开,1
520,21,bɿJ tʂi+ gɔ7 go+,江中,1
521,21,bɿJ xɔ+,散了,1
522,22,be+,①明(松明) ②掌(脚掌),2
523,22,be+,①曾祖 ②祖先,2
524,22,be+ ghe+,话多,1
525,22,be+ gɯ+ mɔJ dɤJ,说不完,1
526,22,bu+ mu+ tʂi+,连根拔,1
527,22,bɛ+,根,1
528,22,bɛ+ VeJ,揭老底,1
529,22,bɛ+ Vo7,摸底,1
530,22,bɛ+ duJ,挖根,1
531,22,bɛ+ duJ duJ mu+,身体结实,1
532,22,bɛ+ dɛiJ,打算,1
533,22,bɛ+ mu+,连根,1
534,22,bɛ+ mu+ dleJ xɔ+,连根判,1
535,22,bɛ+ thɛiJ,刨根,1
536,22,bɛ+ ŋɔ+,撬根,1
537,22,bɛ7,指(六指的指),1
538,22,bɛJ,①野鸭 ②把(量词) ③斗(动词) ④摔跤,4
539,22,bɛJ phɔ+,摔跤时奖给优胜者的红布,1
540,23,bA+,①打(鸟) ②炸 ③射,3
541,23,bA+,①弹(动词) ②断(奶) ③掉,3
542,23,bA+ dʐiJ gɯ+,跳跃,1
543,23,bA+ tɿ+,射中,1
544,23,bA+ tʂi+,枪毙；枪决,1
545,23,bA+ xɔ+,打死(专用枪或箭射中身亡),1
546,23,bɔ+,①蒲箩(用草编的专用来盛饭) ②白(亮),2
547,23,bɔ+ lɯ+,光明；光亮；明亮,1
548,23,bɔ+ lɯ+ lɯ+,亮堂堂,1
549,23,bɛJ dɿ+,摔跤场,1
550,23,bɛJ ghe+ mɔ+,大力士(指摔跤者),1
551,23,bɛJ gɔ+,摔跤取乐,1
552,23,bɛJ kuA+ tʂho+,摔跤裁判员,1
553,23,bɛJ lɛJ ghɤJ tɿJ,七长八短,1
554,23,bɛJ ne+,看摔跤,1
555,23,bɛJ nɿ+ heJ,摔跤日期,1
556,23,bɛJ nɿ7 mɔ+,茨菇,1
557,23,bɛJ o7 zɛi+,暂未找到对手的摔跤者,1
558,23,bɛJ phɔJ,大力士(摔跤能手),1
559,23,bɛJ ŋuJ,斗牛(名词),1
560,23,bɛJ ʂo7 tʂhiJ,能取胜(摔跤专用语),1
561,24,bo+,①丛 ②富,2
562,24,bo+ nɛ+ bo+ ghe+ nɛ+ ghe+,又富又强；富强,1
563,24,bo7,玻(字头),1
564,24,bo7 bɯJ tʂiJ,哄小孩睡觉,1
565,24,bo7 tʂhA+ mɔ+,大钱,1
566,24,boJ,聋,1
567,24,boJ mɔ+ boJ zɔJ,粮库,1
568,24,bɔ+ ziJ ziJ,亮晶晶,1
569,24,bɔ+ zɔJ,小蒲箩,1
570,24,bɔJ,父亲,1
571,24,bɔJ,①坡(山) ②片(量词) ③划 ④稀,4
572,24,bɔJ bɔJ tʂɛi+ tʂɛi+,又薄又光滑,1
573,24,bɔJ lɔ+,号(乐器),1
574,24,bɔJ lɔ+ Vɛi+,牵牛花,1
575,24,bɔJ lɔ+ mɯ+ tʂho+,司号员,1
576,24,bɔJ nɿ+ zɔJ,薄；单薄,1
577,24,bɔJ nɿ7 ʐɯJ,脸颊,1
578,24,bɔJ pɔ+,嘴巴,1
579,24,bɔJ pɔ+ gɔJ,接吻；亲嘴,1
580,25,boJ bɿJ,盘溪(地名)，属云南省华宁县,1
581,25,boJ lɯJ lɯJ mu+,耳朵难受(专指耳朵进水时难受),1
582,25,bu+,肩,1
583,25,bu+ dziJ,官；领导人；首长,1
584,25,bu+ lɿ+ be+ lɛ+,破破烂烂,1
585,25,bu+ nɔ+,肩膀痛,1
586,25,bu+ tɛi+,牛苯,1
587,25,bu+ tʂhɛ+,肩膀；肩头,1
588,25,bu7,祖父,1
589,25,bu7 du+,腰包；衣袋,1
590,25,bu7 du+ gA7,掏衣袋,1
591,25,bu7 pe+,捆绑,1
592,25,buJ,生,1
593,25,buJ,①背(自动) ②虫,2
594,25,bɿ+,①堆(量词) ②堆(动词),2
595,25,bɿ7,①啄 ②咬(专指蛇咬),2
596,25,bɿJ,蹄,1
597,25,bɿJ ZɛiJ,大脚板,1
598,25,bɿJ du+,踪迹；足迹,1
599,25,bɿJ nɿ7,缠足,1
600,25,bɿJ pɛi+,翻蹄,1
601,26,bu+,佛,1
602,26,buJ Se+ dziJ,毛虫身上的毛,1
603,26,buJ Se+ mɔ+,毛虫,1
604,26,buJ ZiJ mɔ+,萤火虫,1
605,26,buJ bɛJ pɛi+ nɿ+,丝绸衣服,1
606,26,buJ do+ pɛi+ dɔ+,绸缎衣服,1
607,26,buJ dzɔJ,蛀虫,1
608,26,buJ dʐiJ mɔ+,蝉,1
609,26,buJ lo+ tʂhɛ+,亩竹箐(村名),1
610,26,buJ lɔ+ tʂhi+ mɔ+,①蚯蚓 ②蛔虫,2
611,26,buJ lɔ7 khɯ+ tʂe+ mɔ+,天牛(虫名),1
612,26,buJ lɛi+ mɔ+,蝴蝶,1
613,26,buJ lɿ+ dzɔJ,虫灾,1
614,26,buJ mɔ+ du+,蛹,1
615,26,buJ nA+ mɔ+,蟑螂；蚱蚂虫,1
616,26,buJ pʰi7 buJ nA+,虫子,1
617,26,buJ pʰi7 tʰo+ lɿ+ nɿ+,惊蛰(节令),1
618,26,buJ pʰi7 zɔJ,幼虫,1
619,26,buJ to7,杀虫,1
620,26,buJ tu+,小背单(背小孩用的被单),1
621,26,buJ tɯ+ ŋɔ7 zɔJ,虾,1
622,26,buJ tʂe+,携带,1
623,26,buJ tʂhi+ khɔ7 hɛ+,蚊帐,1
624,26,buJ tʂhi+ mɔ+,蚊子,1
625,26,buJ tʂhi+ tʂhA7,熏蚊子,1
626,26,buJ tʂhɛ+,蚕丝,1
627,26,buJ tʂi+,捉虫；灭虫,1
628,26,buJ tʂɿ7 mɔ+,蝉；知了,1
629,27,bu+,①饱 ②渣(砍下来的木渣) ③疮,3
630,27,bu+ hɛ+,庙；寺庙,1
631,27,bu+ mɔ+,菩萨,1
632,27,bu+ mɔ+ bu+ zɔJ,佛像,1
633,27,bu+ tsɔ+ bɛi+,供菩萨,1
634,27,buJ,①罐 ②发霉,2
635,27,buJ,①流；淌 ②倒,2
636,27,buJ,(字头，无释义),1
637,27,buJ buJ dAJ dAJ,跌跌撞撞,1
638,27,buJ dɛi+,流畅,1
639,27,buJ nɯ+,臭,1
640,27,buJ nɿ+ tʰo+,发霉,1
641,27,buJ tsɿ7,罐子；水罐；坛子,1
642,27,buJ tsɿ7 buJ gɯ+,坛坛罐罐,1
643,27,buJ tsɿ7 lɛi+ bɛJ dɤJ mɔ+,双口罐,1
644,28,mɿ+,记(忘记的记),1
645,28,mɿ7,①嫂,1
646,28,mɿ7 ZA7,饶命,1
647,28,mɿ7 bɿ+,妹夫,1
648,28,mɿ7 he+,姑嫂,1
649,28,mɿ7 thɔJ,刀,1
650,28,mɿ7 thɔJ Si7,磨刀,1
651,28,mɿ7 thɔJ SɯJ,刀刃；刀口,1
652,28,mɿ7 thɔJ bɛi+ mɔ+,马刀；长刀,1
653,28,mɿ7 thɔJ dlɯ+ pu7,刀鞘；刀壳,1
654,28,mɿ7 thɔJ gɛi+ gɔJ mɔ+,弯刀,1
655,28,mɿ7 thɔJ mɔ+,砍刀,1
656,28,mɿ7 thɔJ mɛ7,刀柄,1
657,28,mɿ7 thɔJ nɿ7 duJ mɔ+,钝刀,1
658,28,mɿ7 thɔJ nɿ7 tʂhɿ7 mɔ+,剃刀；尖刀,1
659,28,mɿ7 thɔJ o7,刀尖,1
660,28,mɿ7 thɔJ the+,刺刀,1
661,28,mɿ7 thɔJ zɔJ,小刀,1
662,28,mɿ7 thɔJ ʐɯJ,刀把,1
663,28,mɿ7 ʐɯ+ ZɛiJ,夫之大弟,1
664,28,mɿ7 ʐɯ+ zɔJ,小叔子(夫之弟),1
665,28,mɿJ,①调子 ②污垢,2
666,28,mɿJ pɛi+,污垢,1
667,29,mɤ+,地,1
668,29,mɤ+ VɛiJ,远,1
669,29,mɤ+ VɛiJ mɔ+,远方,1
670,29,mɤ+ VɛiJ mɤ+ tɤ+,千里迢迢,1
671,29,mɤ+ VɛiJ ʐo+,远处,1
672,29,mɤ+ duJ,挖地,1
673,29,mɤ+ dɤ+,面积,1
674,29,mɤ+ fɛ+,米粉,1
675,29,mɤ+ fɛi+,分田地,1
676,29,mɤ+ fɛi+,风水宝地,1
677,29,mɤ+ mɛ+,地名,1
678,29,mɤ+ mɛJ,野火,1
679,29,mɤ+ ne+ thɿJ tɛi+ tʂhɛ+,宇宙间；世界上,1
680,29,mɤ+ nɛJ,①近 ②野火,2
681,29,mɤ+ nɛJ nA7,烧野火(使动),1
682,29,mɤ+ nɛi+ mɔ+,①熟地 ②红壤土,2
683,29,mɤ+ nɛi+ mɔ+,地理先生(旧时看坟地风水的人),1
684,29,mɤ+ nɛi+ tʂho+,风水先生,1
685,29,mɤ+ nɿ7 mɤ+ leJ,田边地角,1
686,29,mɤ+ pu7,地洞,1
687,29,mɤ+ pɯ+ khɔJ pɯ+,家业；家产,1
688,29,mɤ+ pʰi+ mɔ+,平地,1
689,29,mɤ+ the+ tʂhɛ+,天下,1
690,29,mɤ+ the+ tʂhɛ+ A+ ne+ mɔ+ Zi+ thɿJ o+ lɿ7 ne+,天下乌鸦一般黑,1
691,29,mɤ+ tɛi+,灌溉；泡田,1
692,29,mɤ+ tɯ+,地区；地方,1
693,29,mɤ+ tɯ+ tʂhɛ+,世间；世界,1
694,29,mɿJ bɿ+,花样,1
695,29,mɿJ tʂi+,民歌,1
696,30,mɤ+ S?ɛi+,①扫帚 ②扫地,2
697,30,mɤ+ SeJ,①土地神 ②地热气,2
698,30,mɤ+ SeJ tɛ+,祭土地神,1
699,30,mɤ+ Si+,地主；土司,1
700,30,mɤ+ Si7,地契,1
701,30,mɤ+ SiJ phɔJ,田地的主人,1
702,30,mɤ+ bɿ+ mɔ+,空地,1
703,30,mɤ+ dɛi+,租子,1
704,30,mɤ+ dɛi+ ghoJ,交租,1
705,30,mɤ+ dɛi+ kʰɔ+,纳租；上租,1
706,30,mɤ+ dɛi+ pʰẽ+ xɔ+,减租,1
707,30,mɤ+ dʐeJ,荒地,1
708,30,mɤ+ dʐiJ,密枝节(撒尼人过的一种祭神节，时间在农历十一月份),1
709,30,mɤ+ dʐiJ Si+ mɔ+,密枝神,1
710,30,mɤ+ dʐiJ duJ,密枝林(作密枝神用的树林),1
711,30,mɤ+ dʐiJ tʂhi+,过密枝节,1
712,30,mɤ+ nɛ+,低；矮,1
713,30,mɤ+ nɛ+ tshɿ+,降低,1
714,30,mɤ+ nɛ+ zɔJ,矮小,1
715,30,mɤ+ nɛJ dɤJ,烧野火(自动),1
716,30,mɤ+ nɛi,土质,1
717,30,mɤ+ tsɿ+,地边,1
718,30,mɤ+ tsɿ+ mɤ+ leJ,田边地角,1
719,30,mɤ+ tsɿ7,交界；边界,1
720,30,mɤ+ tʂA+ mɔ+,好地,1
721,30,mɤ+ tʂe+,耙地(动词),1
722,30,mɤ+ tʂe+ tu+,耙(名词),1
723,30,mɤ+ tʂhi+,肥地,1
724,30,mɤ+ tʂhi+,地面,1
725,30,mɤ+ tʂhi+ Sɛi+,扫地,1
726,30,mɤ+ tʂhi+ mɔ+,良田,1
727,30,mɤ+ tʂhɔ+,耕地(名词),1
728,30,mɤ+ tʂhɿJ,地震,1
729,30,mɤ+ tʂi+ ʂɿ7,浇地,1
730,30,mɤ+ ʂo7 de+,垦荒；开荒,1
731,30,mɤ+ ʂo7 khɔJ dʐei+,①荒山秃岭 ②荒无人烟,2
732,31,me+,静,1
733,31,me+ Vɛi+,美伊花(山茶花的一种),1
734,31,me+ Vɛi+ phɯ+,山茶花,1
735,31,me+ me+ Sɔ+ tʂei+,万籁俱寂,1
736,31,me7,①黑穗病 ②乞(讨),2
737,31,me7 biJ,赐名,1
738,31,me7 khɯ+,雀斑,1
739,31,me7 mɔ+,牛虻,1
740,31,me7 tʂi+,雀斑,1
741,31,mɤ+ be7,米线,1
742,31,mɤ+ gu+,瘠地,1
743,31,mɤ+ gu+ mɔ+,瘦地,1
744,31,mɤ+ gu+ mɤ+ dʐei+,荒地,1
745,31,mɤ+ gɔJ,种地,1
746,31,mɤ+ khɔJ,产业；土地,1
747,31,mɤ+ khɔJ fɯJ,适应(服水土),1
748,31,mɤ+ khɔJ tʂA+ mɔ+,肥沃；肥地,1
749,31,mɤ+ tʂe7 gɔJ,赎田；赎地,1
750,31,mɤ+ tʂɛiJ mɔ+,大块地,1
751,31,mɤ+ ŋɔ+,犁地,1
752,31,mɤ+ ŋɛiJ khɔJ ŋɛiJ mɔ+,大田大地,1
753,31,mɤ+ ʐA+,翻茬,1
754,31,mɤJ,民(字头),1
755,31,mɤJ bɿ7,迷信,1
756,31,mɤJ pĩ+,民兵,1
757,31,mɤJ tshɯJ,民族,1
758,31,mɤJ tshɯJ SiJ vɯJ ui+ tʂeiJ ʑui7,民族事务委员会,1
759,31,mɤJ tshɯJ tʂeiJ ʑuJ Sɛi+,民族研究所,1
760,31,mɤJ tʂɯ+,民主,1
761,32,me+ e7 me+,寂静；肃静,1
762,32,me+ kʰeJ,美国,1
763,32,me+ zɛi+ dlɔ+,梦魇,1
764,32,meJ,兵；军人；士兵,1
765,32,meJ bu+ dziJ+,军官,1
766,32,meJ bɛiJ mɔ+,新兵,1
767,32,meJ do+,军衣,1
768,32,meJ dziJ moJ,军官,1
769,32,meJ dziJ mu7,将军；将领,1
770,32,meJ dʐoJ meJ dʐe+ mɔ+,散兵,1
771,32,meJ e7 meJ Sɔ+,万马齐喑,1
772,32,meJ gɔJ,军粮；军饷,1
773,32,meJ hɛ+,军营,1
774,32,meJ moJ mɔ+,老兵,1
775,32,meJ mu+,参军；当兵,1
776,32,meJ mu+ pe+ leJ,战友,1
777,32,meJ nɔ+ ku+ hɛ+,军医院,1
778,32,meJ nɔ+ ku+ tʂho+,军医,1
779,32,meJ o7,军官,1
780,32,meJ phɔ+,躲兵(指旧社会逃避兵役),1
781,32,meJ tɛ+,兵役,1
782,32,meJ tʂA+ lɔ7,驻军,1
783,32,meJ tʂiJ,军事,1
784,32,meJ tʂɛi+ mɔ+,军队,1
785,32,meJ tʂɿ7,征兵；验兵,1
786,32,meJ zɔJ,小兵,1
787,32,meJ ʐoJ,兵力,1
788,32,mɛ7,尾巴,1
789,32,mɛ7 pe+,尾尖,1
790,32,mẽ+,免(字头),1
791,32,mẽ+ xɔ+,罢免；免去,1
792,33,mɛ+,①阉；骗 ②熟,2
793,33,mɛ+ dlɔ+,成熟,1
794,33,mɛ+ dlɛ+,迟熟,1
795,33,mɛ+ hoJ,烂熟,1
796,33,mɛ+ neJ,早熟,1
797,33,mɛ+ thɯ7,熟透,1
798,33,mɛ+ tʂA+,熟烂(指水果熟过了头),1
799,33,mɛ7 Vɛi+,摇尾巴,1
800,33,mɛ7 pA+,翘尾巴,1
801,33,mɛ7 pu+,臀部,1
802,33,mɛ7 tʰo+,尾巴(专指畜兽类的尾巴),1
803,33,mɛ7 vɯJ tʂho+,妓女,1
804,33,mɛJ,妻子,1
805,33,mɛJ be+,求婚；说亲,1
806,33,mɛJ be+ tʰo7,订婚,1
807,33,mɛJ de7,媳妇,1
808,33,mɛJ de7 dɛiJ lɿ+ zɔJ,童养媳,1
809,33,mɛJ de7 ku+,结婚；讨媳妇,1
810,33,mɛJ de7 tʂi+ tʂi7,喝喜酒,1
811,33,mɛJ fɯ+,夫妇；夫妻,1
812,33,mɛJ gɯJ,离婚,1
813,33,mɛJ pʰi+,抢婚,1
814,33,mɛJ tʂhi+,娶亲,1
815,33,mɛJ tʂhiJ mɔ+,寡妇,1
816,33,mɛJ tʂɛiJ mɔ+,大老婆,1
817,33,mɛJ tʂɿ7 mɔ+,前妻,1
818,33,mɛi+,①名字 ②闲空,2
819,33,mɛi+ Vɛi+ Si+ pu7,嫁祸于人,1
820,33,mɛi+ biJ,取名；给名字,1
821,33,mɛi+ mɔ+,乳名,1
822,33,mɛi+ pʰɔ7,报名,1
823,34,mA7,沾糊,1
824,34,mAJ,麻(字头),1
825,34,mAJ fAJ,麻烦,1
826,34,mAJ tʂhɿ+ mɔ+,馒头,1
827,34,mAJ tʂi+,麻脸,1
828,34,mAJ tʂo7,芒种(节令),1
829,34,mɛi+ SeJ,锅烟子(锅底上的烟尘),1
830,34,mɛi+ bɛi+,长远；长期,1
831,34,mɛi+ bɛi+ mu+,长久,1
832,34,mɛi+ doJ,名誉；名声；荣誉,1
833,34,mɛi+ doJ dɿ7,诬蔑,1
834,34,mɛi+ doJ ku+ tʂʰɯJ,败坏名誉,1
835,34,mɛi+ doJ mɔJ ŋo7,不居功自傲；不图名利；谦虚,1
836,34,mɛi+ doJ tʂʰɯJ,名声臭，名声不好,1
837,34,mɛi+ dɔ+,闻名；出名,1
838,34,mɛi+ dɔ+ tʂho+,名人,1
839,34,mɛi+ dɛ7 mɛi+ vɯJ,改名换姓(指伪造名字),1
840,34,mɛi+ gɔ+,签名,1
841,34,mɛi+ nɛ+,猫,1
842,34,mɛi+ nɛ+ dʐeJ gɔJ mɔ+,花猫,1
843,34,mɛi+ nɛ+ nɔ7 pɔ+ mu+ lɿ+,木耳,1
844,34,mɛi+ tʂeJ,出殡前夜的祭奠仪式,1
845,34,mɛi+ tʂiJ,点名,1
846,34,mɛi+ tʂo7,伟人,1
847,34,mɛi+ tʂɔJ mɔ+,虚名；假名字,1
848,34,mɛi+ zɔJ,小名；乳名,1
849,34,mɛi+ ŋɛJ,①伟大 ②闻名；威望,2
850,34,mɛi+ ŋɛJ gɯJ pɯ+ mɔ+,闻名的老圭山,1
851,34,mɛi+ ŋɛJ lo+ dɛi+ mɔ+,举世闻名的石林,1
852,34,mɛi+ ŋɛJ tʰo7,流芳千古,1
853,35,mAJ dʐiJ,隐瞒,1
854,35,mɔ+,①母 ②妈妈,2
855,35,mɔ+,(字头),1
856,35,mɔ+ SiJ,颗粒,1
857,35,mɔ+ dɿJ,结果子,1
858,35,mɔ+ kheJ Si+,马克思,1
859,35,mɔ+ mɔ+ zɔJ zɔJ,母子,1
860,35,mɔ+ nɯ+,母女,1
861,35,mɔ+ tʂhɿJ,伤口,1
862,35,mɔ+ zɔJ nɿJ mɤJ,母子俩,1
863,35,mɔ+ ŋɛi+ mɔ+,继母；晚娘；后妈,1
864,35,mɔJ,不；没,1
865,35,mɔJ SA7,不知道,1
866,35,mɔJ SA7 Zi+ Si+ nɿ+,不懂就问,1
867,35,mɔJ Si7,不像,1
868,35,mɔJ SɿJ,生手；不熟练,1
869,35,mɔJ bo+,没有(童语),1
870,35,mɔJ bɔJ,多余,1
871,35,mɔJ doJ Si+ o+ gɔJ,从未见过的今天也见到了(文学语),1
872,35,mɔJ dɤJ,不能,1
873,35,mɔJ dɤJ A+,不行了,1
874,35,mɔJ loJ,不满,1
875,35,mɔJ lɔJ,不够,1
876,35,mɔJ nɿJ thɛiJ,偶然,1
877,35,mɔJ nɿJ thɛiJ Sɔ+,①万一 ②无意,2
878,35,mɔJ the+,钝,1
879,35,mɔJ thɿJ,不行,1
880,35,mɔJ tʂhi+,不断(指连续不断地流出来),1
881,35,mɔJ tʂhi7 Si+ nɿ+ tʂi7,从未遇到过的今天也遇到了(文学语),1
882,36,mɔ+,①竹 ②个,2
883,36,mɔ+ bo+,竹篷,1
884,36,mɔ+ buJ,①苦竹 ②竹虫,2
885,36,mɔ+ dli+,笋；竹笋；笋丝,1
886,36,mɔ+ dlɛ+,饱满,1
887,36,mɔ+ dʐi+,筷子,1
888,36,mɔ+ ne+,黑竹,1
889,36,mɔ+ pu7,竹筒,1
890,36,mɔ+ pu7 tʂɿ+ kʰo+,水烟筒,1
891,36,mɔ+ pʰe+,篾片,1
892,36,mɔ+ pʰɛ+,麻袋(专指粗麻线织成的麻袋),1
893,36,mɔ+ pʰɯ+,屯箩(装粮用),1
894,36,mɔ+ tʂi7,竹节,1
895,36,mɔ+ tʰo+,竹子,1
896,36,mɔJ XɛiJ,不合；不对,1
897,36,mɔJ dlɔ+,不成功,1
898,36,mɔJ gɔJ tɯ+ nɿ+ gɔJ,以前没有思念过的今天也思念了(文学语),1
899,36,mɔJ hɿ+,不剩,1
900,36,mɔJ khɔJ,无效,1
901,36,mɔJ ku7,不会,1
902,36,mɔJ kʰɔJ mɔJ dɛi+,①不三不四 ②不伦不类,2
903,36,mɔJ tʂA+,不好,1
904,36,mɔJ tʂei+,不及；不如,1
905,36,mɔJ tʂheJ mɔJ nɿJ,愚蠢,1
906,36,mɔJ tʂhi+ tɯ+ nɿ+ tʂhi+,从未到过的地方也到了(文学语),1
907,36,mɔJ tʂi+,不去,1
908,36,mɔJ tʂi+ mɔJ Si+,不死不活,1
909,36,mɔJ tʂo+,①没有 ②丧失,2
910,36,mɔJ tʂɯJ,陌生,1
911,36,mɔJ ŋo7,不要,1
912,36,mɔJ ŋɛi+,不是；不对,1
913,36,mɔJ ŋɛi+ Zi+,要不然,1
914,36,mɔJ ŋɛi+ duJ,错,1
915,37,mɔ+ bɿ+,臭虫,1
916,37,mɔ+ bɿ7,①竹纤 ②口弦,2
917,37,mɔ+ dʐA+,竹竿,1
918,37,mɔ+ gɿ7,竹笋壳,1
919,37,mɔ+ gɿ7 nɔ+,笋毛,1
920,37,mɔ+ he+,竹鼠,1
921,37,mɔ+ tʂei+,竹鸡(竹林中的一种鸟),1
922,37,mɔ+ tʂeiJ,编竹具,1
923,37,mɔ+ tʂhA7,窍门,1
924,37,mɔ+ tʂi+,金竹,1
925,37,mɔ7,教；教育；教导；指教；嘱咐,1
926,37,mɔ7 biJ,传授,1
927,37,mɔ7 dɔ7 mɔ+,高粱,1
928,37,mɔ7 dɔ7 mɛi+ Sɛi+,高粱杆做的扫把,1
929,37,mɔ7 tʂo7,纳闷,1
930,37,mɔJ,毛(字头),1
931,37,mɔJ,老,1
932,37,mɔJ,躲,1
933,37,mɔJ bẽJ,毛线,1
934,37,mɔJ guJ bɿJ bɿJ,苍老,1
935,37,mɔJ mɔ+ lo+ Si7,依旧；照旧,1
936,37,mɔJ nɛ+ bɛiJ nɛ+,新旧,1
937,37,mɔJ nɛiJ,毛呢,1
938,37,mɔJ pɛiJ,毛笔,1
939,37,mɔJ pɿ7,毛病,1
940,37,mɔJ tʂA+ lɔ+,孟加拉(国名),1
941,37,mɔJ tʂheJ tʰo+,毛泽东,1
942,37,mɔJ tʂɿ+ tʂo+,经老,1
943,37,mɔJ tʂɿJ kʰɔ+ Si+,贸易公司,1
944,38,mu7,马,1
945,38,mɔ+,抹(字头),1
946,38,mɔ+ XɛiJ,不清楚,1
947,38,mɔJ,模(字头),1
948,38,mɔJ fÃ+,模范,1
949,38,mɿ+,含,1
950,38,mɿ+,默(字头),1
951,38,mɿ+ dʐiJ,含着,1
952,38,mɿ+ pu7,墨斗,1
953,38,mɿ+ tʂi+,墨水,1
954,38,mɿ+ xɔ7,墨盒,1
955,38,mɿ+ ʐɛi+ tu+,砚,1
956,38,mɿ7,①孵 ②焖(饭) ③暖和,3
957,38,mɿ7 thɯJ lɿ+,孵出来,1
958,38,mɿJ,①扣 ②扑,2
959,38,mɿJ Vɔ7,按脉(脉诊),1
960,38,mɿJ dAJ,扑空,1
961,38,mɿJ ku+,蒙古,1
962,38,mɿJ thɯJ tʂi+,扑过去,1
963,38,mɿJ tʂhiJ,蒙住；盖上,1
964,39,mu7 bu+ nɛ+,马鬃,1
965,39,mu7 bɿJ,马蹄,1
966,39,mu7 de+ nɿ+,骑马,1
967,39,mu7 du+ mɔ+,白马,1
968,39,mu7 dɔ+,马月(农历五月),1
969,39,mu7 dɔ+ de+ ŋɔ7,端午节,1
970,39,mu7 dɿ+ tʂi+ tʂʰo+,芦苇,1
971,39,mu7 dʐAJ lɔ+ tɯ+,马鞭,1
972,39,mu7 dʐiJ dlɔ+,马蹬,1
973,39,mu7 gA7,骗马(动词),1
974,39,mu7 khɯ+,午街铺(泸西县村名),1
975,39,mu7 khɯJ,火烟,1
976,39,mu7 khɯJ olɔJ,(词义截断，未显示),1
977,39,mu7 loJ,马槽,1
978,39,mu7 loJ nɿ7,马胸带,1
979,39,mu7 lɔJ tʂi+,骡子,1
980,39,mu7 lɔJ tʰo+,骆驼,1
981,39,mu7 mɔ+,母马,1
982,39,mu7 mɔ+ zɔJ,未生育过的小母马,1
983,39,mu7 mɛ7,马尾,1
984,39,mu7 mɛ7 fA+ gɿ+ tʂi+,箩筛,1
985,39,mu7 pɔ7,公马,1
986,39,mu7 pɯ+,马厩,1
987,39,mu7 pʰeJ,水瓢,1
988,39,mu7 tɿ7 tʂe+,马缰绳,1
989,39,mu7 tʂhi+,马虎,1
990,39,mu7 tʂhi+ khɯ+,鹿角,1
991,39,mu7 tʂhi+ ʐɯJ tʂiJ thɯJ,露马脚,1
992,39,mu7 tʂhi7,马垫子,1
993,39,mu7 tʂhɔJ,马车,1
994,39,mu7 tʂi+ ghe+ ne+,驮篮(驮运工具),1
995,39,mu7 tʂi+ tʂi+,马铃,1
996,39,mu7 tʂi7 tʂA7 tu+,铡刀,1
997,39,mu7 tʂÃ+,马掌,1
998,39,mu7 tʰo+,骗马(名词),1
999,39,mu7 vɿ+,驮子,1
1000,39,mu7 zɔJ,小马,1
1001,40,mu+,①做 ②面(用粮食磨成的粉) ③的,3
1002,40,mu+ Xɯ+,勤快,1
1003,40,mu+ dʐiJ lɔ7,进行,1
1004,40,mu+ ghe+,能干,1
1005,40,mu+ gɔ+,协助；辅助,1
1006,40,mu+ ku7,会做,1
1007,40,mu+ lɛ+,好做；容易做,1
1008,40,mu+ lɛi+,情愿,1
1009,40,mu+ pɛi+,返工,1
1010,40,mu+ tʂA+,做好,1
1011,40,mu+ tʂhi+,①做到 ②到达,2
1012,40,mu+ tʂhi+ gɯ+,周到,1
1013,40,mu+ tʂi7,敢做,1
1014,40,mu+ tʂʰɯJ,做坏,1
1015,40,mu+ tʰo+,愿意,1
1016,40,mu+ tʰo7 vɿ+,商量事情(古语),1
1017,40,mu+ ʐo7,为难；难办；难做,1
1018,40,mu7 A+ dɔ+,驴,1
1019,40,mu7 ghɔJ,午(属马年),1
1020,40,mu7 gɔJ,马料,1
1021,40,mu7 gɔJ,滑马(无马鞍的马),1
1022,40,mu7 gɔJ be7 bɯ+,马料兜,1
1023,40,mu7 hAJ,马虎,1
1024,40,mu7 hɛiJ mɔ+,鹅,1
1025,40,mu7 hɛiJ mɔ+ dɔ+ mɔ+,鹅蛋,1
1026,40,mu7 khɯJ dɔ+,冒烟,1
1027,40,mu7 khɯJ dɛ+,烟雾迷漫,1
1028,40,mu7 ʐɔ+ tʂi+,鞍,1
1029,40,muJ,天,1
1030,40,muJ pʰi7 mɯ+ lɔJ,(词义截断，未显示完整),1
1031,41,muJ be+ mɤ+ be+,说胡话,1
1032,41,muJ fɛi+,天干，干旱；旱灾,1
1033,41,muJ mu+ lɔ7 khɔ+,作威作福,1
1034,41,muJ mu+ tʂA+,风调雨顺,1
1035,41,muJ mɔJ dʐ?ɿJ mɤ+ mɔJ dʐ?ɿJ,上不沾天，下不落地,1
1036,41,muJ mɤ+,天地,1
1037,41,muJ mɤ+ gɿ+ bu+,谢天谢地,1
1038,41,muJ mɤ+ ku+ dlɔ+ dʐ?ɿ+,开天辟地,1
1039,41,muJ mɤ+ pɛi+,翻天复地,1
1040,41,muJ mɤ+ thɿJ khɔ+ tʂA+,兴师动众,1
1041,41,muJ mɤ+ thɿJ tɿ7,宇宙,1
1042,41,muJ mɿ7 thɔJ kʰɔ+ xɔ+ nɿ+,处暑(节令),1
1043,41,muJ mɿ7 tʰo+ lɿ+ nɿ+,小暑(节令),1
1044,41,muJ pe7,天气变化,1
1045,41,muJ pʰi7 mɯ+ lɔJ,抛撒,1
1046,41,muJ tu7,火,1
1047,41,muJ tu7 bɔ+ lɯ+,火光,1
1048,41,muJ tu7 bɿ+,火塘(指室内的火塘),1
1049,41,muJ tu7 dɔ+,火焰；火苗,1
1050,41,muJ tu7 dɛiJ,打火,1
1051,41,muJ tu7 dɿJ,燃烧；着火(自动),1
1052,41,muJ tu7 mɯ+ tu+,吹火筒,1
1053,41,muJ tu7 mɯ+ tʂi+,熄灯,1
1054,41,muJ tu7 nA7,火烧(使动),1
1055,41,muJ tu7 tɿ7,点火；引火,1
1056,41,muJ tu7 tɿ7 tu+,灯,1
1057,41,muJ tu7 tʂA+ dʐiJ,防火,1
1058,41,muJ tu7 tʂhA+ tu+,(词义截断，未显示),1
1059,41,muJ tu7 tʂhi+,借火(专指借火种),1
1060,42,muJ duJ,打雷,1
1061,42,muJ duJ muJ mɔJ hɔ+,光打雷，不下雨(形容只说不做),1
1062,42,muJ dɿ+ mɤ+ dɿ+,(词义截断，未显示),1
1063,42,muJ dʐ?ɿ+ dɛiJ tu+,火镰,1
1064,42,muJ dʐ?ɿ+ le+,火石(一种石子),1
1065,42,muJ dʐ?ɿ+ tʂɔ+,火草(用火镰打火时作引火用的火草),1
1066,42,muJ dʐi+,风,1
1067,42,muJ dʐi+ muJ hɔ+,(词义截断，未显示),1
1068,42,muJ dʐiJ muJ lɛi+,普遍,1
1069,42,muJ ne+ thɿJ dɿJ ku+ mɤ+ ne+ thɿJ tʂi+ tʂhɛ+,宇宙间,1
1070,42,muJ nɛ+ mɤ+ nɿJ tʂi7,天地之间(文学语),1
1071,42,muJ nɿ+,白天,1
1072,42,muJ nɿ+ Sɯ+ pʰi+,昼夜,1
1073,42,muJ nɿ+ muJ tʰA7,光天化日,1
1074,42,muJ thɔ+ mɤ+ the+,泄漏消息；胡言乱语,1
1075,42,muJ thɿJ pʰi+,广泛；普遍,1
1076,42,muJ tu7 SiJ nɿJ,火炭,1
1077,42,muJ tu7 SiJ nɿJ dʐiJ mɔ+,火炭(燃烧中的木炭),1
1078,42,muJ tu7 ZɛiJ mɔ+,烈火,1
1079,42,muJ tu7 dlɯJ,失火,1
1080,42,muJ tu7 ghɔJ dɔ+,灰烬,1
1081,42,muJ tu7 ku+ tʂo+,烧火,1
1082,42,muJ tu7 kʰe7,烤火,1
1083,42,muJ tu7 tʂhA+ nɿ7,火柴头,1
1084,42,muJ tu7 tʂi+ xɔ+,火熄灭,1
1085,42,muJ tu7 tʂu7,救火；灭火,1
1086,42,muJ tu7 tʂɔ+,烧火,1
1087,43,muJ Si+ phɔJ,上帝,1
1088,43,muJ Sɯ+ dɿ+,深夜,1
1089,43,muJ dɿ7,闪电；扯闪,1
1090,43,muJ dɿ7 mɤ+ dɿ7,泄露机密,1
1091,43,muJ dʐei+,阴天；天冷,1
1092,43,muJ dʐei+ muJ hɔ+,阴雨连绵,1
1093,43,muJ dʐei+ mɤ+ tɯ+,寒带,1
1094,43,muJ dʐei+ nɿ+,小寒(节令),1
1095,43,muJ dʐei+ thɔJ,冬天；冷天,1
1096,43,muJ dʐei+ tʂɛiJ nɿ+,大寒(节令),1
1097,43,muJ dʐi+,看风使舵,1
1098,43,muJ dʐi+ gɔ+,扯谎；谎言,1
1099,43,muJ dʐi+ gɔ+ lɔ+ tʂiJ mɔ+,旋风,1
1100,43,muJ dʐi+ kʰɔ+,通风,1
1101,43,muJ dʐi+ lAJ,凉风,1
1102,43,muJ dʐi+ mɯ+,刮风,1
1103,43,muJ dʐi+ nɿ7,风口,1
1104,43,muJ dʐi+ o7,出风头,1
1105,43,muJ dʐi+ tʂeiJ mɔ+,狂风,1
1106,43,muJ dʐi+ ŋe+ zɔJ,风筝,1
1107,43,muJ leJ dʐiJ,永别,1
1108,43,muJ lɿ+ tʂi+,弥勒(县名),1
1109,43,muJ tʂA+,电闪雷鸣,1
1110,43,muJ tʂA+,雷,1
1111,43,muJ tʂA+ khɯ+,劈雷,1
1112,43,muJ tʂhiJ,晚上；夜晚,1
1113,43,muJ tʂhiJ ne+ Xɯ+,朝夕,1
1114,43,muJ tʂhiJ tʂi+,天亮,1
1115,43,muJ tʂhiJ tʂɔ+,晚饭,1
1116,43,muJ tʂhɛ+,天上；天空,1
1117,43,muJ tʂɛi+,影子,1
1118,43,muJ tʂɛi+ dʐJ,荫凉处,1
1119,43,muJ tʂɛi+ liA+,乘凉,1
1120,43,muJ tʂɯ+ ŋɛi+,黄昏；傍晚,1
1121,43,muJ tʂɿ+,天边,1
1122,43,muJ tʂɿ+ mɤ+ tʂɿ+,闲游浪荡,1
1123,43,muJ ʐeJ thɔJ,暑天；热天,1
1124,44,muJ ghɔJ,年代；时代,1
1125,44,muJ gɔ+,天晴,1
1126,44,muJ gɔ+,空中；天空,1
1127,44,muJ gɔ+ nɿ+,晴天,1
1128,44,muJ gɯJ,雷,1
1129,44,muJ gɯJ dɛiJ,雷击,1
1130,44,muJ hA7 mɤ+ hA7,夸夸其谈,1
1131,44,muJ hɔ+,雨,1
1132,44,muJ hɔ+ hɔ+,下雨,1
1133,44,muJ hɔ+ nɿ+,雨天,1
1134,44,muJ hɔ+ pʰA+,雨点,1
1135,44,muJ hɔ+ thɔJ,雨季,1
1136,44,muJ hɔ+ thɿJ dɔJ,阵雨(一阵大雨),1
1137,44,muJ hɔ+ tʂi+,淋雨,1
1138,44,muJ hɔ+ tʂi+,雨水,1
1139,44,muJ hɔ+ tʂɛiJ,下大雨,1
1140,44,muJ hɔ+ tʂɛiJ mɔ+,暴雨,1
1141,44,muJ ŋɿ7 dɿ7,晒太阳,1
1142,44,muJ ŋɿ7 muJ hɔ+ tʂi+,风吹雨打,1
1143,44,mɯ+,①吹 ②冒(专指水柱外冒),2
1144,44,mɯ+,①哥哥 ②高 ③菌子,3
1145,44,mɯ+ gɿJ,白鸡蒙(一种可食的菌类),1
1146,44,mɯ+ lɿ+,菌子,1
1147,44,mɯ+ lɿ+ nɔ7 pɛi+,木耳,1
1148,44,mɯ+ mɯ+ nɛ+ nɛ+,高高低低；坑坑洼洼,1
1149,44,mɯ+ nu7,兄弟姐妹,1
1150,44,mɯ+ nɛ+,高低；高矮,1
1151,44,mɯ+ tʂiJ,面积,1
1152,44,mɯ+ ʐɔ+ de+,登高,1
1153,44,mɯ+ ʐɔ+ dʐiJ,跳高,1
1154,45,miAJ,苗(字头),1
1155,45,miAJ tʂhɯJ,苗族,1
1156,45,mɯJ,目(字头),1
1157,45,mɯJ piA+,目标,1
1158,45,mɯJ tʂɯ+,没收,1
1159,46,fe7,岩,1
1160,46,fe7 Sɔ+ fe7 dʐiJ lɿ+,悬岩绝壁,1
1161,46,fe7 duJ,溶洞,1
1162,46,fe7 hɛ+,大岩洞(可以住人),1
1163,46,fe7 pu7,岩洞,1
1164,46,fe7 tʂhA+,悬岩,1
1165,46,fe7 tʂhi+,石岩脚,1
1166,46,fe7 tʂi+,苔藓,1
1167,46,fi+,分(动词),1
1168,46,fi+ biJ,分给,1
1169,46,fi+ bɿJ,分散,1
1170,46,fi+ khɛ+,①分开；分离；分别 ②划分；区分,2
1171,46,fi+ mu+,分工,1
1172,46,fi+ pʰi7,分割,1
1173,46,fi+ xɔ+,分掉,1
1174,46,fi7,①穿(使动) ②麻木,2
1175,46,fi7 Si7,麻烦,1
1176,46,fi7 dɿJ dɿJ mu+,很麻木,1
1177,46,fi7 tʂhiJ,麻醉药,1
1178,46,fi7 xɔ+,报废,1
1179,46,fɛ7,分,1
1180,46,fẽ+,粉(字头),1
1181,46,fẽ+ pɛiJ,粉笔,1
1182,47,dɿ7 fɛ7 thɿJ fɛ7,四分之一,1
1183,47,fA+ gɿ+,筛子,1
1184,47,fA+ gɿ+ nɛ+ tʂe+ mɔ+,粗筛,1
1185,47,fA+ khɔJ mɔ+,粗筛(指孔较大的粗筛),1
1186,47,fA+ lɿ+,做饭用的木盆,1
1187,47,fA+ mɔ+,簸箕,1
1188,47,fA+·fÃ+,发作,1
1189,47,fA7 vɯJ,贩卖,1
1190,47,fA7·fÃ7,贩(字头),1
1191,47,fAJ·fÃJ,涨,1
1192,47,fɛ+,干,1
1193,47,fɛ+,①俩 ②罪,2
1194,47,fɛ+ duJ,犯罪,1
1195,47,fɛ+ khɔ+ fɛ+ tʂA+,干燥,1
1196,47,fɛ+ khɔJ,罪,1
1197,47,fɛ+ nɿJ dʐoJ,旱碾,1
1198,47,fɛ+ r mɤ+,干田；旱地,1
1199,47,fɛ+ r mɤ+ tʂhɛ+,陆地,1
1200,47,fɛ+ thɛ+ thɛ+,干巴巴,1
1201,47,fɛ+ tʂiJ,①审讯 ②审理,2
1202,47,fɛJ,肥,1
1203,48,fAJ dʐiJ,防备；防止；预防,1
1204,48,fAJ kʰoJ,法国,1
1205,48,fAJ lɿJ,法律,1
1206,48,fAJ ne+,房间,1
1207,48,fAJ thɯJ,出发,1
1208,48,fAJ tʂo+,得法(方法得当),1
1209,48,fAJ tʂÃ+,发展,1
1210,48,fAJ tʂɿJ,法院,1
1211,48,fAJ tʰo+ lɿ+,兴旺；旺盛,1
1212,48,fAJ tʰɔJ,发动,1
1213,48,fu7,涩,1
1214,48,fu7 dʐiJ,①捲缩 ②皱(衣服),2
1215,48,fu7 gɔJ,退缩,1
1216,48,fu7 nʰɛ7,缩小,1
1217,48,fu7 pe+,缝补,1
1218,48,fu7 tʂi+,收拢,1
1219,48,fu7 tʂi+,粪箕,1
1220,48,fuJ,副(字头),1
1221,48,fuJ puJ tʂÃ+,副部长,1
1222,48,fÃ+,方(字头),1
1223,48,fÃ+ bÃ7,方向,1
1224,48,fÃ+ tʂɛiJ,翻译,1
1225,48,fÃ+ tʂɿJ,反映,1
1226,48,fɔ+,风(字头),1
1227,48,fɔ+ bÃ+,风箱,1
1228,48,fɔ+ dʐiJ,封住,1
1229,48,fɔ+ tʰo+ lɿ+,封起来,1
1230,48,fɔ7,①浪费 ②可惜,2
1231,48,fɔ7 ku7,爱惜；珍惜,1
1232,48,fɔ7 xɔ+,可惜了,1
1233,49,fuJ,适应,1
1234,49,fuJ Sɯ+ tʂÃ+,副省长,1
1235,49,fuJ bɛiJ,复习,1
1236,49,fuJ dʐiJ,扶住；撑住,1
1237,49,fuJ fuJ mu+,快快的,1
1238,49,fuJ fuJ mu+ dzɔJ,快快吃,1
1239,49,fuJ leJ,妇联,1
1240,49,fuJ nõJ,富农,1
1241,49,fuJ nɛiJ,副业,1
1242,49,fuJ tɯiJ tʂÃ+,副队长,1
1243,49,fuJ tʂA+,复杂,1
1244,49,fuJ tʂhɔ+ lɿ+,副总理,1
1245,49,fuJ tʂɛiJ tʂhõ+ nõJ,富裕中农,1
1246,49,fuJ tʂʰɯJ pɛiJ,副主席,1
1247,49,fuJ ʐu+ tʂi+,副书记,1
1248,49,fɯ+,①嫁 ②夫(丈夫),2
1249,49,fɯ+ biJ,许配,1
1250,49,fɯ+ bɿJ,山草,1
1251,49,fɯ+ dʐɿJ,聘礼,1
1252,49,fɯ+ dʐɿJ fɯ+ lɔJ,聘礼(指男方用牛作聘礼),1
1253,49,fɯ+ kʰɔ7,媒人,1
1254,49,fɯ+ kʰɔ7 mu+,做媒,1
1255,49,fɯ+ kʰɔ7 mɔ+,媒婆,1
1256,49,fɯ+ mɔ+,亲家母,1
1257,49,fɯ+ phɔJ,亲翁,1
1258,49,fɯ+ thɯJ,出嫁,1
1259,49,fɯ+ tʂe+,山草绳,1
1260,49,fɯ+ tʂhiJ mɔ+,鳏夫,1
1261,50,Vi+,①麻(味觉) ②挥；甩,2
1262,50,Vi+,开(花),1
1263,50,Vi+,花,1
1264,50,Vi+ Vi+ tʂɔ+ tʂɔ+,迎风飘扬,1
1265,50,Vi+ Vi+ tʂɛ+ tʂɛi+,飘飘荡荡,1
1266,50,Vi+ l?ɯ+ l?ɯ+,盛开,1
1267,50,Vi+ lA+ lA+,摇摇摆摆,1
1268,50,Vi+ lɿ+,①花 ②天花；牛痘,2
1269,50,Vi+ mɔ+,稗子,1
1270,50,Vi7,味儿,1
1271,50,Vi7 ZiJ,锈(名词),1
1272,50,Vi7 ZiJ dzɔJ,生锈,1
1273,50,Vi7 thiAJ,调味,1
1274,50,Vi7 tʂhɔ+,尝味,1
1275,50,Vi7 tʂʰo+,有臭味,1
1276,50,Vi7 tʰo7,味道,1
1277,50,Vi7 ʈʂ+,变味,1
1278,50,ViJ,远,1
1279,50,ViJ ViJ mu+,很麻(味道),1
1280,50,ViJ du+ mɤ+,跟踪追迹,1
1281,51,Vi+,①家 ②拿,2
1282,51,Vi+,狼,1
1283,51,Vi+ ZɯJ,采用,1
1284,51,Vi+ bɿ7,收拢,1
1285,51,Vi+ dɔ+ lɿ+ A+,狼来了,1
1286,51,Vi+ ghɔJ,归还；赔还,1
1287,51,Vi+ he+,拌和；掺杂,1
1288,51,Vi+ kʰo+,增加；加上,1
1289,51,Vi+ lɔ7,拿着,1
1290,51,Vi+ lɿ+ Vi+,开花,1
1291,51,Vi+ lɿ+ Vi+ xɔ+,献花,1
1292,51,Vi+ lɿ+ bɛiJ SA+ mɔ+,鲜花,1
1293,51,Vi+ lɿ+ duJ,种牛痘,1
1294,51,Vi+ lɿ+ gA+,花瓣,1
1295,51,Vi+ lɿ+ ku+,绣花；挑花,1
1296,51,Vi+ lɿ+ mɿ7,含苞欲放,1
1297,51,Vi+ lɿ+ pʰi+ lɿ+ mɔ+,蓝花,1
1298,51,Vi+ lɿ+ pʰɯ+,花朵,1
1299,51,Vi+ lɿ+ ʐɯJ,花柄,1
1300,51,Vi+ pe+,合并,1
1301,51,Vi+ pʰɔ7,公狼,1
1302,51,Vi+ tʂi+,拿去,1
1303,51,Vi+ tʂʰi+,藏；隐藏,1
1304,51,Vi+ tʰo7,①留下 ②寄存；搁置,2
1305,51,Vi+ xɔ+,①拿开 ②减去,2
1306,51,ViJ,穿(自动),1
1307,51,ViJ Zɿ+ ʐo+,耐穿,1
1308,51,ViJ gɔJ,服装,1
1309,51,ViJ tʂhi+,姨姐；姨妹(妻子的妹妹),1
1310,51,ViJ ŋɛi+,姐妹；兄弟,1
1311,52,Ve+,闹,1
1312,52,Ve+ dʐiJ gɯ+,吵闹；吵吵闹闹,1
1313,52,VeJ,①猪 ②桃,2
1314,52,VeJ Si7 pʰɔ+,紫色布,1
1315,52,VeJ Si7 tʂʰi+,一种用猪血做的食品,1
1316,52,VeJ SiJ,猪肝,1
1317,52,VeJ bɯ+ dɔ+,疹子,1
1318,52,VeJ bɿJ,猪蹄,1
1319,52,VeJ dɔ+,猪月(旧历十月),1
1320,52,VeJ dɔ+ pʰi7,猪腿,1
1321,52,VeJ fÃ+,猪槽,1
1322,52,VeJ lɔJ dʐiJ,回族,1
1323,52,VeJ lɔJ hɛ+,种猪,1
1324,52,VeJ mɔ+,母猪,1
1325,52,VeJ mɔ+ tʂei+ zɔJ,家禽,1
1326,52,VeJ mɔ+ zɔJ,小母猪,1
1327,52,VeJ ne+ ʐoJ,车前草,1
1328,52,VeJ nɔ+,猪鬃,1
1329,52,VeJ nɯ+ ʐɯJ,猪排骨,1
1330,52,VeJ pɯ+,猪圈,1
1331,52,VeJ pʰɔ7,公猪,1
1332,52,VeJ theJ tʂe7,鹫,1
1333,52,VeJ tsɔ+ tʂʰɔ+ tɯ+,猪槽,1
1334,52,VeJ tʂA+ tʂi+,架子猪,1
1335,52,VeJ tʂhi+,猪油,1
1336,52,VeJ tʂhi+ mɔ+,肥猪,1
1337,52,VeJ tʂhi+ ʐɯJ,猪脚,1
1338,52,VeJ tʂhiJ,猪粪,1
1339,52,VeJ tʂhɛJ Se+ mɔ+,粗糠,1
1340,52,VeJ tʂɿ+,尾则(村名),1
1341,52,VeJ vɯ+,猪肠,1
1342,52,Vi+ mɔ+,母狼,1
1343,52,Vi+ nɛi+ mɔ+,狼心,1
1344,52,Vi+ nɿ7 Vi+ ne+ dzɔ+,①狼吞虎嚥 ②似虎狼,2
1345,52,Vi+ tɛi+,被害(古语),1
1346,52,Vi+ ŋɛi+,狼嚎,1
1347,53,VeJ gheJ,亥(属猪年),1
1348,53,VeJ ghɿJ zɔJ,半夏(药材),1
1349,53,VeJ ho+,养猪,1
1350,53,VeJ nʰɛi+,野猪,1
1351,53,VeJ o7,猪头,1
1352,53,VeJ xɔJ,杀猪,1
1353,53,VeJ xɔJ,猪肉,1
1354,53,VeJ xɔJ mɔJ mɔ+,腊肉(醃肉),1
1355,53,VeJ xɔJ tʂho+,屠夫,1
1356,53,VeJ xɯ+ tɿ7,骗猪(动词),1
1357,53,VeJ ʐɯJ pɯ+ tʂʰi+,骨头生(用碎骨醃制的食物),1
1358,53,Vɛ+,①买；购；购买；采购 ②客人,2
1359,53,Vɛ+ Vɛ+ dɔJ dɔJ,周围；四面八方,1
1360,53,Vɛ+ Vɛ+ tʂʰo+,团团转,1
1361,53,Vɛ+ buJ tʂi+ dAJ,东倒西歪,1
1362,53,Vɛ+ dʐiJ,礼物；礼品；赠品,1
1363,53,Vɛ+ leJ,生意；买卖,1
1364,53,Vɛ+ leJ mu+,贸易；交易；做生意,1
1365,53,Vɛ+ leJ mu+ pe+ leJ,伙计,1
1366,53,Vɛ+ leJ mu+ tʂho+,小贩；商人,1
1367,53,Vɛ+ lɿ+ Vɛ+ lɿ+ tʂi7,歪三倒四,1
1368,53,Vɛ+ mu+,作客,1
1369,53,Vɛ+ pe+ leJ mu+,陪客,1
1370,53,Vɛ+ tʂhi+,请客,1
1371,53,Vɛ+ tʂi+,接客；会客,1
1372,53,Vɛ+ tʰe+,待客,1
1373,53,Vɛ7,左,1
1374,53,Vɛ7 leJ tʂi+ pɛiJ dɛiJ,左手戴着戒指,1
1375,53,Vɛ7 lɛi7 Vɛ7 lɛi7,徘徊,1
1376,54,VA+,①围(量词) ②搂,2
1377,54,VA+ dʐiJ,搂住,1
1378,54,VAJ,搓,1
1379,54,VAJ pe+,①搓合(绳子) ②绞在一起 ③蕃(指玉米),3
1380,54,VAJ tʂi+,袜子,1
1381,54,Vɔ+,①处 ②网,2
1382,54,Vɔ+ dʐAJ,织网,1
1383,54,Vɔ+ thɿJ tʂhɛ+,网线,1
1384,54,Vɔ+ tʂe+,网绳,1
1385,54,Vɔ+ tʂi+,①或者 ②还是,2
1386,54,Vɔ7,①摸 ②万,2
1387,54,Vɔ7 tɛi+,摸着,1
1388,54,Vɛ+ Si+ Vɛ+ SiJ,顾客,1
1389,54,Vɛ+ SiJ pʰɔJ,①买主 ②东道主,2
1390,54,Vɛ+ dʐiJ xɔ+,送礼,1
1391,54,Vɛ+ tʰo7,横(与纵相对),1
1392,54,Vɛ+ tʰo7 Vɛ+ dʐ?ɿ+,纵横杂乱,1
1393,54,Vɛ+ ŋɔ+ ]ɯ7,好客,1
1394,54,VɛJ,万(字头),1
1395,54,VɛJ nɿ7,别的；另外；格外；其它,1
1396,54,VɛJ nɿ7 mɤ+ tɯ+,外地,1
1397,54,VɛJ nɿ7 tʂho+,旁人,1
1398,55,VɔJ,①鸡(古语) ②雪,2
1399,55,VɔJ dlɔ+,下雪,1
1400,55,VɔJ dlɔ+ nɿ+,小雪(节令),1
1401,55,VɔJ dlɔ+ tʂɛiJ nɿ+,大雪(节令),1
1402,55,VɔJ khɔ+ du+,雪白,1
1403,55,VɔJ mɔ+ tʂiJ dzɔJ ŋe+,孔雀,1
1404,55,VɔJ nɛi+ dlɔ+,结冰,1
1405,55,VɔJ tʂhɿ+ tʂi+ ZɔJ,碎玉雪,1
1406,55,VɔJ tʂhɿ+ ŋɿJ dlɔ+ kʰɔ+,雪上加霜,1
1407,55,VɔJ tʂi+,化雪,1
1408,55,VɔJ tʂʰo+ mɔ+,雪花,1
1409,55,Vɯ+,纺,1
1410,55,Vɯ+,肠子,1
1411,55,Vɯ+ Vɯ+ tʂʰɔ+ tʂʰɔ+,歪歪扭扭,1
1412,55,Vɯ+ Zɛi+ tʂʰiJ,五一节,1
1413,55,Vɯ+ ZɛiJ mɔ+,大肠,1
1414,55,Vɯ+ hɿ+,肠胃,1
1415,55,Vɯ+ kui+ mɔ+,乌龟,1
1416,55,Vɯ+ xɔ+,涂抹,1
1417,55,Vɯ+ zɔJ,小肠,1
1418,55,Vɯ7,缩,1
1419,55,Vɯ7 SɯJ,龌龊,1
1420,55,Vɯ7 dʐiJ,缩,1
1421,55,Vɯ7 dʐiJ lɔ7,皱,1
1422,55,Vɯ7 nɛi+ gɔ7 dʐiJ,缩在后面,1
1423,55,VɯJ,①卖 ②精神病,2
1424,55,VɯJ VɯJ Vi+ Vi+,慌慌张张,1
1425,55,VɯJ VɯJ thɿ+ thɿ+,疯疯癫癫,1
1426,55,VɯJ nɔ+ VɯJ be+,农副产品,1
1427,55,VɯJ thɯJ,出售；出卖,1
1428,55,VɯJ thɿ+ dɛiJ,癫痫；抽疯,1
1429,55,VɯJ tɯ+ VɯJ lɔJ,商品,1
1430,56,VɯJ,折弯,1
1431,56,VɯJ,沉着；稳重,1
1432,56,VɯJ Si+ pʰɔJ,卖主,1
1433,56,VɯJ VɯJ,慎重,1
1434,56,VɯJ dʐiJ,稳定,1
1435,56,VɯJ tʰɔ+ tʰɔ+ mu+,稳稳当当,1
1436,56,dɔJ mɔ+ VɯJ gɔJ lɿ+,把棍子折弯,1
1437,57,ti+,装,1
1438,57,ti+,①泡 ②淋,2
1439,57,ti+ dɛi+ mu+,准备；筹备；预备,1
1440,57,ti+ dɛi+ thɿJ tʂʰi7 nɛi+ mɔJ mu+,毫无准备,1
1441,57,ti+ f?v+,顶钉,1
1442,57,ti+ tʰo+,装车,1
1443,57,ti7,①纳(鞋) ②舂(米) ③敲,3
1444,57,ti7 Sɔ7 dɛiJ,肯定,1
1445,57,ti7 ZɛiJ,第一,1
1446,57,ti7 hɛ+,旅馆；旅店,1
1447,57,ti7 mu+,订做,1
1448,57,ti7 nɔ+,砸碎,1
1449,57,ti7 nɛi+,紫土(又名红墨土),1
1450,57,ti7 pʰi7,敲破；敲烂；打烂,1
1451,57,ti7 tɯ+,锥子,1
1452,57,ti7 tʰo7,订合同,1
1453,57,tiJ,代替,1
1454,57,tiJ dʐiJ lɔ?7,①顶住；抵抗 ②坚持,2
1455,57,tiJ kʰoJ tʂʰɯ+ ZɿJ,帝国主义,1
1456,57,tiJ thɛ7,接替；顶替,1
1457,58,te+,抱,1
1458,58,te+ dʐiJ,抱住,1
1459,58,te+ kʰo+,怀抱,1
1460,58,te7,呆(字头),1
1461,58,te7 tɛ+,连累；牵连,1
1462,58,te7 tʂui7,顺便,1
1463,58,te7 tʰẽJ,款待,1
1464,58,te7 ŋAJ,优待,1
1465,58,te7 ʐɛi+,率领,1
1466,58,teJ,点儿(量词，表示少量),1
1467,58,teJ kʰoJ,德国,1
1468,58,teJ tʂi+,碟子,1
1469,58,ti+ nA+,淋湿,1
1470,58,tiJ,敌(字头),1
1471,58,tiJ tʰẽJ,敌人,1
1472,58,tɛ7,绊,1
1473,58,tɛ7 pe+,连衣服,1
1474,58,tẽ+,衡量,1
1475,58,tẽ7,典(字头),1
1476,58,tẽ7 Zɛi+,电影,1
1477,58,tẽ7 Zɛi+ dɯJ,放电影,1
1478,58,tẽ7 Zɛi+ nɛi+ duJ,电影院,1
1479,58,tẽ7 thɔJ,电筒,1
1480,58,tẽ7 tɯ+,电灯,1
1481,58,tẽ7 tʂe+,电线,1
1482,58,tẽ7 tʂʰɯJ tɛi+,触电,1
1483,58,tẽ7 ʑuA7,电话,1
1484,59,tA7,打(字头),1
1485,59,tA7 Zɛi+,疏忽；大意,1
1486,59,tA7 Zɛi+ tA7 dɛiJ,麻痹大意,1
1487,59,tA7 pʰu+ tʂʰɿ7,大概,1
1488,59,tAJ,大(字头),1
1489,59,tɛ+,①中 ②着 ③涝,3
1490,59,tɛ+ nɛ7 xɔ+,淹没,1
1491,59,tɛ+ tʂi+,淹死,1
1492,59,tɛ+ tʰɔ+ lɿ+,淹,1
1493,59,tɛ7 dɔJ,绊倒,1
1494,59,tɛ7 pu7,绊倒,1
1495,59,tɛJ,代(字头),1
1496,59,tɛJ piA+,代表,1
1497,59,tɛi+,①云 ②播种,2
1498,59,tɛi+ bu+,田埂,1
1499,59,tɛi+ bu+ bɛi+,糊田埂,1
1500,59,tɛi+ dɯ+,乌云密布,1
1501,59,tɛi+ dɯ+,白云,1
1502,59,tɛi+ lɛi+ gɔJ,角落,1
1503,59,tɛi+ mɤ+,水田,1
1504,59,tɛi+ ne+,乌云,1
1505,59,tɛi+ neJ,种得早,1
1506,59,tɛi+ pu7,田埂,1
1507,59,tɛi+ pɛi+,①禾苗 ②另种农作物,2
1508,59,tɛi+ tʂhi+,火炮(一种娱乐时用的炮),1
1509,59,tɛi+ tʂhi+ mɯ+ lɿ+,鸡棕,1
1510,59,tɛi+ tʂi+,密植,1
1511,59,tɛi+ tʂi+,黄云,1
1512,60,tA+,答(字头),1
1513,60,tA+ Sɔ7,打算,1
1514,60,tAJ,搭(字头),1
1515,60,tAJ bɯJ,大学,1
1516,60,tAJ pu+,疙瘩,1
1517,60,tAJ pu+ thɿJ,结疙瘩,1
1518,60,tAJ tʂhiJ,塞住；阻塞,1
1519,60,tÃ+,党(字头),1
1520,60,tÃ+ ZɛiJ,党员,1
1521,60,tÃ+ tʂÃ+,党章,1
1522,60,tɔ+,①起 ②发生,2
1523,60,tɔ+,①里(这里；那里) ②根,2
1524,60,tɔ+,典当,1
1525,60,tɔ+ dɔ+ dʐiJ,已走了,1
1526,60,tɔ+ dʐɿ+,开始,1
1527,60,tɔ+ lɿ+,起来,1
1528,60,tɔ7,①留下 ②搁；放置,2
1529,60,tɔ7 lɔ7 tʂʰo7,倒置,1
1530,60,tɔ7 ti+ tʂi+,究竟,1
1531,61,mɤ+ tɛi+,典当土地,1
1532,61,tɔ+,①喂(奶) ②羞耻 ③吞,3
1533,61,tɔ+,①拄(拐棍) ②撞(用手指张开比量长度),2
1534,61,tɔ+ be7,惭愧；害羞；耻辱,1
1535,61,tɔ+ be7 dɛiJ,含羞,1
1536,61,tɔ+ be7 zo+,忌讳,1
1537,61,tɔ+ dzɔJ,吞食,1
1538,61,tɔ+ mɔJ ku7 tɯ+,不知羞耻,1
1539,61,tɔ+ nɛ+ mɔJ be7,大言不惭,1
1540,61,tɔ+ pu+ tɔ+ lɛi+,圆圆的,1
1541,61,tɔ+ pɛi+,蕨菜,1
1542,61,tɔ+ tʂʰɿ+,吞下,1
1543,61,tɔ+ xɔ+,吞没,1
1544,61,tɔ7,①层(阶) ②照料 ③毒(使动),3
1545,61,tɔ7 nɔ+ tʂhiJ,毒药,1
1546,61,tɔ7 nɔ+ tʂhiJ tʂi7,服毒,1
1547,61,tɔ7 pe+,重迭,1
1548,61,tɔ7 tɛ+,中毒,1
1549,61,tɔ7 tʂi+,砍子,1
1550,61,tɔ7 tʂi+,毒死,1
1551,61,tɔ7 tʂi7,豆豉,1
1552,61,tɔ7 tʂi7 mɔ+,豆豉,1
1553,61,tɔJ,动(字头),1
1554,61,tɔJ ZɛiJ,动员,1
1555,62,tɔ+ dʐiJ,撑住,1
1556,62,tɔJ,戳,1
1557,62,tɛi+,①层 ②撮,2
1558,62,tɛi+ mɔ+ tɛi+ zɔJ,层层叠叠,1
1559,62,tɛiJ,巧,1
1560,62,tɛiJ tɛiJ,恰巧,1
1561,62,tɛiJ tɛiJ nɿ+,正巧；恰好,1
1562,62,tɛiJ tɛiJ t?ɔi7 tɛi+,巧遇,1
1563,62,tɿ7,①点(火) ②拴；绑 ③穿(使动) ④戴(使动),4
1564,62,tɿ7 muJ tɿ7 lɛi+,呆板,1
1565,62,tɿ7 pe+,绑(拴起来),1
1566,62,tɿ7 tʂhiJ,拴住；束缚；捆绑,1
1567,62,tɿJ,贩(卖),1
1568,62,tɿJ VɯJ,贩卖,1
1569,62,tʰɔJ ZɿJ tɔJ dɛiJ xɔ+,把纸戳通了,1
1570,63,tu+,①翅膀 ②剃,2
1571,63,tu+,①正直 ②控告,2
1572,63,tu+,①千 ②抓 ③把(量词),3
1573,63,tu+ Vɯ7 tu+,笔直,1
1574,63,tu+ dlɛ+ Vɔ7 dlɛi+,成千上万,1
1575,63,tu+ dʐiJ,抓住,1
1576,63,tu+ leJ,翅膀,1
1577,63,tu+ tu+,直接,1
1578,63,tu+ tu+ Sɔ+,直率,1
1579,63,tu+ tu+ mu+ nɛi+,质问,1
1580,63,tu+ tu+ tɿ7 tɿ7,颠三倒四,1
1581,63,tu7,绷(鼓面),1
1582,63,tu7 Si+ mɔ+,毒司玛(传说中的女妖),1
1583,63,tu7 Vɯ7 tu+ Sɔ+,直直的,1
1584,63,tu7 nA7,被火烧,1
1585,63,tuJ,度(字头),1
1586,63,tuJ,独(字头),1
1587,63,tuJ dʐiJ,堵住,1
1588,63,tuJ tʂhi7,赌气,1
1589,63,tɛiJ tʂiJ mu+,假意,1
1590,63,tɛiJ tʂiJ tɛiJ tʂiJ,虚情假意,1
1591,64,tiA7,调(字头),1
1592,64,tuJ tuJ,唯独,1
1593,64,tuɯ+,灯(字头),1
1594,64,tuɯ+,①折叠 ②地方 ③浅(水) ④缩,4
1595,64,tuɯ+ Zɛi+ dɔJ,灯光,1
1596,64,tuɯ+ dɯ+,折痕,1
1597,64,tuɯ+ lɔ+,灯笼,1
1598,64,tuɯ+ muJ tu7,灯,1
1599,64,tuɯ+ mɯ+ tʂi+,灭灯,1
1600,64,tuɯ+ nɛi+ zɔJ,浅,1
1601,64,tuɯ+ tuɯ+ Si7,同样,1
1602,64,tuɯ+ tuɯ+ gho+,同等,1
1603,64,tuɯ+ tuɯ+ lɿ+,平衡,1
1604,64,tuɯ+ tuɯ+ mɔJ Si7,不同；不一样,1
1605,64,tuɯ+ tuɯ+ nɔ+ f?ii+,平分,1
1606,64,tuɯ+ tuɯ+ o+,平均,1
1607,64,tuɯ+ tɿ7,点灯,1
1608,64,tuɯ+ tʂi+ xɔ+,熄灯；灭灯,1
1609,64,tuɯ+ tʂiA7,灯盏,1
1610,64,tuɯ+ tʂʰɿ+,蹲下,1
1611,64,tuɯ+ ʑɿ+,灯芯,1
1612,64,tuɯ7,①澄 ②炖 ③凝结 ④凑,4
1613,64,tuɯ7 bɿ7,凑拢,1
1614,64,tuɯ7 dɔ+,旅游,1
1615,64,tuɯ7 khu7,凑巧,1
1616,64,tuɯ7 pe+,板结,1
1617,64,tuɯ7 pʰe+,对面,1
1618,64,tuɯ7 tʂɛi+,澄清(水),1
1619,65,tiA+,碉(字头),1
1620,65,tiA+ pɛi+,碉堡,1
1621,65,tiA7 ʐɛi+,调动,1
1622,65,tui7,队(字头，两读 tui7/tuiJ),2
1623,65,tui7 dʐiJ mɔJ dɛiJ,对不起,1
1624,65,tui7 thɿJ,对头,1
1625,65,tui7 tʂÃ+,队长,1
1626,65,tuÃ7,段(字头),1
1627,65,tuÃ7 dʐɿ+ Vɛi+,段(姓氏),1
1628,65,tuÃ7 xɔ+,断案,1
1629,66,A+ thɿ7,喷嚏,1
1630,66,A+ thɿ7 dɛiJ,打喷嚏,1
1631,66,thɿ7,嚏(喷嚏的嚏),1
1632,66,thɿJ,一,1
1633,66,thɿJ bɔJ,①一扇(门) ②一片(肉),2
1634,66,thɿJ bɛiJ,一把(草),1
1635,66,thɿJ bɿ7,①一堆(稻子) ②一丛(树),2
1636,66,thɿJ bɿ7 tʂi+,团圆；团聚,1
1637,66,thɿJ ghoJ tʂʰɿ+ nɿJ dɔ+,一年有十二个月,1
1638,66,thɿJ pA+,①一滴 ②忽然 ③一个(字) ④一瞬间,4
1639,66,thɿJ pA+ nɛi+,试问,1
1640,66,thɿJ pA+ nɯJ,嗅一嗅；闻一闻,1
1641,66,thɿJ pA+ thA7,试探,1
1642,66,thɿJ pA+ thɿJ pA+,不经常,1
1643,66,thɿJ pA+ tɔ7,等一会儿,1
1644,66,thɿJ pA+ tʂi7,试一试,1
1645,66,thɿJ pA7,立刻,1
1646,66,thɿJ pAJ,半斤,1
1647,66,thɿJ pe+,一碗,1
1648,66,thɿJ pe7,一遍,1
1649,66,thɿJ pɛi+,一步,1
1650,66,thɿJ pɛi+ thɿJ pɛi+,逐步,1
1651,66,thɿJ pɛi+ tʂA7,让步,1
1652,66,thɿJ pɿ7,一代,1
1653,66,thɿJ pɿJ,一本,1
1654,66,thɿJ pʰe+,①一半 ②一只(手),2
1655,66,thɿJ pʰi7,一边,1
1656,66,thɿJ pʰi7 gɔ+ ne+,旁观,1
1657,66,thɿJ pʰiJ,一块,1
1658,66,thɿJ pʰɯ+,一朵,1
1659,67,thɿJ VA+,一围(双手环抱的圆周长度),1
1660,67,thɿJ Vɔ+,一处,1
1661,67,thɿJ Vɔ+ mɔJ ŋɛi+ ŋɛi+,各处,1
1662,67,thɿJ Vɔ7,一万,1
1663,67,thɿJ Vɛi+,一揩(指人用背揩一次的重量),1
1664,67,thɿJ Vɛi7 lɿ+ ŋɛi+,一丘之貉,1
1665,67,thɿJ dɔJ,①一群 ②一阵,2
1666,67,thɿJ dɔJ dɔJ mu+,成群,1
1667,67,thɿJ dɛi+,一间(房),1
1668,67,thɿJ dɛiJ tʂɛi+,一场,1
1669,67,thɿJ fõ+,一封(信),1
1670,67,thɿJ fɛ+,一分,1
1671,67,thɿJ mu7 pʰe+,一颗,1
1672,67,thɿJ mɤ+,一个,1
1673,67,thɿJ mɤ+ be+ Zɛi+ tʂʰɿ+ tʂɿ+ gɔJ,一传十，十传百,1
1674,67,thɿJ mɤ+ mɔJ ŋɛi+ ŋɛi+,人人；个个；每个；全部,1
1675,67,thɿJ mɤ+ tuɯ+,一个地方,1
1676,67,thɿJ mɤ+ tuɯ+ tʂho+,同乡,1
1677,67,thɿJ mɤ+ tuɯ+ tʂhɛ+,普天下,1
1678,67,thɿJ mɤ+ tʂi7,单独；独身；孤单；单个儿,1
1679,67,thɿJ mɿ+,一口(水),1
1680,67,thɿJ thɔ7,一套,1
1681,67,thɿJ thɔJ,一小时,1
1682,67,thɿJ thɛiJ,一顿(打一次),1
1683,67,thɿJ thɿ+,①一筒(木) ②一截(树) ③一段(唱词),3
1684,67,thɿJ thɿJ tʂi+,突然,1
1685,67,thɿJ tu+,①一千 ②一把(米),2
1686,67,thɿJ tuɯ+ tuɯ+,处处,1
1687,67,thɿJ tɔ+,一杆,1
1688,67,thɿJ tɔ7,一级(台阶),1
1689,67,thɿJ tɛ+,一把(双手能抱起的物件重量),1
1690,67,thɿJ tɛ+,一揸(母指和食指张开的长度),1
1691,67,thɿJ tɛi+,一层,1
1692,68,thɿJ Zɛi+,一辈子；毕生；终生,1
1693,68,thɿJ Zɛi+ Zɛi+,永久；永远,1
1694,68,thɿJ d?ʐɯ+,一顿(饭),1
1695,68,thɿJ dzu+,①一套(衣服) ②一对(情侣),2
1696,68,thɿJ dɿJ,一匹(布),1
1697,68,thɿJ dʐ?ɿ+,①一件(衣服) ②一床(被子) ③整个(世界),3
1698,68,thɿJ dʐiJ,一大捆(草),1
1699,68,thɿJ dʐɛiJ,①一张(桌子) ②一辆(汽车) ③一台(拖拉机),3
1700,68,thɿJ gɔ+,一个月,1
1701,68,thɿJ gɔJ,一片(树叶),1
1702,68,thɿJ lɔJ,一两,1
1703,68,thɿJ lɛ+,一包,1
1704,68,thɿJ lɛi+ tʂi+,笼统,1
1705,68,thɿJ lɿ+,一度(臂左右平伸时的长度),1
1706,68,thɿJ ne+,一个(字),1
1707,68,thɿJ nɔ7 mɔ+,很多,1
1708,68,thɿJ nɔ7 mɔ+ tʂɯ+ ʐo+,丰收,1
1709,68,thɿJ nɛi+,一天；一日,1
1710,68,thɿJ nɛi+ dɛiJ dɛiJ,终日；整天,1
1711,68,thɿJ nɛi+ thɿJ nɛi+,一天天,1
1712,68,thɿJ nɛiJ mɤ+,一两个,1
1713,68,thɿJ tɛi+,一次；一趟；一回,1
1714,68,thɿJ tɛi+,一张(纸)；一块(石头),1
1715,68,thɿJ tɛi+,一摆(专指连片的土地),1
1716,68,thɿJ tʂhi+,一锁(重量),1
1717,68,thɿJ tʂhɛ+,一撮(米),1
1718,68,thɿJ tʂi+,一棵,1
1719,68,thɿJ tʂi7,①一节(竹子) ②一捆柴,2
1720,68,thɿJ tʂiA7,一丈,1
1721,68,thɿJ tʂɔ+,一窝(狗、猪、鸡),1
1722,68,thɿJ tʂɛi+,一下(打一下),1
1723,68,thɿJ tʂɛi+,一驮(一马负的重量),1
1724,68,thɿJ tʂɛi+,一斤,1
1725,68,thɿJ tʂɯ+,一对；一双；一架(牛),1
1726,69,thɿJ XɯJ,一回；一次,1
1727,69,thɿJ Zɛi+,一群(羊),1
1728,69,thɿJ dʐA+,一幢(房),1
1729,69,thɿJ gɯ+,一枝,1
1730,69,thɿJ khu+,一阵(雨),1
1731,69,thɿJ ku+ pɯ+,周身；浑身,1
1732,69,thɿJ kʰo+,一支(烟),1
1733,69,thɿJ kʰɿ7,①立刻 ②有时,2
1734,69,thɿJ kʰɿ7 mɔJ ŋɛi+,经常；随时；常常,1
1735,69,thɿJ kʰɿ7 zɔJ,一会儿,1
1736,69,thɿJ t?ʂA+ mu+,完全,1
1737,69,thɿJ t?ʂɯ+,一升,1
1738,69,thɿJ tʂe+,一串,1
1739,69,thɿJ tʂe7,一些；一点,1
1740,69,thɿJ tʂi7,一生，一辈子,1
1741,69,thɿJ tʂi7 tʂi7,永世；平生,1
1742,69,thɿJ tʂiJ,同姓,1
1743,69,thɿJ tʂo+,一生,1
1744,69,thɿJ tʂo7,一勺,1
1745,69,thɿJ tʂoJ,一条(布),1
1746,69,thɿJ tʂɔ+,一条(河)；一颗(针),1
1747,69,thɿJ tʂɔ7,一盏(灯),1
1748,69,thɿJ tʂɛ+ tʂʰi+,一锅(汤),1
1749,69,thɿJ tʂɛi+,一扇(石磨)；一块(糖),1
1750,69,thɿJ tʂɛiJ,一节(课),1
1751,69,thɿJ tʂʰeJ,一行(小树)；一串(珠子)；一排(房子),1
1752,69,thɿJ tʂʰi+,一窝(鸟),1
1753,69,thɿJ tʂʰi+,一枪(打一枪),1
1754,69,thɿJ tʂʰi7,一尺,1
1755,69,thɿJ tʂʰi7 mɔJ SA7,①一窍不通 ②不省人事,2
1756,69,thɿJ tʂʰi7 mɔJ tʂi+,毫无意义,1
1757,69,thɿJ tʂʰi7 mɔJ tʂɛi+,无缘无故,1
1758,69,thɿJ tʂʰɔ+,一垃(田)；一块(地),1
1759,69,thɿJ tʂʰɔJ,一车(货),1
1760,69,thɿJ tʂʰɛ+,①一头(牛) ②一棵(电杆),2
1761,69,thɿJ tʂʰɿJ,一句(话),1
1762,70,thɿ+,①添 ②生产,2
1763,70,thɿJ XA+,一杯,1
1764,70,thɿJ gAJ,一瓣,1
1765,70,thɿJ ghe+ ne+,一篮子,1
1766,70,thɿJ ghoJ,一年,1
1767,70,thɿJ ghoJ muJ ne+ tʂi+,常年,1
1768,70,thɿJ ghoJ mɔJ bɔJ,一年多,1
1769,70,thɿJ ghoJ nɿJ ne+ tʂi+,常年,1
1770,70,thɿJ ghoJ tʂA+,周岁,1
1771,70,thɿJ ghoJ tʂho+,周岁；周龄,1
1772,70,thɿJ ghoJ tʂi+ thɔJ,一年四季,1
1773,70,thɿJ ghu+,一支(线),1
1774,70,thɿJ gɔ+,一种,1
1775,70,thɿJ gɔ+ mɔJ ŋɛi+ ŋɛi+,样样；各种；各式各样,1
1776,70,thɿJ gɛi7,一枝(树枝),1
1777,70,thɿJ gɛiJ,一座(山),1
1778,70,thɿJ heJ,一夜,1
1779,70,thɿJ heJ mɔJ ŋɛi+ ŋɛi+,夜夜；每天晚上,1
1780,70,thɿJ hɔ+,一百,1
1781,70,thɿJ hɔ+ nɛ+ thɿJ mɤ+,一百零一,1
1782,70,thɿJ hɔ+ nɛ+ tʂʰɿ+ l?ɯJ,一百一十个,1
1783,70,thɿJ hɔ+ nɛ+ tʂʰɿ+ thɿJ l?ɯJ,一百一十一个,1
1784,70,thɿJ hɔ+ tʂɔ7,一百元,1
1785,70,thɿJ o+,①一样；同等 ②统一,2
1786,70,thɿJ o+ o+,纯粹,1
1787,70,thɿJ o+ thɿJ o+ Sɔ+,有条理,1
1788,70,thɿJ ʐ?ɿ+,一捧,1
1789,70,thɿJ ʐɛiJ,一户；一家,1
1790,70,thɿJ ʐɛiJ mɔJ ŋɛi+ ŋɛi+,家家户户,1
1791,71,leJ pʰe+ theJ,举手,1
1792,71,the+,①高(声音) ②锋利 ③敏锐,3
1793,71,the+ Xe7,受累；连累；牵连；株连,1
1794,71,the+ Xe7 khɔJ,深受其害,1
1795,71,the+ Xe7 tɛ+,受害,1
1796,71,the+ dɛi+,糟踏；践踏；蹂躏,1
1797,71,the+ khɔ7,依靠；依赖,1
1798,71,the+ khɔJ,①有效 ②过瘾,2
1799,71,the+ lɿJ,理睬,1
1800,71,the+ mɔJ lɿJ,拒绝,1
1801,71,the+ tʂʰi+,欺压；侮辱；欺负；侵犯；虐待；折磨,1
1802,71,theJ,举,1
1803,71,theJ ti7,举起来摔下去(摔跤用语),1
1804,71,theJ tʰo7,放置,1
1805,71,theJ tʰɔ+,举起,1
1806,71,thɿ+ du+ mɛi+,倒赔老本,1
1807,71,thɿ+ pʰɿ+,填平,1
1808,71,thɿ+ tɛ+,赔本；贴钱,1
1809,71,thɿ+ tʰɔ+ lɿ+,填起来,1
1810,71,thɿJ,提(字头),1
1811,71,thɿJ mɯJ,题目,1
1812,71,thɿJ pAJ,提拔,1
1813,71,thẽ+ tʂẽ+,天津(市名),1
1814,71,thẽ+ ʐɔ+ meJ,天安门,1
1815,72,nɛi+ buJ nɛi+ thɛ7,光溜溜,1
1816,72,thA7,烫,1
1817,72,thA7 tɛ+,烫伤；烫着,1
1818,72,theJ dʐiJ,抬着,1
1819,72,thÃJ,掏(字头),1
1820,72,thÃJ tʂi+,糖精,1
1821,72,thɔ+,颠簸,1
1822,72,thɔ7,套,1
1823,72,thɛ+,贪(字头),1
1824,72,thɛ+ tʂʰɿ+,掉；落下,1
1825,72,thɛ+ tʂʰɿ+ lɿ+,掉下来,1
1826,72,thɛ+ tʂʰɿ+ xɔ+,丢失,1
1827,72,thɛ7,溜(光溜溜的溜),1
1828,72,thɛJ,团(线团),1
1829,72,thɛJ,台(字头),1
1830,72,thɛJ VɯJ,特务,1
1831,72,thɛJ lɿ+,忽然,1
1832,72,thɛJ tʂi+,台子,1
1833,72,thɛJ ɛ7 SA7,突然,1
1834,72,thɛJ ɛ7 lɿ7 leJ mɔJ mɛi+,措手不及,1
1835,72,thɛJ ʐɛi+,台湾,1
1836,72,tʂi7 thɛJ,麻线团,1
1837,73,thɔ+,底,1
1838,73,thɔ+ Vɔ7,摸底,1
1839,73,thɔ+ Vɯ+,贪污,1
1840,73,thɔ+ Xɔ+,假如；如果；若是；万一；倘若,1
1841,73,thɔ+ lA+ tʂi+,拖拉机,1
1842,73,thɔ+ mɛi+ bɛi+,延长,1
1843,73,thɔ+ nɔ7,垫底,1
1844,73,thɔ+ tʂi+,瘫,1
1845,73,thɔ+ tʂʰɿ+ xɔ+,抖掉,1
1846,73,thɔ+ tʰɔ+ lɿ+,拖起来,1
1847,73,thɔ+ ʐɔ7 ŋɯ7 ʐɔ7 xɔ+,摇摆,1
1848,73,thɔ+ ʐɔ7 ʐA7 ʐɔ7 xɔ+,游来游去,1
1849,73,thɔJ,①时候；时间 ②莫；别,2
1850,73,thɔJ,缠(纠缠),1
1851,73,thɔJ be+,别说；莫说,1
1852,73,thɔJ bɿ7,悄悄地,1
1853,73,thɔJ bɿ7 Sɔ+,悄悄地,1
1854,73,thɔJ bɿ7 Sɔ+ Xe7,暗害,1
1855,73,thɔJ bɿ7 Sɔ+ xɔJ,暗杀,1
1856,73,thɔJ bɿ7 dɔJ,悄悄话；耳语(对着耳朵说的话),1
1857,73,thɔJ dɔ+ dɔ+,兔月(农历二月),1
1858,73,thɔJ dɔ+ muJ khɯ+ tʂɛ+,天宫,1
1859,73,thɔJ gɯ+,别哭,1
1860,73,thɔJ kuAJ,别管,1
1861,73,thɔJ lɛi+,别动(语气词),1
1862,73,thɔJ mu+,别做,1
1863,73,thɔJ pe+,纠缠,1
1864,73,thɔJ tʂi+,别去,1
1865,73,thɔJ ʐɛi+,莫走,1
1866,74,thɔ+,①啄 ②咬(蛇咬),2
1867,74,thɔJ,同(字头),1
1868,74,thɔJ Sɛi+,松木,1
1869,74,thɔJ ZɛiJ,同意,1
1870,74,thɔJ ZɿJ,纸；纸张,1
1871,74,thɔJ ZɿJ dʐiJ tʂe+,纸币；票子,1
1872,74,thɔJ ZɿJ lɔ7 zɔJ,纸老虎,1
1873,74,thɔJ ZɿJ pʰo+ mɔ+,摇钱树(人死后用纸剪成作祭祀用),1
1874,74,thɔJ ZɿJ ʑɛi+,裱纸,1
1875,74,thɔJ dɔ+ ghɔJ,卯(属兔年),1
1876,74,thɔJ lɔJ pɯ+ mɔ+,松球,1
1877,74,thɔJ pʰɔ7 tʂʰi+,火药枪,1
1878,74,thɔJ tʂhiJ gɔ7 mɔ+,穿山甲,1
1879,74,thɔJ tʂhiJ mɔ+,穿山甲,1
1880,74,thɔJ tʂi+,松树,1
1881,74,thɔJ tʂiJ,同志,1
1882,74,thɿ+,①说(古语) ②段 ③截,3
1883,74,thɿJ,结,1
1884,74,thɿJ Sɛi+,结成死疙瘩,1
1885,74,thɿJ thɿJ,同时,1
1886,74,thɿJ thɿJ ʐɛi+,同行；一起走,1
1887,74,thɿJ tʂhiJ,扎紧,1
1888,75,thu+,①厚 ②密,2
1889,75,thu+,①铇(动词) ②刺 ③楂(量词) ④楂(动词),4
1890,75,thu+ Sɛi+,土司,1
1891,75,thu+ dɛi+,戳穿,1
1892,75,thu+ kʰɛi+,土改,1
1893,75,thu+ pɛi+,铇子,1
1894,75,thu+ pɛi+ dɔJ,铇刀,1
1895,75,thu+ pɛi+ pɛi+ mu+,厚厚的,1
1896,75,thu+ ʐɔ+,厚度,1
1897,75,thu7,①他(古语) ②那样,2
1898,75,thu7 Si+,那样,1
1899,75,thu7 Vɛi+,他家,1
1900,75,thuJ,桶,1
1901,75,thɛi+,①兜 ②怀,2
1902,75,thɿJ,叩,1
1903,76,thiAJ,条(字头),1
1904,76,thiAJ tʂi+,条子,1
1905,76,thiAJ tʂẽ+,条件,1
1906,76,thuJ,除(类),1
1907,76,thuJ tʂi+,学徒；徒弟,1
1908,76,thuJ ʑɛiJ,徒刑,1
1909,76,thuJ ʑɛiJ tʂi+,判刑,1
1910,76,thui7,腿(字头),1
1911,76,thui7 gɔJ,退还,1
1912,76,thuÃJ,团(字头),1
1913,76,thuÃJ ZɛiJ,团员,1
1914,76,thuÃJ tʂi+,团结,1
1915,76,thuɯ7,透,1
1916,76,thuɯ7 lɔ7,渗透,1
1917,76,thuɯ7 thuɯ7 mu+ dzɔJ,吃个够(指肉类),1
1918,76,thuɯ7 thuɯ7 mu+ dʐɔJ,痛斥,1
1919,77,de+,①爬 ②生(锈) ③上(动) ④初,4
1920,77,dɛi+,①隔(阻隔) ②间(量),2
1921,77,dɛi+ biJ,分给,1
1922,77,dɛi+ dʐiJ,拦住,1
1923,77,dɛi+ khɛ+,隔房子,1
1924,77,dɛi+ khɛ+,隔开,1
1925,77,dɛi+ tʂhiJ,隔开,1
1926,77,dɛi+ tʰɔ+ lɿ+,隔离,1
1927,77,dɛiJ,①能；行 ②可以,2
1928,77,dɛiJ dɛiJ,行不行；行吗,1
1929,77,dɛiJ e7,可以；准许；许可,1
1930,77,dɛiJ mɔJ dɛiJ,行不行；行吗,1
1931,77,dɿ+,平(坝),1
1932,77,dɿ+ kʰɔ+,广场,1
1933,77,dɿ+ kʰɔ+ mɔ+,平坝,1
1934,77,dɿ+ muJ dɿ+ kʰɔ+,较广阔的平地,1
1935,77,dɿ+ muJ dɿ+ lɔJ kʰɔ+,平平坦坦,1
1936,77,dɿJ,①如此 ②原因,2
1937,77,dɿJ be+,如此说,1
1938,77,dɿJ duJ,认为,1
1939,77,dɿJ nɛ+,但是,1
1940,77,dɿJ thɛi+,意欲,1
1941,78,de+ de+ zeJ zeJ,奔波,1
1942,78,de+ gɯ+,梯子,1
1943,78,de+ gɯ+ mɛi+,梯田,1
1944,78,de+ lɿ+,上来,1
1945,78,de+ mu7 nɛi+,骑马(动词),1
1946,78,de+ mu7 nɛi+ gɔ+ mu7 ʐɛi+,骑着马找马,1
1947,78,de+ nɛi+,骑(马)；乘(车),1
1948,78,de+ thɿJ,初一,1
1949,78,de+ tʂi+,上去,1
1950,78,de+ tʂʰɿ+,初十,1
1951,78,dɛ+,男性生殖器,1
1952,78,dɛ+ dɔ+ nɛi+ mɔ+,睾丸,1
1953,78,dɛJ,①打 ②敲,2
1954,78,dɛJ dlɛ+,灌满,1
1955,78,dɛJ dɛJ nɿJ nɿJ,浩浩荡荡,1
1956,78,dɛJ lA7,打烂,1
1957,78,dɛJ lɛ+,圆,1
1958,78,dɛJ lɛ+ lɛ+,圆溜溜,1
1959,78,dɛJ lɛ+ mɔ+,圈子；圆形,1
1960,78,dɛJ lɛi+,拘留；禁闭；拘禁,1
1961,78,dɛJ mu+ pɛi+,跳乐(一种舞蹈),1
1962,78,dɛJ nɔ+ tʂhiJ,跌打药,1
1963,78,dɛJ pu7,打倒,1
1964,78,dɛJ pʰi7,打破,1
1965,78,dɛJ tɛ+,挨打,1
1966,78,dɛJ tɯ+,拍子,1
1967,78,dɛJ tɿ7,敲打,1
1968,78,dɛJ tʂhiJ xɔ+,堵塞,1
1969,79,dA+,①砍 ②抄(路) ③划,3
1970,79,dA+ thɿJ,砍断,1
1971,79,dA+ tɛ+,划着,1
1972,79,dA+ tʂhɛi+,锯断；切断,1
1973,79,dA+ tʂʰɿ+,砍下,1
1974,79,dAJ,附,1
1975,79,dAJ dʐiJ,附着,1
1976,79,dɔ+,刀(字头),1
1977,79,dɔ+ dɔ+,简单；随便,1
1978,79,dɔ+ dɔ+ ZɯJ,滥用,1
1979,79,dɔ+ dɔ+ be+,胡说胡诌；乱说；乱讲,1
1980,79,dɔ+ dɔ+ lɿJ,冒领,1
1981,79,dɔ+ dɔ+ mu+,乱来,1
1982,79,dɔ+ dɔ+ pʰɔ7,虚报,1
1983,79,dɔ+ dɔ+ tɯ7,冒认,1
1984,79,dɔ+ dɔ+ ʑɛiJ,胡思乱想,1
1985,79,dɔ+ dɛi+ ku+,胡搞,1
1986,79,dɔJ,①阵(量词) ②群 ③堵(墙的量词) ④缕,4
1987,79,dɛJ dlɯ+,①注入 ②攻克；攻进去 ③打(水),3
1988,79,dɛJ gheJ,战胜,1
1989,79,dɛJ gɯ+,进攻,1
1990,79,dɛJ kʰɔ+,斗殴；打架,1
1991,79,dɛJ lɔJ,灌满,1
1992,79,dɛJ tʂi+,扑灭；打死,1
1993,79,dɛJ tʂɛ+,晒场,1
1994,80,do+,东(字头),1
1995,80,do+ lɔ+ lɔ+,晃荡,1
1996,80,do7,水(童语),1
1997,80,doJ,①话 ②台阶 ③跌,3
1998,80,doJ be+,说话,1
1999,80,doJ be+ Sɔ+,学讲话,1
2000,80,doJ be+ khɯJ,腔调,1
2001,80,doJ be+ nɿ7 dʐɿ+,俗话,1
2002,80,doJ be+ ʐɯJ tʂi7 tʰɔ7,有言在先,1
2003,80,doJ dɔ+,发誓,1
2004,80,doJ dɔJ mɔ+ be+,词不达意,1
2005,80,doJ mɔJ ŋɔ7,沉默寡言,1
2006,80,doJ nɔ+,听话；忠实；老实,1
2007,80,doJ nɔ7,①话多；多嘴 ②罗嗦,2
2008,80,doJ pu7,摔倒；跌倒,1
2009,80,doJ pu7 tʂi+ tʰɔ+ mɔ+,不倒翁,1
2010,80,doJ pʰi7,摔坏,1
2011,80,doJ pʰuJ mɔJ bɔ+ mɔ+,废话,1
2012,80,doJ tɯ+,直言不讳；直说,1
2013,80,dɔJ,接(水),1
2014,80,dɔJ kʰɔ+ mɔ+,大路；公路,1
2015,80,dɔJ lɔJ tʂi+ tʂi+,洪水滔天(古语),1
2016,80,dɔJ mɔ+,棍子,1
2017,81,do+,①出 ②冒 ③生(疮),3
2018,81,do+ do+ lɿ+,来吗,1
2019,81,do+ lɿ+,来,1
2020,81,do+ lɿ+ dlɛ+,迟到,1
2021,81,do+ lɿ+ tʂɛ+,快来,1
2022,81,do+ lɿ+ ʐɔ+,来源；来历,1
2023,81,do+ mɛi+,产地,1
2024,81,do+ nɔ7,超声,1
2025,81,do+ tʂhi+,能够,1
2026,81,doJ,浓,1
2027,81,doJ dlA+,泄气话,1
2028,81,doJ dɛi+,通话,1
2029,81,doJ ghɔJ,回话,1
2030,81,doJ gɔJ,听到,1
2031,81,doJ gɯJ,语言,1
2032,81,doJ kʰɔ+,传话,1
2033,81,doJ lA7,跌坏,1
2034,81,doJ mɔ+,草乌(药名),1
2035,81,doJ tʂA+,跌伤,1
2036,81,doJ tʂhAJ mɔ+,假话；谎言,1
2037,81,doJ tʂhiJ doJ gɛi+,①发牢骚 ②怨言,2
2038,81,doJ tʂhiJ doJ ʐ?ɿ+,风言风语；冷言冷语,1
2039,81,doJ ʐɔ+,发言,1
2040,81,doJ ʐɛJ,寡言,1
2041,81,doJ ʑɛiJ mɔ+ be+,夸口；吹牛,1
2042,81,dɿJ,①匹 ②螫 ③碰,3
2043,81,dɿJ pu+,宜良(县名),1
2044,81,dɿJ pʰu+ mɔ+,荨麻,1
2045,81,dɿJ tɛ+,①蜇着,1
2046,82,du+,①件 ②迹 ③样(量词) ④处,4
2047,82,du+ Sɛi+,摹仿；仿制,1
2048,82,du+ mɛ7,后边；今后；以后,1
2049,82,du+ mɛ7 thɿJ nɿ7 lɔ+,下午,1
2050,82,du+ mɛ7 thɿJ pɿ7,后代；下一代,1
2051,82,du+ mɛ7 tʂiJ,以后的事情,1
2052,82,du+ mɛi+,跟随；跟着,1
2053,82,du7,①蘸 ②没(淹没) ③葬,3
2054,82,du7 bɿ+,坟墓,1
2055,82,dɛi+,扮,1
2056,82,dɛi+ ʑɛi+ mu+,打扮,1
2057,82,dɛiJ,①结(果) ②戴(自动) ③穿(自动) ④燃(自动),4
2058,82,dɛiJ fu7,烧焦,1
2059,82,dɛiJ xɔ+,烧毁,1
2060,82,dɿJ hɯJ mɔ+,草果(香料),1
2061,82,dɿJ tʂi+,确实；果然,1
2062,83,du+,起(专指起雾),1
2063,83,du+ dʐiJ,遮住(雾),1
2064,83,du+ dʐɿ+,原故,1
2065,83,du+ gɛi+,掉队；落后,1
2066,83,du+ tɛ+,碰着,1
2067,83,du+ tɛ+ tʂʰɔ+ mɔJ ʐɔ+,一触即发,1
2068,83,duJ,①处 ②部(位) ③想 ④秃,4
2069,83,duJ,挖,1
2070,83,duJ,凝结,1
2071,83,duJ du+ gɔ7,斑鸠,1
2072,83,duJ du+ mɔ+,鸽子(泛指),1
2073,83,duJ du+ nɿJ,鸽子(专指家鸽),1
2074,83,duJ du+ pɛi+,酒变了味,1
2075,83,duJ du+ pʰɔ+,灰布,1
2076,83,duJ gɔJ,挂念,1
2077,83,duJ gɔJ mu+,回忆,1
2078,83,duJ gɔJ tʂhA+ mu+,想一想,1
2079,83,duJ lɔ7,想法,1
2080,83,duJ lɛi+,好挖(指地好挖),1
2081,83,duJ mɔ+,酒粬；酒药,1
2082,83,duJ mɛi+,人间,1
2083,83,duJ nɿJ,想念,1
2084,83,duJ pe+,凝结,1
2085,83,duJ pɛi+,懊悔；忏悔,1
2086,83,duJ pɛi+ ʑɛiJ,寻思,1
2087,83,duJ tʂi+,埋藏,1
2088,83,duJ ʐɔ7,难挖,1
2089,83,duɯ+,灯(字头),1
2090,83,duɯ+ dʐiJ,耽搁,1
2091,83,duɯ+ tɛ+,耽误,1
2092,84,ni7,嘴,1
2093,84,ni7 Vɯ7 ni7 ʐɔ7,挑拨离间,1
2094,84,ni7 be+ ni7 be+ Sɔ+,自言自语,1
2095,84,ni7 bu+,经,1
2096,84,ni7 bu+ mu+,念经,1
2097,84,ni7 bu+ mu+ tu+ Si7,经书,1
2098,84,ni7 bu+ ne+ bu+,绷着脸,1
2099,84,ni7 bu+ nɛ+ bu+,气冲冲的；很不高兴,1
2100,84,ni7 bu+ ʐɔ+,念经,1
2101,84,ni7 bu+ ʐɔ+ tʂho+,祭师,1
2102,84,ni7 bɔJ pu7,腮,1
2103,84,ni7 bɛ+,胡子,1
2104,84,ni7 bɿJ ne+ bɿJ,哭丧着脸,1
2105,84,ni7 fu7,涩口,1
2106,84,ni7 fu7 fu7,很涩口,1
2107,84,ni7 fu7 ni7 tʂA+,太涩口,1
2108,84,ni7 fɛ+ do+ khɔ+,口干舌燥,1
2109,84,ni7 mAJ,萎缩的苗,1
2110,84,ni7 mAJ gɔJ lɛi+,精神不振,1
2111,84,ni7 pA+,翘嘴,1
2112,84,ni7 pu7,①嘴笨(不善言谈) ②吃饭吃得慢,2
2113,84,ni7 pɛi+,下颚；下巴,1
2114,84,ni7 pʰe+,飘,1
2115,84,ni7 pʰe+,辣椒,1
2116,84,ni7 pʰe+ ne+ pʰe+,厚颜无耻,1
2117,84,ni7 pʰu+,唇,1
2118,84,ni7 pʰu+ kʰɿ7 lɛi+ mɔ+,米花糖,1
2119,85,ni7 be+,嘴角,1
2120,85,ni7 du+ ne+ du+,须发苍苍,1
2121,85,ni7 duJ,秃；钝,1
2122,85,ni7 dzu+,忌口(不食某些食物),1
2123,85,ni7 dɛiJ ne+ muJ ŋɔ7,形容不严肃，不礼貌,1
2124,85,ni7 ghAJ,兔唇(缺嘴),1
2125,85,ni7 ghe+,能讲；能说,1
2126,85,ni7 ghu+ dɛiJ tʂhiJ,①堵住嘴 ②有口难言,2
2127,85,ni7 gɔJ doJ gɔ+ be+,空口无凭,1
2128,85,ni7 gɔJ ʐɯJ,下颚；尖端,1
2129,85,ni7 gɛJ,嘴角上的疮,1
2130,85,ni7 l?ɯJ,钝,1
2131,85,ni7 ne+,面容,1
2132,85,ni7 nɛ+,口；嘴巴,1
2133,85,ni7 nɛ+ do7,漱口,1
2134,85,ni7 nɛ+ hɿ7,夸口,1
2135,85,ni7 nɛ+ lɿ+ be+,空谈(只说不做),1
2136,85,ni7 nɛ+ nɔ7 nɔ7 Sɔ+ be+,好好地说,1
2137,85,ni7 nɛ+ tʂeJ,喷嘴,1
2138,85,ni7 nɛ+ tʂhi+,嘴甜(说话中听),1
2139,85,ni7 the+,刀口锋利,1
2140,85,ni7 tʂhA7,插嘴,1
2141,85,ni7 tʂhɯ+,胡子,1
2142,85,ni7 tʂhɯ+ tu+,①刮胡子 ②换趟,2
2143,85,ni7 tʂhɯ+ tʂi+ tu+,镊子,1
2144,85,ni7 tʂi+,口水；唾沫,1
2145,85,ni7 tʂi+ mɔ+ ZɿJ,狰狞面目,1
2146,85,ni7 tʂi+ mɔ+ ZɿJ ZɿJ,张牙舞爪,1
2147,85,ni7 tʂi7,歪嘴,1
2148,85,ni7 tʂi7 ne+ tʂi7,歪嘴斜眼(形容相貌丑),1
2149,85,ni7 tʂɔ+,食道,1
2150,85,ni7 tʂɯ+,整齐,1
2151,85,ni7 tʂʰɿ+,尖,1
2152,85,ni7 tʂʰɿ+ tʂʰɿ+,尖溜溜,1
2153,85,ni7 ʑuA7 ne+ ʑuA7,花脸,1
2154,86,ni7,①捆，绑；拴 ②短,2
2155,86,ni7 bɔJ hɛ+,土掌房,1
2156,86,ni7 bɿ+,土堆,1
2157,86,ni7 du+ ne+ du+,雾茫茫,1
2158,86,ni7 hAJ,张嘴,1
2159,86,ni7 hAJ ne+ hAJ,爱说爱讲,1
2160,86,ni7 lɔ+,中午,1
2161,86,ni7 lɔ+ Vɛi+ ŋɛi+,下午；午后,1
2162,86,ni7 lɔ+ tʂɔ+,午饭,1
2163,86,ni7 lɔJ,土坯；土基,1
2164,86,ni7 lɔJ Sɔ+,打土坯,1
2165,86,ni7 lɔJ Sɔ+ gh?ɛi+,土坯模子,1
2166,86,ni7 lɔJ Sɔ+ tu+,土坯模子,1
2167,86,ni7 lɔJ Xɛi+,打土坯,1
2168,86,ni7 mu+,尘土,1
2169,86,ni7 mɛJ dɔJ tʂi+,①萎靡不振 ②枯萎,2
2170,86,ni7 nA+,土；泥土,1
2171,86,ni7 nA+ Si7 pe+,土碗(陶碗),1
2172,86,ni7 nA+ du+ mɔ+,白泥土,1
2173,86,ni7 nA+ duJ,挖土,1
2174,86,ni7 nA+ dʐiJ mɔ+,生地(未耕作过的),1
2175,86,ni7 nA+ ghɛ+,土块；土垡子,1
2176,86,ni7 nA+ leJ khu7,泥水匠,1
2177,86,ni7 nA+ ne+ pu7,土洞,1
2178,86,ni7 nA+ nɛi+ pʰɿJ mɔ+,红土,1
2179,86,ni7 nA+ pʰAJ,扒土,1
2180,86,ni7 nA+ tʂi7 SiJ,原煤,1
2181,86,ni7 nA+ tʂi7 gɯ+ mɔ+,胶泥,1
2182,86,ni7 ne+ Sɛi+,水冬瓜树,1
2183,86,ni7 ne+ dzɔ+,似乎,1
2184,86,ni7 thu7 zɔJ,简短,1
2185,86,ni7 tʰɔ+ lɿ+,捆起来,1
2186,87,ni+,天；日,1
2187,87,ni+ Sɯ+,昼夜；日夜,1
2188,87,ni+ heJ,年代；光景；日子；时间,1
2189,87,ni+ heJ kʰɔ+ xɔ+,过期,1
2190,87,ni+ heJ ne+ tʰɔ7,选择日期,1
2191,87,ni+ heJ tʂAJ,延期；缓期,1
2192,87,ni+ heJ tʂi7 tʰɔ7,定好日期,1
2193,87,ni+ heJ xɔ+,度日,1
2194,87,ni+ heJ ʑɛi+,①混日子 ②时间长,2
2195,87,ni+ ni+ Sɯ+ Sɯ+,①每天；天天 ②日日夜夜,2
2196,87,ni7 ghɛ+,泥块,1
2197,87,ni7 hoJ,泥巴,1
2198,87,ni7 hoJ dAJ,粘了泥,1
2199,87,ni7 hoJ ni7 pɿ+,泥泞,1
2200,87,ni7 hoJ pɿ+,烂泥塘,1
2201,87,ni7 hɯ+,赛,1
2202,87,ni7 l?ɿJ gɔJ,向后退,1
2203,87,ni7 l?ɿJ thui7,退步,1
2204,87,ni7 lɔ+ ʐɔ+ nɔ7,午休,1
2205,87,ni7 lɔ+ ʐɯJ tʂi7,午前,1
2206,87,ni7 tʂi+,扎紧,1
2207,87,ni7 tʂi+,勒死,1
2208,87,ni7 tʂɛi+ dɿ+,泥滩,1
2209,87,ni7 tʂɿ7,裂(缝),1
2210,87,ni7 tʂɿ7 tʂʰɔ+,①开裂 ②裂缝,2
2211,87,ni7 ʐɯ+,雾,1
2212,87,ni7 ʐɯJ,面前,1
2213,87,ni7 ʐɯJ khu7,磕头；叩头,1
2214,88,ni+,①坐 ②住 ③骑(马) ④乘(车),4
2215,88,ni+,①心,1
2216,88,ni+ du+,位子,1
2217,88,ni+ ghe+ ni+,凶日(不吉利的日子),1
2218,88,ni+ mu7,骑马(名),1
2219,88,ni+ tʂʰɿ+,坐下,1
2220,88,ni+ ʐɔ+,座位,1
2221,88,niJ,二；两,1
2222,88,niJ ViJ tʂhi+,连襟,1
2223,88,niJ dɔJ,两面,1
2224,88,niJ hA7 dɔ+,犹豫不决,1
2225,88,niJ lɔJ,二两,1
2226,88,niJ mɔ+,母子俩,1
2227,88,niJ mɔ+,两个,1
2228,88,niJ mɛJ fɯ+,夫妻俩,1
2229,88,niJ o+,两样,1
2230,88,niJ o7 niJ mɛi7,两边；两端,1
2231,88,niJ pu+ tʂhiJ pu+,二分之一,1
2232,88,niJ pʰi7,双方,1
2233,88,niJ pʰi7 niJ dlɔ+,两侧,1
2234,88,niJ pʰi7 niJ nɔ7,两端,1
2235,88,niJ pʰɔJ,父子俩,1
2236,88,niJ thɿJ pʰɛi+,遍地,1
2237,88,niJ thɿJ pʰɛi+ ZɯJ dɛiJ dɛiJ,通用,1
2238,88,niJ tʂɛi+,二十,1
2239,88,niJ tʂɛi+ khu7,二十九,1
2240,88,niJ tʂɛi+ thɿJ,二十一,1
2241,88,niJ tʂʰɔ+,两股,1
2242,89,ni+ mɔ+,心；心肠,1
2243,89,ni+ mɔ+ SA7,知心,1
2244,89,ni+ mɔ+ Xɔ+ duJ duJ,迷迷糊糊,1
2245,89,ni+ mɔ+ dlAJ dɔ+,灰心,1
2246,89,ni+ mɔ+ dlɯ+,关心,1
2247,89,ni+ mɔ+ duJ,欲望,1
2248,89,ni+ mɔ+ duJ ʑɛiJ,雄心壮志,1
2249,89,ni+ mɔ+ dʐɔJ,诚实,1
2250,89,ni+ mɔ+ khu+,心里；心情,1
2251,89,ni+ mɔ+ khu+ Su7 tʂʰɔ+,心中有数,1
2252,89,ni+ mɔ+ khu+ doJ be+,说心里话；②核,1
2253,89,ni+ mɔ+ kʰɔ+ duJ,放心,1
2254,89,ni+ mɔ+ kʰɔ+ dɛiJ,忍心,1
2255,89,ni+ mɔ+ lɿJ ZɿJ pɿ+ mɔJ ni+,提心吊胆；魂不附体,1
2256,89,ni+ mɔ+ mɔJ dʐɔJ,不诚实,1
2257,89,ni+ mɔ+ niJ hɯJ dlɔ+,犹豫,1
2258,89,ni+ mɔ+ nɔ+,伤心；痛心,1
2259,89,ni+ mɔ+ nɔ7,心慈,1
2260,89,ni+ mɔ+ nɛ+,诚恳；忠厚,1
2261,89,ni+ mɔ+ nɛ+ tʂAJ,好办,1
2262,89,ni+ mɔ+ nɛi+ nɛi+,顺从,1
2263,89,ni+ mɔ+ nɛi+ tʂi+,惊心动魄,1
2264,89,ni+ mɔ+ pe7,变心,1
2265,89,ni+ mɔ+ pɛi+,灰心；懊悔,1
2266,89,ni+ mɔ+ tʂAJ,善良,1
2267,89,ni+ mɔ+ tʂi7,考验,1
2268,89,ni+ mɔ+ tʂʰo+,诚意,1
2269,89,ni+ mɔ+ tʂʰɛ+ mɔ+ tʰɔ7,莫不关心,1
2270,89,ni+ mɛi+,遗忘；忘记,1
2271,89,ni+ mɛi+ dɿJ,健忘,1
2272,90,ni+ Se+,刻薄；毒辣；恶劣；恶毒；凶恶；心狠,1
2273,90,ni+ Se+ Se+ mu+,恶狠狠地,1
2274,90,ni+ Se+ nɛi+ tʂi+,心狠手毒,1
2275,90,ni+ Si7,称心,1
2276,90,ni+ Zɛi+,生气；气愤；冒火；愤怒；恼火；发怒；忿；愤懑,1
2277,90,ni+ Zɛi+,①讥笑 ②讽刺,2
2278,90,ni+ Zɛi+ doJ,讽刺别人的语言,1
2279,90,ni+ Zɛi+ nɛi+ pɛi+,怒气冲冲,1
2280,90,ni+ ZɛiJ,胆大；勇敢,1
2281,90,ni+ ZɛiJ nɛi+ lɛi+,麻痹大意,1
2282,90,ni+ be+,悉心,1
2283,90,ni+ duJ,①想 ②将要,2
2284,90,ni+ duJ lɔ+ Si7,意料之中,1
2285,90,ni+ duJ niJ mɔJ pe+,力不从心,1
2286,90,ni+ duJ nɛi+ mɔJ Si7,事与愿违,1
2287,90,ni+ dɛi7,贪心,1
2288,90,ni+ dɿ7,嫉妒,1
2289,90,ni+ gɔJ,珍惜；疼爱,1
2290,90,ni+ khuA7,惦念,1
2291,90,ni+ lɔJ,满意,1
2292,90,ni+ mɔ+ XɔJ,如意,1
2293,90,ni+ mɔ+ ghe+ gɔ7,硬心肠,1
2294,90,ni+ mɔ+ lɿ+ tʰɔ+ mɔJ tʂʰɔ+ lɔ7,心不在焉,1
2295,90,ni+ mɔ+ tʂi+,不甘心,1
2296,90,ni+ nA+ dɔ+,闹情绪,1
2297,90,ni+ nɔ+,成见,1
2298,90,ni+ nɛ7,胆小,1
2299,90,ni+ nɯ+,情人(指女方)；情妇,1
2300,90,ni+ nɯ+ mɔ+,妇女,1
2301,90,ni+ tu+ gɔ7,胸膛,1
2302,90,ni+ tɛ+,喜爱,1
2303,90,ni+ tʂi+,甘心,1
2304,90,ni+ tʰɔ+,腻,1
2305,90,ni+ ʐɔ7,难过；悲哀；悲痛；伤心,1
2306,91,ni+ XɔJ,称心如意,1
2307,91,ni+ ZɿJ,鲜红,1
2308,91,ni+ ZɿJ ZɿJ,红彤彤,1
2309,91,ni+ buJ,红色,1
2310,91,ni+ buJ buJ,紫红,1
2311,91,ni+ buJ mɔ+,朱红,1
2312,91,ni+ buJ ni+ lɔJ tʂɛ+,赤裸裸,1
2313,91,ni+ buJ ni+ thɿ7,光溜溜,1
2314,91,ni+ buJ ni+ thɿ7 thɿ7,光溜溜的,1
2315,91,ni+ buJ ni+ ʐɔ+,红红绿绿,1
2316,91,ni+ dlɛJ,红色,1
2317,91,ni+ dlɛJ dlɛJ,大红,1
2318,91,ni+ ghe+,硬心肠,1
2319,91,ni+ ghɔJ ni+ Se+,残酷无情,1
2320,91,ni+ gɯJ,紫红,1
2321,91,ni+ gɯJ gɯJ,红艳艳,1
2322,91,ni+ ho+,怄气,1
2323,91,ni+ hoJ,浑浊；浑水；污水,1
2324,91,ni+ ŋɯ7,爱慕；仰慕；羡慕,1
2325,91,ni+ ʐA+,恶心,1
2326,91,ni+ ʐɔ+,翠绿色,1
2327,91,ni+ ʐɔ+ ni+ pɿ7,绿油油,1
2328,91,ni+ ʐɔ+ ʐɔ+,绿茵茵,1
2329,91,ni+ ʐɔJ,心坎,1
2330,91,niJ,饿,1
2331,91,niJ pe+ dʐe+ pe+,饥寒交迫,1
2332,91,niJ pu7,十分饥饿,1
2333,91,niJ tɛ+,受饥；挨饿,1
2334,91,niJ tʂA+,饿伤,1
2335,91,niJ tʂi+,饿死,1
2336,91,nɿ7,神,1
2337,91,nɿ7 Vɛi+,鬼神；魔鬼；妖魔,1
2338,92,ne+,①眼睛 ②看,2
2339,92,ne7,①深 ②稠密,2
2340,92,ne7 Xɯ+,早上；清晨,1
2341,92,ne7 heJ,明年,1
2342,92,ne7 heJ ne7 nɛi+ ghɔJ,后年,1
2343,92,ne7 ne7 duJ,深挖,1
2344,92,nɛiJ,逆(字头),1
2345,92,nɛiJ XuAJ,怀疑,1
2346,92,nɛiJ lɿJ tʂiJ tʂhɯJ tʂiJ tʂiJ beJ,宁蒗彝族自治县,1
2347,92,nɛiJ phɛiJ A+,尼泊尔,1
2348,92,nɛiJ ʐɔJ,呢绒,1
2349,92,nɿ+,你,1
2350,92,nɿ+ ŋɔ+,你我俩,1
2351,92,nɿ+ ʐɔ+,你的,1
2352,92,nɿ7 SeJ,吝啬,1
2353,92,nɿ7 Vɛi+ ku+,念经；驱妖,1
2354,92,nɿ7 dɔ+,快点念(报纸),1
2355,92,nɿ7 thɔJ,纪念品,1
2356,92,nɿ7 thɔJ mu+,留念,1
2357,92,nɿJ,撒尼(撒尼人的自称),1
2358,92,nɿJ,①泡(专指核桃) ②旺(专指火),2
2359,92,nɿJ dzɔJ,石碾子,1
2360,92,nɿJ dzɔJ hɛ+,碾房,1
2361,93,beJ ne+ tʂi+,去看摔跤,1
2362,93,ne+ bu+ tʂhi+,眉毛,1
2363,93,ne+ bu+ tʂʰo7,皱眉头,1
2364,93,ne+ bɔ+,显眼,1
2365,93,ne+ dAJ xɔ+,失望,1
2366,93,ne+ du+,翳子(生在眼中的白点),1
2367,93,ne+ du+ pɛi+,翻,1
2368,93,ne+ duJ muJ gɔ+ tʂA+,迫不得已,1
2369,93,ne+ duJ ne+ l?ɿJ,眼窝下陷,1
2370,93,ne+ dɔJ,睁眼,1
2371,93,ne+ dɔJ dɔJ,目不转睛,1
2372,93,ne+ dɛi+,看破,1
2373,93,ne+ dɛiJ,眼屎,1
2374,93,ne+ dɛiJ nɔ7 khɔJ,惊慌,1
2375,93,ne+ fAJ,看法,1
2376,93,ne+ mAJ,干眼屎,1
2377,93,ne+ muJ dʐɿ7,眯着眼,1
2378,93,ne+ muJ ne+ muJ tʂhi+,眨眼,1
2379,93,ne+ muJ tʂhi+,①盲目 ②闭眼,2
2380,93,ne+ mɔJ dlɔ+,不在话下,1
2381,93,ne+ mɛ+,眼角,1
2382,93,ne+ mɛ+ tʂi7,①斜视 ②瞪眼,2
2383,93,ne+ nAJ ne+ tʂi+,垂头丧气,1
2384,93,ne+ nɛi+ ʐɔ7,难看,1
2385,93,ne+ pʰi7 tʂi7,偏见,1
2386,93,ne+ pʰu+,睁眼,1
2387,93,ne+ pʰu+ pʰu+,眼睁睁地,1
2388,93,ne+ pʰɛ+ ne+ ZɿJ,厚脸皮,1
2389,93,ne+ the+,眼明；目锐,1
2390,93,ne+ tu+,瞄准,1
2391,93,ne+ tuɯ7 mɔ+,近视眼,1
2392,93,ne+ tɛ+,喜爱；看中,1
2393,93,ne+ tʂi7 mɔ+,独眼龙,1
2394,93,ne+ tʂɿ7,干瞪眼,1
2395,93,ne+ tʂɿ7 tʂɿ7 mu+,目瞪口呆；惊讶,1
2396,94,ne+ SiJ,眼睛,1
2397,94,ne+ SiJ buJ dʐɛiJ tʂi+,眼花缭乱,1
2398,94,ne+ SiJ kʰɔ+ mɔ+ ne+,瞳孔,1
2399,94,ne+ SiJ kʰɔ+ nɛi+ mɔ+,眼珠,1
2400,94,ne+ SiJ nɔ+ tʂhiJ,眼药,1
2401,94,ne+ SiJ the+ tʂʰɿ+,嫉妒,1
2402,94,ne+ Sɔ+,精彩,1
2403,94,ne+ dlɔ+,顺眼,1
2404,94,ne+ dʐi+,刺眼,1
2405,94,ne+ dʐiJ,监视,1
2406,94,ne+ dʐɔ+ tʂi7,笔管草(一种野生植物),1
2407,94,ne+ khu+,眼角,1
2408,94,ne+ khu+ ZɛiJ,瞪眼,1
2409,94,ne+ kʰɔ+ bɔJ gɯ+,眯眼睛,1
2410,94,ne+ kʰɔ+ tʂɔ+ mɔJ tʂʰɿ+,轻视；蔑视；歧视,1
2411,94,ne+ kʰɔ+ tʂɔ+ tʂhiJ,看得起,1
2412,94,ne+ lɔ7,期望,1
2413,94,ne+ lɛ+ bɯ+,麦粒肿；偷针眼(眼皮上生小泡),1
2414,94,ne+ tɖe7,戳眼,1
2415,94,ne+ tʂA+,瞎眼,1
2416,94,ne+ tʂA+ mɔ+,瞎子,1
2417,94,ne+ tʂAJ,好看,1
2418,94,ne+ tʂhi+,眼睫毛,1
2419,94,ne+ tʂi+,看守,1
2420,94,ne+ tʂi+,眼泪,1
2421,94,ne+ tʂi+ SiJ tʂi+ lɔJ,含泪,1
2422,94,ne+ tʂi+ dɔ+,流泪,1
2423,94,ne+ tʂi+ ne+ nAJ,无精打采,1
2424,94,ne+ tʂi+ ne+ pA+ tʂʰɿ+,泪水涔涔,1
2425,94,ne+ tʂʰɔ+,视力；目光,1
2426,94,ne+ tʂʰɔ7,眼镜,1
2427,94,ne+ tʂʰɔ· nɛi7,目光短浅,1
2428,94,ne+ ŋɛi+,晕；晕车,1
2429,94,ne+ ŋɛi+ ne+ dɔJ,头昏目眩,1
2430,94,ne7 khɔJ,魔术,1
2431,94,ne7 khɔJ gɔ+,耍魔术,1
2432,95,ne+ Si+,黑彝(彝族的一个支系),1
2433,95,ne+ Xɔ7,眼馋,1
2434,95,ne+ bɛ+,灰黑色,1
2435,95,ne+ duJ,深黑色,1
2436,95,ne+ ghɔJ du7,①天黑 ②黑暗,2
2437,95,ne+ ghɔJ ne+ du7,漆黑,1
2438,95,ne+ gɔ+ mɔJ tʂɔ7,不在话下,1
2439,95,ne+ gɯJ,网兜,1
2440,95,ne+ gɿ+,①假面具 ②眼镜 ③镜子,3
2441,95,ne+ gɿ7,眼皮,1
2442,95,ne+ hɯJ hɯJ,黑黝黝,1
2443,95,ne+ kʰɔ+,黑色,1
2444,95,ne+ lɔJ lɔJ,黑黝黝,1
2445,95,ne+ muJ ne+ thɿ+,乌黑,1
2446,95,ne+ muJ thɿ+,黑黑的,1
2447,95,ne+ pu+ ne+ l?ɯJ,又黑又大,1
2448,95,ne+ pu7,洞,1
2449,95,ne+ pɛi+,青色,1
2450,95,ne+ tʂhiJ,褐色,1
2451,95,ne+ ŋɔ+,发现；发觉；看见,1
2452,95,ne+ ŋɔ+ dzɔ+,司空见惯,1
2453,95,ne+ ŋɔ+ leJ mɔJ mɛi+,可望而不可及,1
2454,95,ne+ ŋɔ+ lɔJ lɔJ Si7,记忆犹新；历历在目,1
2455,95,ne+ ŋɔ+ nɔ7,见过,1
2456,95,ne+ ʐAJ,熬眼,1
2457,95,ne+ ʐɯJ duJ,眼前,1
2458,95,neJ,早,1
2459,95,neJ mu+ khɿJ tʂiJ kʰɿ7,古时候,1
2460,95,neJ mu+ neJ tʂi+,大清早,1
2461,96,mɛi+ nɛJ,很近,1
2462,96,neJ dlɛi+,迟早；早晚,1
2463,96,neJ dlɛi+ thɿJ nɛi+,有朝一日,1
2464,96,neJ e7 neJ,很早,1
2465,96,neJ hɯ+,黄昏,1
2466,96,neJ lɔ+ tʂʰ?ɯ7,趁早,1
2467,96,neJ neJ,①早日 ②早早,2
2468,96,nɛ+,①和；与 ②也 ③但是,3
2469,96,nɛ+,春,1
2470,96,nɛ+,①好吃 ②低洼 ③矮,3
2471,96,nɛ+ dɛJ,立春(节令),1
2472,96,nɛ+ dɛJ nɛ+ tʂi+ tʂɔ7,春来草发芽,1
2473,96,nɛ+ dɛi+,春风,1
2474,96,nɛ+ dɛi+ mu+ l?ɯ+ l?ɯ+,刮春风了,1
2475,96,nɛ+ muJ duJ,春雷,1
2476,96,nɛ+ muJ hɔ+,春雨,1
2477,96,nɛ+ nɛi+ ʑɛi+,昼长,1
2478,96,nɛ+ thɔJ,春天,1
2479,96,nɛ+ tʂi+ hɔ+ nɛi+,雨水(节令),1
2480,96,nɛ+ ŋe+ qɿ7 pɯ+ mɔ+,杜鹃报春来(文学语),1
2481,96,nɛ7,①遗失 ②落,2
2482,96,nɛ7 xɔ+,遗失；丢失；失掉,1
2483,96,nɛJ,近,1
2484,97,nA+,①湿 ②烂(稀),2
2485,97,nA+ bɿJ nA+ ʐɔ7,稀烂,1
2486,97,nA7,烧,1
2487,97,nA7 XuA7 xɔ+,烧化,1
2488,97,nA7 Zɛi+,烧脆,1
2489,97,nA7 dɿJ,燃烧,1
2490,97,nA7 tʂÃ+,烧伤,1
2491,97,nA7 xɔ+,烧毁,1
2492,97,nAJ,缝,1
2493,97,nAJ pu+,缝补,1
2494,97,nAJ tɖi+ tɖi+,湿淋淋,1
2495,97,nAJ tʂe7 ZɛiJ tʂhɯJ tʂiJ tʂiJ beJ,南涧彝族自治县,1
2496,97,nAJ tʂi+,南京(市),1
2497,97,nɔ7,箭,1
2498,97,nɔ7,①耳 ②怎(停止) ③多 ④呼唤 ⑤诱饵,5
2499,97,nɔ7 Si+,祖宗灵牌,1
2500,97,nɔ7 Si+ tʂɔ+ ʑɛi+,祭祖,1
2501,97,nɔ7 bA+,射箭,1
2502,97,nɔ7 dɔ+,箭头,1
2503,97,nɔ7 mɔ+ pu+,弓,1
2504,97,nɔ7 tʂhi+,弓箭,1
2505,97,nɛ+ mɛi+ nɛ+ tɯ+,甜蜜的地方(文学语),1
2506,98,nɔ+,①病 ②痛；疼,2
2507,98,nɔ+ Si+,瘟疫,1
2508,98,nɔ+ SiJ,淋巴腺炎,1
2509,98,nɔ+ bɛ+,病根,1
2510,98,nɔ+ bɿJ,霍乱；鼠疫；瘟疫,1
2511,98,nɔ+ l?iJ,病重,1
2512,98,nɔ+ ne+,看病；诊断,1
2513,98,nɔ+ pu7,病卧不起,1
2514,98,nɔ+ thɔJ,病时,1
2515,98,nɔ+ tɛ7,患病,1
2516,98,nɔ+ tʂhiJ,药；药品,1
2517,98,nɔ+ tʂhiJ Sɛi+,搽药,1
2518,98,nɔ+ tʂhiJ mu+,药粉,1
2519,98,nɔ+ tʂhiJ p?he7,熬药,1
2520,98,nɔ+ tʂhiJ pʰuJ,药费；医疗费,1
2521,98,nɔ+ tʂhiJ pʰɿ7,配药,1
2522,98,nɔ+ tʂhiJ tʂi7,服药,1
2523,98,nɔ+ tʂhiJ tʂɔ+,煎药,1
2524,98,nɔ+ tʂhiJ ʑɛi+,敷药,1
2525,98,nɔ+ tʂi+,病故；病死,1
2526,98,nɔ+ tʂiJ mɔ+,急病,1
2527,98,nɔ7 bɔJ,聋,1
2528,98,nɔ7 bɔJ Sɔ+ leJ leJ,静悄悄,1
2529,98,nɔ7 dɛiJ,耳屎,1
2530,98,nɔ7 dɛiJ gA7 tu+,挖耳(掏耳屎的工具),1
2531,98,nɔ7 kʰɔ+,增加；添,1
2532,98,nɔ7 mɔ+,栗子,1
2533,98,nɔ7 mɛi+,①刺耳 ②泼辣,2
2534,98,nɔ7 nɔ7,顶多,1
2535,98,nɔ7 nɔ7 ZɛiJ,更大,1
2536,98,nɔ7 nɔ7 tʂAJ,更好,1
2537,98,nɔ7 nɔ7 ʐɔJ ʐɔJ,多多少少,1
2538,98,nɔ7 nɛi+ mɔ+,细米,1
2539,98,nɔ7 pɔ+,耳朵,1
2540,98,nɔ7 pɔ+ Xɔ7 tʂhi+,掩耳,1
2541,98,nɔ7 pɔ+ ne+,耳眼；耳孔,1
2542,98,nɔ7 pɔ+ ne+ SiJ mu+,以耳代目,1
2543,98,nɔ7 pɔ+ ŋɛi+,耳鸣,1
2544,98,nɔ7 tu+,诱饵,1
2545,98,nɔ7 tʂhi+,耳朵根,1
2546,98,nɔ7 tʂi+,耳坠,1
2547,98,nɔ7 tʂi+ mɔ+,耳环,1
2548,98,nɔ7 ʐɔJ,多少,1
2549,98,nɔ7 ʐɯ+ tʂɔ+,兔丝子(长在刺棵上的一种寄生植物),1
2550,98,nɔ7 ʐɯJ bɿ7,学古理(古语),1
2551,99,nɔ+ Zɛi+,伤风；感冒,1
2552,99,nɔ+ ho+,疗养,1
2553,99,nɔ+ ho+ hɛ+,疗养院,1
2554,99,nɔ+ khɔ+,病期,1
2555,99,nɔ+ khɔ+ dzɔJ,带病,1
2556,99,nɔ+ khɔJ,痊愈,1
2557,99,nɔ+ ku+,治病；治疗,1
2558,99,nɔ+ ku+ hɛ+,医院,1
2559,99,nɔ+ ku+ tʂho+,医生；医务人员,1
2560,99,nɔ+ ku+ ʐɔ+,医务室,1
2561,99,nɔ+ ku+ ʑɛi+ tʂi+,医师,1
2562,99,nɔ+ kʰɔ+,病,1
2563,99,nɔ+ kʰɔ+ tʂʰɔ+,害病,1
2564,99,nɔ+ tʂʰɛi+,虐疾(发摆子),1
2565,99,nɔ+ ʐɔ+,①呻吟 ②叫苦连天,2
2566,99,nɔ+ ʐɔJ,症状,1
2567,99,nɔ+ ʐɯJ,病程潜伏期,1
2568,99,nɔ+ ʐɯJ ghe+,忍病；坚持,1
2569,100,nɔ+,①听 ②问 ③鼻子,3
2570,100,nɔ+ Si7,鼻血,1
2571,100,nɔ+ Sɔ+,动听；好听,1
2572,100,nɔ+ bi+,鼻涕,1
2573,100,nɔ+ bi+ Xɯ+,擤鼻涕,1
2574,100,nɔ+ bi+ mɿJ tʂhiJ,掩鼻,1
2575,100,nɔ+ bi+ ne+,鼻孔,1
2576,100,nɔ+ bi+ nɔ+,鼻毛,1
2577,100,nɔ+ bɛ+ tʂi+,寻根究底,1
2578,100,nɔ+ bɿJ pu7,鼻梁,1
2579,100,nɔ+ du+ mɛi+,追问,1
2580,100,nɔ+ dɔJ ghɔJ,问答；解答,1
2581,100,nɔ+ hɯ+ ne+ nɛi+ dɛi+,听腻；腻耳,1
2582,100,nɔ+ kʰɔ+,诽谤,1
2583,100,nɔ+ kʰɔ7,后边；后方,1
2584,100,nɔ+ kʰɔ7 thɿJ dɔJ,①反面 ②背面,2
2585,100,nɔ+ kʰɔ7 thɿJ pɿ7,下一代,1
2586,100,nɔ+ nɯJ,嗅觉,1
2587,100,nɔ+ pu7 mɯ+ mɿJ,嗤之以鼻,1
2588,100,nɔ+ tʂho7,错听,1
2589,100,nɔ+ tʂi+,清鼻涕,1
2590,100,nɔ+ ʐɔ7,难听,1
2591,100,nɔJ,①你们 ②落,2
2592,100,nɔJ Zɛi+,你们,1
2593,100,nɔJ l?ɿ+ dʐ?ɿJ,你们这些,1
2594,100,nɔJ nɿJ mɔ+,你俩,1
2595,100,nɔJ ʐɔ+,你们的,1
2596,101,nɔ+ gɔJ,听见,1
2597,101,nɔ+ gɔJ mɔJ nɔ7,没有听见过,1
2598,101,nɔ+ ŋɿ7,干鼻涕,1
2599,101,nɔ+ ʐɔ+,听懂,1
2600,101,nɔ7,工作；活儿,1
2601,101,nɔ7 Se+ thɔJ,农闲,1
2602,101,nɔ7 dw+ ʐɔ+ dw+,误工；耽误,1
2603,101,nɔ7 mu+,耕作；劳动；干活；做活；工作,1
2604,101,nɔ7 mu+ gw+,完工,1
2605,101,nɔ7 mu+ tsho+,农民,1
2606,101,nɔ7 mu+ tu+,农具,1
2607,101,nɔ7 mu+ ʐɔ+ tʂo+,有活干,1
2608,101,nɔ7 mɔJ mu+,不干活；旷工；罢工,1
2609,101,nɔ7 tʂiJ thɔJ,农忙,1
2610,101,nɔ7 tʂiJ tɔ+ lɿ+ nɛi+,小满(节令),1
2611,101,nɔ7 tʂʰɛi+,派工,1
2612,101,nɔ7 ŋɯJ,物资,1
2613,101,nɔ7 ŋɯJ VuJ tsho+,售货员,1
2614,101,nɔ7 ŋɯJ dlɛ+,充足,1
2615,101,nɔ7 ŋɯJ dlɯ+,装货,1
2616,101,nɔ7 ŋɯJ dɛ7,卸货,1
2617,101,nɔ7 ŋɯJ dɛJ,卖乐?(词义字不确定),1
2618,101,nɔ7 ŋɯJ dɛi+ mɔ+,废物,1
2619,101,nɔ7 ŋɯJ tɛ7,捎带东西,1
2620,101,nɔ7 ʐɔ7,费劲；艰难；难办,1
2621,101,nɔ7 ʐɔ7 nɔ+,妇科病,1
2622,101,nɔ7 ʐɔJ,物件；东西；货物,1
2623,101,nɔ7 ʐɔJ VuJ,卖东西,1
2624,101,nɔ7 ʐɔJ Vɛi+,买东西,1
2625,101,nɔ7 ʐɔJ Vɛi+ tɔ7,搁放东西,1
2626,101,nɔ7 ʐɔJ phAJ,搬东西,1
2627,101,nɔ7 ʐɔJ phuJ,物价,1
2628,101,nɔ7 ʑɛi+,息工,1
2629,102,nɔ+,亲(近亲的亲),1
2630,102,nɔ+,①碎 ②毛 ③豆(古语),3
2631,102,nɔ+ buJ nɔ+ bɛ+,破破烂烂,1
2632,102,nɔ+ bɔJ,毛稀疏,1
2633,102,nɔ+ bɛ+,毛松松,1
2634,102,nɔ+ mɛi+,抓着,1
2635,102,nɔ7,①猴子 ②经过；到过,2
2636,102,nɔ7,①嫩 ②软 ③软弱,3
2637,102,nɔ7 bɿJ,软,1
2638,102,nɔ7 bɿJ bɿJ,软绵绵,1
2639,102,nɔ7 bɿJ nɔ7 tʂi+,软弱；娇嫩,1
2640,102,nɔ7 dɔ+,猴月(农历七月),1
2641,102,nɔ7 dɔJ dɔJ,嫩生生,1
2642,102,nɔ7 ghɔJ,申(属猴年),1
2643,102,nɔ7 pheJ dɔJ,蕨萝叶(土语),1
2644,102,nɔ7 pheJ lɔJ hɛ+,树叶帽,1
2645,102,nɔ7 ʐɔ+,软处,1
2646,102,ɿ+ nɔ+,近来,1
2647,103,khɯ+ nɿ+,勤快,1
2648,103,nõJ neJ,农业,1
2649,103,nõJ tʂhÃ+,农场,1
2650,103,nɔ+ Zɛi+ lɛ+,好毛；精制的毛,1
2651,103,nɔ+ dɔ+ bɛ+,毛衣,1
2652,103,nɔ+ ghɔJ,汗毛,1
2653,103,nɔ+ nɯJ,长毛(食物发霉后长出的毛),1
2654,103,nɔ+ thu+,毛厚,1
2655,103,nɔ+ tʂʰɛi+,毛线,1
2656,103,nɔ+ ʑi7,细毛,1
2657,103,nɔJ kɛiJ,罗嗦,1
2658,103,nɔJ·nõJ,(字头，两读),1
2659,103,nɯ+,①炷 ②润,2
2660,103,nɯ+ nɯ+ dzɯ7 dzɯ7,①侧身 ②不合群,2
2661,103,nɯ+ phÃ+,孤僻(指孤独怪僻),1
2662,103,nɯ+ phÃ+ phÃ+ mu+,反其道而行之,1
2663,103,nɯ7,①揉 ②情妹,2
2664,103,nɯ7 mɔ+,妹妹,1
2665,103,nɿ+,①快(勤快的快) ②子(鞋子的子) ③不肯吃(专指猪),3
2666,103,tʂhi+ nɿ+,鞋子,1
2667,104,nɯ+,①穗 ②女儿,2
2668,104,nɯ+ Xɔ+,女神,1
2669,104,nɯ+ dlɔ+,旁边,1
2670,104,nɯ+ dlɔ+ mɛi+,侧面,1
2671,104,nɯ+ dlɔ+ tsho+,旁人,1
2672,104,nɯ+ dlɔ+ tsi+,靠近,1
2673,104,nɯ+ dziJ,湿,1
2674,104,nɯ+ dzɯ7,侧身,1
2675,104,nɯ+ dzɯ7 nɯ+ dzɯ7,偏斜,1
2676,104,nɯ+ dɔ+,抽穗,1
2677,104,nɯ+ lɛ+,打包(指麦子结实),1
2678,104,nɯ+ mɔ+,妇女,1
2679,104,nɯ+ tʂhiJ,孤女,1
2680,104,nɯ+ ʐɯJ,肋骨,1
2681,104,nɯ+ ʐɯJ nɔ+,肋骨痛,1
2682,104,nɯ+ ʐɿJ,潮湿,1
2683,104,nɯJ,①长 ②嗅,2
2684,104,nɯJ khɯ+,芽；苗,1
2685,104,nɯJ khɯ+ nɔ7 bɿJ zɔJ,嫩芽,1
2686,104,nɯJ khɯ+ tʂɔ7,萌芽；发芽,1
2687,105,dɿ7,①四 ②苗；秧 ③茼(菌) ④孙 ⑤折(折断),5
2688,105,dɿ7 Sɿ7,撒秧,1
2689,105,dɿ7 dlɿJ,攀折；折断,1
2690,105,dɿ7 dɔJ,四方,1
2691,105,dɿ7 dɔJ dɿ7 Vɛi+,四四方方；四面八方,1
2692,105,dɿ7 dɛi+,子孙,1
2693,105,dɿ7 dɿ7,育秧；育苗,1
2694,105,dɿ7 dɿ7 dɛi+ dɛi+,子子孙孙,1
2695,105,dɿ7 khuJ dzɯ+,四方形,1
2696,105,dɿ7 khuJ dzɯ+ mɔ+,大四方形,1
2697,105,dɿ7 lɯJ,四个,1
2698,105,dɿ7 mu7,芦苇,1
2699,105,dɿ7 mɛi+,秧田,1
2700,105,dɿ7 nɯ+,孙女,1
2701,105,dɿ7 pw+ thɿJ pw+,四分之一,1
2702,105,dɿ7 thɔJ,①四季 ②四点钟,2
2703,105,dɿ7 tʂɿJ,间苗,1
2704,105,dɿ7 xɛiJ,四角,1
2705,105,dɿ7 zɔJ,孙子,1
2706,105,dɿ7 ŋe+,秧鸡,1
2707,105,dɿ7 ŋɔ7 lɯJ,四五个,1
2708,105,dɿ7 ɛJ mɿJ,孙女,1
2709,105,dɿ7+ gɔ+,四种；四样,1
2710,105,dɿ7+ hɔ+ tɖɔ7,四百元,1
2711,105,dɿ7+ tshɿ+,四十,1
2712,105,dɿ7+ tshɿ+ dɿ7,四十四,1
2713,106,dɿ+,①风 ②扬,2
2714,106,dɿ+,①船 ②老二(排行第二人) ③跨,3
2715,106,dɿ+ Sɿ+,平安；健康,1
2716,106,dɿ+ ZɛiJ mɔ+,大船；轮船,1
2717,106,dɿ+ dɔ+ lɿ+,跨过来,1
2718,106,dɿ+ dɿ+ lɔ+,第二个(弟兄排行),1
2719,106,dɿ+ kɔ+ kɔ+,凉快；凉爽,1
2720,106,dɿ+ mɛ7,船尾,1
2721,106,dɿ+ mɛi+ mɛi+,凉爽,1
2722,106,dɿ+ mɛi+ mɛi+,北方,1
2723,106,dɿ+ nɛ7,沉船,1
2724,106,dɿ+ pɿ7,翻船,1
2725,106,dɿ+ tʂi7,南,1
2726,106,dɿ+ tʂi7 mɛi+,南方,1
2727,106,dɿJ,大便；屎,1
2728,106,dɿJ duJ,肛门,1
2729,106,dɿJ duJ dÃJ,阿谀奉承,1
2730,106,dɿJ duJ mɛ7,臀部,1
2731,106,dɿJ tʂi+ mɔ+,大粪,1
2732,106,dɿJ xɔ+,解大便；拉屎,1
2733,106,dɿJ xɔ+ zɿJ xɔ+,撒尿拉屎,1
2734,106,dɿJ ʐɔ+,大便急,1
2735,107,AJ mɿJ de7,女青年；小姑娘,1
2736,107,de+,①重孙 ②沸腾 ③拆 ④岔,4
2737,107,de+ bɿJ,拆散,1
2738,107,de+ bɿJ zɔJ,曾孙,1
2739,107,de+ dʑiJ gw+,正在沸腾,1
2740,107,de+ tʂhiJ,拆洗,1
2741,107,de+ xɔ+,拆开,1
2742,107,de+ xɔ+ lɔ7,已沸腾,1
2743,107,de+ zɯJ,拆用,1
2744,107,de7,青年(指未婚的青年),1
2745,107,de7 AJ nɯ+,私生子,1
2746,107,dɿ+,滚,1
2747,107,dɿ+ hɿJ duJ,码头,1
2748,107,dɿ+ ku+,造船,1
2749,107,dɿ+ o7,船头,1
2750,107,dɿ+ ʑÃ+,划船；撑船,1
2751,107,dɿ+ ʑÃ+ duJ,渡口,1
2752,107,dɿ+ ʑÃ+ hɿJ,停船,1
2753,107,dɿ+ ʑÃ+ tsho+,船夫,1
2754,107,dɿ+ ʑÃ+ tu+,桨(划船工具),1
2755,107,dɿJ,剥,1
2756,107,tsho+ de7,男青年；小伙子,1
2757,107,tʂhiJ tʂi7 dɿJ,剥羊皮,1
2758,107,tʂɿ7 dɿJ,剥麻皮,1
2759,108,deJ,喘气,1
2760,108,dɛ+,①摇 ②发抖,2
2761,108,dɛ+,林,1
2762,108,dɛ+ bɔJ mɛi+,坡地,1
2763,108,dɛ+ bɿ+,石山,1
2764,108,dɛ+ dlɔ+,墙壁,1
2765,108,dɛ+ dɔ+,出门；外出,1
2766,108,dɛ+ dɔ+ tsho+,旅客,1
2767,108,dɛ+ dɔ+ tʂi+,远行,1
2768,108,dɛ+ lɿ+,角隅；旮旯,1
2769,108,dɛ+ mɛi+,山区,1
2770,108,dɛ+ mɛi+ dɛ+ tɯ+,高寒山区,1
2771,108,dɛ+ nA7 mɛi+,火烧地,1
2772,108,dɛ+ tɖɿ+,打猎,1
2773,108,dɛ+ tɖɿ+ tsho+,猎人,1
2774,108,dɛ+ tɖɿ+ tʂhiJ,猎狗,1
2775,108,dɛ7,①调换 ②卸 ③腾,3
2776,108,dɛ7 bɿJ,还给,1
2777,108,dɛ7 ghɔJ,赔还,1
2778,108,dɛ7 tɔ7,卸货,1
2779,108,dɛ7 xɔ+,撤换,1
2780,109,dA+,塌,1
2781,109,dA+ tshɿ+ lɿ+,倒塌；塌下来,1
2782,109,dA+ xɔ+,塌,1
2783,109,dAJ,①游(水) ②舔 ③变,3
2784,109,dAJ dzɔJ,舔,1
2785,109,dAJ ku7 tɯ7 ku7 mɔ+,魔术师,1
2786,109,dAJ lɔJ,变成,1
2787,109,dAJ xɔ+,变化,1
2788,109,dɔ+ dɔ7,衣裳裤子,1
2789,109,dɔ7,裤子,1
2790,109,dɔ7 bɛ+,裤子,1
2791,109,dɔ7 khuJ,裤腰,1
2792,109,dɔ7 khuJ dʐɛJ nɿ7,裤带,1
2793,109,dɔ7 tho+,裤裆,1
2794,109,dɔ7 tʂhi+,裤脚,1
2795,109,dɛ+ dlɔ+ ʑɛi+,刷墙,1
2796,109,dɛ+ dʐɔJ,山箐,1
2797,109,dɛ+ dʐɿJ,野兽,1
2798,109,dɛ+ geJ pw+ tʂɿ7,深箐,1
2799,109,dɛ+ gɔ+,野外,1
2800,109,dɛ+ tʂɿ7,山谷,1
2801,109,dɛ+ tʂɿ7 mɔ+,深山绝谷,1
2802,109,dɛ+ tʂʰɛi+,山上,1
2803,109,dɛ+ xɛiJ mɛi+,火种地(刀耕火种的地),1
2804,109,dɛ+ ʐɔJ,野菜,1
2805,109,dɛ+ ʐɔJ dɛ+ tʂʰɛi+,原野,1
2806,109,dɛ+ ʐɯ+ Sɿ+,樱桃树,1
2807,110,dɔ+,舌头,1
2808,110,dɔ+,①灵魂 ②蛋 ③月,3
2809,110,dɔ+ Se+ dziJ,倒勾刺,1
2810,110,dɔ+ ZɛiJ,大舌头；口齿不清,1
2811,110,dɔ+ bɔ+,月,1
2812,110,dɔ+ bɔ+ Sɔ+,明月,1
2813,110,dɔ+ bɔ+ Zɛi+,月不明(指月亮被乌云遮住时的状况),1
2814,110,dɔ+ bɔ+ dɔ+,月出,1
2815,110,dɔ+ bɔ+ gw+,月底,1
2816,110,dɔ+ bɔ+ gɛi+ gɔJ mɔ+,月牙(新月),1
2817,110,dɔ+ bɔ+ mɔ+,月亮,1
2818,110,dɔ+ bɔ+ tɖɿ7,月落,1
2819,110,dɔ+ bɔ+ tʂhiJ lɿ+ dzɔJ,月蚀(天狗吃月亮),1
2820,110,dɔ+ bɔ+ tʂiJ dɔ+,七个月,1
2821,110,dɔ+ dAJ,舔舌头,1
2822,110,dɔ+ dɔ+,千万(务必),1
2823,110,dɔ+ mɔ+,卵；蛋,1
2824,110,dɔ+ mɔ+ mɿ7,孵卵,1
2825,110,dɔ+ mɛ7,月尾,1
2826,110,dɔ+ nɔ+,舌痛,1
2827,110,dɔ+ o7 gɔJ,舌尖,1
2828,110,dɔ+ tɖɿ+,闰月,1
2829,110,dɔ+ tɛ+,口齿不清,1
2830,110,dɔ+ tɛ+ tɛ+ mu+,口吃,1
2831,110,dɔ+ tʂhi+,舌根,1
2832,110,dɔ+ zɔJ,小舌,1
2833,110,dɔ+ ʐɔ+,诽谤,1
2834,111,dɔ+,①衣 ②等,2
2835,111,dɔ+ bɛ+,衣服,1
2836,111,dɔ+ bɛ+ mɛ7 dɿ+ mɔ+,长衫；长袍,1
2837,111,dɔ+ bɛ+ pw+,补衣服,1
2838,111,dɔ+ bɛ+ tɖɿ+,折叠衣服,1
2839,111,dɔ+ dlɛ+,满月,1
2840,111,dɔ+ dɔ+ muJ ne+ mɔ+,才才千万(意为一定),1
2841,111,dɔ+ gɔ+,月内,1
2842,111,dɔ+ gɔ+ kw+,产期；做月子,1
2843,111,dɔ+ k?ɿ,月晕,1
2844,111,dɔ+ kw+,月内,1
2845,111,dɔ+ o7,月初,1
2846,111,dɔ7,(字头),1
2847,111,dɔ7,①漂 ②漱,2
2848,111,dɔ7 dɔJ,甩开(人),1
2849,111,dɔ7 ŋɛiJ,庄稼,1
2850,111,dɔ7 ŋɛiJ bɛiJ,耪庄稼,1
2851,111,dɔ7 ŋɛiJ bɛiJ tsho+,庄稼人,1
2852,111,dɔ7 ŋɛiJ gɔJ,耪庄稼,1
2853,111,dɔ7 ŋɛiJ mu+ tsho+,农民,1
2854,111,dɔ7 ŋɛiJ tʂi+ hɔ+ nɛi+,谷雨(节令),1
2855,111,dɔJ,叶子,1
2856,111,dɔJ VAJ,萎缩,1
2857,111,dɔJ bɛi+ mɔ+,长羊毛,1
2858,111,dɔJ kɔ7 duJ,胯间,1
2859,111,dɔJ phi7,大腿,1
2860,112,dɔ+ bɛ+ du+ gAJ mɔ+,旧衣服,1
2861,112,dɔ+ bɛ+ ho+,染衣服,1
2862,112,dɔ+ bɛ+ khu7 tʂi7 mɔ+,纽扣,1
2863,112,dɔ+ bɛ+ nAJ,缝衣服,1
2864,112,dɔ+ bɛ+ nAJ tsho+,裁缝,1
2865,112,dɔ+ bɛ+ nAJ tu+,缝纫机,1
2866,112,dɔ+ bɛ+ tsi7,浆衣服,1
2867,112,dɔ+ bɛ+ tɖe+,晾衣服,1
2868,112,dɔ+ bɛ+ tʂhiJ lɔ+ thu+,棒槌,1
2869,112,dɔ+ bɛ+ ʑÃ+ bɛi+ mɔ+,破衣服,1
2870,112,dɔ+ dɔ7,衣裤,1
2871,112,dɔ+ dʑiJ,阻止；阻挡,1
2872,112,dɔ+ dʑiJ mɔJ dɛiJ,迫不及待,1
2873,112,dɔ+ gw+ lɿ+,祭奠,1
2874,112,dɔ+ gɔ+ mɔ+,磨芋(一种山芋),1
2875,112,dɔ+ lɔ7,期待；等待,1
2876,112,dɔ+ lɛ+ ghɯJ,衣领,1
2877,112,dɔ+ lɛ+ mɔ+,衣边,1
2878,112,dɔ+ mɛ7,衣兜(指衣襟下段),1
2879,112,dɔ+ mɛ7 nɔ+ kɔ+,后襟尾边,1
2880,112,dɔ+ tɖɿ+ du+,夹衣,1
2881,112,dɔJ,①面 ②看到 ③朝；向 ④照(射) ⑤丢(拐棍),5
2882,113,dɔ+,①生蛆 ②蛆,2
2883,113,dɔ+ lɿ+ dzɔJ,生蛆,1
2884,113,dɔ+ mɔ+,蛆,1
2885,113,dɔ+ phɯ+,手上的水泡,1
2886,113,dɔ+ phɯ+ mɔ+,手上长的水泡,1
2887,113,dɔ+ phɯ+ mɔ+ pAJ,爆(指爆米花或爆玉米花),1
2888,113,dɔ+ phɯ+ tɔ+,打泡,1
2889,113,dɔJ,睁(睁眼的睁),1
2890,113,dɔJ Sɔ+,慷慨；大方,1
2891,113,dɔJ ne+,面目；脸庞,1
2892,113,dɔJ ne+ Sɛi+,①扫面子 ②揩脸,2
2893,113,dɔJ ne+ Sɛi+ phɔ+,毛巾,1
2894,113,dɔJ ne+ dlɛ+,翻脸,1
2895,113,dɔJ ne+ mɔJ ŋɔ7,不要脸；不知羞耻,1
2896,113,dɔJ ne+ nɛi+,受气,1
2897,113,dɔJ ne+ nɛi+ buJ,脸红,1
2898,113,dɔJ ne+ pɿ7,翻脸,1
2899,113,dɔJ ne+ tʂhiJ,洗脸,1
2900,113,dɔJ ne+ tʂhiJ gw+,洗脸盆,1
2901,113,dɔJ ne+ tʂo+,体面,1
2902,113,dɔJ ne+ ŋɔ7,爱面子,1
2903,113,dɔJ phu+,开劈,1
2904,113,dɔJ phɯJ ne+ hɯ+,浮肿,1
2905,113,dɔJ tʂhiJ dɔ+ bɔ+ khɔ+,脸洗得似月一样洁(形容脸洗得干净),1
2906,113,dɔJ ŋɔ+,看见,1
2907,113,ne+ dɔJ,睁眼,1
2908,114,du+,①白 ②银,2
2909,114,du+ bu+ zɔJ,童帽上的一种金属装饰品,1
2910,114,du+ bɔJ,白色,1
2911,114,du+ bɔJ bɔJ,白花花；白生生,1
2912,114,du+ dzɛi+ tsho+,银匠,1
2913,114,du+ dɛiJ tsho+,银匠,1
2914,114,du+ khÃ+ SɿJ mɔ+,卡司玛(女青年头上的一种金属装饰品),1
2915,114,du+ phɯ+ zɔJ,银泡(童帽上的一种金属装饰品),1
2916,114,du+ pɔ+ nɿ+,惨白,1
2917,114,du+ tɖe+ zɔJ,银链子,1
2918,114,du+ tʂi+ mɔ+,银元,1
2919,114,du+ zɛiJ zɛiJ,亮闪闪,1
2920,114,du+ ʑe+,白色；银白色,1
2921,114,du+ ʑe+ ʑe+,白茫茫,1
2922,114,du+ ʑɛi+,金银,1
2923,114,du+ ʑɿ+,白虱子,1
2924,114,du+ ʑɿJ ʑɿJ,苍白,1
2925,114,dɿ+,遍,1
2926,114,dɿ+,①件(衣) ②床(量),2
2927,114,dɿ+,①脱 ②通(洞),2
2928,114,dɿ+ lɔ7,通了,1
2929,114,dɿ+ tʂhiJ,洗澡(专指在温泉里洗澡),1
2930,114,dɿ+ tʂhiJ duJ,温泉,1
2931,114,dɿ+ tʂhiJ hɛ+,浴室,1
2932,114,dɿ+ tʂhiJ ʐɔ+,温泉,1
2933,114,dɿ+ xɔ+,①通达 ②推脱,2
2934,114,dɿ7,①晒 ②闪,2
2935,114,dɿ7 fɛi+,晒干,1
2936,114,dɿ7 thɯJ lɿ+,出示,1
2937,114,dɿ7 tɛi+,被晒；晒着,1
2938,114,dɿJ,龙(鼻涕龙的龙),1
2939,114,nɔ+ dɿJ mɔ+,鼻涕龙(常流鼻涕的人),1
2940,115,du+,①炒 ②煎,2
2941,115,du+ dɿJ,炒焦,1
2942,115,du+ gAJ,陈旧,1
2943,115,du+ gAJ mɔ+ tɯ7,折旧,1
2944,115,du+ ghɛi+,银锭子,1
2945,115,du+ mɛi+,炒熟,1
2946,115,duJ,皮(加过工的皮),1
2947,115,duJ gA7 SÃ+,皮箱,1
2948,115,duJ nAJ tsho+,皮匠,1
2949,115,duJ tɖe+,牛皮绳；皮绳子(皮条),1
2950,115,duJ tʂhi+ nɛi+,皮鞋,1
2951,116,duJ,①赦 ②犯 ③放 ④编(辫子),4
2952,116,duJ dɛiJ,打,1
2953,116,duJ lɔJ nɛi+,大后天(今天以后的第四天),1
2954,116,duJ thɯJ,放走,1
2955,116,duJ tshɯ+ lɿ+,放下来,1
2956,116,duJ tshɿ+,放下,1
2957,116,duJ tɔ7,放下；卸(担子),1
2958,116,duJ xɔ+,放开,1
2959,117,1i+,城,1
2960,117,1i+ Kw+,城里,1
2961,117,1i+ ZɛiJ mɔ+,都市,1
2962,117,1i+ dlɔ+,墙,1
2963,117,1i+ dɔJ,墙；围墙,1
2964,117,1i+ dɔJ Vu+,墙筋(放在墙内的条子),1
2965,117,1i+ dɔJ pu7 ne+,墙洞,1
2966,117,1i+ dɔJ tsw+,垒墙；砌墙,1
2967,117,1i+ dɔJ tʂhi+,墙脚,1
2968,117,1i+ dɛiJ,舂墙,1
2969,117,1i+ dʑA+,拍墙(专指舂墙拍打光滑),1
2970,117,1i+ gɔ+,城门,1
2971,117,1i+ gɔ+,城内,1
2972,117,1i+ khɯ+ 1i+ lɛiJ,墙角落,1
2973,117,1i+ mɔ+ 1i+ zɔJ,市镇；城镇,1
2974,117,1i+ o7,城头上,1
2975,117,1i+ tsɿ+ 1i+ ʑɔJ,郊区,1
2976,117,1i+ tʂhi+,①墙基 ②城周围,2
2977,117,1i+ ʑɛi+,守城,1
2978,117,1i7,①掰 ②懒,2
2979,117,1i7 XɔJ,二胡,1
2980,117,1i7 ZɛiJ,第二(指摔跤场上得奖的第二名),1
2981,117,1i7 dlɿJ,折断,1
2982,117,1i7 ʑi+ lɿ+ A+,懒惰,1
2983,117,1i7 ʑi+ tʂʰɛi+,很懒,1
2984,118,1i+,①愿意 ②磨(名词) ③缠 ④吠 ⑤捲,5
2985,118,1i+ 1eJ,磨手柄,1
2986,118,1i+ 1i+,愿意吗？,1
2987,118,1i+ 1oJ,脱套(指牛脱牛担),1
2988,118,1i+ Zɔ+,顺心；愿意,1
2989,118,1i+ dÃ+,镰刀,1
2990,118,1i+ dʑiJ,缠住,1
2991,118,1i+ gwJ phiJ,磨槽；磨盘,1
2992,118,1i+ khɯ+,磨面,1
2993,118,1i+ khɯ+ hɛ+,磨房,1
2994,118,1i+ ne+ SɛiJ,石磨眼,1
2995,118,1i+ pw+ dʑo7 thɿJ ʑɿ+,下磨(指石磨的底下一扇),1
2996,118,1i+ tʂi+ mɔ+,磨齿,1
2997,118,1iJ,①龙 ②里(量词) ③重 ④签,4
2998,118,1iJ dlɔJ,激江(县名),1
2999,118,1iJ dɔ+,龙月(农历三月),1
3000,118,1iJ dɔ+,祭龙,1
3001,118,1iJ ghɔJ,辰(属龙年),1
3002,118,1iJ gwJ,供桌,1
3003,118,1iJ lo+,轻重,1
3004,118,1iJ tu+ 1iJ pw7,笨重,1
3005,118,1iJ tu+ tu+,沉甸甸,1
3006,119,1i+ A+ ge7 thɿJ ʑɿ+,上磨(指磨的上面一扇),1
3007,119,1i+ ʐɔ+,转弯处,1
3008,119,1iJ,脱,1
3009,119,1iJ xɔ+,脱掉,1
3010,119,1ɿ+,①来 ②地(助词) ③被,3
3011,119,1ɿ+ 1ɿ+ 1A+ 1A+,疲疲塌塌,1
3012,119,1ɿ+ dʑɿ+ Vɛi+,姓李,1
3013,119,1ɿ+ lɔ7,平衡,1
3014,119,1ɿ+ thÃJ,礼堂,1
3015,119,1ɿ+ tɔJ,领导,1
3016,119,1ɿ7,①才 ②连 ③常常,3
3017,119,1ɿ7 ZɛiJ,利益,1
3018,119,1ɿ7 tʂo+,只有,1
3019,119,1ɿ7 xɛ7,厉害,1
3020,119,1ɿ7 ŋɔ7,只要,1
3021,119,1ɿ7 ʐɔ+ ʑi7,牛筋草,1
3022,119,1ɿ7 ʑe+,这样,1
3023,119,1ɿ7 ʑɛi+,只是,1
3024,119,1ɿJ,整理,1
3025,119,1ɿJ 1ɿ+,本领,1
3026,119,1ɿJ ʑɿ7,礼节,1
3027,119,1ɿJ ʑɿ7 ZɛiJ,很讲究礼节,1
3028,120,1e+,吐,1
3029,120,1e+ lɛi+ mɔ+,苦栎果；皮哨子,1
3030,120,1e+ mɿ7 tɛi+,诬陷,1
3031,120,1e7,(字头),1
3032,120,1e7 gɛiJ 1e7 tsi+,癞疙瘩,1
3033,120,1e7 mɛiJ,抵赖；赖皮,1
3034,120,1eJ,手,1
3035,120,1eJ bɛiJ,多指,1
3036,120,1eJ fɛi+ 1eJ gɔ+,手舞足蹈,1
3037,120,1eJ mɿJ,脉搏,1
3038,120,1eJ mɿJ Vɔ7,诊脉,1
3039,120,1eJ mɿJ xɔ7,按脉,1
3040,120,1eJ pe+,助手,1
3041,120,1eJ phe+,手,1
3042,120,1eJ phe+ 1ɛ7,棘手,1
3043,120,1eJ phe+ dɔ+ phɯ+ mɔ+,泡(手上起的水泡),1
3044,120,1eJ phe+ dɔ+ phɯ+ mɔ+ tɔ+,打泡(手上打起来的水泡),1
3045,120,1eJ phe+ gɿ+,搓手,1
3046,120,1eJ phe+ nɿ7 pe+,束手,1
3047,120,1eJ phe+ thA7,烫手,1
3048,120,1eJ phe+ thɔ7 tu+,手茧,1
3049,120,1eJ pi7,戒指,1
3050,120,1eJ pɿ7,反手；还手,1
3051,120,1ɿJ,(字头),1
3052,120,1ɿJ VuJ,零售,1
3053,120,1ɿJ bA7,立夏(节令),1
3054,120,1ɿJ fɛiJ,磷肥,1
3055,120,1ɿJ nɛiJ,刻字,1
3056,120,1ɿJ thɿJ,零头,1
3057,120,1ɿJ ʑiJ,临时,1
3058,120,1ɿJ ʑɿ7 gɔ+,敬礼,1
3059,121,1eJ KA7 tsi7,指缝,1
3060,121,1eJ SwJ,指甲,1
3061,121,1eJ Sɛi+ tu+,手帕,1
3062,121,1eJ VA+ dʑiJ,搂肩搭背,1
3063,121,1eJ Vi+,挥手；摆手,1
3064,121,1eJ Vɛi?,左手,1
3065,121,1eJ du7,秃手,1
3066,121,1eJ duJ,袖子,1
3067,121,1eJ dzɿ+,伸手,1
3068,121,1eJ gwJ,撒手；松手；慷慨,1
3069,121,1eJ ku+,①手僵 ②手镯,2
3070,121,1eJ ku+ 1eJ Pi7,首饰,1
3071,121,1eJ kw7,①技术；手艺 ②手巧,2
3072,121,1eJ kw7 zɔJ ghɔ7 mɔ+,手艺高超,1
3073,121,1eJ kɔ+ tɛi+,经手,1
3074,121,1eJ kɿ7,手心,1
3075,121,1eJ lo+,手轻,1
3076,121,1eJ lɛ+,手腕骨,1
3077,121,1eJ lɛ+ tɖɿ+,手腕,1
3078,121,1eJ lɿJ,手力重,1
3079,121,1eJ nɛiJ,列宁,1
3080,121,1eJ nɿ7,肘,1
3081,121,1eJ theJ,举手,1
3082,121,1eJ thɔ7 tu+,手茧,1
3083,121,1eJ tshɯ+,石臼,1
3084,121,1eJ tshɯ+ 1eJ tshɿ+,偷偷摸摸,1
3085,121,1eJ tsw+,双手,1
3086,121,1eJ tsw+ mɔ+,螳螂,1
3087,121,1eJ tu+,握手,1
3088,121,1eJ tɿ7,指缝,1
3089,121,1eJ tʂhA7,插手,1
3090,121,1eJ tʂhiJ ʐɔJ mɔ+ ʑi+,手洗得很干净,1
3091,121,1eJ tʂi+,手指,1
3092,121,1eJ tʂi+ 1eJ nɛi+ mɔ+,十个指头,1
3093,121,1eJ tʂi+ mɔ+,大拇指,1
3094,121,1eJ tʂi+ pɯ+ kɔ+ ʑɛi+ mɔ+,中指,1
3095,121,1eJ tʂi+ xɔJ Sɿ7,倒刺(手指上的倒针),1
3096,121,1eJ tʂi+ zɔJ,小拇指,1
3097,121,1eJ tʂʰɛi+,手背,1
3098,121,1eJ ʐɔ7,右手,1
3099,121,1eJ ʑi7,私方(攒私方),1
3100,121,1eJ ʑui7,顺手,1
3101,122,1eJ XɔJ kɔJ,联合国,1
3102,122,1eJ ge7,碍手,1
3103,122,1eJ ghɔJ,还手,1
3104,122,1eJ ghɯ+ tʂi+,拳头,1
3105,122,1eJ gɔ+,动手；动工；行动；开始；开动；开工；着手,1
3106,122,1eJ gɔ+,巴掌,1
3107,122,1eJ gɔ+ 1eJ ʑɛi+,赤手空拳,1
3108,122,1eJ gɔ+ dʑAJ,鼓掌,1
3109,122,1eJ gɔ+ kɔ+,经手,1
3110,122,1eJ gɔ+ tʂhi+,到手,1
3111,122,1eJ ku+ kɔ+,经办；经手,1
3112,122,1eJ ʐɯJ pu7,臂膀；下臂,1
3113,122,1ɛ+,①容易 ②碾(动词) ③滚 ④脖子,4
3114,122,1ɛ+ be+ 1ɛ+ {?Ã+,吼叫,1
3115,122,1ɛ+ be+ ne+,咽喉；喉头,1
3116,122,1ɛ+ bɿJ 1ɛ+ {?Ã+,大吼大叫；叫嚣,1
3117,122,1ɛ+ mɔ+ 1ɛ+,镶衣边,1
3118,122,1ɛ+ pɿ+,瘿带；大脖子(甲状腺肥大的人),1
3119,122,1ɛ+ tɔJ,短脖子,1
3120,122,1ɛ7,①呢(表示疑问的语气) ②吗(表示疑问的语气),2
3121,122,1ẽ7,(字头),1
3122,122,1ẽ7 pe+,冻结,1
3123,122,1ẽ7 thɯJ lɿ+,炼就,1
3124,123,1A7,破,1
3125,123,1A7 1A7 bɛi+ bɛi+,破烂不堪,1
3126,123,1A7 buJ 1A7 bɛi+,破破烂烂,1
3127,123,1ɛ+,①卷；裹 ②包,2
3128,123,1ɛ+ 1i+,偷懒；懒惰,1
3129,123,1ɛ+ 1ɔ+,容易,1
3130,123,1ɛ+ 1ɛ+,很容易,1
3131,123,1ɛ+ 1ɛ+ 1ɛ7,容易吗？,1
3132,123,1ɛ+ 1ɛ+ ŋɛi+ ŋɛi+,歪歪斜斜,1
3133,123,1ɛ+ ZɛiJ,裹着被子睡,1
3134,123,1ɛ+ dɔ+ lɿ+,滚过来,1
3135,123,1ɛ+ dʑiJ,包庇；袒护,1
3136,123,1ɛ+ e7,容易办,1
3137,123,1ɛ+ ghɯ+ tʂhiJ,喧(脖子),1
3138,123,1ɛ+ ghɯJ,衣领,1
3139,123,1ɛ+ ghɯJ ʑɛiJ mɔ+,大衣领子,1
3140,123,1ɛ+ ku+,项圈,1
3141,123,1ɛ+ nɔ+,碾碎,1
3142,123,1ɛ+ nɿ7 tɿ7,自缢,1
3143,123,1ɛ+ theJ,仰(头仰起来),1
3144,123,1ɛ+ tshɿ+ lɿ+,滚下来,1
3145,123,1ɛ+ tu+,碾子,1
3146,123,1ɛ+ tʂAJ,卷好；包好,1
3147,123,1ɛ+ tʂhiJ,裹住,1
3148,123,1ɛ+ ŋɛi+,①偏头 ②歪斜,2
3149,123,1ɛ+ ʐɯJ,颈；脖子,1
3150,123,1ɛ+ ʐɯJ tɔ+,颈骨,1
3151,123,1ɛ+ ʑɛi+ mɔ+,长颈；长脖子,1
3152,123,1ɛJ,麒麟,1
3153,123,1ɛJ 1ɛJ mu+,滚滚(车轮滚滚),1
3154,124,1A+,(字头),1
3155,124,1A+ tʂi+,精子,1
3156,124,1AJ,①垮 ②塌,2
3157,124,1AJ 1AJ bwJ bwJ,歪歪倒倒,1
3158,124,1AJ bwJ,倒塌,1
3159,124,1AJ kɛi+,劳改,1
3160,124,1AJ tshɿ+ lɿ+,倒下来,1
3161,124,1AJ tɿJ,蜡烛,1
3162,124,1AJ xɔ+,垮了,1
3163,124,1ɔ+,①撑子 ②个,2
3164,124,1ɔ+ pw+,监狱,1
3165,124,1ɔ7,①虎 ②着(用在动词后面作嘱咐语的语气),2
3166,124,1ɔ7 Zɛi+ mɔ+ pi+,猎虎舞,1
3167,124,1ɔ7 dziJ mɔ+,猛虎,1
3168,124,1ɔ7 dɔ+,虎月(农历正月),1
3169,124,1ɔ7 dɔ+ tshɿ+ ŋɔ7,正月十五,1
3170,124,1ɔ7 ghɔJ,寅(属虎年),1
3171,124,1ɔ7 mɔ+,母虎,1
3172,124,1ɔ7 pɔ7,公虎,1
3173,124,1ɔ7 tʂhi+ du+,虎脚迹,1
3174,124,1ɔ7 tʂi+,虎皮,1
3175,124,1ɔ7 tʂi+,虎牙,1
3176,125,1ɔ+ 1ɔ+,几乎；差点儿,1
3177,125,1ɔ+ Xɯ+,麝香,1
3178,125,1ɔ+ dʑiJ,阻拦,1
3179,125,1ɔ+ o7,老挝,1
3180,125,1ɔ+ thɯ+,锤,1
3181,125,1ɔ+ thɯ+ tʂi7 Sɔ+,严厉指责,1
3182,125,1ɔ+ thɯ+ ʑɛiJ mɔ+ tʂi7,打夯,1
3183,125,1ɔ+ ʑi+ mɔ+,蟒,1
3184,125,1ɔJ,①黄牛(古语) ②两(量词) ③香椿,3
3185,125,1ɔJ 1i+,牛担子(牛拉东西时架在牛脖子上的木杠),1
3186,125,1ɔJ Sɿ+,椿木,1
3187,125,1ɔJ Sɿ+ thɿJ tɿ+,一棵香椿树,1
3188,125,1ɔJ bu+,公牛,1
3189,125,1ɔJ dɔJ,茶叶,1
3190,125,1ɔJ niJ,陆良(县名),1
3191,125,1ɔJ nɿ7,牛鞅(牛脖绳),1
3192,125,1ɔJ phAJ tsi+,中年人,1
3193,125,1ɔJ pɛi+,茶壶,1
3194,125,1ɔJ tshÃ+,①采茶 ②摘香椿,2
3195,125,1ɔJ tsi+,椿树,1
3196,125,1ɔJ tu+,牛鞭子；鞭子,1
3197,125,1ɔJ tʂi+,茶水,1
3198,125,1ɔJ tʂi+ dɔJ mɔ+,浓茶,1
3199,125,1ɔJ tʂi+ tʂi+,泡茶,1
3200,125,1ɔJ tʂi+ tʂi7,喝茶,1
3201,125,1ɔJ ʑiJ tʂAJ,挺好,1
3202,125,tshɔJ thɿJ 1ɔJ,一两盐,1
3203,126,1o+,①轻 ②里(附在哪的后面表示处所),2
3204,126,1o+ Si7,似乎；类似；相似；好像,1
3205,126,1o+ Sɔ+,罗唆,1
3206,126,1o+ phɛi+ phɛi+,轻巧,1
3207,126,1o+ phɛiJ nɿ+ zɔJ,轻便,1
3208,126,1o+ phɛiJ phɛiJ,轻飘飘,1
3209,126,1o+ thɿ+ nɿ+ zɔJ,轻快,1
3210,126,1o+ xɔ+,减轻,1
3211,126,1o7,牧；放,1
3212,126,1oJ,①溢 ②石(容量单位，市石的通称),2
3213,126,1ɔJ,(字头),1
3214,126,1ɔJ ghɔJ,连枷(一种脱粒工具),1
3215,126,1ɔJ hw7,骗子,1
3216,126,1ɔJ hɔ+,笠帽,1
3217,126,1ɔJ tɔ+ lɿ+,捞起来,1
3218,126,1ɔJ tɔJ mɔJ fÃJ,劳动模范,1
3219,126,1ɔJ tɛi+ mɔJ dɛiJ,捞不到,1
3220,126,1ɔJ tʂhɿJ,犁铧,1
3221,126,1ɔJ tʂɿ+,醃椿(一种食物),1
3222,126,1ɔJ xÃ+ zɔJ,茶杯,1
3223,126,1ɔJ ŋɛi+,傻瓜,1
3224,126,1ɔJ ŋɛi+ 1ɔJ tʂhiJ,傻里傻气,1
3225,126,1ɔJ ŋɛi+ mɔ+,愚蠢,1
3226,126,1ɔJ ʑɛi+,扁叶草,1
3227,126,dʑɿJ 1o7 tsho+,牧,1
3228,127,1o+,石,1
3229,127,1o+ 1ɔ7 mɔ+,大石狮子,1
3230,127,1o+ 1ɔ7 zɔJ,小石狮子,1
3231,127,1o+ 1ɛi+ zɔJ,碎石子,1
3232,127,1o+ Sɿ7,磨石,1
3233,127,1o+ SɿJ,石子,1
3234,127,1o+ Vi+,石花(附在石头上的一种植物),1
3235,127,1o+ Vɛi+ dziJ,石缸,1
3236,127,1o+ bɿ+,①大石头 ②石堆,2
3237,127,1o+ dzɛi+ tsho+,石匠,1
3238,127,1o+ dɔJ lɛi+ mɔ+,石碾子,1
3239,127,1o+ dɛi+ gw+,石阶,1
3240,127,1o+ dɿJ li+ tʂhi+ ʑi+,基石镶墙基,1
3241,127,1o+ gɛi+ mɔ+,石林,1
3242,127,1o+ gɿJ 1o+ gɛi+,石头林立,1
3243,127,1o+ me7 nɯ+ mɔ+,壁虎,1
3244,127,1o+ mu+,石灰,1
3245,127,1o+ muJ tʂi+,路美邑(地名),1
3246,127,1o+ mɔ+,石头,1
3247,127,1o+ phiJ dɛi+,石板,1
3248,127,1o+ pɿ+,石碑,1
3249,127,1o+ to7,石阶,1
3250,127,1o+ tsw+,石桥,1
3251,127,1o+ tɖe+,石块,1
3252,127,1o+ tɿ+,岩层,1
3253,127,1o+ tʂhi+,石脚,1
3254,127,1o+ tʂʰɛiJ,小石子,1
3255,127,1o+ tʂʰɛiJ mɛi+,沙石地,1
3256,127,1oJ Zɛi+,荫影,1
3257,127,1oJ dɛi+,涨(发水),1
3258,127,1oJ tʂi+ 1ɔ7 lɿ+ dzɔJ,日蚀(老虎吃太阳),1
3259,127,1oJ tʂi+ dɔ+,日出,1
3260,127,1oJ tʂi+ dɔJ,日光照射,1
3261,127,1oJ tʂi+ mɔ+,太阳,1
3262,127,1oJ tʂi+ tɖɿ+,日落；太阳落,1
3263,127,gɔJ mɔ+ thɿJ 1oJ,一石荞子,1
3264,128,1o+,掷；扔；抛；丢,1
3265,128,1o+ duJ,箩筐,1
3266,128,1o+ dɔJ,丢开,1
3267,128,1o+ xɔ+,丢掉,1
3268,128,1oJ,①成(成为) ②够 ③充足 ④满意 ⑤沉(往下落),5
3269,128,1oJ 1oJ fẽ+,六六粉,1
3270,128,1oJ 1ɔ7,构成,1
3271,128,1oJ A+,够了,1
3272,128,1oJ tu+,龙灯,1
3273,128,1oJ tu+ gɔ+,耍龙灯,1
3274,128,1oJ tʂi7 SɿJ mɔ+,花生,1
3275,128,1uJ,(字头),1
3276,128,1uJ thɯJ lɿ+,暴露,1
3277,128,1uJ ʑɛiJ,路线,1
3278,128,1ɿ+,(字头),1
3279,128,1ɿ+ 1ɿ+,慢慢地,1
3280,128,1ɿ+ 1ɿ+ ku+,缓办,1
3281,128,1ɿJ,锥(动),1
3282,128,1ɿJ dɿ+,锥通,1
3283,128,1ɿJ gw+,进来,1
3284,128,1ɿJ gw+ 1ɿJ thɯJ,出出进进,1
3285,128,1ɿJ gw+ lɿ+,请进来,1
3286,128,1ɿJ gw+ ʐɔ+,入口,1
3287,128,1ɿJ gw+ ʑi+,进去,1
3288,128,1ɿJ gɿ+,柜子,1
3289,128,1ɿJ thɯJ,出现,1
3290,128,1ɿJ thɯJ ʑi+,出去,1
3291,129,1iA7,(字头),1
3292,129,1iA7 1ɿ+,料理,1
3293,129,1iA7 tsi+,材料,1
3294,129,1iAJ,来(原来的来),1
3295,129,1w+,度,1
3296,129,1w+ 1w+,正在,1
3297,129,1w+ 1w+ mu+ dɛiJ,狠狠地打,1
3298,129,1w+ dɛi+ gɿ+,木梯子,1
3299,129,1w+ fɯ+,卤腐,1
3300,129,1w7,喜欢,1
3301,129,1w7 1w7 kw+ kw+,喜喜欢欢,1
3302,129,1w7 1w7 kw+ kw+ Sɔ+ thɿJ ʐɔ+ tsi7,欢聚一堂,1
3303,129,1w7 dɿ+,路南(县名),1
3304,129,1w7 dɿ+ 1ɛi+,路南城,1
3305,129,1w7 dɿ+ ZɛiJ tʂhɯJ ɛJ mɛiJ ʑiJ kuAJ 1i+,路南彝族自治县,1
3306,129,1w7 gɔ+ lɿ+,光临,1
3307,129,1wJ,个(专作三以下的量词),1
3308,129,1wJ 1wJ,完全；全部,1
3309,129,1wJ 1ɛi+,整个,1
3310,129,1wJ 1ɛi+ mu+,毛重,1
3311,129,1wJ mu+,囫囵,1
3312,129,1wJ mu7 1wJ thɿ+,巨大,1
3313,129,1wJ thɿ+ mu+,大的圆木,1
3314,129,1wJ to+ 1wJ to+ mu+,囫囵吞枣,1
3315,129,tʂiJ 1iAJ,原来,1
3316,130,1iAJ,(字头),1
3317,130,1iAJ biJ,量给,1
3318,130,1iAJ i?Ã+ ZɛiJ tʂhɯJ tsiJ tʂiJ tʂu+,凉山彝族自治州,1
3319,130,1iAJ phiA7,粮票,1
3320,130,1iAJ tɛi+,凉着,1
3321,130,1iAJ ʐɔJ,清凉,1
3322,130,1iAJ ʑi+ tʂʰɛi+,凉快,1
3323,130,1iAJ ʑiJ tʂuJ,粮食局,1
3324,130,1iuJ,(字头),1
3325,130,1iuJ ʔA7 tʂʰɛiJ,刘少奇,1
3326,130,ɿ+ mɛi+ 1o+ tɿ+ 1iAJ tʂu7 khɿ+ thɿJ tʂʰɛi+ ʐɔ+ ŋɛi+,这块地原来就是那个村的,1
3327,131,tsi7,独,1
3328,131,tsi7,美丽；漂亮；好看,1
3329,131,tsi7,①麻 ②浆(动词) ③购置,3
3330,131,tsi7 1ɿ7,孤独,1
3331,131,tsi7 Sɿ7,播麻种,1
3332,131,tsi7 Vi+,①麻的雄株 ②麻开的花,2
3333,131,tsi7 dlɿ+,踩麻(洗麻的一种方法),1
3334,131,tsi7 du+ khwA7,麻布褂子,1
3335,131,tsi7 dɔ+,麻布衣服,1
3336,131,tsi7 dʑiJ,剝麻,1
3337,131,tsi7 khɔ+,条锄(农具),1
3338,131,tsi7 mɔ+,麻子,1
3339,131,tsi7 phɔ+,麻布,1
3340,131,tsi7 phɔ+ nAJ ʑɿJ mɔ+,大针,1
3341,131,tsi7 phɔ+ phɛ+,麻袋,1
3342,131,tsi7 phɛ+,麻袋,1
3343,131,tsi7 pɛ+ dziJ,栗壳刺,1
3344,131,tsi7 pɛ+ mɔ+,板栗,1
3345,131,tsi7 pɛ+ tsi+,板栗树,1
3346,131,tsi7 thɛJ,麻线团,1
3347,131,tsi7 tse7,绩麻,1
3348,131,tsi7 tsi7 gÃ gÃ,花花绿绿,1
3349,131,tsi7 tɔ7,购置,1
3350,131,tsi7 ʑiJ tɔ+,麻杆(剝过皮的麻杆),1
3351,132,tsi+,①棵(量词) ②密,2
3352,132,tsi+ nɿ7 tsi+ leJ,房前屋后,1
3353,132,tsi7,①节子 ②咳 ③界,3
3354,132,tsi7,①遇 ②捆(量词),2
3355,132,tsi7 SɿJ,炭；煤炭；木炭；焦炭,1
3356,132,tsi7 SɿJ dwJ,采煤,1
3357,132,tsi7 SɿJ dwJ ʐɔ+,煤矿,1
3358,132,tsi7 SɿJ nɿ7 nÃ+,原煤,1
3359,132,tsi7 bɿ+,汇合；集拢,1
3360,132,tsi7 de+,拔节,1
3361,132,tsi7 he+,口痰,1
3362,132,tsi7 he+ ph?ʑJ,吐痰,1
3363,132,tsi7 he+ ph?ʑJ dlw+ tu+,痰盂,1
3364,132,tsi7 nɔ+,咳嗽病,1
3365,132,tsi7 nɔ+ tsiJ,止咳药,1
3366,132,tsi7 pu+,骨节,1
3367,132,tsi7 tpe+,麻绳,1
3368,132,tsi7 tpe7,煮麻,1
3369,132,tsi7 tphɯ+ tʂɔ+,麻线,1
3370,132,tsi7 tsA7,结头,1
3371,132,tsi7 tɛi+,相遇；碰见,1
3372,132,tsi7 tʂɿ+,脱节,1
3373,132,tsi7 ʐɯJ tɔ+,麻杆,1
3374,132,tsi7 ʑeJ ku+,纺织(纺、绩、织麻的通称),1
3375,133,tsi+ dlɔ+,融洽,1
3376,133,tsi+ dzɿ+,门前(古语),1
3377,133,tsi+ nw7 ʐwJ,门前,1
3378,133,tsi+ ʑe7 1i+,院子；天井,1
3379,133,tsiJ,挤,1
3380,133,tsiJ pw7,挤倒,1
3381,133,tsiJ tɯJ,自觉,1
3382,133,tsiJ tʂiJ,自治,1
3383,133,tsiJ ʑɿJ,自由,1
3384,133,tsɛi+,①迎接 ②芒,2
3385,133,tsɛi+ 1ɛi+ mɔ+,铃子,1
3386,133,tsɛi+ dlɔJ,发亮,1
3387,133,tsɛi+ dɔ+ lɿ+,迎接,1
3388,133,tsɛi+ dʑɿ+ mu+,准备；筹备,1
3389,133,tsɛi+ nɛi+ tɛi+ nɛi+ tʂhɛ+,一闪一闪(星火),1
3390,133,tsɛi+ pɛ+ tʂu 列,资本主义,1
3391,133,tsɛi+ tsi+,桌子,1
3392,133,tsɛi+ tsi+ mɛi+ nɛi+ zɔJ,小桌子,1
3393,133,tsɛi+ tsi+ pAJ tw+,桌椅,1
3394,133,tsɛi+ tsi+ pw+ tɛi+,桌子边缘,1
3395,133,tsɛi+ tsi+ ʑɛi+ mɔ+,长桌,1
3396,133,tsɛi+ xɔ+,迎送,1
3397,133,tsɿ+,①剩 ②边,2
3398,133,tsɿ+,①十(专指二十和七十的十),1
3399,133,tsɿ+ tɔ7,余下,1
3400,134,tsA7,①撞 ②逢,2
3401,134,tsA7 nɔ+,撞伤,1
3402,134,tsA7 phi7,撞坏,1
3403,134,tsA7 tɛi+,撞着；碰着；遇着,1
3404,134,tse7,①绩 ②收,2
3405,134,tse7 biJ,传递；递送,1
3406,134,tse7 du+,接头处,1
3407,134,tse7 dʑiJ,接受；接收,1
3408,134,tse7 pe+,接连；衔接,1
3409,134,tse7 ɛJ nɛi+,再；继续,1
3410,134,tseJ,(字头),1
3411,134,tseJ ʐw7,责任,1
3412,134,tseJ ʐw7 tʂo+,有责,1
3413,134,tsɿ+ fɛi+,把湿衣服挂起来滴水的专用词,1
3414,135,tsA+,①握 ②捆(量词) ③满,3
3415,135,tsA+,霹,1
3416,135,tsA+ dʑiJ,捏住,1
3417,135,tsA+ pe+,捏拢,1
3418,135,tsA+ tsA+ mu+,干脆,1
3419,135,tsAJ,①聚积；攒 ②移,2
3420,135,tsAJ bɿ+,囤积,1
3421,135,tsAJ hɔ+ tsAJ hɔ+ mu+,掺杂,1
3422,135,tsAJ tsi+,挨近,1
3423,135,tsAJ tɔ7,积累,1
3424,135,tsAJ ʐɔ+ 1e+,移动,1
3425,135,tsɔ+,①饭 ②窝,2
3426,135,tsɔ+ pi7,祸害,1
3427,135,tsɔ+ pi7 ʑi+ dʑe+ gw+ tu+,祸根,1
3428,135,tsɔ+ pÃ+,饵饩,1
3429,135,tsɔ7,①发(芽) ②桩,2
3430,135,tsɔ7,挥霍,1
3431,135,tsɔ7 gw+ tsɔ7 ne+ tʂhi+,花完用尽(指钱财),1
3432,135,tsɔ7 khw+,芽,1
3433,136,tsɔ+ Se7,蒸饭,1
3434,136,tsɔ+ Sɿ7 pe+,饭碗,1
3435,136,tsɔ+ SɿJ,粮食,1
3436,136,tsɔ+ SɿJ Vɛi+ tɛi+,囤粮,1
3437,136,tsɔ+ SɿJ tsɔ+ dʑiJ,杂粮,1
3438,136,tsɔ+ SɿJ tsɔ+ mɔ+,粮食,1
3439,136,tsɔ+ VuJ ʐɔ+,售饭处；食堂,1
3440,136,tsɔ+ buJ dʑe+,冷饭,1
3441,136,tsɔ+ bɔ+,饭箩,1
3442,136,tsɔ+ de+ ʑi+,米汤,1
3443,136,tsɔ+ dlw+,盛饭,1
3444,136,tsɔ+ dpe+,午饭,1
3445,136,tsɔ+ dzɔJ,吃饭,1
3446,136,tsɔ+ dzɔJ tu+,餐具,1
3447,136,tsɔ+ dzɔJ ŋɯJ,剩饭,1
3448,136,tsɔ+ dzɔJ ʐɔ+,饭堂,1
3449,136,tsɔ+ ghwJ nɔ+,噎食,1
3450,136,tsɔ+ ghɿJ,添饭,1
3451,136,tsɔ+ kɔ+ dzɔJ,就饭(下饭菜),1
3452,136,tsɔ+ me7,乞丐,1
3453,136,tsɔ+ me7 dzɔJ,讨饭,1
3454,136,tsɔ+ mu+,做饭,1
3455,136,tsɔ+ mu+ hɛ+,厨房,1
3456,136,tsɔ+ mu+ mu7 khwJ,炊烟,1
3457,136,tsɔ+ mu+ mɛi+ Sɛi+,洗锅刷,1
3458,136,tsɔ+ mu+ tsho+,炊事员,1
3459,136,tsɔ+ mɔ+,粮食,1
3460,136,tsɔ+ mɛi+,饭熟,1
3461,136,tsɔ+ mɛi+ mɔ+,熟饭,1
3462,136,tsɔ+ mɿ7,焖饭,1
3463,136,tsɔ+ nw7,搓疙瘩饭(把面渗水搓成颗粒状),1
3464,136,tsɔ+ nÃ+,粥；稀饭,1
3465,136,tsɔ+ phiJ tʂʰɛi+,土堡,1
3466,136,tsɔ+ pɔ+,馒头,1
3467,136,tsɔ+ theJ,端饭,1
3468,136,tsɔ+ tsi+,禾苗,1
3469,136,tsɔ+ tsi+ nwJ tɔ+ lɿ+ nɛi+,芒种(节令),1
3470,136,tsɔ+ tɖe7,①稀饭 ②煮饭,2
3471,136,tsɔ+ tʂAJ,丰产,1
3472,136,tsɔ+ tʂɔ7,喂饭,1
3473,136,tsɔ+ ŋɿ7 mɔ+,锅巴,1
3474,136,tsɔ+ ʑi+ pu+,泡饭(汤水泡饭),1
3475,136,tsɔ+ ʑɿ+,献饭(专指祭祀献饭),1
3476,137,tso7,唱,1
3477,137,tso7,(字头),1
3478,137,tso7 +sho+,演员,1
3479,137,tso7 Sɿ7 Sɿ7 pɿJ,歌本,1
3480,137,tso7 dʑiJ ʑɛi+ dʑiJ gw+,①又唱又笑 ②天真活泼,2
3481,137,tso7 khuJ,歌声,1
3482,137,tso7 lɿ+ zɔJ,衙役,1
3483,137,tso7 mɿJ ʑi+,歌曲,1
3484,137,tso7 ne+,看戏,1
3485,137,tso7 ne+ duJ,剧场,1
3486,137,tso7 nɛi+ Sɔ+,动听,1
3487,137,tso7 tso7 be+,乱说,1
3488,137,tso7 tso7 mu+,违法乱纪,1
3489,137,tso7 tʂAJ,精彩,1
3490,137,tso7 zɔJ,演员,1
3491,137,tso7 zɔJ,伶人,1
3492,137,tsoJ,(字头),1
3493,137,tsoJ,①调皮 ②撮(量词),2
3494,137,tsoJ fõ+,作风,1
3495,137,tsoJ mɿJ,作法,1
3496,137,tsoJ tɯiJ,纵队,1
3497,137,tsoJ ʑi+ tʂʰɛi+,很调皮,1
3498,137,tsõ+,(字头),1
3499,137,tsõ+ lɿ+,总理,1
3500,137,tsɛi+,煨,1
3501,137,tsɛi+ de+,开水沸腾,1
3502,138,tsu+,(字头),1
3503,138,tsu+ dlw+ lɿ+,租入,1
3504,138,tsu+ gɔJ,租种,1
3505,138,tsu+ kw+ tsho+,组员,1
3506,138,tsu+ kɔJ,祖国,1
3507,138,tsu+ phuJ,租金,1
3508,138,tsu+ thɯJ,出租,1
3509,138,tsu+ tʂÃ+,组长,1
3510,138,tsu+ zwJ,租用,1
3511,138,tsuJ,(字头),1
3512,138,tsuJ,塞,1
3513,138,tsuJ dʑiJ,阻塞,1
3514,138,tsuJ dʑiJ,堵住,1
3515,138,tsuJ dʑiJ 1ɔ7,堵住,1
3516,138,tsw+,①双 ②架(量词) ③对(量词) ④副(量词),4
3517,138,tsw+,①做 ②砌 ③桥 ④商议,4
3518,138,tsw+ kɔ+,争执,1
3519,138,tsw7,①锯子 ②挣 ③犟,3
3520,138,tsw7 SwJ,锯齿,1
3521,138,tsw7 Sɿ7 tu+,锉子,1
3522,138,tsw7 de+,攀登,1
3523,138,tsw7 dlwJ,挣脱,1
3524,138,tsw7 dʑi+,挣脱,1
3525,138,tsw7 dʑiJ,挣扎,1
3526,138,tsw7 ghɔ+,①犟 ②勤劳,2
3527,138,tsw7 ʑɔJ,锯片,1
3528,138,tsõ+ luJ ʑɛiJ,总路线,1
3529,138,tsõ+ tʂɔJ,宗教,1
3530,138,tsɿ+,次(专用作锤击的量词),1
3531,138,tsɿ+ mu+,顶替,1
3532,138,tsɿJ,(字头),1
3533,138,tsɿJ ʑi+ tʂʰɛi+,很窄；很狭小,1
3534,139,tsui7,(字头),1
3535,139,tsui7 dwJ,犯罪,1
3536,139,tsw+ dlɔ+,达成协议,1
3537,139,tsw+ gwJ mu+,协商；商议；讨论,1
3538,139,tsw+ gwJ ʑe+ Sɿ7 tʂi7,生死同盟,1
3539,139,tsw+ gɿ+,架桥,1
3540,139,tsw+ tÃJ,搭桥,1
3541,139,tsw+ ʑɛiJ mɔ+,大桥,1
3542,139,tswJ,走(表示提醒),1
3543,140,tshi+,①油(动物油) ②肥 ③钱(量词) ④引(火) ⑤清 ⑥捞,6
3544,140,tshi+ 1?ẽ+,炼油,1
3545,140,tshi+ buJ tshi+ de+,油重,1
3546,140,tshi+ du+ du+,胖乎乎,1
3547,140,tshi+ dɔ+ lɿ+,请杀,1
3548,140,tshi+ mɿJ,清明(节令),1
3549,140,tshi+ pu7 tshi+ dẽJ,油荤大,1
3550,140,tshi+ pɔ+,油渣,1
3551,140,tshi+ pɿJ tshi+ duJ,形容满身都是油垢,1
3552,140,tshi+ tshɔJ,油盐,1
3553,140,tshi+ tshɔJ kɔ+ ʐɔJ,荤菜,1
3554,140,tshi+ tÃ+,吝啬,1
3555,140,tshi+ tÃ+ lɿ+,①胖起来 ②捞上来,2
3556,140,tshi+ tÃ+ mɔ+,吝啬人,1
3557,140,tshi+ ʑi+,油水,1
3558,140,tshi7,(字头),1
3559,140,tshi7 duJ,厕所,1
3560,140,tshi7 gw+,洗脸盆,1
3561,140,tshiJ,①洗 ②淘 ③噎 ④阻,4
3562,141,tshi+,①断 ②闭 ③捏,3
3563,141,tshi+ dʑiJ,捏住,1
3564,141,tshi+ pe+,捏拢,1
3565,141,tshi+ xɔ+,断了,1
3566,141,tshiJ,①代(古语) ②掐,2
3567,141,tshiJ Si7,窒息；闷死,1
3568,141,tshiJ Si7 pe+,瓷碗,1
3569,141,tshiJ Xɔ+,洗干净,1
3570,141,tshiJ boJ,淋巴结核,1
3571,141,tshiJ bwJ nw+,腥臭；腥味,1
3572,141,tshiJ bɿJ ne+ bɿJ,杂乱,1
3573,141,tshiJ dlɔ+,脏,1
3574,141,tshiJ dlɛ+ gw+,充满,1
3575,141,tshiJ dzɔJ,幸运,1
3576,141,tshiJ gw+,洗完了,1
3577,141,tshiJ mɛi+,龙竹,1
3578,141,tshiJ nɔ+,肺病；痨病,1
3579,141,tshiJ nɔ+,掐痛了,1
3580,141,tshiJ pe+,塞住,1
3581,141,tshiJ thɔJ,冬季,1
3582,141,tshiJ thɔJ tɔ+ lɿ+ nɛi+,立冬(节令),1
3583,141,tshiJ thɔJ tʂhi+ nɛi+,冬至(节令),1
3584,141,tshiJ tshiJ dɿJ dɿJ,哭哭啼啼,1
3585,141,tshiJ tshiJ nÃ nÃ,吃零食,1
3586,141,tshiJ tu+,塞子,1
3587,141,tshiJ tɛi+,噎食,1
3588,141,tshiJ tʂhiJ,塞,1
3589,141,tshiJ tẽ+,词典,1
3590,141,tshiJ ʑÃ+,掐破,1
3591,141,tshɿ+,①十,1
3592,142,tshA7,①呛 ②熏 ③伤 ④淹,4
3593,142,tshe7,跄,1
3594,142,tsheJ,(字头),1
3595,142,tsheJ gw+,拆完拆尽,1
3596,142,tsheJ xuA7,策划,1
3597,142,tsheJ xɔ+,拆掉,1
3598,142,tshɛ+,①猜 ②请,2
3599,142,tshɛ+ dɔ+ lɿ+,请来,1
3600,142,tshɛ+ gɔ+,猜谜语,1
3601,142,tshɛ+ tsi7,谜语,1
3602,142,tshɛ+ tsi7 tshɛ+,猜谜语,1
3603,142,tshɛ+ tɛi+,①猜中(谜语) ②聘请,2
3604,142,tshɿ+ dɔ+,十个月,1
3605,142,tshɿ+ lwJ,十个,1
3606,142,tshɿ+ lwJ mɔJ bɔJ,十多个,1
3607,142,tshɿ+ lɿ+,下来,1
3608,142,tshɿ+ lɿ+ tshɿ+ lɿ+,细雨；毛毛雨,1
3609,142,tshɿ+ niJ,十二,1
3610,142,tshɿ+ nɛi+,十天,1
3611,142,tshɿ+ t?ʂi ŋɔ7 mɔJ tʂi+,问题的根源,1
3612,142,tshɿ+ thɿJ,十一,1
3613,142,tshɿ+ thɿJ dɔ+,十一个月,1
3614,142,tshɿ+ thɿJ nɛi+,十一天,1
3615,142,tshɿ+ tʂɔ7,十元,1
3616,142,tshɿ+ ʐɔ+,十个人,1
3617,142,tʂhA+ o7 tshe7 khɯ+ o7 xɔ+,踉跄,1
3618,143,tshA+,采,1
3619,143,tshA+ gw+,采完采尽,1
3620,143,tshA7 Si7,熏死,1
3621,143,tshA7 dɔJ,讽刺,1
3622,143,tshA7 tɛi+,①被淹 ②被呛 ③被熏,3
3623,143,tshA7 ʑi+,淹死,1
3624,143,tshAJ,擦,1
3625,143,tshAJ dɛi+,磨通,1
3626,143,tshAJ lÃ tsi+ mɔ+,葵花子,1
3627,143,tshAJ tu+,擦子,1
3628,143,tshAJ xɔ+,揩掉,1
3629,143,tshɔ+,热,1
3630,143,tshɔ+ ʑi+ tʂʰɛi+,炎热,1
3631,143,tshɔ+ ʑɿ+,操心,1
3632,143,tshɔJ,盐,1
3633,143,tshɔJ dɔ7,喂盐(专指喂牲口),1
3634,143,tshɔJ kɔ+ lɿJ,①盐重 ②严重,2
3635,143,tshɔJ kɔ+ tʂi+,菜汤,1
3636,143,tshɔJ lo+ phiJ,盐臼,1
3637,143,tshɔJ mu+,盐巴,1
3638,143,tshɔJ ti7,春盐,1
3639,143,tshɔJ ti7 tu+,捧头(春盐用具),1
3640,143,tshɔJ tʂi+,盐水,1
3641,144,tsho+,人,1
3642,144,tsho+ VuJ mɔ+,疯子,1
3643,144,tsho+ Vɿ+ tsho+ ghwJ,尔虞我诈,1
3644,144,tsho+ du7,埋葬,1
3645,144,tsho+ duJ,发誓人,1
3646,144,tsho+ dɛiJ,打人,1
3647,144,tsho+ ho+ mɔ+,有钱人；富裕户,1
3648,144,tsho+ moJ,老人；老年人,1
3649,144,tsho+ moJ phiJ,祖先；古代,1
3650,144,tsho+ moJ phiJ ŋ?ɛi+ ʑi+,古迹,1
3651,144,tsho+ moJ xɔ+,人老了,1
3652,144,tsho+ moJ zɔJ,中年人,1
3653,144,tsho+ mɛi+,人名,1
3654,144,tsho+ mɛi+ nɛi+ mɔ+,矮人,1
3655,144,tsho+ nɛi+ hɛ+,住房,1
3656,144,tsho+ nɛi+ mɔ+,人心,1
3657,144,tsho+ phɔJ,成年人,1
3658,144,tsho+ phɔJ tsi7,光棍汉；鳏,1
3659,144,tsho+ thɿJ nɔ7 mɔ+,众人；很多人,1
3660,144,tsho+ thɿJ tʂhi+,欺人,1
3661,144,tsho+ thɿJ xɛi7,客人,1
3662,144,tsho+ tu+ mɔ+,老实人,1
3663,144,tsho+ tɿ7 lwJ mɔ+,呆子,1
3664,144,tsho+ tɿ7 ʑi+,逮捕(人),1
3665,144,tsho7,(字头),1
3666,144,tsho7 Vu7,错误,1
3667,144,tsho7 Vu7 dwJ,犯错误,1
3668,144,tsho7 ʐɔ+,缺点,1
3669,145,tsho+ 1e7 mɔ+,麻风病人,1
3670,145,tsho+ 1o7 mɔ+,慌乱(人),1
3671,145,tsho+ 1ɛi+ 1i+ mɔ+,懒人,1
3672,145,tsho+ JeJ mɔJ lɔJ,人手不足,1
3673,145,tsho+ SA7 tsho+,熟人,1
3674,145,tsho+ Si+ mɔ+,活人,1
3675,145,tsho+ SwJ mɔ+,节俭的人,1
3676,145,tsho+ dAJ kw7 mɔ+,仙人,1
3677,145,tsho+ de7,小伙子,1
3678,145,tsho+ de7 AJ mɛiJ de7 gɔ+,谈恋爱,1
3679,145,tsho+ dziJ mɔ+,陌生人,1
3680,145,tsho+ dɔ+,鬼,1
3681,145,tsho+ dɔ+ dɔJ,谎话；鬼话,1
3682,145,tsho+ dɔ+ dɔJ ne+,作鬼脸,1
3683,145,tsho+ dɔ+ mwJ tu7,磷火,1
3684,145,tsho+ lɔJ ŋɛi+ mɔ+,傻子,1
3685,145,tsho+ ne+ ʑÃ mɔ+,盲人,1
3686,145,tsho+ nɔ+ mɔ+,病人；伤员,1
3687,145,tsho+ nɔ7 nɔ7,人多意见多,1
3688,145,tsho+ nɔ7 nɔ7 mu+ 1ɛi+ tsho+ ʑoJ tshiJ dzɔJ 1ɛi+,人多好做活，人少好吃饭,1
3689,145,tsho+ nɛi+ Se+ mɔ+,恶人,1
3690,145,tsho+ nɛi+ de+ mɔ+,坏人,1
3691,145,tsho+ tshiJ dw+ mɔ+,胖子,1
3692,145,tsho+ tsi7 tsho phɔJ,①鳏夫 ②光棍汉,2
3693,145,tsho+ tsi7 tsho thɿJ,孤独,1
3694,145,tsho+ tɯ+,帮工；雇佣,1
3695,145,tsho+ ʑi7 mɔ+,懒人,1
3696,146,tsho+ Ku7 mɔ+,野蛮的人,1
3697,146,tsho+ Xw7 tsho+ dzɔJ,诈骗；讹诈,1
3698,146,tsho+ Xw7 tsho+ tA7,吓人,1
3699,146,tsho+ XɔJ,杀人,1
3700,146,tsho+ ZɛiJ ʐɔ+,卧室,1
3701,146,tsho+ dʑɔJ,骂人,1
3702,146,tsho+ gu+ mɔ+,瘦子,1
3703,146,tsho+ gɔ+,亲戚,1
3704,146,tsho+ gɔ7 mɔ+,野人,1
3705,146,tsho+ tphwJ mɔ+,坏蛋,1
3706,146,tsho+ tɯ+ tɔ7,雇长工,1
3707,146,tsho+ tɯ7,救人,1
3708,146,tsho+ tʂAJ mɔ+,好人,1
3709,146,tsho+ tʂhɿ+,差人；使人,1
3710,146,tsho+ tʂɛ7,传染,1
3711,146,tsho+ tʂʰɛ+,村子；村庄,1
3712,146,tsho+ ŋɛi tsho+ lwJ,全体,1
3713,146,tsho+ ŋɛi tsho+ lwJ lwJ,所有的人,1
3714,146,tsho+ ʐw+,猿人,1
3715,146,tsho+ ʐɔ+,出生,1
3716,146,tsho+ ʑi+ mɔ+,死人,1
3717,146,tsho+ ʑi+ mɛi+ mɔJ nɛ7,留芳百世；名垂千古,1
3718,146,tsho+ ʑi+ tɯi7 tsi+,挽联,1
3719,146,tsho+ ʑɔ+,找人,1
3720,146,tsho+ ʑɔ7 mɔ+,穷人,1
3721,146,tsho+ ʑɛiJ,父老,1
3722,146,tsho+ ʑɛiJ mɔ+,高大的人；巨人,1
3723,146,tsho+ ʑɛiJ nɛi+ kuA7 kw7,孝敬父母,1
3724,146,tsho+ ʑɿJ,人家(户),1
3725,146,tsho+ ʑɿJ kuAJ tsho+,当家人,1
3726,147,Si+ tshɛJ dʑɔJ kɔ+,挑拨离间,1
3727,147,tsho+ A+ nɛi+,人好,1
3728,147,tsho+ ghe+ mɔ+,英雄；好汉,1
3729,147,tsho+ ghwJ,骗人；说谎；撒谎,1
3730,147,tsho+ ghwJ dɔJ,谎言,1
3731,147,tsho+ ghwJ tsho+ tɔ7,哄人骗人,1
3732,147,tsho+ gɔ+ SiJ,探亲,1
3733,147,tsho+ gɔ+ mu+ nw7,亲友,1
3734,147,tsho+ gɔJ mɔ+,空着手,1
3735,147,tsho+ heJ ʑiJ zɔJ,小青年,1
3736,147,tsho+ hɛ+,①住房 ②骂人(古语),2
3737,147,tsho+ o7,首领；领导,1
3738,147,tsho+ o7 ʑɛiJ mɔ+,高级首长,1
3739,147,tsho+ xe7 Si+,坏家伙,1
3740,147,tsho+ xɛi+ mɔ+,蠢才；笨人,1
3741,147,tsho+ ɛ7,叫人,1
3742,147,tshoJ,挑拨,1
3743,147,tshu+,(字头),1
3744,147,tshu+,头(斧头的头),1
3745,147,tshu+ tshu+ tshɿ+ tshɿ+,偷偷摸摸(小偷动作),1
3746,147,tshu+ ʑɿJ Zɛi tshu+ tsiJ tʂiJ tʂw+,楚雄彝族自治州,1
3747,147,tshu7,(字头),1
3748,147,tshu7 duJ,撮箕,1
3749,147,tshɿJ,(字头),1
3750,147,tshɿJ mɔ+,栗子,1
3751,147,tshɿJ mɔJ zɔ+,莫愁；别伤心,1
3752,147,xÃ+ tshu+,斧头,1
3753,148,tshu+,①挤(奶) ②胀 ③推,3
3754,148,tshu+ Xo7,抬举,1
3755,148,tshu+ Xo7 dɔJ,夸奖,1
3756,148,tshu+ duJ,碓,1
3757,148,tshu+ duJ hɛ+,碓房,1
3758,148,tshu+ dɔ7 mɔ+,皂角,1
3759,148,tshu+ nɿ7,杵(碓杵),1
3760,148,tshu+ phe+,回声(名词),1
3761,148,tshu+ pw7,推倒,1
3762,148,tshu+ ti7,春碓,1
3763,148,tshu+ tshɿ+,推下去,1
3764,148,tshu7,(字头),1
3765,148,tshu7 1oJ,凑足；凑够,1
3766,148,tshu7 pe+,凑拢,1
3767,148,tshuJ,(字头),1
3768,148,tshuJ,①馋 ②贪吃,2
3769,148,tshuJ So7 mɔJ tʂo+,很馋,1
3770,148,tshuJ dʑiJ 1ɔ7,促进,1
3771,148,tshuãJ,堆(动词),1
3772,148,tshuãJ bɿ+,存在一起,1
3773,148,tshuãJ khuĩ+,存款,1
3774,148,tshuãJ kw+,存根,1
3775,148,tshuãJ thɿJ Vɔ+ tɔ7,积存,1
3776,148,tshuĩ+,(字头),1
3777,148,tshuĩ+ tʂÃ+,村长,1
3778,148,xÃ+ tshu+ Vɿ+ Si+ dzi+,用斧头砍柴,1
3779,149,dzi+,男人生殖器,1
3780,149,dziJ,①刺(名词) ②指 ③官 ④凿 ⑤捆(量词) ⑥生(不熟),6
3781,149,dziJ 1o7,恶棍,1
3782,149,dziJ ZɔJ,凿子,1
3783,149,dziJ bw+,刺蓬,1
3784,149,dziJ dA+,砍刺,1
3785,149,dziJ dzA+,夹生(饭),1
3786,149,dziJ dziJ mu+,强行；强迫,1
3787,149,dziJ dɿ+,指明,1
3788,149,dziJ dʑA+,荆条,1
3789,149,dziJ dʑiJ,克制,1
3790,149,dziJ gw+,荆棘,1
3791,149,dziJ mo7,指引,1
3792,149,dziJ moJ,官,1
3793,149,dziJ moJ dɛi7,更换领导人,1
3794,149,dziJ mu7,武官,1
3795,149,dziJ pe+,堆积,1
3796,149,dziJ pɿ+ mu7 leJ,兵慌马乱,1
3797,149,dziJ tde7,被刺戳着,1
3798,149,dziJ thɯJ,指出,1
3799,149,dziJ thɿ+,替代,1
3800,149,dziJ tshy+,指引,1
3801,149,dziJ tɔ7,堆积,1
3802,149,dziJ ʑɛi+,凿通,1
3803,150,dzA+,贼；匪；小偷；强盗,1
3804,150,dzA+ Vɿ+ dzA+ ʑi+ dzJ ɛ7,贼喊捉贼,1
3805,150,dzA+ ZɔJ,小偷；扒手,1
3806,150,dzA+ Zɛi+ mɔ+,群匪,1
3807,150,dzA+ lɿ+ phɛ+,拦路抢劫,1
3808,150,dzA+ nɿ7 dzA+ ne+ dzɔ+,和土匪一模一样,1
3809,150,dzA+ ʑi+,剿匪,1
3810,150,dze+,滴,1
3811,150,dze+ dze+ nɛi nɛi+,褴褛,1
3812,150,dze+ le+,穗子,1
3813,150,dzeJ,挤,1
3814,150,dzeJ dzeJ kɔ+ kɔ+,拥挤,1
3815,150,dzeJ dɛi+ mɔJ dɿJ,水泄不通,1
3816,150,dzeJ mɔJ tɛi+,容纳不下,1
3817,150,dzi+,①砍 ②剁,2
3818,150,dzi+ tshɛi+,砍断,1
3819,150,dziJ,①张(量词) ②辆(量词) ③台(量词) ④架(量词),4
3820,151,dzA+ ZɛiJ mɔ+,土匪,1
3821,151,dzA+ o7,匪首,1
3822,151,dzA+ ŋɔ+ ʑɿ+,仇敌,1
3823,151,dzAJ,编织,1
3824,151,dzAJ ne+ tpe+,织得稀(织得不好),1
3825,151,dzoJ,属于,1
3826,151,dzɔJ,吃,1
3827,151,dzɔJ 1oJ,狗吃,1
3828,151,dzɔJ A+,吃了,1
3829,151,dzɔJ SiJ dzɔJ lɿJ,果子；果类,1
3830,151,dzɔJ SiJ dzɔJ lɿJ dɛi+,园林,1
3831,151,dzɔJ SiJ dzɔJ lɿJ tɛi+,果木,1
3832,151,dzɔJ Xw+,肯吃；爱吃,1
3833,151,dzɔJ Xɔ7,爱吃,1
3834,151,dzɔJ bw+,吃饱,1
3835,151,dzɔJ dzɔJ tʂi7 tʂi7,吃吃喝喝,1
3836,151,dzɔJ dɿJ mu+ mɔJ dɿJ,好吃懒做,1
3837,151,dzɔJ ghɔ+,干粮,1
3838,151,dzɔJ gw+,吃完,1
3839,151,dzɔJ gw+ tʂi7 gw+,吃光喝光,1
3840,151,dzɔJ nɿ7 nɛi+,可口,1
3841,151,dzɔJ phe+ phi7,半饱,1
3842,151,dzɔJ pu+,营养,1
3843,151,dzɔJ tshuJ,贪吃,1
3844,151,dzɔJ tu+,食物,1
3845,151,dzɔJ tu+ Vɛi+ tu+,衣食,1
3846,151,dzɔJ tu+ dzɔJ ʑɔJ,饮食,1
3847,151,dzɔJ tʂi7,伙食,1
3848,151,dzɔJ tʂi7 phuJ,①伙食费 ②旅费,2
3849,152,dzo+,①惯 ②粘,2
3850,152,dzo+ dʑiJ,粘着,1
3851,152,dzo+ nbeJ,粘住,1
3852,152,dzo+ pe+,粘着,1
3853,152,dzw+,①对(量词) ②忌 ③忌讳,3
3854,152,dzw+ XwJ XwJ,整整齐齐,1
3855,152,dzw+ dzoJ,忌讳,1
3856,152,dzw+ dzw+,完全,1
3857,152,dzw+ dzw+ Sɔ+ ʑɛi+,平行,1
3858,152,dzw+ tsh?ẽ,①完整 ②齐全,2
3859,152,dzw+ tɛi+,①齐心 ②整齐,2
3860,152,dzw7,斜(歪斜的斜),1
3861,152,dzwJ,棱,1
3862,152,dzɿJ,①咬 ②些,2
3863,152,dzɿJ mɔ+,花椒,1
3864,152,dzɿJ tshɛi+,咬断,1
3865,152,nw+ dzw7,歪斜,1
3866,152,tsho+ gɔ+ dzoJ,属于我的亲眷,1
3867,153,dzw+,戳,1
3868,153,dzw+ tshɿ+,篡夺,1
3869,153,dzwJ dlɔ+,菱形,1
3870,153,dzwJ dɔ+,棱角,1
3871,153,dzwJ dɿJ,棱角,1
3872,153,nɿ7 1oJ dzwJ pɛi+ xɔ+ zɛi+ zwJ mɔ+ tʂAJ,土坯磨掉了棱就不好用了,1
3873,154,Si7,字,1
3874,154,Si7 SA7,识字,1
3875,154,Si7 Sɔ+,上学；念书,1
3876,154,Si7 Sɔ+ A+ nw+,学生,1
3877,154,Si7 Sɔ+ duJ,教室,1
3878,154,Si7 Sɔ+ hɛ+,学校；校舍,1
3879,154,Si7 Sɔ+ mɛi+,学名,1
3880,154,Si7 Sɔ+ pe+ 1eJ,同学,1
3881,154,Si7 Sɔ+ tsho+,学生,1
3882,154,Si7 Sɔ+ xɔ7,好学(好读书),1
3883,154,Si7 dwJ,放学；放假,1
3884,154,Si7 dɛiJ tu+,打字机,1
3885,154,Si7 dɿJ,高才,1
3886,154,Si7 moJ,教书,1
3887,154,Si7 moJ mɔ+,古文字,1
3888,154,Si7 mɔ+ ne+,文字,1
3889,154,Si7 mɔJ SA7 tsho+,文盲,1
3890,154,Si7 ne+,阅览；看书,1
3891,154,Si7 ne+ zw7,认字,1
3892,154,Si7 ne+ ʑɛiJ mɔ+,大字,1
3893,154,Si7 pA+,字,1
3894,154,Si7 pɿ7,背书,1
3895,154,Si7 pɿJ,课本；书本,1
3896,154,Si7 pɿJ buJ tu+,书包,1
3897,154,Si7 pɿJ tʂhɔ+,抄书,1
3898,154,Si7 pɿJ ŋɔ7,借书,1
3899,154,Si7 pɿJ ʑiJ mɔ+,新书,1
3900,154,Si7 ʑA7 ʐɔ+,课堂,1
3901,155,Si7,①血 ②熏 ③磨(动词) ④相同(像；似),4
3902,155,Si7,们(咱们的们),1
3903,155,Si7 1o+,磨石,1
3904,155,Si7 Si+,口哨,1
3905,155,Si7 Si+ mw+,打口哨；吹口哨,1
3906,155,Si7 Si7,①像不像 ②磨不磨,2
3907,155,Si7 XɔJ,肤色,1
3908,155,Si7 ZeJ,月经,1
3909,155,Si7 bwJ,流血,1
3910,155,Si7 dpɿ+,文史,1
3911,155,Si7 dɔ+,出血,1
3912,155,Si7 dʑiJ,近似,1
3913,155,Si7 ghe+,优等生,1
3914,155,Si7 ghe+,碗箩,1
3915,155,Si7 gɔ+,写字；签字,1
3916,155,Si7 gɔ+ fÃ,书法,1
3917,155,Si7 pe+,碗,1
3918,155,Si7 pe+ mɛi+ dʑi+,碗筷,1
3919,155,Si7 pe+ phi7,破碗片,1
3920,155,Si7 pe+ thɔ+,碗底,1
3921,155,Si7 pe+ zɔJ,小碗(专指小孩用的碗),1
3922,155,Si7 phẽJ,吐血；呕血,1
3923,155,Si7 the+,锋利(刀磨得很锋利),1
3924,155,Si7 tw7,淤血,1
3925,155,Si7 tʂhuĩ+,四川,1
3926,155,Si7 tʂɔ+,血管,1
3927,155,Si7 tʂɛ+ tsho+,邮递员,1
3928,155,Si7 xɔ+ tsho+,邮递员,1
3929,155,Si7 ŋɛi+,血晕(流血过多而死),1
3930,156,Si+,别人,1
3931,156,Si+,①神 ②活 ③牵(拉) ④穿,4
3932,156,Si+ Si7,模仿别人,1
3933,156,Si+ Vɛi+,别家,1
3934,156,Si+ Xw+ dziJ tɛi7,敲诈,1
3935,156,Si+ be+ ʑo7 be+,随声附合,1
3936,156,Si+ be+ ʑo7 mɔJ SA7,对牛弹琴,1
3937,156,Si+ be+ ʑo7 mɔJ be+,乱扯(指说话不对题),1
3938,156,Si+ dw+ dlɛi+,步人后尘,1
3939,156,Si+ fw+,有妇之夫,1
3940,156,Si+ ghwJ,哄别人,1
3941,156,Si+ kuA+ mɔ+,丝瓜,1
3942,156,Si+ kw+ dzɔJ,勒索,1
3943,156,Si+ lɿ+ be+ tʂo+,据说,1
3944,156,Si+ lɿ+ ŋɔ+ mɔJ tʂhi+ zɿ+ ŋɔ+ ne+ Si+ mɔJ tʂhi+,人不犯我，我不犯人,1
3945,156,Si+ mɔJ Si7 1o7,与众不同,1
3946,156,Si+ mɛ7 tʂi7,阿谀奉承,1
3947,156,Si+ mɛi+ tu+,外乡；外地,1
3948,156,Si+ mɛiJ,有夫之妇,1
3949,156,Si+ ne+ 1o7,等待时机；看着别人,1
3950,156,Si+ nɛi+ ʑɛi+,讥笑别人,1
3951,156,Si+ the+ tʂhi+,欺负人,1
3952,156,Si+ tsho+,别人,1
3953,156,Si+ tsi7,私自,1
3954,156,Si+ tÃ 1ɛiJ,斯大林,1
3955,156,Si+ tʂi+ zɔJ,有本事的孩子,1
3956,156,Si+ tʂɿ+ mu+,服侍人,1
3957,156,Si+ tʂɿ+ ʑoJ,负债,1
3958,156,Si+ xɛi+ thɿJ,随同,1
3959,157,Si+ Si+ mu+,活生生,1
3960,157,Si+ VuJ,运销,1
3961,157,Si+ bɔJ,神甫；牧师；神父,1
3962,157,Si+ gɔJ lɿ+,死而复活,1
3963,157,Si+ mɔ+,魔鬼,1
3964,157,Si+ tɔ+,扶植；扶起,1
3965,157,Si+ tɔ+ lɿ+,复活,1
3966,157,SiJ,①果子 ②走(古语),2
3967,157,SiJ Vu+ mɔ+,山楂,1
3968,157,SiJ buJ mɔJ,石榴,1
3969,157,SiJ dlɛi+ mɔ+,火把果(红刺果),1
3970,157,SiJ mu7,五倍子(药名),1
3971,157,SiJ mu7 Si+,五倍子树,1
3972,157,SiJ mɛi+ gɿ7,核桃壳,1
3973,157,SiJ mɛi+ mɔ+,核桃,1
3974,157,SiJ mɛi+ nɛi+,核桃仁,1
3975,157,SiJ mɛi+ tɛi+,核桃树,1
3976,157,SiJ mɛi+ ʑo7 ʑɛi+,核桃油,1
3977,157,SiJ pu7 Sɛi+,多衣树,1
3978,157,SiJ pu7 mɔ+,多衣果,1
3979,157,SiJ pɿJ gu+,柿饼,1
3980,157,SiJ pɿJ mɔ+,柿子,1
3981,157,SiJ pɿJ zɔJ,软枣,1
3982,157,SiJ tɔ7,交朋友,1
3983,157,SiJ tɛi+ mɛi+ tʂʰɛi+ tɛi+ SiJ dɿJ tɛi+ o7 tɔ7,果树长在地上，果子结在树上,1
3984,157,SiJ tʂhi+ SiJ ʑwJ dɛi+,果园,1
3985,157,SiJ tʂhi+ mɔ+,梨,1
3986,157,SiJ tʂhi+ tɛi+,梨树,1
3987,157,tshoJ SiJ tshoJ ʑɛi+ mw+,快快走呀快快走,1
3988,158,SiJ,粒,1
3989,158,SiJ,①肝 ②龙(古语),2
3990,158,SiJ VɛiJ mɔ+,水蛭；蚂蝗,1
3991,158,SiJ bɿJ mɔ+,水蛭；蚂蝗,1
3992,158,SiJ gɛiJ mɔ+,杏子,1
3993,158,SiJ gɛiJ nɛi+ mɔ+,杏仁,1
3994,158,SiJ gɛiJ tɛi+,杏树,1
3995,158,SiJ kɔ+,攀(亲戚),1
3996,158,SiJ kɔ+ mu+,开亲,1
3997,158,SiJ kɔ7,李(姓氏),1
3998,158,SiJ kɔ7 Vɛi+,李子花,1
3999,158,SiJ kɔ7 mɔ+,李子,1
4000,158,SiJ kɔ7 tɛi+,李子树,1
4001,158,SiJ lɿJ gɔ+,心肝,1
4002,158,SiJ lɿJ gɔ+ 1o+,肝脏,1
4003,158,SiJ mw7,天马(传说中的飞马),1
4004,158,SiJ nɔ+,肝炎,1
4005,158,SiJ nɿJ,火星子,1
4006,158,SiJ nɿJ dʑiJ mɔ+,大炭,1
4007,158,SiJ phuJ mɔ+,泡沫,1
4008,158,SiJ phɔJ,主人,1
4009,158,SiJ phɿJ mɔ+,肺,1
4010,158,SiJ phɿJ nɔ+,肺病,1
4011,158,SiJ tʂhi+ SiJ ʑwJ tɛi+,果木树,1
4012,158,SiJ tʂɔ+ mɔ+,鸡滕子果,1
4013,158,SiJ tʂɛ7 Vɛi+,子花,1
4014,158,SiJ tʂɛ7 mɔ+,梅子,1
4015,158,SiJ ŋo7 bw+,梅毒；杨梅疮,1
4016,158,SiJ ŋo7 mɔ+,杨梅,1
4017,158,SiJ ʑwJ Vɛi+,桃花,1
4018,158,SiJ ʑwJ mu7 dɛi+ mɔ+,大桃子,1
4019,158,SiJ ʑwJ mɔ+,桃子,1
4020,158,SiJ ʑwJ tɛi+,桃树,1
4021,158,SiJ ʑwJ zɔJ,毛桃,1
4022,158,SiJ ʑɛi+ mɔ+,黄杨梅果,1
4023,159,Si+,树,1
4024,159,Si+ Vu+ gw+,栎树,1
4025,159,Si+ Vɛi+,树花(附在树上的一种寄生物),1
4026,159,Si+ bw+,木片；木渣；刨花,1
4027,159,Si+ bɛi+,树根,1
4028,159,Si+ bɛi+ ʑɔ7 gw+ XwJ,穷人穷得用树根当作被褥(意为穷人没有被褥夜里烧树根取暖),1
4029,159,Si+ bɿ+,①堆柴 ②柴堆 ③树丛,3
4030,159,Si+ bɿ+ dɛi+,丛林,1
4031,159,Si+ bɿJ ŋe+ mɔ+,啄木鸟,1
4032,159,Si+ dA+,伐木,1
4033,159,Si+ dwJ gɿ+,木盆,1
4034,159,Si+ dɔJ,树叶,1
4035,159,Si+ dɔJ xɛi+,嫩树叶,1
4036,159,Si+ dɛi+,森林,1
4037,159,Si+ dɿ7,树苗,1
4038,159,Si+ fA+ 1ɛi+,木盆,1
4039,159,Si+ moJ,老树,1
4040,159,Si+ mu7,木马,1
4041,159,Si+ mɔ+ 1oJ nɛi+ tɛi+,香樟树,1
4042,159,Si+ mɛiJ dziJ thɿ+,火柴头,1
4043,159,Si+ nw+ khw+,树芽,1
4044,159,Si+ nɛi+ mɔ+,树心,1
4045,159,Si+ pA+ pw+,木棍,1
4046,159,Si+ pheJ,树叶,1
4047,159,Si+ phiJ,木板,1
4048,159,Si+ phiJ bɔJ mɔ+,薄板,1
4049,159,Si+ phiJ thw+,刨木板,1
4050,159,Si+ pu7,①窟窿 ②木桶,2
4051,159,Si+ thɿ+,棺材,1
4052,159,Si+ tÃ pw+,树疙瘩,1
4053,159,Si+ tɔ+,木头,1
4054,159,Si+ tɔ7 khɛiJ,扛木头,1
4055,159,Si+ tɛi+,植树,1
4056,159,Si+ tɛi+ mɔ+,干柴,1
4057,160,Si+ 1eJ tʂɛ+,大齿耙,1
4058,160,Si+ 1oJ thw+ ʑ?ɛi+ mɔ+,榔头,1
4059,160,Si+ Khẽ+ mɔ+,空心树,1
4060,160,Si+ Se7 phw+,木板锅盖,1
4061,160,Si+ Si7 pe+,木碗,1
4062,160,Si+ dzA+,荆条；棍子,1
4063,160,Si+ dʑwJ,楔子,1
4064,160,Si+ dʑwJ dʑwJ,上楔子,1
4065,160,Si+ ghe+ gɔ+ mɔ+,质坚硬的木头,1
4066,160,Si+ kw+ tsho+,木匠,1
4067,160,Si+ kɔ7,柴火；柴,1
4068,160,Si+ kɔ7 dA+,砍柴,1
4069,160,Si+ kɔ7 de+,卸柴,1
4070,160,Si+ kɔ7 gw+,拾柴,1
4071,160,Si+ kɔ7 nɿ7,捆柴,1
4072,160,Si+ kɔ7 tʂʰɛJ,劈细柴,1
4073,160,Si+ kɔ7 zɔJ,细柴,1
4074,160,Si+ tde+,木板零头,1
4075,160,Si+ tde+ dɛiJ,打竹板,1
4076,160,Si+ tse7,嫁接树,1
4077,160,Si+ tsi+ de+,爬树,1
4078,160,Si+ tsi7,树节,1
4079,160,Si+ tsi7 SiJ,木炭,1
4080,160,Si+ tsɔ7,木桩,1
4081,160,Si+ tÃ+,扎把(把柴扎成捆),1
4082,160,Si+ tʂhi+ ne+,树根毛,1
4083,160,Si+ tʂhi+ tʂɔ+,须根；树根,1
4084,160,Si+ tʂi+,树皮,1
4085,160,Si+ tʂʰɛJ,劈柴；破柴,1
4086,160,Si+ tʂʰɛJ be+,柴块,1
4087,160,Si+ ŋAJ,扳树(强使树枝弯曲),1
4088,160,Si+ ʑi+,①树汁 ②树叶上滴下来的水,2
4089,160,Si+ ʑi7 1o7,弯扭树,1
4090,160,Si+ ʑi7 mɔ+,树种子,1
4091,160,Si+ ʑi7 mɔ+,弯扭的木料,1
4092,160,Si+ ʑɛi+ dɔJ,树荫,1
4093,161,Si+,扫,1
4094,161,Si+ gA7 SA+,木箱,1
4095,161,Si+ ge7,树枝,1
4096,161,Si+ ge7 ʑi+ mɔ+,枯枝,1
4097,161,Si+ ghe+ Sɛi+,麻栗树木料,1
4098,161,Si+ ghe+ mɔ+,麻栗果,1
4099,161,Si+ ghe+ tɛi+,麻栗树,1
4100,161,Si+ ghwJ,柴堆,1
4101,161,Si+ gɛi+,①木鱼(巫师用) ②模型,2
4102,161,Si+ gɿ7,树皮,1
4103,161,Si+ ho+,封山,1
4104,161,Si+ ho+ ɛi+,菁林,1
4105,161,Si+ o7,树梢；树冠,1
4106,161,Si+ o7 gɔJ dziJ,木枕,1
4107,161,Si+ xɔ+,扫除,1
4108,161,Si+ xɔ+,扫净,1
4109,161,Si+ ŋo7,树桩,1
4110,161,Si+ ʑoJ gw+,猪槽,1
4111,161,Si+ ʑwJ tɔ7,树杆,1
4112,161,SɛiJ,渴,1
4113,161,Sɿ+,棕榈,1
4114,161,Sɿ+ dɛiJ,剥棕皮,1
4115,161,Sɿ+ mwJ Sɿ+ mw7 tɔ7 mɔ+,彩虹,1
4116,161,Sɿ+ mwJ Sɿ+ mw7 tɔ7 ʑi+,水青苔,1
4117,161,Sɿ7,撒,1
4118,162,Se+,粗糙,1
4119,162,Se+ SeJ be+,低声说,1
4120,162,Se+ Sɔ+,声音沙哑,1
4121,162,Se+ bɛi+ bɛi+ mu+,毛糙,1
4122,162,Se+ dɔJ,粗鲁的语言,1
4123,162,Se+ pi+,粗糙,1
4124,162,Se+ pi+ Se+ tɔ7,粗制滥造,1
4125,162,Se+ tsɔ7,粗粮,1
4126,162,Se7,蒸,1
4127,162,Se7 Xw+,西街口(树名),1
4128,162,Se7 khwJ,蒸气,1
4129,162,Se7 khwJ de+,冒气(蒸饭时甑子上气，表示饭已蒸熟),1
4130,162,Se7 mɛi+,蒸熟,1
4131,162,Se7 phw+,甑盖,1
4132,162,Se7 tho+,甑底,1
4133,162,Se7 tʂhi+ ʑi+,甑脚水,1
4134,162,SeJ,①气 ②仇 ③怨气,3
4135,162,Sɿ+,学习,1
4136,162,Sɿ+ dɔJ,棕榈叶,1
4137,162,Sɿ+ dɔJ,仰卧,1
4138,162,Sɿ+ tsi+,棕榈树,1
4139,162,Sɿ+ tʂɔ7,棕皮,1
4140,162,Sɿ+ ʐɔ+,学会,1
4141,162,SɿJ,①熟练 ②机灵 ③还 ④呛,4
4142,163,SA7,①知 ②熟 ③了解,3
4143,163,SA7 nɛi+,顿时；倾刻,1
4144,163,SeJ bwJ nw+,①臭气 ②难听的话,2
4145,163,SeJ dzɔJ,受气,1
4146,163,SeJ dzɔJ 1ɔ7,隔阂,1
4147,163,SeJ dzɔJ tsho+,仇人,1
4148,163,SeJ dɔ+,冒气,1
4149,163,SeJ dɛiJ,打气,1
4150,163,SeJ gw+,断气,1
4151,163,SeJ gw+ ti+ tɛi+,气息奄奄,1
4152,163,SeJ gɔ+,吸气,1
4153,163,SeJ mɔJ 1oJ,不服气,1
4154,163,SeJ mɿ7 mɔ+,热气；蒸气,1
4155,163,SeJ nɿ7 gɔ+,吸气,1
4156,163,SeJ nɿ7 tʂɔ+,气昏,1
4157,163,SeJ nɿ7 tʂɔ+,换气,1
4158,163,SeJ nɿ7 xɔ+,呼息；喘气,1
4159,163,SeJ phuJ phuJ,气冲冲,1
4160,163,SeJ pɛi+ mɔ+ xɔ+,叹气,1
4161,163,SeJ tshiJ SeJ nɿ7,气急败坏,1
4162,163,SeJ tɔ+,怒气,1
4163,163,SeJ tʂhi+,气枪,1
4164,163,SeJ tʂɔ+,气管,1
4165,163,SeJ ʑi+,汽水,1
4166,163,SeJ ʑiJ,漏气,1
4167,163,SeJ ʑwJ,忍气吞声,1
4168,164,SA+,鳞,1
4169,164,SA+ pÃ tʂiJ,三八节,1
4170,164,SA+ tʂwJ,三脚(锅的支架),1
4171,164,SA+ ʑeJ,三弦,1
4172,164,SA7 SA7,知道吗？,1
4173,164,SA7 SA7 mw+,明知故犯,1
4174,164,SA7 dzɿJ zɛi+ be+ zɔ+ khɯ+ be+ zɛi+ be+ gw+ zɔ+,知无不言，言无不尽,1
4175,164,SA7 nɛi+ nɛi+ mɔJ ŋo+ 1ɔ7 1o+ Sɛi7 mw+ 1ɔ7,熟视无睹,1
4176,164,SAJ,(字头),1
4177,164,SAJ dʑiJ,刹住,1
4178,164,SAJ phu+,打伞,1
4179,164,SAJ tu+,刹车(名词),1
4180,164,Sɔ+,①好 ②明 ③地(表示它前边的词、词组是状语),3
4181,164,Sɔ+ lɿJ lɿJ mw+,舒适,1
4182,164,Sɔ+ ʐɔ+,好处；好事；幸福,1
4183,164,Sɔ7,抹,1
4184,164,Sɔ7 nɛi+ de+,涂脏了,1
4185,164,Sɔ7 zɔJ,外甥,1
4186,164,Sɔ7 ʑw+,①女婿 ②姐夫；妹夫,2
4187,164,Sɔ7 ʑw+ mw+,入赘,1
4188,164,Sɔ7 ʑw+ ʑɛi+,招亲,1
4189,164,Sɔ7 ʑw+ ʑɛiJ mɔ+,新郎,1
4190,165,So7,算,1
4191,165,So7 So7,①能否 ②算吗,2
4192,165,So7 dɛiJ,定局,1
4193,165,So7 ghe+,善于计算,1
4194,165,So7 xɔ+ dɛiJ A+,算数,1
4195,165,Sɔ+ ʐɔ+ mɛi dɿJ nɛi ʑɔ7 ʐɔ+ mɛi mɔJ kw7,美好的时光易忘掉，痛苦的时刻永难忘,1
4196,165,Sɔ+ ʐɔ+ mɛi+ tw+,美丽的地方,1
4197,165,SɔJ,记号,1
4198,165,SɔJ dw+,墨迹,1
4199,165,SɔJ dɿJ,色斑,1
4200,165,SɔJ ne+,痣,1
4201,165,SɔJ pe+ SɔJ tʂhiJ,打上记号,1
4202,165,SɔJ tshiJ,解毒药,1
4203,165,SɔJ tʂhiJ,标志,1
4204,165,SɔJ tʂʰɛi+,线条；墨线,1
4205,165,SɔJ tʂʰɛi+ tu+,直线,1
4206,165,Sɛi+,(字头),1
4207,165,Sɛi+ 1ɔ+,棉花,1
4208,165,Sɛi+ 1ɔ+ dw+,白衣服,1
4209,165,Sɛi+ 1ɔ+ dɔ+,棉衣,1
4210,165,Sɛi+ 1ɔ+ dɔ7,棉裤,1
4211,165,Sɛi+ 1ɔ+ gɔ7 mɔ+,野生棉花,1
4212,165,Sɛi+ 1ɔ+ o+ bwJ,棉被,1
4213,165,Sɛi+ 1ɔ+ phɔ+,棉布,1
4214,165,Sɛi+ 1ɔ+ tɛi+,棉棵,1
4215,165,Sɛi+ 1ɔ+ tɛi+ mɛi+,棉田,1
4216,165,Sɛi+ 1ɔ+ tʂi7,铺棉衣,1
4217,165,Sɛi+ 1ɔ+ tʂʰɛi+,白棉线,1
4218,165,Sɛi+ 1ɔ+ ʑi7,棉种,1
4219,166,So+,①学 ②摹仿 ③读,3
4220,166,So+ kw7,学会；会读,1
4221,166,So+ no7,学过,1
4222,166,So+ phẽJ nɿ+ zɔJ,松懈,1
4223,166,So+ tu+,读物,1
4224,166,So+ tʂo+ fÃ+,孙中山,1
4225,166,So+ xɔ7,好学；勤学,1
4226,166,So+ zɛi+ zwJ zɔ+,学以致用,1
4227,166,So+ ʐɔ+,学到,1
4228,166,SoJ,飒飒(风的声音),1
4229,166,Su+,(字头),1
4230,166,Su+ 1eJ,苏联,1
4231,166,Su+ ʑɛiJ mɔ+,酥肉,1
4232,166,Su7,(字头),1
4233,166,Su7 mw+ Su7 tʂhÃ,平常,1
4234,166,Su7 tshu7,凑数,1
4235,166,Su7 tsi7,数字,1
4236,166,Su7 tʂo7,有数,1
4237,166,SuJ,(字头),1
4238,166,SuJ,(字头),1
4239,166,SuJ khu+,诉苦,1
4240,166,SuJ tu7,速度,1
4241,166,Sɛi+,①点 ②抹,2
4242,166,Sɛi+ Sɛi+ mw+ ʑe+,勤快,1
4243,166,Sɛi+ tʂhÃ+,生产,1
4244,166,Sɛi+ tʂÃ+,省长,1
4245,166,Sɛi+ ui+,省委,1
4246,167,Sw+,①干 ②夜,2
4247,167,Sw+ dɿ7,深夜,1
4248,167,Sw+ dɿ7 mwJ tʂhiJ,夜晚,1
4249,167,Sw+ dɿ7 nɛi+ tw+ pÃJ,半夜三更,1
4250,167,Sw+ nɛi7,夜短,1
4251,167,Sw+ phɛi+,夜间,1
4252,167,Sw7,①用 ②三,2
4253,167,Sw7 dzwJ dlɔ+ mɔ+,三角形,1
4254,167,Sw7 dɔ+,三月,1
4255,167,Sw7 lwJ,三个,1
4256,167,Sw7 pɿ7,三代,1
4257,167,Sw7 tshɿ+,三十,1
4258,167,Sw7 tshɿ+ Sw7,三十三,1
4259,167,Sw7 tshɿ+ mwJ tʂhiJ,除夕,1
4260,167,Sw7 tshɿ+ nɛi+,三十天,1
4261,167,Sw7 tɛi+ mɔJ ŋɔ7 tɛi+,三令五申；三番五次,1
4262,168,SuÃ+,酸,1
4263,168,Sw+ dɿ7 Sw+ mwJ dwJ,半夜三更,1
4264,168,Sw+ dɿ7 kw7 mwJ dwJ,午夜,1
4265,168,Sw+ gw+,干完；干涸,1
4266,168,Sw+ pɛi+ mwJ Sw+ dɿ+,深夜,1
4267,168,Sw+ xɔ+,①水干 ②瘪了,2
4268,168,SwJ,①刃 ②指甲 ③齿,3
4269,168,SwJ Si7,①简便 ②磨刀刃,2
4270,168,SwJ dɛiJ,节约；俭省,1
4271,168,SwJ mɔ+,桃子,1
4272,168,ʑɛi+ SuÃ+ nɛi+,硝酸铵,1
4273,169,Zi+,①终身 ②样 ③柱子,3
4274,169,Zi+,大麦,1
4275,169,Zi+ mɔ+,柱子,1
4276,169,Zi+ mɔ+,大麦,1
4277,169,Zi+ nɿ7,夭折；短命,1
4278,169,Zi+ o7,柱头(柱子的顶部),1
4279,169,Zi+ pɛi+,长寿,1
4280,169,Zi+ pɿ7,大麦秸,1
4281,169,Zi+ tSɛi+,麦芒,1
4282,169,Zi+ tɛi+ 1o+,柱石,1
4283,169,Zi+ tɛi+ thɿ+,柱盘(垫在柱子下面的盘石),1
4284,169,Zi+ tʂhi+,柱脚(柱子的下部),1
4285,169,Zi+ tʂhoJ,竖柱,1
4286,169,Zi+ zɔJ,小柱子,1
4287,169,Zi+ ʑwJ,麦秸,1
4288,169,ZiJ,尿,1
4289,169,ZiJ ZiJ mw+,勇往直前,1
4290,169,ZiJ buJ dwJ,尿坑；尿灰堆,1
4291,169,ZiJ dlwJ,尿床,1
4292,169,ZiJ phu7 SɛiJ,膀胱,1
4293,169,ZiJ tsi+,尿频,1
4294,169,ZiJ xɔ+,撒尿,1
4295,169,ZiJ ʐɔJ,尿急；尿胀,1
4296,169,ZiJ ʑi+,尿(名词),1
4297,170,Zɔ7,是(还是的是),1
4298,170,ZɔJ,儿子,1
4299,170,Zɛi+,①压 ②压迫 ③押,3
4300,170,Zɛi+ dʑiJ,压制,1
4301,170,Zɛi+ gɛi+ gɔJ,压弯,1
4302,170,Zɛi+ phuJ,押金,1
4303,170,Zɛi+ xɔ+,押送,1
4304,170,ZɛiJ,①豹 ②揉,2
4305,170,ZɛiJ hoJ,揉得烂稀稀的,1
4306,170,ZɛiJ nɔ+,揉碎,1
4307,170,ZɛiJ ʑi+ 1ɔ7 dɛi+ lɿ+,豹死虎来(意为灾难不断的降临),1
4308,170,Zɿ+,坚固；结实,1
4309,170,zeJ,下,1
4310,170,zeJ dʑiJ,下去(完成式),1
4311,170,zeJ lɿ+,下来,1
4312,170,zeJ zeJ de+ de+,上上下下,1
4313,170,zeJ ʑi+,下去(将要式),1
4314,171,Zɔ7,必须,1
4315,171,zɔJ 1ɛi+,佃户,1
4316,171,zɔJ Zɔ+,男人,1
4317,171,zɔJ dɛi+,次子(老二),1
4318,171,zɔJ dɛi+ zɔJ de+,子孙；子子孙孙,1
4319,171,zɔJ dʑA+,老四(第四个儿子),1
4320,171,zɔJ ho+,抚养儿子,1
4321,171,zɔJ kɔ7,老三(第三个儿子),1
4322,171,zɔJ me7,义子；干儿子,1
4323,171,zɔJ mɛiJ,儿媳,1
4324,171,zɔJ mɛiJ tɛi7,儿媳,1
4325,171,zɔJ nw+,儿女,1
4326,171,zɔJ nɛi7,幺儿；老儿子,1
4327,171,zɔJ o7 nw+ o7 dzw+,情人,1
4328,171,zɔJ tsi7,独子,1
4329,171,zɔJ tsi7 A+ pw+,绕子阿布(神话中巨人的名字),1
4330,171,zɔJ tu+,侄儿,1
4331,171,zɔJ tɛi+ mɔ+,独生子,1
4332,171,zɔJ tʂhiJ,孤儿,1
4333,171,zɔJ tʂhiJ nw+ tʂhiJ,①孤儿孤女 ②孝子,2
4334,171,zɔJ tʂɿ+,老五(第五个儿子),1
4335,171,zɔJ ʑo+,男子,1
4336,171,zɔJ ʑo+ heJ pɛiJ zɔJ,小伙子,1
4337,171,zɔJ ʑo+ ne+ AJ mɛiJ nw+ ne+,男男女女,1
4338,171,zɔJ ʑo+ zɔJ,小男孩,1
4339,171,zɔJ ʑɛiJ,长子(老大),1
4340,171,zɔJ ʑɛiJ mɔ+,长子；大儿子,1
4341,171,ŋɔ+ zɔJ nɿJ mɔ+ tʂo+,我有两个儿子,1
4342,172,ZwJ,①使 ②用,2
4343,172,ZwJ Sɔ+,适用,1
4344,172,ZwJ Sɛi+,木料,1
4345,172,ZwJ Zɛi+ ʐɔ+,耐用,1
4346,172,ZwJ dɛiJ,能用,1
4347,172,ZwJ gw+,用完,1
4348,172,ZwJ kw7,会用,1
4349,172,ZwJ tu+,用具,1
4350,172,ZwJ tu+ ZwJ 1ɔJ,傢俱,1
4351,172,ZwJ tu+ ZwJ gɛi+,炊具,1
4352,172,ZwJ tu+ no7 ʑoJ,工具,1
4353,172,ZwJ tɛi+,需用,1
4354,172,ZwJ tɛi+ ʐɔ+ tʂo+,有用处,1
4355,172,ZwJ tʂAJ,好用,1
4356,172,ZwJ ŋwJ,耕牛,1
4357,172,ZwJ ʐɔ+,作用；用处,1
4358,172,ZwJ ʑɔ7,难用,1
4359,172,Zɔ+,①应该 ②呢,2
4360,172,Zɛi+,脆,1
4361,172,Zɛi+ Zɛi+ Sɛi+ mw+,扎扎实实地工作,1
4362,172,Zɛi+ Zɛi+ mw+ khuJ,苦干实干,1
4363,172,ZɛiJ,如此,1
4364,172,ɿ+ ZɛiJ lɿ+ ʑe+,只能如此,1
4365,173,tdi+,人(古语),1
4366,173,tdi7,弯曲,1
4367,173,tdɛi+,①绕 ②次,2
4368,173,tdɛi+,①飞 ②追 ③赶 ④狩猎,4
4369,173,tdɛi+ dw7 xɔ+,超过,1
4370,173,tdɛi+ mɛi+,追上,1
4371,173,tdɛi+ mɿJ,撒谎,1
4372,173,tdɛi+ pe+,缠绕,1
4373,173,tdɛi+ tɔ+ lɿ+,缠起来,1
4374,173,tdɛi+ tɔ+ lɿ+,起飞,1
4375,173,tdɛi+ tɛi+,追着,1
4376,173,tdɛi+ tʂo+ kho+,疾驰；飞快,1
4377,173,tdɛi+ xɔ+,驱逐,1
4378,173,tdɛi+ ʑɛi+,飞行,1
4379,174,tde+,①瘪 ②板,2
4380,174,tde+ 1e+,大块,1
4381,174,tde+ mwJ tde+ 1e+,又扁又大,1
4382,174,tde+ phiJ,犁板,1
4383,174,tde+ tho+,犁板,1
4384,174,tde7,①鹰 ②刺,2
4385,174,tde7 1i+,乍龙(村名),1
4386,174,tde7 1i+ A+ dlɛiJ 1i+,传说中的阿占城,1
4387,174,tde7 mwJ tsi+ mɔ+,四脚蛇,1
4388,174,tde7 zɔJ,雏鹰,1
4389,174,tde7 ʑÃ+,刺伤,1
4390,174,tdɔ7,①元(量词) ②别(动词) ③干豆壳,3
4391,174,tdɛ+,①脓 ②浆,2
4392,174,tdɛ+ tshiJ bɿJ mɔ+,脓疮,1
4393,174,tdɛ+ ʑi+ dɔ+,①淌脓 ②淌浆,2
4394,174,tdɛ7,吠,1
4395,174,tdɛ7 xɔ+,干掉；杀掉,1
4396,175,tdo7,闩,1
4397,175,tdo7 tu+,闩子,1
4398,175,tdu+,①髓 ②叠,2
4399,175,tdɔ+,①块 ②张(量词) ③跛 ④燃,4
4400,175,tdɔ+ be+,松明子,1
4401,175,tdɔ+ buJ dʑiJ,松香,1
4402,175,tdɔ+ dɛiJ,燃着,1
4403,175,tdɔ+ phw+,火炬,1
4404,175,tdɔ+ phɛi+,火把,1
4405,175,tdɔ+ tu+,燃料,1
4406,175,tdɔ7 dlɛi+,块把钱；一元钱,1
4407,175,tdɔ7 kho+,干壳,1
4408,175,tdɔ7 tʂhiJ,别起来,1
4409,175,tdɿ+,①多；顿(量词) ②落,2
4410,175,tdɿ+ VɔJ,蝙蝠,1
4411,175,tdɿ+ gɔJ,追回,1
4412,175,tdɿJ,①摆(量词) ②幢,2
4413,175,tdɿJ,嗝(饱嗝的嗝),1
4414,176,tdu+ VɛiJ,把衣服套着穿,1
4415,176,tdu+ gA7,掏骨髓,1
4416,176,tdu+ pe+,重叠,1
4417,176,tdu+ tdu+ tdɔ+ tdɔ+,零零星星；七零八落,1
4418,176,tdu+ thuJ mɔ+,通草(可做药),1
4419,176,tdu+ ʑwJ,骨髓,1
4420,177,dle+,①坏 ②觅食,2
4421,177,dleJ,①劈 ②剐,2
4422,177,dleJ mɔ+,茅齿草(长在田里的一种草),1
4423,177,dleJ nɿ7 tsw+,砍斧,1
4424,177,dleJ pɛi+,锛(木匠用的工具),1
4425,177,dleJ xɔ+,劈掉,1
4426,177,dli+,笋(竹笋的笋),1
4427,177,dli7,懒,1
4428,177,dli7 pɔ+ dli7 tʂhiJ,懒汉,1
4429,177,dliJ,①断 ②搬,2
4430,177,dliJ xɔ+,断了,1
4431,177,dlɛi+,担(牛担子的担),1
4432,177,lɔJ dlɛi+,牛担子,1
4433,177,mɛi+ dli+,竹笋,1
4434,178,dlA+,①淡 ②软弱,2
4435,178,dlA+ dɔ+,疏远；冷淡,1
4436,178,dlA+ mwJ dlA+ 1ɔJ ʑɔ7,淡而无味,1
4437,178,dlA+ mwJ ʑɔ7,味淡,1
4438,178,dlA+ xɔ+,感情淡薄,1
4439,178,dlɔ+,①成 ②落；降 ③惯,3
4440,178,dlɔ+ mɛi+ mw+ dlɔ+,从容；慢慢来,1
4441,178,dlɛ+,①满 ②丰富 ③多 ④迟,4
4442,178,dlɛ+ gɔ+ ʑɛi+ tɛiJ,丰富多彩,1
4443,178,dlɛ+ thɔJ,旺季,1
4444,178,dlɛ+ xɔ+,迟了,1
4445,178,dlɛJ,色(红色的色),1
4446,178,dlɛJ mɔ+,麻芋头,1
4447,179,dlɔ+ 1ɔ7,输了,1
4448,179,dlɔ+ dʑɿ+,首先；起头；起初；当初；开初；预先；原来,1
4449,179,dlɔ+ dʑɿ+ lo+ Si7 Ze+,还原,1
4450,179,dlɔ+ dʑɿ+ nɿJ ghoJ,头两年,1
4451,179,dlɔ+ dʑɿ+ thɿJ pɛi+,初步,1
4452,179,dlɔ+ dʑɿ+ thɿJ tɛi+,初次,1
4453,179,dlɔ+ tshɿ+,降落；降下来,1
4454,179,dlɔ+ tʂiJ,速成,1
4455,179,dlɔ+ xɔ+,成功,1
4456,179,dlɔ+ ŋɛi+ ŋɛi+,偏偏斜斜,1
4457,179,dlɔ+ ŋɛi7 dɛi7,晒太阳,1
4458,179,dlɔJ,①蜜蜂 ②淡(茶),2
4459,179,dlɔJ 1ɔJ 1ɔJ mw+ Ze+,清淡无味,1
4460,179,dlɔJ VɛiJ,蜂螫(名词),1
4461,179,dlɔJ ZɔJ,幼蜂,1
4462,179,dlɔJ ZɔJ khuJ lo+ Si7,声音象蜜蜂叫(形容歌声悦耳),1
4463,179,dlɔJ ZɔJ nA7,烧蜂子,1
4464,179,dlɔJ buJ tʂʰɛiJ mɔ+,蚂蜂,1
4465,179,dlɔJ bɿJ,蜂分窝,1
4466,179,dlɔJ dɿJ,蜂螫(动词),1
4467,179,dlɔJ mɔ+,蜜蜂,1
4468,179,dlɔJ ne+ mɔJ mɔ+,大土蜂,1
4469,179,dlɔJ phÃJ,蜂盘,1
4470,179,dlɔJ pw+,蜂窝,1
4471,179,dlɔJ pw+ pɛi7 tu+,蜂窝盖,1
4472,179,dlɔJ tɛi+,收蜂,1
4473,179,dlɔJ ʑi7,蜂蜡,1
4474,179,dlɔJ ʑi7 tʂʰɛiJ mɔ+,草蜂,1
4475,179,dlɔJ ʑi7 zɔJ,黄蜂,1
4476,179,lɔJ ʑi+ lɔ+ dlɔJ,这茶很淡,1
4477,180,dlo+,踢,1
4478,180,dlo+ pw7,踢倒,1
4479,180,dlo+ tɛi+,踢中,1
4480,180,dlo+ xɔ+,踢开,1
4481,180,dloJ,①松(形容词) ②箭步,2
4482,180,dloJ loJ mw+,宽大,1
4483,180,dloJ mwJ dloJ ʑe+ ʑe+,宽敞；松,1
4484,180,dlu+,①荡 ②撞,2
4485,180,dlu+ dlu+ dlɛ+ dlɛ+,小孩学舌,1
4486,180,dluJ,搬；迁,1
4487,180,dluJ nɛi+,迁居,1
4488,180,dlɔJ he+ 1ɔ7,黄鼠狼,1
4489,180,dlɔJ ho+,养蜂,1
4490,180,dlɔJ ɿ+ mɔ+,蜂王,1
4491,180,dlɔJ ʑi+,蜂蜜,1
4492,180,dlɔJ ʑi+ kw+,酿蜜,1
4493,180,dlɿ+,踩,1
4494,180,dlɿ+ 1ÃJ,踩蹋,1
4495,180,dlɿ+ dA+,失足,1
4496,180,dlɿ+ phi+,踩平,1
4497,180,dlɿ+ tde+,踩扁,1
4498,181,dlu+,①装,1
4499,181,dlu+ dlɛ+,盛满,1
4500,181,dlu+ gw+,装完,1
4501,181,dlu+ loJ,装满,1
4502,181,dlu+ pu7,刀鞘,1
4503,181,dlu+ tɛi+,容纳,1
4504,181,dlu+ ʑoJ ʑoJ,垂直,1
4505,181,dluJ,①蜕 ②褪,2
4506,181,dluJ,挣脱,1
4507,181,dluJ xɔ+,褪色,1
4508,181,mu7 bw7 dluJ xɔ+,马挣脱了缰绳,1
4509,181,no7 ŋɿJ Vɿ+ dlu+,装,1
4510,181,nɛi+ mɔ+ dlu+ Sɔ+ Sɔ+,专心学习,1
4511,181,ʑi+ phɛiJ go+ dluJ,蛇蜕皮,1
4512,182,tʂi7,①喝 ②吸 ③吃,3
4513,182,tʂi7,①敢 ②移 ③不如；不及 ④浸,4
4514,182,tʂi7 ZɛiJ,喝醉,1
4515,182,tʂi7 bw+,喝足,1
4516,182,tʂi7 dzɿJ,漆,1
4517,182,tʂi7 gw+,喝完,1
4518,182,tʂi7 lɔ+ mɔJ tʂo+,唯独,1
4519,182,tʂi7 lɔ7,多余,1
4520,182,tʂi7 nA+,浸入,1
4521,182,tʂi7 thuJ,渗透,1
4522,182,tʂi7 tshɿ+,浸水,1
4523,182,tʂi7 tɛi+,移植；移栽,1
4524,182,tʂi7 xɔ+,喝掉,1
4525,182,tʂi7 xɔ+,移出去,1
4526,182,tʂi7 ʑi+,饮水(食用水),1
4527,182,tʂi7 ʑi+,露水,1
4528,182,tʂi7 ʑi+ du+ mɔ+ dlɔ+ nɛi+,白露(节令),1
4529,182,tʂi7 ʑi+ dʑe+ mɔ+ dlɔ+ nɛi+,寒露(节令),1
4530,182,tʂi7 ʑi+ khÃ+,银河,1
4531,182,tʂi7 ʑwJ,跟前；面前,1
4532,182,tʂi7 ʑwJ kw7,磕头；跪拜,1
4533,182,tʂi7 ʑɛi+,移动,1
4534,183,tʂi+,酒,1
4535,183,tʂi+,①相信 ②互,2
4536,183,tʂi+ Se7,蒸酒,1
4537,183,tʂi+ Si7,懂事,1
4538,183,tʂi+ Xɛi+,斟酒,1
4539,183,tʂi+ ZɔJ tʂi7,订婚酒,1
4540,183,tʂi+ ZɛiJ,酒醉,1
4541,183,tʂi+ ZɛiJ mɔ+,酒鬼,1
4542,183,tʂi+ ZɛiJ mɔ+ tʂi7,喝喜酒,1
4543,183,tʂi+ buJ,酒瘾,1
4544,183,tʂi+ buJ,酒坛,1
4545,183,tʂi+ bw+,米酒(甜白酒),1
4546,183,tʂi+ dliJ,楼楞,1
4547,183,tʂi+ du+,米酒(甜白酒),1
4548,183,tʂi+ kɔ+ pe+ 1eJ,同伴,1
4549,183,tʂi+ mɔ+,芝麻,1
4550,183,tʂi+ nɔ7,超支,1
4551,183,tʂi+ pɔ+,酒糟,1
4552,183,tʂi+ pɛi+,酒瓶,1
4553,183,tʂi+ tshu+,酿酒,1
4554,183,tʂi+ tʂi+,喝酒,1
4555,183,tʂi+ tʂi+,相互,1
4556,183,tʂi+ tʂi+ XɔJ dzɔJ pe+,酒肉朋友,1
4557,183,tʂi+ tʂi+ du+ mɛi+,接二连三；接踵而来,1
4558,183,tʂi+ tʂi+ gɔJ,相亲相爱,1
4559,183,tʂi+ tʂi+ kɔ+,互相(帮助),1
4560,183,tʂi+ tʂi+ kɔ+ tʂAJ,相好,1
4561,183,tʂi+ tʂi+ ʑo+ Xw7,互相埋怨,1
4562,183,tʂi+ tʂɛ+,酒醒；醉醒,1
4563,183,tʂi+ tʂʰɛi+,楼上,1
4564,183,tʂi+ tʂʰɛi+ de+,上楼,1
4565,183,tʂi+ tẽ7,敬酒,1
4566,183,tʂi+ ʑoJ,酒菜,1
4567,183,tʂi+ ʑɛi+,祭酒,1
4568,183,tʂi+ ʑɛi7 ʑoJ gɿ+,瓦缸,1
4569,184,tʂi+,牙,1
4570,184,tʂi+,皮,1
4571,184,tʂi+,东,1
4572,184,tʂi+ A7 geJ thɿJ ʑɛi+,上牙,1
4573,184,tʂi+ dluJ,脱皮,1
4574,184,tʂi+ dɔ+,皮灰,1
4575,184,tʂi+ dɔ+,东方,1
4576,184,tʂi+ dɔ+ bɔ+ thɔJ,黎明,1
4577,184,tʂi+ dɛiJ,换牙,1
4578,184,tʂi+ dɛiJ,剥皮,1
4579,184,tʂi+ ghÃJ,缺牙,1
4580,184,tʂi+ gɔJ,咬牙切齿,1
4581,184,tʂi+ gɛi+ mɔ+,粗牙,1
4582,184,tʂi+ mɔ+,牙齿,1
4583,184,tʂi+ mɔ+ buJ lɛi+ dzɔJ,蛀牙(动词),1
4584,184,tʂi+ mɔ+ nwJ,出牙,1
4585,184,tʂi+ mɔ+ nɔ+,牙痛,1
4586,184,tʂi+ mɔ+ tʂhiJ tu+,牙刷,1
4587,184,tʂi+ mɔ+ tʂɛi+,拔牙,1
4588,184,tʂi+ mɔ+ ʑÃ+,镶牙,1
4589,184,tʂi+ pw+ dʑoJ o7 thɿJ ʑɛi+,下牙,1
4590,184,tʂi+ pɛi+ mɔ+,暴牙,1
4591,184,tʂi+ thu+,厚皮,1
4592,184,tʂi+ tɛi+,日暮,1
4593,184,tʂi+ tɛi+ mɛi+,西边,1
4594,184,tʂi+ tʂe7,牛皮胶,1
4595,184,tʂi+ tʂhi+,牙根,1
4596,184,tʂi+ tʂo7,皱皮,1
4597,184,tʂiJ,①快 ②紧急 ③急躁,3
4598,184,tʂiJ tʂi+ tɔ+ gɔ+ tɛi+,急起直追,1
4599,184,tʂiJ tʂiJ mw+,快点,1
4600,184,tʂiJ tʂiJ ʑɛi+,快走,1
4601,185,tʂA7,①炸 ②帐 ③冻 ④丈 ⑤战 ⑥占,6
4602,185,tʂi+,①斤 ②称 ③秤,3
4603,185,tʂi+,胆,1
4604,185,tʂi+,驮,1
4605,185,tʂi+ 1o+ mɔ+,秤砣,1
4606,185,tʂi+ Kɛi+,秤钩,1
4607,185,tʂi+ Su7 lɔJ Su7,斤两,1
4608,185,tʂi+ Zɛi+,纸烟,1
4609,185,tʂi+ ghe+,能驮,1
4610,185,tʂi+ lo+,称足,1
4611,185,tʂi+ loJ,黄胆病,1
4612,185,tʂi+ mu7,驮马,1
4613,185,tʂi+ ne+ SɛiJ,秤星；秤花,1
4614,185,tʂi+ nɔ+,胆囊炎,1
4615,185,tʂi+ phɛi+ pu7 loJ,秤平斗满(公平),1
4616,185,tʂi+ phɛiJ,秤盘,1
4617,185,tʂi+ theJ tʂe+,秤毫,1
4618,185,tʂi+ tɔ+,起床；起来,1
4619,185,tʂi+ xɔ+,驮完,1
4620,185,tʂi+ ʑwJ tɔ+,秤杆,1
4621,185,tʂiJ,职,1
4622,185,tʂiJ 1iA7,质量,1
4623,185,tʂiJ Vu7,职务,1
4624,185,tʂiJ gɔ+ hɿJ mɔ+ mɛi+,急不暇择,1
4625,185,tʂiJ gɔ+ ʑɛi7 tʂAJ,又快又好,1
4626,185,ʑw+ tʂi+,熊胆,1
4627,186,tʂA+,沾,1
4628,186,tʂA+ gA7,雕章,1
4629,186,tʂA+ ʑɿJ,沾益(县名),1
4630,186,tʂA7 1A7,炸坏,1
4631,186,tʂA7 Si7,冻死,1
4632,186,tʂA7 So7,算帐,1
4633,186,tʂA7 dɛiJ,战争；战斗,1
4634,186,tʂA7 dɛiJ ghe+ mɔ+,英雄,1
4635,186,tʂA7 dɛiJ ʑɔ+,战场,1
4636,186,tʂA7 dɛiJ ʑɔJ nɔ7,停战,1
4637,186,tʂA7 dʑiJ,占领,1
4638,186,tʂA7 gheJ,①战争年代 ②还帐,2
4639,186,tʂA7 kwA7,记帐,1
4640,186,tʂA7 muJ,帐目,1
4641,186,tʂA7 mɛi+,煎熟,1
4642,186,tʂA7 tA7,炸弹,1
4643,186,tʂA7 tA7 nɔ+ tʂhiJ,炸药,1
4644,186,tʂA7 tɛi+,逼帐,1
4645,186,tʂA7 xɔ+,①炸毁 ②侵占,2
4646,186,tʂA7 ɿJ,清帐,1
4647,186,tʂA7 ʑoJ,欠帐,1
4648,186,tʂA7 ʑɛi+,炸死,1
4649,186,tʂA7 ʑɛi+,讨帐,1
4650,186,tʂA7 ʑɛiJ,炸药,1
4651,186,tʂAJ,①好 ②俊俏 ③妥 ④闸,4
4652,186,tʂAJ 1mw+ 1mw+ ʑe+,表示感谢,1
4653,186,tʂAJ mw+ tʂAJ mɔJ 1oJ,①得不偿失 ②好心办坏事,2
4654,186,tʂAJ mɔJ tʂAJ ʑe+,好端端的,1
4655,186,tʂAJ pe+,关闸,1
4656,186,tʂAJ tʂAJ dzw+,爱惜,1
4657,186,tʂAJ tʂAJ mw+,注意,1
4658,186,tʂAJ tʂAJ nɛi+ nɛi+,平安,1
4659,186,tʂAJ tʂhuJ mɔJ SA7,不知好歹,1
4660,186,tʂAJ ʑɔ+,优点；好处；益处；长处,1
4661,187,tʂAJ 17 SɛiJ,还好,1
4662,187,tʂAJ ghwJ,闸门,1
4663,187,tʂAJ ʑɔ+ be+,称赞；歌颂,1
4664,187,tʂAJ ʑɔ+ mw+,做好事,1
4665,187,tʂAJ ʑɔ+ mɔ+ xɔ+,忘恩负义,1
4666,187,tʂAJ ʑɔ+ nɛi+ mɔ+,忘本,1
4667,187,tʂAJ ʑɔ+ ʑɛi+,讨好,1
4668,187,tʂɔ+,①条 ②股 ③杆；只 ④把(量词) ⑤管,5
4669,187,tʂɔ7,喂,1
4670,187,tʂɔ7 bw+,喂饱,1
4671,187,tʂɔ7 bɔ+,照亮,1
4672,187,tʂɔ7 dʑiJ,按照；依照,1
4673,187,tʂɔ7 mɿ7,照射；照默,1
4674,187,tʂɔ7 pe+,罩起来,1
4675,187,tʂɔ7 pɛiJ,围墙,1
4676,187,tʂɔ7 tɛi+,照射着(光),1
4677,187,tʂɔ7 tʂAJ,喂得很好,1
4678,187,tʂɔ7 xɔ+,喂了,1
4679,188,tʂo+,①趟(量词) ②有 ③在,3
4680,188,tʂo7,①皱 ②急 ③纠缠,3
4681,188,tʂo7 KeJ,绉折,1
4682,188,tʂo7 tʂi7,着急；焦急；焦心,1
4683,188,tʂo7 tʂi7 tʂo7 tɛi+,非常焦急,1
4684,188,tʂo7 tʂo+,绉纹,1
4685,188,tʂo7 ʑɔ+,逼,1
4686,188,tʂɔ+ Xu+,①招呼 ②接待 ③留意,3
4687,188,tʂɔ+ mɔJ ŋo+,消失；不见,1
4688,188,tʂɔ+ nɛi7,头绪,1
4689,188,tʂɔ+ phiJ xɔ+,血管破裂,1
4690,188,tʂɔ+ tɛi+,找到,1
4691,188,tʂɔ+ tʂhi+,锅,1
4692,188,tʂɔ+ tʂhu+,找着,1
4693,188,tʂɔ+ tʂɛi+,罗嗦,1
4694,188,tʂɔ+ ŋo+,在(这儿),1
4695,188,tʂɔJ,①瞄 ②朝 ③扶,3
4696,188,tʂɔJ dʑiJ,扶稳,1
4697,188,tʂɔJ dʑɿ+ Vɛi+,赵(姓氏),1
4698,188,tʂɔJ mɿ7,瞄,1
4699,188,tʂɔJ tu+,瞄准,1
4700,188,tʂɔJ tʂi+ dɔ+ o7 xɔ+,向东,1
4701,189,tʂo+,①绕 ②转；旋转,2
4702,189,tʂo+ 1eJ tʂo+ Vɛi+,周围,1
4703,189,tʂo+ 1ɔ7,①在场 ②存在,2
4704,189,tʂo+ Sɔ+,舒服,1
4705,189,tʂo+ Zɛi+,中医,1
4706,189,tʂo+ Zɛi+,中枢,1
4707,189,tʂo+ dʑiJ gw+,团团转；旋转,1
4708,189,tʂo+ goJ,返回；折头；折转,1
4709,189,tʂo+ goJ 1ɛi+,①回头 ②返回,2
4710,189,tʂo+ mwJ tʂo+ mɛi+ mɔJ bo+,走头无路,1
4711,189,tʂo+ no7,有过；曾经,1
4712,189,tʂo+ nẽJ,中农,1
4713,189,tʂo+ tʂAJ,舒适,1
4714,189,tʂo+ ŋo+ tʂo+ 1o+ thuJ,享乐,1
4715,189,tʂo+ ŋo+ tʂoJ,①热闹 ②快乐；欢乐；畅快；痛快；愉快,2
4716,189,tʂo+ ʑuJ,中学,1
4717,189,tʂo+ ʑɔ7,苦闷；难受,1
4718,189,tʂo+ ʑɛi+ mɛiJ tʂhuJ ʑuJ ZɛiJ,中央民族学院,1
4719,189,tʂoJ,,0
4720,190,tʂoJ liAJ,酌量,1
4721,190,tʂoJ tʂiJ,着急,1
4722,190,tʂu+,朱,1
4723,190,tʂu+ ZA7,主要,1
4724,190,tʂu+ pɛiJ,主席,1
4725,190,tʂu+ teJ,朱德(人名),1
4726,190,tʂuJ,住,1
4727,190,tʂuJ,烛(腊烛的烛),1
4728,190,tʂuJ Zɛi7 dɛiJ,设法；拿主意,1
4729,190,tʂuJ ZɛiJ,①智慧 ②主意,2
4730,190,tʂw7,整,1
4731,190,tʂw7 fu+,政府,1
4732,190,tʂw7 mwJ tʂw7 xɔ7,正经,1
4733,190,tʂw7 mɛiJ,证明,1
4734,190,tʂɿ+,①奴隶 ②坚壁 ③藏,3
4735,190,tʂɿ+ 1ɔ7,藏着,1
4736,190,tʂɿ+ mw+,①当奴隶 ②侍候；服侍,2
4737,190,tʂɿ+ phu+,婢,1
4738,190,tʂɿ+ phɔJ pho+ mɔ+,奴仆,1
4739,190,tʂɿ7,箐,1
4740,190,tʂɿ7 tse7,正在,1
4741,190,tʂɿ7 tʂɿ7 1eJ 1eJ,①沟缝 ②巷道很多,2
4742,191,tʂui+,坠,1
4743,191,tʂui+ dɛiJ,准许,1
4744,191,tʂui+ dʑiJ,继续,1
4745,191,tʂui+ dʑwJ,及时,1
4746,191,tʂui+ xɔ+,可以了,1
4747,191,tʂuÃ+,砖,1
4748,191,tʂuÃ+ meJ,专门,1
4749,191,tʂuÃ+ tʂhi+,专区,1
4750,191,tʂw+,蒸,1
4751,191,tʂw+ tʂw+ kho+,逼真；真正,1
4752,191,tʂw+ tʂw+ tʂi+,真情；真的,1
4753,191,tʂw7 ZÃJ,镇压,1
4754,191,tʂw7 tsheJ,政策,1
4755,191,tʂw7 tʂi7,政治,1
4756,191,tʂw7 tʂi7,证据,1
4757,191,tʂw7 tʂʰeJ,正确,1
4758,192,tʂhi+,①甜 ②娶 ③窝(量词) ④解,4
4759,192,tʂhi+,麂子,1
4760,192,tʂhi+,枪,1
4761,192,tʂhi+ 1ɔJ mɔ+,麂子,1
4762,192,tʂhi+ bɿJ,解开,1
4763,192,tʂhi+ deJ,甜蜜,1
4764,192,tʂhi+ dwJ,解开；解放,1
4765,192,tʂhi+ khw+,鹿茸,1
4766,192,tʂhi+ mɔ+,母麂,1
4767,192,tʂhi+ nɛi+ mɔJ,羚羊,1
4768,192,tʂhi+ pɔ7,公麂,1
4769,192,tʂhi+ tʂhi+ nɛi+ nɛi+,甜美的食品,1
4770,192,tʂhi+ xɔ+,解开；拆开,1
4771,192,tʂhi+ ʑi+,甜水,1
4772,192,tʂhi+ ʑoJ ʑoJ,甜蜜蜜,1
4773,192,tʂhi+ ʑɔ+,取到,1
4774,192,tʂhi7,①忧愁 ②尺,2
4775,192,tʂhi7 du+,伤心事,1
4776,192,tʂhi7 gɔ+,分忧,1
4777,192,tʂhi7 nɛi+ tʂhi7 lwJ nɛi+ lwJ,悲喜交集,1
4778,192,tʂhi7 tsi+,尺子,1
4779,193,tʂhi+,①脚 ②到达,2
4780,193,tʂhi+ 1o+ gɿ7,弹壳,1
4781,193,tʂhi+ 1o+ tʂhi+ nɔ+ tʂɛiJ,军火,1
4782,193,tʂhi+ Vɛi+,持枪,1
4783,193,tʂhi+ ZɔJ,手枪,1
4784,193,tʂhi+ bA+,射击,1
4785,193,tʂhi+ bA+ 1eJ SɛiJ mɔ+,射击能手,1
4786,193,tʂhi+ bA+ ghe+ mɔ+,好枪法,1
4787,193,tʂhi+ be+,足；脚,1
4788,193,tʂhi+ be+ nɛiJ phi7 dlɛi+,脚踏两只船,1
4789,193,tʂhi+ be+ theJ,抬脚,1
4790,193,tʂhi+ bɛi+,枪托,1
4791,193,tʂhi+ bɛiJ,多趾,1
4792,193,tʂhi+ bɿJ 1eJ bɿJ,脚手开裂,1
4793,193,tʂhi+ dlwJ,枪走火,1
4794,193,tʂhi+ fu7,缩脚,1
4795,193,tʂhi+ fu7 1eJ fu7,缩脚缩手,1
4796,193,tʂhi+ ghwJ,枪口,1
4797,193,tʂhi+ khÃJ,扛枪,1
4798,193,tʂhi+ mɔ+ tʂhi+ ZɔJ buJ,跷脚,1
4799,193,tʂhi+ nɔ+ tʂhiJ,弹药,1
4800,193,tʂhi+ phɿJ 1eJ phɿJ,脚手浮肿,1
4801,193,tʂhi+ pw7 1eJ pw7,笨手笨脚,1
4802,193,tʂhi+ pɛi+,脚步,1
4803,193,tʂhi+ theJ,举枪,1
4804,193,tʂhi+ tho+,脚底,1
4805,193,tʂhi+ tw+,缩脚,1
4806,193,tʂhi+ tɔ+,动身；起身；启程,1
4807,193,tʂhi+ tɛi+ o7 mɔJ tɛi+,顾头顾不了尾,1
4808,193,tʂhi+ tɛi7 1eJ tɛi7,拦脚绊手,1
4809,193,tʂhi+ tʂhÃJ,擦枪,1
4810,193,tʂhi+ ŋɛi+,鸣枪,1
4811,193,tʂhi+ ʑwJ tɔ+,枪管,1
4812,194,tʂhi+ 1eJ SɛiJ,手脚灵活,1
4813,194,tʂhi+ 1eJ dʑiJ pheJ,四肢,1
4814,194,tʂhi+ 1eJ tʂAJ,有技巧,1
4815,194,tʂhi+ 1ɛi+,小脚,1
4816,194,tʂhi+ 1ɛi+,到来,1
4817,194,tʂhi+ SwJ,爪子；脚趾甲,1
4818,194,tʂhi+ Sɔ+ 1eJ 1o+,灵巧；流利,1
4819,194,tʂhi+ dlɔ+ pheJ,脚掌,1
4820,194,tʂhi+ du+,足迹；痕迹,1
4821,194,tʂhi+ du+ dlɛi+,步后尘,1
4822,194,tʂhi+ du+ dlɛi+ lɔ7,重蹈覆辙,1
4823,194,tʂhi+ du+ tʂɔ+,跟踪,1
4824,194,tʂhi+ duJ,袜子,1
4825,194,tʂhi+ dw+,拖累,1
4826,194,tʂhi+ dzɿJ mɔ+,赤脚,1
4827,194,tʂhi+ dɿ7 phiJ,脚掌,1
4828,194,tʂhi+ lɔ7,到了,1
4829,194,tʂhi+ no7,到过,1
4830,194,tʂhi+ no7 1eJ no7,四肢无力,1
4831,194,tʂhi+ nɔJ,落脚,1
4832,194,tʂhi+ nɛi+,鞋子,1
4833,194,tʂhi+ nɛi+ ZA7 tɛi+,鞋样,1
4834,194,tʂhi+ nɛi+ dɛiJ,穿鞋(自动),1
4835,194,tʂhi+ nɛi+ ghwJ,鞋口,1
4836,194,tʂhi+ nɛi+ nÃJ,纳鞋底,1
4837,194,tʂhi+ nɛi+ nÃJ tʂho+,鞋匠,1
4838,194,tʂhi+ nɛi+ pw+ tʂho+,补鞋匠,1
4839,194,tʂhi+ nɛi+ tho+,鞋底,1
4840,194,tʂhi+ nɛi+ tɿ7,穿鞋(使动),1
4841,194,tʂhi+ tho+ 1eJ dʑe+ mɔ+,非常熟悉的地方,1
4842,194,tʂhi+ tɛiɔ+,跛足,1
4843,194,tʂhi+ tɛiɔ+ mɔ+,跛子,1
4844,195,nɛi+ tʂhiJ dzɔJ xɔ+ xɔ+,你吃过早饭了吗？(古语),1
4845,195,tʂhi+ ZɛiJ,①累赘 ②大脚,2
4846,195,tʂhi+ bu+ tʂhiJ bɛi+,走狗；狗腿子,1
4847,195,tʂhi+ tʂi+,脚趾,1
4848,195,tʂhi+ tʂɔ+ tʂi7,扎根,1
4849,195,tʂhi+ tʂɿ7,脚丫巴,1
4850,195,tʂhi+ tʂʰɛi+,爪牙,1
4851,195,tʂhi+ tʂʰɛi+,脚背,1
4852,195,tʂhiJ,狗,1
4853,195,tʂhiJ,早饭(古语),1
4854,195,tʂhiJ,,0
4855,195,tʂhiJ 1ɛi+,犬吠,1
4856,195,tʂhiJ Si7 VeJ nɛiJ dɛiJ,獾,1
4857,195,tʂhiJ VuJ,疯狗,1
4858,195,tʂhiJ VɛiJ ZɔJ,小母狗,1
4859,195,tʂhiJ bo+,轿子,1
4860,195,tʂhiJ bo+ theJ,抬轿,1
4861,195,tʂhiJ bo+ theJ tʂho+,轿夫,1
4862,195,tʂhiJ bɛi+,差役,1
4863,195,tʂhiJ dzɔJ,吃早饭(古语),1
4864,195,tʂhiJ dɔ+,狗月(农历九月),1
4865,195,tʂhiJ gA7,骗狗(动词),1
4866,195,tʂhiJ gA7 xɔ+ mɔ+,骗狗(名词),1
4867,195,tʂhiJ ghoJ,戊(属狗年),1
4868,195,tʂhiJ go7 mɔ+,野狗,1
4869,195,tʂhiJ mwJ tʂhiJ dɔ+,谣言,1
4870,195,tʂhiJ mwJ tʂhiJ dɔ+ ʑɛi+,造谣,1
4871,195,tʂhiJ mɔ+,母狗,1
4872,195,tʂhiJ pɔ7,公狗,1
4873,195,tʂhiJ to7 mɔ+,蓖麻,1
4874,195,tʂhiJ tsi7 mɔ+,蓖麻,1
4875,195,tʂhiJ tʂi+,①门牙 ②狗牙齿,2
4876,195,tʂhiJ tʂi+,狗皮,1
4877,195,tʂhiJ tʂɛ+,母狗发情,1
4878,195,tʂhiJ ʑw+,狗熊,1
4879,195,tʂhiJ ʑɛi+ mɔ+,跳蚤,1
4880,196,tʂhiJ,①织(布) ②借,2
4881,196,tʂhiJ,①粪 ②朽、腐烂,2
4882,196,tʂhiJ Si7 duJ,厕所,1
4883,196,tʂhiJ bwJ tʂɛi+ bwJ nw+,又酸又臭,1
4884,196,tʂhiJ bɿ+,粪堆,1
4885,196,tʂhiJ duJ,屁股,1
4886,196,tʂhiJ duJ 1eJ tʂe+,大钉耙,1
4887,196,tʂhiJ gw+,①织完 ②借完,2
4888,196,tʂhiJ gw+ tʂhiJ ne+ tʂhi+,借完借尽,1
4889,196,tʂhiJ kw+ bɿ+,堆粪,1
4890,196,tʂhiJ kw+ tÃJ,积肥,1
4891,196,tʂhiJ kɔ+,上粪；施肥,1
4892,196,tʂhiJ nɛi7,肥料；粪土；粪便,1
4893,196,tʂhiJ nɛi7 1eJ tʂe+,小钉耙,1
4894,196,tʂhiJ nɛi7 Xw+,沤肥,1
4895,196,tʂhiJ nɛi7 ʑoJ,肥效,1
4896,196,tʂhiJ phɛi+ ne+ ghoJ ʑÃJ,灰尘满面,1
4897,196,tʂhiJ pu7 duJ,粪坑；粪塘,1
4898,196,tʂhiJ pɿ7,粪,1
4899,196,tʂhiJ tse7,追肥,1
4900,196,tʂhiJ ŋɔ7,借支；借用,1
4901,196,tʂhiJ ʑi+ XwJ,浇粪,1
4902,196,tʂhiJ ʑi+ mɔ+,大粪,1
4903,197,tʂhA+,①篱笆 ②一下,2
4904,197,tʂhA+ 1iAJ,严重,1
4905,197,tʂhA+ dA+,菜刀,1
4906,197,tʂhA+ dɔJ,篱笆,1
4907,197,tʂhA+ gɔ+,栅门,1
4908,197,tʂhA+ nɛi7,外面,1
4909,197,tʂhA+ tʂhA+,偶然,1
4910,197,tʂhA+ ʑeJ,编篱笆,1
4911,197,tʂhA7,抄,1
4912,197,tʂhA7 gwJ,①岔入 ②插入,2
4913,197,tʂhA7 ʑe7,交叉,1
4914,197,tʂhAJ,铲,1
4915,197,tʂhAJ lÃJ tsi+ Vɛi+,葵花,1
4916,197,tʂhAJ lÃJ tsi+ mɔ+,葵花子,1
4917,197,tʂhAJ pɛi+,复查,1
4918,197,tʂhAJ tɔ+ 1ɛi+,铲起来,1
4919,197,tʂhAJ tʂɿ7,长征,1
4920,197,tʂhAJ ʑẽ+,朝鲜,1
4921,197,tʂhiJ,持(支持的持),1
4922,197,tʂhɔ+,①块 ②开裂,2
4923,197,tʂhẽJ,,0
4924,197,tʂhẽJ tʂo+,有陈见,1
4925,197,tʂhẽJ tʂɛiJ,成绩,1
4926,197,tʂhẽJ ʑɛi+,撤走,1
4927,198,tʂho7,低,1
4928,198,tʂho7 pe+,开玩笑,1
4929,198,tʂho7 tshɿ+,掉下来,1
4930,198,tʂhoJ,①竖 ②伴儿 ③扶 ④缠 ⑤快(古语),5
4931,198,tʂhɔ+ Vɛi+ tɔ7,暂存,1
4932,198,tʂhɔ+ ZɔJ,瞬间,1
4933,198,tʂhɔ+ Zɛi+,笑笑,1
4934,198,tʂhɔ+ bɛiJ,破裂,1
4935,198,tʂhɔ+ du+,裂痕,1
4936,198,tʂhɔ+ mɔJ ʑi7,不成器,1
4937,198,tʂhɔ+ ne+,看看；察看,1
4938,198,tʂhɔ+ te7,捎带,1
4939,198,tʂhɔ+ tʂhɔ+,有时；偶尔,1
4940,198,tʂhɔ+ xɔ+,裂了,1
4941,198,tʂhɔ+ ŋɔ7,暂借,1
4942,198,tʂhɔ+ ʑi7,①成器 ②懂事 ③尝试,3
4943,198,tʂhɔJ,车,1
4944,198,tʂhɔJ Si+,拉车,1
4945,198,tʂhɔJ dɛi+,通车,1
4946,198,tʂhɔJ hɿJ,暂时停车,1
4947,198,tʂhɔJ hɿJ duJ,车站,1
4948,198,tʂhɔJ khɛi+,开车,1
4949,198,tʂhɔJ khɛi+ tʂho+,驾驶员,1
4950,198,tʂhɔJ nɛi+,乘车；搭车,1
4951,198,tʂhɔJ pheJ,车轮；轮子,1
4952,198,tʂhɔJ phuJ,车费,1
4953,198,tʂhɔJ piA7,车票,1
4954,198,tʂhɔJ pɛi+,翻车,1
4955,198,tʂhɔJ ʑoJ nɔ7,停车,1
4956,198,tʂhɔJ ʑoJ nɔ7 duJ,停车场,1
4957,198,tʂhɔJ ʑɛi+,雇车,1
4958,199,tʂho+,①秋 ②吹,2
4959,199,tʂho+,①锄 ②削,2
4960,199,tʂho+ SiJ Sɛi+,橘子树,1
4961,199,tʂho+ SiJ gɿ7,橘皮,1
4962,199,tʂho+ SiJ mɔ+,橘子,1
4963,199,tʂho+ fɛi+,秋分(节令),1
4964,199,tʂho+ ho+ thÃJ mwJ,秋天的气候；秋雨,1
4965,199,tʂho+ tho+,下面；底下,1
4966,199,tʂho+ tho+ tʂi+,下牙,1
4967,199,tʂho+ thɔJ,秋季,1
4968,199,tʂho+ thɔJ tɔ+ 1ɛi+ nɛi+,立秋(节令),1
4969,199,tʂho+ tʂA7,暑假,1
4970,199,tʂhoJ SiJ,快走(古语),1
4971,199,tʂhoJ dʑiJ,扶住,1
4972,199,tʂhoJ dʑɿ+,①拉直 ②拨正,2
4973,199,tʂhoJ gɔ+,扶持,1
4974,199,tʂhoJ hɿ7,树立,1
4975,199,tʂhoJ mɔ+,姜,1
4976,199,tʂhoJ mɔ+ ʑi+,姜汤,1
4977,199,tʂhoJ pe+ mw+,做伴,1
4978,199,tʂhoJ phɛi+ mɔ+,画眉(鸟名),1
4979,199,tʂhoJ tu+,拨正,1
4980,199,tʂhoJ tɔ+,建立,1
4981,199,tʂhoJ tɔ+ 1ɛi+,竖起,1
4982,199,tʂhoJ tʂhiJ,讨厌,1
4983,199,tʂhoJ ʑi+ tʂʰɛi+,很淘气,1
4984,199,tʂhẽ+ ho+,立秋(节令),1
4985,200,tʂho+ Xo+,判光,1
4986,200,tʂho+ gw+,锄完,1
4987,200,tʂho+ pheJ,板锄；锄头,1
4988,200,tʂho+ phɛi+,削平,1
4989,200,tʂho+ xɔ+,判除,1
4990,200,tʂho+ ʑi7,勇气；胆量,1
4991,200,tʂhu+,,0
4992,200,tʂhu+ 1ɛi+,处理,1
4993,200,tʂhu+ fɛi+,处分,1
4994,200,tʂhuJ,出,1
4995,200,tʂhuJ fÃJ,除法,1
4996,200,tʂhuJ pɛi+,出版,1
4997,200,tʂhuJ tsi+,炊事员,1
4998,200,tʂhuJ xɔ+,除开,1
4999,200,tʂhuJ ʑw+,出身,1
5000,200,tʂhw7,俊俏,1
5001,200,tʂhw7 dʑiJ,乘机,1
5002,200,tʂhwJ,①丑 ②坏,2
5003,200,tʂhɿ+,插,1
5004,200,tʂhɿ+ VwJ,插稳,1
5005,200,tʂhɿ+ dʑiJ,插着,1
5006,200,tʂhɿ7,晚饭(古语),1
5007,200,tʂhɿ7 dzɔJ,吃晚饭(古语),1
5008,200,tʂhɿ7 thɿ+,抽屉,1
5009,200,tʂhɿ7 ʑui+ tʂɛi+,抽水机,1
5010,201,1o+ dɛi+ mɔ+ tʂhuA7 ʑi+,逛石林,1
5011,201,Si7 tʂhuÃ+,四川,1
5012,201,tʂhuA7,遴；逛,1
5013,201,tʂhuA7 gɔ+,遴玩,1
5014,201,tʂhuA7 pC+,串结；连结；纠合,1
5015,201,tʂhuAJ,传(宣传的传),1
5016,201,tʂhui+,春(小春的春),1
5017,201,tʂhuÃ+,川(四川的川),1
5018,201,tʂhwJ gw+ tʂhwJ ne+ tʂhi+,一无是处,1
5019,201,tʂhwJ tʂhAJ,好坏,1
5020,201,tʂhwJ tʂhAJ mɔJ ʑi+,不分好坏,1
5021,202,dzi+,①筷 ②相信,2
5022,202,dzi+ Si7,碗筷,1
5023,202,dzi+ ghe+,筷子篓,1
5024,202,dzi+ lɔ7 ŋɛi7,真的,1
5025,202,dzi+ mɔ+,筷子,1
5026,202,dzi7,真,1
5027,202,dzi7 dzi7 Zɛi+,果然；如此,1
5028,202,dziJ,①钱；人民币,1
5029,202,dziJ Vɛi+,铜绿,1
5030,202,dziJ bo+,铜锅,1
5031,202,dziJ bo+ pɛi7 ʑɛi+,锣锅盖,1
5032,202,dziJ mɛi+ ʑɛi7,口琴,1
5033,202,dziJ pu7,铜管,1
5034,202,dziJ pɔ+ dziJ tʂhiJ,很疲塌,1
5035,202,dziJ pɛi+ mw+,跳舞,1
5036,202,dziJ tɔ+ 1ɛi+,跳跃,1
5037,203,dziJ doJ ne+ tʂhiJ gw+,铜盆,1
5038,203,dziJ duJ,挖铜矿，采铜矿,1
5039,203,dziJ duJ ʑɔ+,铜矿,1
5040,203,dziJ dɛiJ tʂho+,铜匠,1
5041,203,dziJ lɔJ Vɛi+,笛子,1
5042,203,dziJ lɔJ Vɛi+ 1ɿJ tu+,火锥(名词),1
5043,203,dziJ nɛi+ mɔ+,紫铜,1
5044,203,dziJ nɛi+ ʑo+,铜绿(碱式醋酸铜，绿色晶体，有毒),1
5045,203,dziJ tde+,①钱，人民币；票子；钞票；货币 ②经费,2
5046,203,dziJ tde+ 1ɛiJ,攒钱,1
5047,203,dziJ tde+ SwJ,省钱,1
5048,203,dziJ tde+ fÃJ,发工资,1
5049,203,dziJ tde+ mɔJ tʂo+,无钱；没钱,1
5050,203,dziJ tde+ pɛi+,兑换,1
5051,203,dziJ tde+ te7,寄钱,1
5052,203,dziJ tde+ tʂhi+,霸王鞭,1
5053,203,dziJ tde+ tʂhiJ,借钱,1
5054,203,dziJ tde+ tʂhw7,筹款,1
5055,203,dziJ tde+ zwJ,用钱,1
5056,203,dziJ tde+ ŋɛiJ ŋɛi+,余款,1
5057,203,dziJ tde+ ʑw+,数钱,1
5058,203,dziJ tde+ ʑɛi+,①要债 ②赚钱,2
5059,203,dziJ tsi+,锣,1
5060,203,dziJ tsi+ dɛiJ,敲锣,1
5061,203,dziJ tʂɔ+,债务,1
5062,203,dziJ tʂɔ+ SiJ phɔJ,债主,1
5063,203,dziJ tʂɔ+ ghoJ,还债,1
5064,203,dziJ tʂɔ+ tʂhiJ,铜锅,1
5065,203,dziJ tʂɔ+ tʂhiJ,借债,1
5066,203,dziJ tʂɔ+ ʑeJ,欠债；负债,1
5067,203,dziJ tʂɔ+ ʑɛi+,讨债,1
5068,203,dziJ tʂʰɛi+,铜钱,1
5069,203,dziJ ʑo7 mɔ+,铜勺,1
5070,203,dziJ ʑoJ,钱财,1
5071,203,dziJ ʑoJ no7 ŋɛiJ,财物,1
5072,203,dziJ ʑɛi+,铜盆,1
5073,203,dziJ ʑɛi+ mɔ+,黄铜,1
5074,203,dziJ ʑɛi7 mɔ+,小花雀(鸟名),1
5075,204,dzA+,①幢 ②四(指排行第四),2
5076,204,dzA+ 1ɔ+,老四,1
5077,204,dzAJ,①掼 ②拍,2
5078,204,dzAJ bwJ,倒台；垮台,1
5079,204,dzAJ loJ,掼槽,1
5080,204,dzAJ pɿ7,稻草,1
5081,204,dzAJ tɛi+,打着,1
5082,204,dziJ ʑoJ tʂw7,挣钱,1
5083,204,dziJ ʑoJ ʑi+ mɔ+,金钱,1
5084,204,dzɔ+,,0
5085,204,dzɔ+ kw+,招古(撒尼人祭祀活动的一种名称),1
5086,204,dzɔ+ loJ,秋千,1
5087,204,dzɔ+ loJ gɔ+,打秋千,1
5088,204,dzɛ+,①亮(天亮) ②醒(专指醒酒时的醒),2
5089,204,dzɛ+ Xo+,天大亮,1
5090,204,dzɛJ,①叉(名词) ②狡猾,2
5091,204,dzɛJ doJ,滑倒,1
5092,204,dzɛJ o7,叉尖,1
5093,204,dzɛJ pɛi+,叉舞(彝族的一种舞蹈),1
5094,205,dzɔ+,①剃 ②遍(量词) ③轮(专指年轮),3
5095,205,dzɔ+,①锁(名词) ②锁(动词),2
5096,205,dzɔ+,纠缠,1
5097,205,dzɔ+ dɿJ,锁(名词),1
5098,205,dzɔ+ phu+,钥匙,1
5099,205,dzɔ+ phu+ tu+,钥匙,1
5100,205,dzɔ+ tʂhiJ,锁住,1
5101,205,dzɔ+ xɔ+,剃掉,1
5102,205,dzɔ+ ʑi7 mɔ+,纽扣,1
5103,205,dzɔ+ ʑi7 mɔ+ no7 pɛi7,扣子,1
5104,205,dzɔ+ ʑoJ nɔ7 mɔJ kw7,纠缠不休,1
5105,205,dzɔJ,骂,1
5106,205,dzɔJ,直；正直；耿直；诚实；善良,1
5107,205,dzɔJ,腰,1
5108,205,dzɔJ kɔ+,吵架；吵嘴；争吵,1
5109,205,dzɔJ nɛi7,裤带；腰带,1
5110,205,dzɔJ ʑi+ dzɔJ 1eJ,很直爽,1
5111,205,dzɔJ ʑoJ,恶,1
5112,206,1o+ mɔ+ dzɿ+,扔石头,1
5113,206,dzɔJ KeJ,弯腰,1
5114,206,dzɔJ dʑɿ+,伸腰,1
5115,206,dzɔJ nɛi7 nɛi7,系腰带,1
5116,206,dzɔJ tsi7 ʑwJ,脊椎骨,1
5117,206,dzɔJ ʑwJ nɔ+,腰疼,1
5118,206,dzɔJ ʑwJ tɔ+,腰椎,1
5119,206,dzɔJ ʑwJ tʂhoJ,撑腰,1
5120,206,dzɔJ ʑwJ tʂhoJ dziJ,①伸腰 ②叉腰,2
5121,206,dzɔJ ʑwJ ʑi+ nɔ+,腰酸背疼,1
5122,206,dzɿ+,扔；掷,1
5123,206,dzɿ+ xɔ+,丢开,1
5124,206,dzɿ7,眯(眯着眼睛的眯),1
5125,206,dzɿJ,①塞 ②垫,2
5126,206,ne+ dzɿ7,眯着眼睛,1
5127,207,ʂi7,草,1
5128,207,ʂi7,①扭 ②考验,2
5129,207,ʂi7 1i7,弯扭,1
5130,207,ʂi7 Kɛi+,割草,1
5131,207,ʂi7 VÃJ,草结(用山草绞成条状的燃料),1
5132,207,ʂi7 beJ,草把,1
5133,207,ʂi7 bwJ Vɛi+ dÃJ,东倒西歪,1
5134,207,ʂi7 bwJ nw+ mɔ+,苦草,1
5135,207,ʂi7 bɿ7,草堆,1
5136,207,ʂi7 bɿJ,草,1
5137,207,ʂi7 bɿJ Kɛi+,割草,1
5138,207,ʂi7 bɿJ tʂʰo+,铲草皮,1
5139,207,ʂi7 dlɛi7 1ɛi+ dlɛi+,蹂躏,1
5140,207,ʂi7 du+ mɔ+,白花草,1
5141,207,ʂi7 dziJ,扭起来,1
5142,207,ʂi7 dzÃJ ho+ dzÃJ,急风暴雨,1
5143,207,ʂi7 dzɛi+ dzɿ+,草坪,1
5144,207,ʂi7 dɔ+,出世,1
5145,207,ʂi7 fɛ+,干草,1
5146,207,ʂi7 gɔJ,草料；饲料,1
5147,207,ʂi7 gɔJ pɛiJ,反刍,1
5148,207,ʂi7 mɔJ ZɛiJ,谦虚,1
5149,207,ʂi7 ne+ gwJ,草兜,1
5150,207,ʂi7 nɛi+,青草,1
5151,207,ʂi7 pAJ tw+,草墩(用稻草编的坐具),1
5152,207,ʂi7 pɿ7,稻草,1
5153,207,ʂi7 tʂe+,草绳,1
5154,207,ʂi7 tʂhi+ nɛi+,草鞋,1
5155,207,ʂi7 tʂho+,锄草,1
5156,207,ʂi7 tʂɛi+,拔草,1
5157,207,ʂi7 ʂi7 1i7 1i7,弯扭扭,1
5158,207,ʂi7 ʑA7,世间；世道,1
5159,207,ʂi7 ʑA7 ʑɛi+,见世面,1
5160,208,ʂi+,①死 ②灭；熄,2
5161,208,ʂi7,种子,1
5162,208,ʂi7,蒜,1
5163,208,ʂi7,雉；野鸡,1
5164,208,ʂi7 ZeJ dlɛi+,迷路,1
5165,208,ʂi7 ZɛiJ,高傲,1
5166,208,ʂi7 dɛiJ,捕野鸡,1
5167,208,ʂi7 goJ 1ɛi+,扭转,1
5168,208,ʂi7 gw+ gw+ mw+,粘性很大,1
5169,208,ʂi7 ke+,蒜苔,1
5170,208,ʂi7 kɔ+ ne+,窗户,1
5171,208,ʂi7 kɔ+ ne+ duJ,窗台,1
5172,208,ʂi7 mɔ+,种子,1
5173,208,ʂi7 mɔ+,大蒜,1
5174,208,ʂi7 mɔ+ SɛiJ,撒播,1
5175,208,ʂi7 mɔ+ dpɛiJ xɔ+,绝种,1
5176,208,ʂi7 mɔ+ dwJ,传种,1
5177,208,ʂi7 mɔ+ ho+,育种,1
5178,208,ʂi7 mɔ+ hɿJ,选种,1
5179,208,ʂi7 mɔ+ tɔ7,留种,1
5180,208,ʂi7 mɔ+ tɛi+,浸种,1
5181,208,ʂi7 mɔ+ tɛi+,点播,1
5182,208,ʂi7 mɔ+ tʂAJ mɔ+,混杂的品种,1
5183,208,ʂi7 mɔ+ ʑɛi+ mɔ+,良种,1
5184,208,ʂi7 nɛi+,蒜苗,1
5185,208,ʂi7 phu+,雄雉,1
5186,208,ʂi7 phuJ mɔ+,野蒜,1
5187,208,ʂi7 phɛJ,雌雉,1
5188,208,ʂi7 tʂɛi+ tʂi+,门牙,1
5189,208,ʂi7 ʑoJ,大碗,1
5190,209,ʂi+ 1ɛi+ nɛi+ ne+ mwJ mɔJ tʂhi+,死不瞑目,1
5191,209,ʂi+ Si+ mɔJ kwAJ Sɔ+ mw+,拼命(不管死活地干),1
5192,209,ʂi+ Sɔ+,死活,1
5193,209,ʂi+ do+,寿衣,1
5194,209,ʂi+ dzɛiJ,死绝；断子绝孙,1
5195,209,ʂi+ dʑɔJ kɔ7,报丧,1
5196,209,ʂi+ dʑɔJ mw+,治丧；办丧事,1
5197,209,ʂi+ kɔ+ mɔ+,死路,1
5198,209,ʂi+ lɔ7 nɛi+ SiJ goJ 1ɛi+,死灰复燃,1
5199,209,ʂi+ mw+,尸体,1
5200,209,ʂi+ mw+ mɔ+,死尸,1
5201,209,ʂi+ nɛi+ phuJ dzɛiJ,死得其所,1
5202,209,ʂi+ pɔ+ ʂi+ nɔ+,死气沉沉,1
5203,209,ʂi+ tsui7,死刑,1
5204,209,ʂi+ tu+,该死的,1
5205,209,ʂi+ tɔ7,停尸,1
5206,209,ʂi+ xɔ+,①去世；牺牲；死亡 ②熄灭,2
5207,209,ʂi+ ŋo+ gɛi+,怕死,1
5208,209,ʂi+ ŋɛiJ,幸存,1
5209,209,ʂi+ ʑɛi+,寻死；寻短见,1
5210,209,ʂiJ,①七 ②事 ③漏 ④姓(氏) ⑤们(专用于他之后表示第三人称代词的多数) ⑥些,6
5211,209,ʂiJ du+ dpɛi+,事由,1
5212,209,ʂiJ dwJ,犯法；违法,1
5213,209,ʂiJ dɛi+,出事,1
5214,209,ʂiJ mw+,做事,1
5215,209,ʂiJ mw+ tʂho+,办事员；工作人员,1
5216,209,ʂiJ mɔ+ ʂiJ ZɔJ,大事小事；一切事,1
5217,209,ʂiJ mɔJ tʂo+ doJ mɔJ Ze+,①逍遥自在 ②大摇大摆,2
5218,209,ʂiJ mɛi+,姓名,1
5219,209,ʂiJ pɛ7,办事,1
5220,209,ʂiJ thuJ,暴露,1
5221,209,ʂiJ tɔ+,事故,1
5222,210,ʂi+,①金子 ②猎 ③守；守候；看护 ④黄,4
5223,210,ʂi+ dɔ+,蛇月(旧历四月),1
5224,210,ʂi+ mu7 dɔ+,夏天,1
5225,210,ʂi+ nɔ+,风湿病,1
5226,210,ʂi+ phiJ,灰白色,1
5227,210,ʂi+ phɛi+ mɔ+,蛇,1
5228,210,ʂi+ phɛi+ o7 goJ,蛇头,1
5229,210,ʂi+ phɛi+ xɔJ,蛇肉,1
5230,210,ʂi+ pɛi7,发黄,1
5231,210,ʂi+ ʑɛi+,黄色,1
5232,210,ʂiJ,神,1
5233,210,ʂiJ Zɛi+ tʂho+ 1ɛi+ mw+ ŋɛi+,事在人为,1
5234,210,ʂiJ be+ doJ mɔJ ŋɛi+,神婆的话不可信,1
5235,210,ʂiJ doJ,神话(指巫婆说的话),1
5236,210,ʂiJ inɔ+,巫婆(师娘),1
5237,210,ʂiJ kw+,办事,1
5238,210,ʂiJ kɔ+ xɔ+ duJ mɛi+,后事；善后,1
5239,210,ʂiJ phɔJ,端公(男性，一种迷信职业者),1
5240,210,ʂiJ pɛi+,跳神,1
5241,210,ʂiJ tsi+,七十,1
5242,210,ʂiJ tsi+,羊皮鼓,1
5243,210,ʂiJ tʂAJ mɔ+,好事,1
5244,210,ʂiJ tʂho+ ne+ mɔ+ duJ lɔ7 lo+ SɛiJ mɔJ ʑe+,事与愿违,1
5245,210,ʂiJ tʂhwJ mɔ+,丑事,1
5246,210,ʂiJ tʂo+,有事,1
5247,210,ʂiJ xɔ+,①流产 ②漏掉,2
5248,210,ʂiJ ŋo+ gɛi+,怕事,1
5249,210,ʂiJ ŋɛi+ tʂiJ mwJ,事物,1
5250,210,ʂiJ ʑɛi7 mɔ+,小事,1
5251,211,ʂA+,沙,1
5252,211,ʂA+,破；烂,1
5253,211,ʂA+ SiJ,沙子,1
5254,211,ʂA+ duJ,挖沙,1
5255,211,ʂA+ neJ,商业,1
5256,211,ʂA+ tẽ7,商店,1
5257,211,ʂA7,,0
5258,211,ʂA7 Xɛi+,上海(市),1
5259,211,ʂA7 fu7 mw+,赔礼；道歉,1
5260,211,ʂeJ,,0
5261,211,ʂeJ dʑiJ,承担,1
5262,211,ʂeJ tɔ7,设立,1
5263,211,ʂeJ tʂhi7 phu+,吹牛(说大话),1
5264,211,ʂeJ xɔ+,①脱身 ②消耗,2
5265,211,ʂi+ 1ɛi+ 1ɛi+,黄澄澄,1
5266,211,ʂi+ ZɛiJ ʑɛi+ mɔ+,金黄色,1
5267,211,ʂi+ dʑiJ,看守；守住,1
5268,211,ʂi+ ghoJ,巳(属蛇年),1
5269,211,ʂi+ gɿ7,蛇蜕,1
5270,211,ʂi+ he+ mw+,狩猎；打猎(指到远方打猎),1
5271,211,ʂi+ he+ mw+ tʂho+,猎人,1
5272,211,ʂi+ he+ tɛi+,打猎(指在近处打猎),1
5273,211,ʂi+ tʂhiJ,猎狗,1
5274,211,ʂi+ ʑi+ de+,镀金,1
5275,211,ʂi+ ʑɛi+ mɔ+,蜈蚣,1
5276,211,ʂi+ ʑɛi+ mɔ+,狮子,1
5277,211,ʂi+ ʑɛi+ mɔ+ pɛi+,①狮子舞(名词) ②耍狮子,2
5278,211,ʂiJ,,0
5279,211,ʂiJ XɛiJ,适合,1
5280,211,ʂiJ kɔ+,石膏,1
5281,211,ʂiJ pho7,识破,1
5282,211,ʂiJ ʑɛiJ,实行,1
5283,211,ʂiJ ʑẽJ,实现,1
5284,212,ʂA+ bwJ ʂA+ bɛi+,褴褛,1
5285,212,ʂA+ ʂA+ mw+ dɛiJ,狠揍(狠狠地打),1
5286,212,ʂAJ,,0
5287,212,ʂAJ ʂAJ mw+,唰唰作响(象声词),1
5288,212,ʂAJ ʂAJ mw+ dwJ,放鞭炮的象声词,1
5289,212,ʂɔ+,①麦子 ②讨 ③寻找 ④招 ⑤驾(驾驭牲口),5
5290,212,ʂɔ7,①难 ②穷 ③胜(任),3
5291,212,ʂɔ7 VɛiJ ŋɛi+ mɔ+,妯娌,1
5292,212,ʂɔ7 Xw7,安慰,1
5293,212,ʂɔ7 ghoJ,灾荒年,1
5294,212,ʂɔ7 gwJ mw+,①安慰 ②诉苦,2
5295,212,ʂɔ7 khuJ,疾苦；痛苦,1
5296,212,ʂɔ7 mɛi+,同情；可怜,1
5297,212,ʂɔ7 mɛi+ ʂɔ7 tʂhɛi7,凄惨,1
5298,212,ʂɔ7 pu+,诉苦,1
5299,212,ʂɔ7 tʂhiJ,胜任,1
5300,212,ʂɔ7 ʑi+ tʂʰɛi+,穷困,1
5301,212,ʂɔ7 ʑo+ kɔ+,吃苦,1
5302,212,ʂɔ7 ʑo+ kɔ+ tɛi+,患难；遭难,1
5303,212,ʂɔ7 ʑo+ ʑo+,诉衷情,1
5304,213,ʂɔ+ buJ mɔ+,金龟子(老饿虫),1
5305,213,ʂɔ+ do+ mɔ+,野莜麦,1
5306,213,ʂɔ+ mw+,①雇工 ②麦面,2
5307,213,ʂɔ+ mɔ+,小麦,1
5308,213,ʂɔ+ mɔ+ Kɛi+,割麦子,1
5309,213,ʂɔ+ mɔ+ SiJ,麦粒,1
5310,213,ʂɔ+ mɔ+ pɿ7,麦杆,1
5311,213,ʂɔ+ mɛi+,麦地,1
5312,213,ʂɔ+ nw+,麦穗,1
5313,213,ʂɔ+ nwJ,麦苗,1
5314,213,ʂɔ+ pA+,馒头；粑粑；面包,1
5315,213,ʂɔ+ pu+,玉米；包谷,1
5316,213,ʂɔ+ pu+ 1ɛi+,掰玉米,1
5317,213,ʂɔ+ pu+ SiJ,玉米粒,1
5318,213,ʂɔ+ pu+ dlɛi+ mɔ+,晚玉米,1
5319,213,ʂɔ+ pu+ mw+,玉米面,1
5320,213,ʂɔ+ pu+ neJ mɔ+,早玉米,1
5321,213,ʂɔ+ pu+ no7,糯玉米,1
5322,213,ʂɔ+ pu+ nɛi+ tʂhw+,玉米须,1
5323,213,ʂɔ+ pu+ o7,玉米花(指玉米的雄穗),1
5324,213,ʂɔ+ pu+ pA+,玉米饼；包谷粑粑,1
5325,213,ʂɔ+ pu+ pAJ,爆玉米花,1
5326,213,ʂɔ+ pu+ phÃ+,玉米脱粒；抹包谷,1
5327,213,ʂɔ+ pu+ pɿ7,玉米秸；包谷杆,1
5328,213,ʂɔ+ pu+ tsi+,玉米棵,1
5329,213,ʂɔ+ pu+ tʂhɔ+,锄玉米,1
5330,213,ʂɔ+ pɿ7,麦秸,1
5331,213,ʂɔ+ pɿ7 lɔJ he+,草帽,1
5332,214,ʂo7,①松 ②轮,2
5333,214,ʂo7 khuJ,辛苦,1
5334,214,ʂoJ,,0
5335,214,ʂoJ loJ,①很；更；非常 ②当真,2
5336,214,ʂoJ xɔ+,①减少；少了 ②减产,2
5337,214,ʂoJ ʑoJ mw+ dɛi+,畅通,1
5338,214,ʂoJ ʑɛi7,干脆,1
5339,214,ʂɔ+ ZɔJ,莜麦(燕麦),1
5340,214,ʂɔ+ dlɔJ,糖,1
5341,214,ʂɔ+ dlɔJ VɛiJ ŋɛi+,堂兄弟,1
5342,214,ʂɔ+ dlɔJ nɛi+ dɛiJ mɔ+,蔗糖；沙糖,1
5343,214,ʂɔ+ ghoJ,讨还,1
5344,214,ʂɔ+ gɿ7,麦壳,1
5345,214,ʂɔ+ ho+,讨养,1
5346,214,ʂɔ+ kɔ+ bwJ dzɛiJ,麦麸,1
5347,214,ʂɔ+ tsi+,麦芒,1
5348,214,ʂɔ+ tʂhi+,寻到,1
5349,214,ʂɔ+ tʂɛi+,面酱,1
5350,214,ʂɔ+ tʂʰɛi+,面条,1
5351,214,ʂɔ+ ʑi+ ŋw7,审时度势,1
5352,214,ʂɔ+ ʑwJ,麦茬,1
5353,214,ʂɔ+ ʑwJ tɔ+,甘蔗,1
5354,214,ʂɔ+ ʑɔ+,要回；索回,1
5355,214,ʂɔ+ ʑɛiJ,炒面,1
5356,215,ʂo+,①香(用木屑掺香料做成的细条，燃烧时发出清香味，旧俗在祭祀祖先时常用) ②念,2
5357,215,ʂo+ 1ɛiJ,烧孝帽,1
5358,215,ʂo+ bwJ,香炉,1
5359,215,ʂo+ loJ,鼎；香炉,1
5360,215,ʂo+ phɔ+,孝布,1
5361,215,ʂo+ phɔ+ o7 ho+,孝帽,1
5362,215,ʂo+ tɿ7,燃香,1
5363,215,ʂo+ tʂi+,筲箕,1
5364,215,ʂo+ ɛi+,孝衣,1
5365,215,ʂoJ,少,1
5366,215,ʂoJ lɔ7,差；欠,1
5367,215,ʂɿ+,,0
5368,215,ʂɿ+ tʂhAJ,审查,1
5369,215,ʂɿ+ tʂhi+,申请,1
5370,215,ʂɿJ,①诊断 ②审 ③湿,3
5371,215,ʂɿJ,杜,1
5372,215,ʂɿJ Xui7 tʂw+ ZɛiJ,社会主义,1
5373,215,ʂɿJ XuiJ,社会,1
5374,215,ʂɿJ ZɛiJ,社员,1
5375,215,ʂɿJ dɛiJ,①舍得 ②慷慨,2
5376,215,ʂɿJ mɔJ dɛiJ,留恋,1
5377,215,ʂɿJ tʂÃ+,社长,1
5378,215,ʂɿJ xɔ+ lɔ7,已审,1
5379,215,ʂɿJ ʂɿJ mw+ hɔ+,倾盆大雨的象声词,1
5380,216,ʂu+,书,1
5381,216,ʂu+ kɔ7,打赌,1
5382,216,ʂu+ tʂɛiJ,书记,1
5383,216,ʂu+ xɔ+,输了,1
5384,216,ʂuJ,属(军属烈属的属),1
5385,216,ʂui+,水,1
5386,216,ʂui+ 1ɛi7,水利,1
5387,216,ʂui+ XwJ,水壶,1
5388,216,ʂui+ khuJ,水库,1
5389,216,ʂui+ nɛiJ,水泥,1
5390,216,ʂui7,税,1
5391,216,ʂui7 du+ mɛi+,依顺,1
5392,216,ʂui7 ne+,纳税,1
5393,216,ʂui7 ʂA7,上税,1
5394,216,ʂw+,收,1
5395,216,ʂw+ Zɛi+ tʂi+,收音机,1
5396,216,ʂw+ goJ 1ɛi+,回收,1
5397,216,ʂw+ tiAJ,收条,1
5398,216,ʂw+ tɔ7,收藏；贮藏,1
5399,216,ʂw+ tɛi+,收到,1
5400,216,ʂw+ xɔ+,收拾,1
5401,216,ʂw+ ʑɔ+,收获,1
5402,216,ʂw+ ʑɔ+ nɔ7,丰收,1
5403,216,ʂw+ ʑɔ+ ʑoJ,歉收,1
5404,216,ʂw7,,0
5405,216,ʂw7 dʑiJ,忍受,1
5406,216,ʂw7 khuJ,受苦,1
5407,216,ʂw7 lɔJ,够受,1
5408,216,ʂw7 tsui7,受罪,1
5409,216,ʂw7 zo+,享受,1
5410,216,ʂɛi+,手,1
5411,216,ʂɛi+ SɛiJ pɛi7,办手续,1
5412,216,ʂɛi+ piA+,手表,1
5413,216,ʂɛi+ tu+,首都,1
5414,217,ʑi+,水,1
5415,217,ʑi+ VeJ,担水；挑水,1
5416,217,ʑi+ VeJ peJ tɔ+,钩担(挑水用具),1
5417,217,ʑi+ Vɛi+,浮萍,1
5418,217,ʑi+ Vɛi+ dzoJ,石缸,1
5419,217,ʑi+ boJ,淌水,1
5420,217,ʑi+ bwJ,流水,1
5421,217,ʑi+ bwJ tsi7,水罐,1
5422,217,ʑi+ duJ,水井,1
5423,217,ʑi+ duJ gA7,淘井,1
5424,217,ʑi+ duJ theJ,挖井,1
5425,217,ʑi+ duJ thɔJ,淘井,1
5426,217,ʑi+ duJ ʑi+,井水,1
5427,217,ʑi+ dɔ+ duJ,水源,1
5428,217,ʑi+ dɔ+ mɔ+,泉水(龙潭水),1
5429,217,ʑi+ dɔJ,接水,1
5430,217,ʑi+ dɛiJ,打水,1
5431,217,ʑi+ fÃ+,发洪水,1
5432,217,ʑi+ meJ,海军；水兵,1
5433,217,ʑi+ mɛi7,下游,1
5434,217,ʑi+ mɛiJ,温水,1
5435,217,ʑi+ mɿ7,热水,1
5436,217,ʑi+ mɿ7 duJ,温泉,1
5437,217,ʑi+ nɛi+ de+ mɔ+,污水,1
5438,217,ʑi+ nɛi+ hoJ mɔ+,浑水,1
5439,217,ʑi+ pA7,水坝,1
5440,217,ʑi+ pA7 dɛiJ,筑坝,1
5441,217,ʑi+ phi+,泼水,1
5442,217,ʑi+ phiJ tu+,戽斗,1
5443,217,ʑi+ phɛiJ,戽水,1
5444,217,ʑi+ phɛiJ XwJ,洒水,1
5445,217,ʑi+ pu7 duJ,水塘,1
5446,217,ʑi+ theJ,提水,1
5447,217,ʑi+ tho+,水底,1
5448,217,ʑi+ thuJ,水桶,1
5449,217,ʑi+ thuJ kw+,箍桶,1
5450,217,ʑi+ thuJ tho+,桶底,1
5451,218,ʑi+ 1eJ ʑA+,泅水,1
5452,218,ʑi+ 1ɛi+,水磨,1
5453,218,ʑi+ 1ɛi+ gɛi+,水灾,1
5454,218,ʑi+ 1ɛi+ tɛi+,水淹；涝,1
5455,218,ʑi+ 1ɛi+ tʂhA7 ʑi+,淹死,1
5456,218,ʑi+ SeJ,水蒸气,1
5457,218,ʑi+ SiJ phuJ,水泡,1
5458,218,ʑi+ Sɔ+,汤,1
5459,218,ʑi+ Sɔ+ dlÃ+ mɔ+,白开水,1
5460,218,ʑi+ Sɔ+ kɔ+,泡汤,1
5461,218,ʑi+ Sɔ+ tʂɛi+,开水,1
5462,218,ʑi+ SɛiJ,口渴,1
5463,218,ʑi+ SɛiJ khɔJ,耐渴,1
5464,218,ʑi+ de+,水开了,1
5465,218,ʑi+ de+ mɔ+,开水,1
5466,218,ʑi+ dlɔ+ SiJ,找水死,1
5467,218,ʑi+ dwJ,放水,1
5468,218,ʑi+ dÃJ,游泳,1
5469,218,ʑi+ dɔJ,河水,1
5470,218,ʑi+ dɔJ ZɛiJ mɔ+,①大江 ②大河,2
5471,218,ʑi+ dɔJ mɔ+,河流,1
5472,218,ʑi+ dɔJ tɔ+,大河涨水,1
5473,218,ʑi+ lɔJ dlɛi+,波浪,1
5474,218,ʑi+ ne+ moJ,潜水,1
5475,218,ʑi+ ne+ ŋɔ7 lo+ Si7,鱼水关系,1
5476,218,ʑi+ ne7,水深,1
5477,218,ʑi+ nɛ7 moJ,淹死,1
5478,218,ʑi+ nɛi+,玩水,1
5479,218,ʑi+ nɛiJ dzoJ,水碾,1
5480,218,ʑi+ tsu+,水租,1
5481,218,ʑi+ tʂhiJ,洗澡,1
5482,218,ʑi+ tʂhiJ tu+,①水闸 ②闸门,2
5483,218,ʑi+ tʂhw+,水碾,1
5484,218,ʑi+ tʂhɔJ,水车,1
5485,218,ʑi+ tʂhɿ+ mɔ+,①瀑布 ②大叠水(地名),2
5486,218,ʑi+ tʂi+,喝水,1
5487,218,ʑi+ tʂi+ tʂhɿ+ mɔ+,涝地,1
5488,218,ʑi+ ʑi+ ʑi+ pɛi7,水淋淋的,1
5489,218,ʑi+ ʑo7 dɛiJ,青苔,1
5490,218,ʑi+ ʑoJ ʑoJ,湿淋淋,1
5491,218,ʑi+ ʑɛiJ,湿,1
5492,219,ʑi+,捉,1
5493,219,ʑi+ A+ ne+ mɔ+,水老鸦(鱼鹰),1
5494,219,ʑi+ Kw7,罚跪,1
5495,219,ʑi+ Xo+ mɔ+,净水,1
5496,219,ʑi+ XwJ,浇水,1
5497,219,ʑi+ XwJ,水塘,1
5498,219,ʑi+ XwJ tɛi+ bwJ,堤坝,1
5499,219,ʑi+ Xɛi+,倒水,1
5500,219,ʑi+ Zɛi7,灌溉,1
5501,219,ʑi+ Zɛi7 duJ,蓄水池,1
5502,219,ʑi+ dlɛi+,侦探,1
5503,219,ʑi+ dlɛiJ tʂho+,①奸细 ②侦察员,2
5504,219,ʑi+ dɔ+ 1ɛi+,捕来；拿获；捉来,1
5505,219,ʑi+ dɛiJ,打,1
5506,219,ʑi+ dʑe+,冷水,1
5507,219,ʑi+ dʑiJ,逮住,1
5508,219,ʑi+ ghwJ,水边,1
5509,219,ʑi+ ghɿJ,舀水,1
5510,219,ʑi+ go+,吸水,1
5511,219,ʑi+ gwJ,涉水,1
5512,219,ʑi+ hɿ7,罚站,1
5513,219,ʑi+ kw7,会游泳,1
5514,219,ʑi+ kɔ+,渠道；水沟,1
5515,219,ʑi+ kɔ+ lɔJ ʑi7 mɔ+,漩涡,1
5516,219,ʑi+ mwJ SiJ mɔ+,葡萄,1
5517,219,ʑi+ mwJ dɛiJ tu+,蝇拍子,1
5518,219,ʑi+ mwJ mɔ+,苍蝇,1
5519,219,ʑi+ mɔ+,钱,1
5520,219,ʑi+ mɔ+ du+,贝壳(古代用贝壳做的一种货币),1
5521,219,ʑi+ mɛi+,捕获(捉着),1
5522,219,ʑi+ o7,①水源 ②上游,2
5523,219,ʑi+ o7 phuJ,水胡芦,1
5524,219,ʑi+ tʂheJ,提水,1
5525,219,ʑi+ tʂhiJ mɔ+,生水,1
5526,219,ʑi+ tʂɛi+,清水,1
5527,219,ʑi+ ŋɛi7 Vɛi+,荷花,1
5528,219,ʑi+ ŋɛi7 dɔJ,荷叶,1
5529,219,ʑi+ ŋɛi7 mɔ+,藕,1
5530,219,ʑi+ ŋɛi7 phu+,荷包,1
5531,219,ʑi+ ŋɛi7 tsi+,莲蓬,1
5532,219,ʑi+ ʑoJ,审讯,1
5533,219,ʑi+ ʑoJ gɛi+,水缸,1
5534,219,ʑi+ ʑw+,水獭,1
5535,219,ʑi+ ʑɔ+,捕获,1
5536,220,ʑA+,①烂 ②肯 ③坏,3
5537,220,ʑA+ dɛiJ,残疾,1
5538,220,ʑA+ ʑA+ mw+,盛满,1
5539,220,ʑA7,①退 ②饶 ③让,3
5540,220,ʑA7 bɛiJ,谦让；让给,1
5541,220,ʑA7 xɔ+,让开,1
5542,220,ʑAJ,姐,1
5543,220,ʑeJ,人,1
5544,220,ʑeJ mɛiJ,人民,1
5545,220,ʑeJ mɛiJ kɔ+ ʂɿJ,人民公社,1
5546,220,ʑeJ mɛiJ tAJ Xui7 thÃJ,人民大会堂,1
5547,220,ʑeJ mɛiJ tʂw7 fɛi+,人民政府,1
5548,220,ʑeJ tAJ tʂhAJ uei+,人大常委,1
5549,220,ʑeJ ʑi+ tʂʰɛi+,炎热,1
5550,220,ʑi+,去,1
5551,220,ʑi+ e7,去,1
5552,220,ʑi+ tʂi7,敢去,1
5553,220,ʑi+ ʑi+,去吗？,1
5554,220,ʑiJ,,0
5555,220,ʑiJ du+ mɛi+,顺从,1
5556,220,ʑiJ dɔ+ dʑiJ,溜走,1
5557,220,ʑiJ pɛi+,日本,1
5558,221,o7 tɛi+ ʑo7,头皮痒,1
5559,221,ʑo+,①议论 ②讲,2
5560,221,ʑo+,绵羊,1
5561,221,ʑo+ XoJ,言归于好,1
5562,221,ʑo+ du+ pw+ ʑiJ bɔJ,绵羊满山坡,1
5563,221,ʑo+ dɔ+,羊月(六月),1
5564,221,ʑo+ dɔ+ nɛiJ tɛi+ dɛi7,火把节(六月二十四),1
5565,221,ʑo+ gɔ+,攀谈,1
5566,221,ʑo+ mɔ+,母绵羊,1
5567,221,ʑo+ no7 A JmɛiJ,母绵羊(未产过崽的),1
5568,221,ʑo+ nɔ7,骟绵羊(名词),1
5569,221,ʑo+ nɛi+,绵羊毛,1
5570,221,ʑo+ nɛi+ biJ dɔ+,白痢,1
5571,221,ʑo+ pɔ7,公绵羊,1
5572,221,ʑo7,右,1
5573,221,ʑo7,痒,1
5574,221,ʑo7,我,1
5575,221,ʑo7,①意思 ②勺,2
5576,221,ʑo7 1eJ,右手,1
5577,221,ʑo7 1eJ du+ kw+ dɛiJ,右手戴银镯子(文学语),1
5578,221,ʑo7 Vɛi+,本家,1
5579,221,ʑo7 Vɛi+ tʂho+,自家人,1
5580,221,ʑo7 mɔ+,勺子,1
5581,221,ʑo7 nɛi+ thɿJ dɛi+ 1wJ,我喜欢了一场(文学语),1
5582,221,ʑo7 tu+ tu+,我自己,1
5583,221,ʑo7 tʂhi+,抓痒,1
5584,221,ʑo7 ʑiJ,我自己,1
5585,221,ʑo7 ʑo+ mw+,欠伸,1
5586,221,ʑɔ7 ʑA7 go7 Zɛi+ tpo7 lɔ7,我姐在昆明,1
5587,222,ʑo+,①生(专指生小孩) ②个(专指三人以下人的量词),2
5588,222,ʑo+ 1o7,放绵羊,1
5589,222,ʑo+ Si+,麻疹,1
5590,222,ʑo+ Si+ dɔ+,出疹子,1
5591,222,ʑo+ ZɔJ,小绵羊,1
5592,222,ʑo+ ZɛiJ,长大,1
5593,222,ʑo+ ghoJ,未(属羊年),1
5594,222,ʑo+ kw7 mɔ+,公绵羊(古语),1
5595,222,ʑo+ kɔ+,增长,1
5596,222,ʑo+ mɛi+,籍贯,1
5597,222,ʑo+ nɛi+,生日,1
5598,222,ʑo+ tɔ+ 1ɛi+,生长,1
5599,222,ʑo+ tʂi+ dɔJ bɛi+ ZɔJ,姑娘披的羊皮褂,1
5600,222,ʑo+ tʂÃJ,长得漂亮,1
5601,222,ʑo+ ʑɔ7,难产,1
5602,222,ʑoJ,,0
5603,222,ʑoJ,,0
5604,222,ʑoJ mɔ+,婆婆,1
5605,222,ʑoJ mɔ+ mɛiJ ɛi7,婆媳,1
5606,222,ʑoJ phɔJ,公公,1
5607,222,ʑoJ ʑi+,①植物油(菜油；豆油；花生油；麻油等) ②矿物油(煤油；汽油等),2
5608,222,ʑoJ ʑi+ 6ɛi7,滤油,1
5609,222,ʑoJ ʑi+ Sɿ7,擦油,1
5610,222,ʑoJ ʑi+ dɛiJ,榨油,1
5611,222,ʑoJ ʑi+ gɛi+,揩油,1
5612,222,ʑoJ ʑi+ khu+,油枯,1
5613,222,ʑoJ ʑi+ pɛi+,油瓶,1
5614,222,ʑoJ ʑi+ tʂ7,点灯,1
5615,222,ʑoJ ʑi+ ʑoJ,加油,1
5616,222,ʑoJ ʑoJ,永远,1
5617,223,A+ ʑɛi+,娇生惯养,1
5618,223,ʑoJ phɔJ ʑoJ mɔ+,公婆,1
5619,223,ʑoJ tʂhiJ phɔJ,鳏夫,1
5620,223,ʑoJ ʑA7,谅解,1
5621,223,ʑw7,认,1
5622,223,ʑw7 dʑiJ,①担任 ②承认,2
5623,223,ʑw7 tɛi+,认到,1
5624,223,ʑw7 tʂho7,认错,1
5625,223,ʑw7 tʂw+,认真,1
5626,223,ʑw7 ʑoJ,至少,1
5627,223,ʑwJ,任,1
5628,223,ʑwJ dʑiJ,忍耐,1
5629,223,ʑwJ dʑiJ mɔJ tʂhiJ,忍无可忍,1
5630,223,ʑwJ pɔ+ mɔJ dɛiJ,按捺不住,1
5631,223,ʑwJ tsi+,躲着走；猫着腰走不让对方发现,1
5632,223,ʑɛi+,娇,1
5633,223,ʑɛiJ,入,1
5634,223,ʑɛiJ Xo+ 1ɔ7,加入,1
5635,223,ʑɛiJ thuÃJ,入团,1
5636,223,ʑɛiJ tÃ+,入党,1
5637,224,tʂi+,居,1
5638,224,tʂi+,①撕 ②拔,2
5639,224,tʂi+ KuA+,机关,1
5640,224,tʂi+ Xui7,机会,1
5641,224,tʂi+ Xui7 tw7,趁机,1
5642,224,tʂi+ Xɔ+,拔掉,1
5643,224,tʂi+ Xɛi+,撕开,1
5644,224,tʂi+ phi7,撕烂,1
5645,224,tʂi+ pɛi+,基本,1
5646,224,tʂi+ thuJ,拔除,1
5647,224,tʂi+ tʂhi7,机器,1
5648,224,tʂi+ ʑA+,撕破,1
5649,224,tʂi7,几,1
5650,224,tʂi7 6ɛi+,记忆力,1
5651,224,tʂi7 XuA7,计划,1
5652,224,tʂi7 Xɔ7,记号,1
5653,224,tʂi7 dʑiJ,记住,1
5654,224,tʂi7 dʑiJ dɛiJ,记得,1
5655,224,tʂi7 pe+,记录,1
5656,224,tʂiJ,级,1
5657,224,tʂiJ XoJ,集合,1
5658,224,tʂiJ tɛi+,着急,1
5659,224,tʂiJ tʂhi7,节气,1
5660,224,tʂiJ tʂiJ,积极,1
5661,224,tʂiJ tʂo+,集中,1
5662,224,tʂɔ7,部分,1
5663,224,tʂɔ7 mɔ+ ZɔJ,母畜,1
5664,224,tʂɔ7 mɔ7,姑嫂,1
5665,224,tʂɔ7 nɛi+ mɔJ SA7,一无所知,1
5666,225,tʂɔ+,①债 ②官司 ③老五(排行第五),3
5667,225,tʂɔ+ Si+ phɔJ,债主,1
5668,225,tʂɔ+ bɛi+,蓑衣,1
5669,225,tʂɔ+ ghoJ,①还债 ②复仇；报复；报仇,2
5670,225,tʂɔ+ tu+,打官司；告状,1
5671,225,tʂɔ+ tʂho+,榈槽,1
5672,225,tʂɔ+ tʂhÃJ,警察,1
5673,225,tʂɔ+ ʑeJ,经验,1
5674,225,tʂɔ+ ʑoJ,欠帐；负债,1
5675,225,tʂɔ7 1ɛi+,一些；一部分,1
5676,225,tʂɔ7 ZɔJ,一小点,1
5677,225,tʂɔ7 ZɔJ tʂiJ Xɔ+,为时过早,1
5678,225,tʂɔ7 ghoJ,今年,1
5679,225,tʂɔ7 nɔ7,较多,1
5680,225,tʂɔ7 nɛi+ gɔ+ mɔJ zo+,①别怕 ②没有关系,2
5681,225,tʂɔ7 nɛi+ mɔJ kue7,不足为奇,1
5682,225,tʂɔ7 nɛi+ mɔJ ʑɛi+,一丝不苟,1
5683,225,tʂɔ7 tʂÃJ,较好,1
5684,225,tʂɔ7 ʑoJ,较少,1
5685,225,tʂɔJ,间(间苗；匀苗),1
5686,225,tʂɔJ Xɔ+,间苗,1
5687,225,tʂɔJ dpɛi+,尽量,1
5688,225,tʂɔJ tuJ,进度,1
5689,225,tʂɔJ tʂÃJ,把苗间好,1
5690,225,tʂɛi+,①酸 ②腌,2
5691,226,tʂe+,绳子,1
5692,226,tʂe+,①耙(动词) ②晾,2
5693,226,tʂe+ SwJ,耙齿,1
5694,226,tʂe+ VÃJ,搓绳子,1
5695,226,tʂe+ duJ phiJ,皮条,1
5696,226,tʂe+ fɛi+,晾干,1
5697,226,tʂe+ ghw+,挽绳子,1
5698,226,tʂe+ mɔ+,耙(名词),1
5699,226,tʂe+ nɔ7 pɛi7,绳子扣,1
5700,226,tʂe+ phu+ tʂ7,柬埔寨,1
5701,226,tʂe+ tʂhi+,绳子,1
5702,226,tʂe+ tʂhÃJ,检查,1
5703,226,tʂe+ tʂiJ,坚决,1
5704,226,tʂe+ ʑi7,带子,1
5705,226,tʂe7,煮,1
5706,226,tʂe7,①传染 ②骂,2
5707,226,tʂe7 dzoJ,煮吃,1
5708,226,tʂe7 hoJ,煮烂,1
5709,226,tʂe7 mo7,传染,1
5710,226,tʂe7 mɛi+,煮熟,1
5711,226,tʂe7 tsi7,渐渐,1
5712,226,tʂe7 ʑA+,煮烂,1
5713,226,tʂɛi+ Kɛi+ mɔ+,秃顶,1
5714,226,tʂɛi+ VɛiJ,酸味,1
5715,226,tʂɛi+ bwJ nw+,酸臭,1
5716,226,tʂɛi+ du+ mɔ+,白顶(指野兽、家畜头上长的白毛),1
5717,226,tʂɛi+ phuJ,额头,1
5718,226,tʂɛi+ phuJ nɛi7,脑门,1
5719,226,tʂɛi+ pɛi+ pɛi+,酸酸的,1
5720,226,tʂɛi+ pɛi+ tʂɛi+ tɔ+,酸溜溜,1
5721,226,tʂɛi+ tɛi+,受惊；惊慌,1
5722,226,tʂɛi+ ʑi7,旋顶,1
5723,226,ʑoJ tʂe7 Vɛi+ tʂe7,煮菜,1
5724,227,mwJ go+ tʂe+ dɛiJ nɔ7 mɛi+ tʂhi+ ʑi7 Sɛi+ nɔ7,天上星星多，地上草木多(摘自彝文经典，形容很多),1
5725,227,tʂe+,①清(专指水清) ②座(量词) ③尸(古语),3
5726,227,tʂe+,①跑 ②发情(指母狗发情),2
5727,227,tʂe+ ZɔJ,星星,1
5728,227,tʂe+ ZɔJ bɔ+,星光,1
5729,227,tʂe+ ZɔJ dɛiJ,流星,1
5730,227,tʂe+ Zɛi+ mɔ+,金星；启明星；明星(明亮的星),1
5731,227,tʂe+ gɔ+,快跑,1
5732,227,tʂe+ mw+,追悼(专指家里人死在外地尸体没有运回来而在家里举行一种追悼仪式),1
5733,227,tʂe+ tʂe+,刚才,1
5734,227,tʂe7,汗,1
5735,227,tʂe7 Sɛi+ ZɔJ,汗腺,1
5736,227,tʂe7 dɔ+,出汗,1
5737,227,tʂe7 mɛiJ,污垢,1
5738,227,tʂe7 nɔ+,传染病,1
5739,227,tʂe7 phɛi+,搧扇,1
5740,227,tʂe7 phɛi+ tu+,扇子,1
5741,227,tʂe7 tʂe7,讨厌,1
5742,227,tʂe7 tʂhw+,被传染,1
5743,227,tʂe7 ʑi+,汗水,1
5744,227,tʂe7 ʑi+ tʂe7 XwJ,汗流夹背,1
5745,227,tʂe7 ʑi+ ʑɔJ bɔJ tʂɛi+,汗流满面,1
5746,227,tʂe7 ʑi+ ʑɔJ ne+,血汗,1
5747,227,tʂɛi+ tʂheJ ʑɛi+ nɛiJ tʂhw+ ʑiJ tʂhw+ tsiJ tʂiJ 6ɛiJ,江城哈尼族彝族自治县,1
5748,227,ŋuJ XɔJ thij tʂe+,一串牛肉,1
5749,228,tʂA+,家,1
5750,228,tʂA+ fÃJ,加法,1
5751,228,tʂA+ kɔ+,加上,1
5752,228,tʂA+ meJ,同姓,1
5753,228,tʂA+ tʂhwJ,家族,1
5754,228,tʂA7,①调皮 ②犟,2
5755,228,tʂA7 So7 mɔJ tʂo+,很犟,1
5756,228,tʂA7 dwJ,放假,1
5757,228,tʂA7 tsi+,架子,1
5758,228,tʂAJ,甲,1
5759,228,tʂAJ VwJ,夹稳,1
5760,228,tʂAJ dʑiJ,夹住,1
5761,228,tʂAJ tsi+,甲子,1
5762,228,tʂAJ tɛi+,被夹了,1
5763,228,tʂAJ ʑA+,夹破,1
5764,228,tʂe+ Xɔ+,跑了,1
5765,228,tʂe+ dɔ+ dʑiJ,逃跑,1
5766,228,tʂe+ gɔ+,快跑,1
5767,228,tʂe+ kɔ7,赛跑,1
5768,228,tʂe+ mɛi+,下扬(扬谷时方位),1
5769,228,tʂe+ mɛi+ tʂe+ mɛi+ tʂe7,连接,1
5770,228,tʂe+ o7,上扬(扬谷时方位),1
5771,228,tʂe+ pho+ moJ,逃避,1
5772,228,tʂe+ tʂiJ,跑得快,1
5773,228,tʂÃ+ 1ɛiJ,奖励,1
5774,228,tʂÃ+ ʑɔ+,获奖,1
5775,228,tʂɔ+,交,1
5776,228,tʂɔ+ biJ,交给,1
5777,228,tʂɔ+ tʂiJ,交待,1
5778,228,tʂɔ+ ʑɔJ,骄傲,1
5779,228,tʂɔJ,假,1
5780,228,tʂɔJ mɔ+,虚假,1
5781,228,tʂɔJ mɔ+ Vɛi+ kɔ+,掺假,1
5782,228,tʂɔJ mɔ+ dɛi+,伪装,1
5783,228,tʂɔJ ʑi+ tʂhe+,打扰,1
5784,229,tʂu+,纠,1
5785,229,tʂu+ dʑiJ,揪住,1
5786,229,tʂu+ tʂw7,纠正,1
5787,229,tʂu+ tʂɛi+,酒精,1
5788,229,tʂu7,洒,1
5789,229,tʂu7 tʂhɛi+,坠落,1
5790,229,tʂu7 ʑi+,就是,1
5791,229,tʂuJ,就,1
5792,229,tʂuJ ʑɔJ Xui7,旧社会,1
5793,229,tʂwJ,党,1
5794,229,tʂwJ VwJ7,党悟,1
5795,229,tʂwJ tʂÃ+,司长,1
5796,230,tʂhi+,区,1
5797,230,tʂhi+,抓,1
5798,230,tʂhi+ bɛiJ,推开,1
5799,230,tʂhi+ khɛi+,扒开,1
5800,230,tʂhi+ tɛi+,抓着,1
5801,230,tʂhi+ tʂhi+ mw+,惊动,1
5802,230,tʂhi+ tʂÃ+,区长,1
5803,230,tʂhi+ uei+,区委,1
5804,230,tʂhi+ ʑA+,抓破,1
5805,230,tʂhi7,驱,1
5806,230,tʂhi7 ZɛiJ,汽油,1
5807,230,tʂhi7 tw+,汽灯,1
5808,230,tʂhi7 tʂhɛi+,汽车,1
5809,230,tʂhi7 tʂhɛi+ kɔ+ mɔ+,公路,1
5810,230,tʂhiJ,①羊 ②冷,2
5811,230,tʂhiJ bɛi7 gɔ+ duJ duJ,衙门,1
5812,230,tʂhiJ mɔ+,母山羊,1
5813,230,tʂhiJ no7 ZɔJ,小母羊,1
5814,230,tʂhiJ nɔ7,公羊,1
5815,230,tʂhiJ nɛiJ gɛiJ,山羊嘴疮,1
5816,230,tʂhiJ pheJ,喂羊的树叶,1
5817,230,tʂhiJ pw+,羊圈,1
5818,230,tʂhiJ pw+ hɛi+,羊栏,1
5819,230,tʂhiJ pɔ7,公羊(专指未骟过的),1
5820,230,tʂhiJ pɔ7 ZɔJ,小公羊,1
5821,231,tʂhiJ,群,1
5822,231,tʂhiJ A+ nɛi+,羊奶,1
5823,231,tʂhiJ A+ nɛi+ mw+ 1ɛi+,羊奶菌,1
5824,231,tʂhiJ XoJ,杀羊,1
5825,231,tʂhiJ XoJ,羊肉,1
5826,231,tʂhiJ XoJ gu+,羊肉干巴,1
5827,231,tʂhiJ ZɔJ,小羊；羊羔,1
5828,231,tʂhiJ Zɛi+ mɔ+,羊群,1
5829,231,tʂhiJ Zɛi+ ʑo+ Zɛi+ mɔ+,羊群(包括绵羊),1
5830,231,tʂhiJ ZɛiJ,"""七一""(建党节)",1
5831,231,tʂhiJ ]o7,放羊,1
5832,231,tʂhiJ ]o7 dɛi+ dɔ+,远牧(出门放羊),1
5833,231,tʂhiJ ]o7 tʂho+,牧羊人,1
5834,231,tʂhiJ ]oJ hɛi+,专指种羊,1
5835,231,tʂhiJ dlɛiJ mɔ+,洋芋,1
5836,231,tʂhiJ dɛiJ,癣,1
5837,231,tʂhiJ go7 mɔ+,岩羊,1
5838,231,tʂhiJ gu+,凉,1
5839,231,tʂhiJ gu+ gu+,冷冰冰,1
5840,231,tʂhiJ gu+ mɔ+,瘦羊,1
5841,231,tʂhiJ gwJ,乳饼,1
5842,231,tʂhiJ gwJ tʂe7,煮羊奶,1
5843,231,tʂhiJ gwJ tʂhw+,挤羊奶,1
5844,231,tʂhiJ khuÃJ,情况,1
5845,231,tʂhiJ khw+ pw+,羊角号,1
5846,231,tʂhiJ kw+ pÃJ tʂÃJ,架...,1
5847,231,tʂhiJ kw7 mɔ+,公羊(古语),1
5848,231,tʂhiJ kɔ+ mɔ+,羊肠小道,1
5849,231,tʂhiJ nɛi+,羊毛,1
5850,231,tʂhiJ o7 goJ,羊头,1
5851,231,tʂhiJ tʂho+,外国人,1
5852,231,tʂhiJ tʂi+,羊皮,1
5853,231,tʂhiJ tʂi+ nɔ7 khwJ,羊皮褂子,1
5854,231,tʂhiJ tʂo7,群众,1
5855,231,tʂhiJ ʑi+ khw+ mɔ+,蜻蜓,1
5856,232,tʂhɛi+,①稻子 ②派,2
5857,232,tʂhɛi+ 1ɛi+,碾米,1
5858,232,tʂhɛi+ 6ɛiJ mw+,新米节,1
5859,232,tʂhɛi+ 6ɛiJ mɔ+,新米,1
5860,232,tʂhɛi+ SiJ,谷子,1
5861,232,tʂhɛi+ SiJ bɛi+,谷堆,1
5862,232,tʂhɛi+ SiJ tʂi7,春米,1
5863,232,tʂhɛi+ bɛi+,谷堆,1
5864,232,tʂhɛi+ du+,米；大米,1
5865,232,tʂhɛi+ du+ dʑiJ mɔ+,米,1
5866,232,tʂhɛi+ du+ kɔ+ tu+,细筛,1
5867,232,tʂhɛi+ du+ thɔJ,淘米,1
5868,232,tʂhɛi+ dʑAJ,打谷子,1
5869,232,tʂhɛi+ dʑi7,秧苗,1
5870,232,tʂhɛi+ kɛi+,割稻谷,1
5871,232,tʂhɛi+ mw+,米面粉,1
5872,232,tʂhɛi+ mɔ+,稻谷,1
5873,232,tʂhɛi+ mɔ+ dʑAJ tu+,掼槽；打谷机,1
5874,232,tʂhɛi+ mɔ+ nɛi+,红米,1
5875,232,tʂhɛi+ mɔ+ tɛi+,栽秧,1
5876,232,tʂhɛi+ mɔ+ tʂo+,米饭,1
5877,232,tʂhɛi+ mɛi+,稻田,1
5878,232,tʂhɛi+ mɛiJ,清明(节令),1
5879,232,tʂhɛi+ neJ mɔ+,早稻,1
5880,232,tʂhɛi+ no7 mɔ+,糯米,1
5881,232,tʂhɛi+ nw+,谷穗,1
5882,232,tʂhɛi+ nw+ du+ mɔ+,遭虫害后不结实的秕谷,1
5883,232,tʂhɛi+ phɛi+,谷屯(装谷子的麻袋),1
5884,232,tʂhɛi+ pɿ7,稻草,1
5885,232,tʂhɛi+ pɿ7 bɛi+,稻草堆,1
5886,232,tʂhɛi+ tsi7,来自,1
5887,232,tʂhɛi+ tsi7 mɔ+,糙米,1
5888,232,tʂhɛi+ tɛi+ mɔ+,秕谷,1
5889,232,tʂhɛi+ tʂA7,请假,1
5890,232,tʂhɛi+ tʂheJ,米糠,1
5891,232,tʂhɛi+ tʂi+ ZɔJ,碎米,1
5892,232,tʂhɛi+ zwJ,使唤,1
5893,232,tʂhɛi+ ŋoJ,薅秧,1
5894,233,tʂhe+,①村；村庄；村落；寨子 ②梳 ③量(动词) ④稀(专指苗棵稀) ⑤干(专指雨后地面很快就干) ⑥先 ⑦弓,7
5895,233,tʂhe+ XoJ,量对了,1
5896,233,tʂhe+ buJ du7,肚脐,1
5897,233,tʂhe+ dyoJ,理整齐,1
5898,233,tʂhe+ fɛi+,晾干,1
5899,233,tʂhe+ meJ,暂时,1
5900,233,tʂhe+ mɔ+ tʂheJ ZɔJ,村村寨寨；乡村,1
5901,233,tʂhe+ nɔ7,弓箭,1
5902,233,tʂhe+ tw7,串门,1
5903,233,tʂhe+ tʂi7,先,1
5904,233,tʂhe+ tʂo+,脐带,1
5905,233,tʂhe+ ʑi7,首先,1
5906,233,tʂhe+ ʑi7 SA7,先知,1
5907,233,tʂhe+ ʑi7 ʑɛi+,先行,1
5908,233,tʂhĩ7,亲,1
5909,233,tʂhĩ7 dʑiJ 1ɔ7,劝阻,1
5910,233,tʂhĩ7 khɛi+,劝开,1
5911,233,tʂhĩ7 tʂA+,亲家,1
5912,233,tʂhɛiJ,①抖 ②震；震动 ③句,3
5913,233,tʂhɛiJ 1ɛiJ tʂhɛiJ 1ɛiJ,悄声,1
5914,233,tʂhɛiJ dʑiJ 1w+,抖,1
5915,233,tʂhɛiJ ʑɔJ bɛiJ ʑɔJ,摇晃,1
5916,234,tʂhe+,①线 ②上边；上面 ③头(量词),3
5917,234,tʂhe+ VÃJ,左线(撒尼妇女头上的金线),1
5918,234,tʂhe+ Xɔ+,绕线团,1
5919,234,tʂhe+ Xɛi+,绷线(用线架把麻线绷紧),1
5920,234,tʂhe+ dyoJ,口齿清楚,1
5921,234,tʂhe+ dɛi+,背脊,1
5922,234,tʂhe+ dɛi+ tsi7,撞背,1
5923,234,tʂhe+ dɛi+ tʂhi+,抓背脊,1
5924,234,tʂhe+ dʑiJ,丝线,1
5925,234,tʂhe+ kɔ+,村里,1
5926,234,tʂhe+ kɔ+ hɛi+,公用房,1
5927,234,tʂhe+ o7,村头,1
5928,234,tʂhe+ pɛi+,麻线辫,1
5929,234,tʂhe+ thɛiJ,线团,1
5930,234,tʂhe+ tsi+,月琴,1
5931,234,tʂhe+ tsi+ bA+,弹月琴,1
5932,234,tʂhe+ tsi+ bA+ tu+,月琴弹片,1
5933,234,tʂhe+ tsi+ tʂe+,琴弦,1
5934,234,tʂhe+ tɛi+,缠线,1
5935,234,tʂhe+ tʂe7,煮麻线,1
5936,234,tʂhe+ tʂhiJ,洗麻线,1
5937,234,tʂhe+ tʂɔ+,棉线,1
5938,234,tʂhe+ tʂɔ+ Vɛi+,纺麻线,1
5939,234,tʂhe+ ŋe+,绍鸡(俗名箐鸡),1
5940,234,tʂhe7,常(常常),1
5941,234,tʂheJ,簸,1
5942,234,tʂheJ Xo+,簸干净,1
5943,234,tʂheJ ]ɛiJ,权利,1
5944,234,tʂheJ mw+,提高,1
5945,234,tʂheJ nɔ+,颠簸,1
5946,234,tʂheJ thuJ,簸出去,1
5947,234,tʂheJ tɔ+,簸起来,1
5948,235,tʂhA7,翘,1
5949,235,tʂhA7 dʑiJ,作对；顶牛,1
5950,235,tʂhA7 ʑi+,跨过去,1
5951,235,tʂheJ,①聪明 ②醒 ③苏醒,3
5952,235,tʂheJ,①破 ②糠 ③行(量词) ④劈(动词),4
5953,235,tʂheJ 1ɔ7,清醒,1
5954,235,tʂheJ Se+ mɔ+,粗糠,1
5955,235,tʂheJ Sɯ7,行列,1
5956,235,tʂheJ Xɔ+,划开了,1
5957,235,tʂheJ dʑoJ,聪明,1
5958,235,tʂheJ khɛi+,剖开；破开,1
5959,235,tʂheJ phi7,切开,1
5960,235,tʂheJ tɛi+ mɔ+,秕糠,1
5961,235,tʂhÃJ,恰,1
5962,235,tʂhÃJ tʂhÃJ,恰好,1
5963,235,tʂhÃJ tʂhÃJ tw7 tɛi+ 1ɔ7,巧遇,1
5964,235,tʂhɔ+,翘,1
5965,235,tʂhɔ+ tɔ+ 1ɛi+,翘起来,1
5966,235,tʂhɔJ,穷,1
5967,235,tʂhɔJ XɛiJ,球鞋,1
5968,235,tʂhɔJ pɿJ,邱北(县名),1
5969,235,tʂhɔJ tʂhÃ+,球场,1
5970,236,dzi+,裂,1
5971,236,dzi+ Xɔ+,裂纹,1
5972,236,dziJ,重,1
5973,236,dziJ,①撕 ②抓 ③拉 ④绝,4
5974,236,dziJ 1A7,撕烂；扯烂,1
5975,236,dziJ 6ɛi+,拉长,1
5976,236,dziJ ]o+,轻重,1
5977,236,dziJ dzɛi+,展开,1
5978,236,dziJ dʑiJ,揪住,1
5979,236,dziJ goJ 1ɛi+,拉回来,1
5980,236,dziJ khɛi+,撕开,1
5981,236,dziJ mɛi+,拉着,1
5982,236,dziJ nÃJ dziJ nɛi+,零零碎碎,1
5983,236,dziJ nɛi+,撕碎；撕毁,1
5984,236,dziJ nɛi+ ZɔJ,零零碎碎,1
5985,236,dziJ phi+,拉抻,1
5986,236,dziJ phi7,撕破,1
5987,236,dziJ thɿJ bv+,归拢(把东西集拢在一块儿),1
5988,236,dziJ tu+ dziJ pɿ7,笨重,1
5989,236,dziJ ʑA+,抓破,1
5990,236,dzɛi+,①先 ②史 ③伸,3
5991,237,dze+,冷,1
5992,237,dze+ dʑi+,北风,1
5993,237,dze+ dʑi+ mw+,刮北风,1
5994,237,dze+ dʑi+ pɿ7,刮北风,1
5995,237,dze+ dʑi+ tɔ+ 1ɛi+,冷得发抖,1
5996,237,dze+ mɛiJ,冻僵,1
5997,237,dze+ nɔ+,冻病,1
5998,237,dze+ thɔJ,冬天,1
5999,237,dze+ tsi+ dze+ bɛi+,病时怕冷的专用语,1
6000,237,dze+ tɛi+,挨冻；受冻,1
6001,237,dzɛi+ dzɛi+,事先,1
6002,237,dzɛi+ khɛi+,伸长,1
6003,237,dzɛi+ kw7 fu7 kw7,伸缩,1
6004,237,dzɛiJ,牲畜,1
6005,237,dzɛiJ 1wJ thɔJ,中午,1
6006,237,dzɛiJ ]o7,放牧,1
6007,237,dzɛiJ ]o7 AJ nw+ ZɔJ,牧童,1
6008,237,dzɛiJ ]o7 dzɛi+,牧场,1
6009,237,dzɛiJ ]o7 tʂho+,牧人,1
6010,237,dzɛiJ geJ hɿ7,冬天放牧,1
6011,237,dzɛiJ geJ neJ,早牧(专指早上放牧),1
6012,237,dzɛiJ ho+,养牲口,1
6013,237,dzɛiJ nɔ+ kw+ tʂho+,兽医,1
6014,237,dzɛiJ o7 mɛi+ mw+,阉割(动词),1
6015,237,dzɛiJ ŋuJ,畜牲,1
6016,237,dzɛiJ ŋuJ mw7,牛马牲口,1
6017,238,dze+ go+,烤火,1
6018,238,dze+ gɿ+ 1w+,烤火,1
6019,238,dze+ ŋo+ gɔ+,怕冷,1
6020,238,dze+ ʑi+ tʂhe+,冷得要命,1
6021,238,dze+ ʑÃ+,冻伤,1
6022,238,dzeJ,花(花色),1
6023,238,dzeJ ZɛiJ,花色,1
6024,238,dzeJ dzeJ goJ goJ,花花绿绿,1
6025,238,dzeJ goJ,花色,1
6026,238,dzeJ goJ ]ɔ7 1ɔ7 mw+,花花绿绿,1
6027,238,dzeJ pe+,编织,1
6028,238,dzɛJ,滑,1
6029,238,dzɛJ doJ,滑倒,1
6030,238,dzɛJ tʂhɛi+ 1ɛi+,滑下来,1
6031,238,dzɛJ ʑɛi+,滑脱,1
6032,239,ŋpe+,①压 ②挤 ③捏,3
6033,239,ŋpe+,裁；剪,1
6034,239,ŋpe+ dʑiJ,压住；按住,1
6035,239,ŋpe+ nɔ+,压碎；捏碎,1
6036,239,ŋpe+ pwJ,压倒；按倒,1
6037,239,ŋpe+ tɛi+,压扁,1
6038,239,ŋpe+ tʂhi+,剪断,1
6039,239,ŋpe+ ʑi+,压死；捏死,1
6040,239,ŋpe7,①拈 ②衔,2
6041,239,ŋpe7,小,1
6042,239,ŋpe7 Xɔ+,小了,1
6043,239,ŋpe7 dzoJ,拈着吃,1
6044,239,ŋpe7 kw7 ŋpe7 mɔJ kw7,微小,1
6045,239,ŋpe7 o+ thɿJ phi7,小头(小的一端),1
6046,239,ŋpe7 pɔ7,晚辈,1
6047,239,ŋpe7 tu+,钳子,1
6048,239,ŋpe7 ŋpe7 1ɔ7,小的,1
6049,239,ŋpeJ,粘,1
6050,239,ŋpeJ VwJ,粘稳,1
6051,239,ŋpeJ dʑiJ,粘住,1
6052,239,ŋpeJ pe+,粘合,1
6053,240,ŋpe+,原(原来的原),1
6054,240,ŋpu7,糯,1
6055,240,ŋpu7 bɛiJ,软的,1
6056,240,ŋpu7 bɛiJ ŋpu7 tʂhi7,软弱,1
6057,240,ŋpu7 doJ doJ,脆弱,1
6058,240,ŋwJ,牛,1
6059,240,ŋwJ tw7,牛痘,1
6060,241,bi+,①敷 ②贴 ③糊,3
6061,241,bi+ VwJ,封严,1
6062,241,bi+ dʑiJ,贴上,1
6063,241,bi+ pe+,封闭,1
6064,241,bi+ tɔ+ 1ɛi+,封起来,1
6065,241,bi+ tʂhiJ,贴住,1
6066,241,bi+ ʑɔ7,难贴,1
6067,241,bi7,睡(使动),1
6068,241,bi7 ZɛiJ mw+,凑乐,1
6069,241,bi7 ZɛiJ no7 ŋɛiJ,乐器,1
6070,241,bi7 bi7,详细,1
6071,241,bi7 bi7 pi7 pi7,详详细细,1
6072,241,bi7 khɔJ ZɛiJ dʑi+ ZɔJ,姑娘披的羊皮褂(古语),1
6073,241,bi7 no+ ZɔJ,很细,1
6074,241,bi7 pho+,车箩；囤子,1
6075,241,bi7 pi7,详细；精细；仔细,1
6076,241,bi7 tso7,唱戏,1
6077,241,bi7 tso7 ʑɔ+,剧场,1
6078,241,bi7 ʑA+,虽然,1
6079,241,biJ,①新 ②桌(量词),2
6080,241,biJ SA+,崭新,1
6081,241,biJ SA+ SA+ mw+,新崭崭,1
6082,241,biJ pɔ+,屯箩(席包),1
6083,241,biJ theJ,端菜,1
6084,241,biJ tɛi7 XuiJ tʂhwJ ZɛiJ tʂhwJ tsiJ tʂiJ 6ɛiJ,寻甸回族彝族自治县,1
6085,241,tui7 tsi+ bi+,贴对联,1
6086,242,biJ go+,捞酒糟,1
6087,242,biJ ʑiJ,形势,1
6088,242,bɔ+,①痛恨 ②空 ③虱 ④闲,4
6089,242,bɔ+ 1ɔ7,休息,1
6090,242,bɔ+ Si7,尺子上的刻度,1
6091,242,bɔ+ So7 mɔJ tʂo+,讨厌,1
6092,242,bɔ+ bw+,休息够了,1
6093,242,bɔ+ dlɛi+ ZɔJ mɔJ ghɛiJ,虱多不觉咬(表示习以为常),1
6094,242,bɔ+ mɔ+,虱子,1
6095,242,bɔ+ nÃJ mɛiJ tʂhwJ 6wJ ZɛiJ,西南民族学院,1
6096,242,bɔ+ nɛi+,休息日,1
6097,242,bɔ+ phi+ Zɛi+,闲暇,1
6098,242,bɔ+ tsɔ7,西藏,1
6099,242,bɔ+ tsɔ7 dzɔJ,①退休 ②吃闲饭,2
6100,242,bɔ+ tʂhi+,星期,1
6101,242,bɔ+ tʂhi+,抓痒,1
6102,242,bɔ+ ʑi+ tʂhe+,厌恶,1
6103,242,bɔ+ ʑi7 mɔ+,虱卵,1
6104,242,bɔ+ ʑiJ,流行,1
6105,242,bɔ+ ʑɔ+,养精畜锐,1
6106,242,bɔ7,纤,1
6107,242,bɔ7 XuiJ,回信,1
6108,242,bɔ7 Xɔ+,送信,1
6109,242,bɔ7 Xɔ+ tʂho+,邮递员,1
6110,242,bɔ7 go+,写信,1
6111,242,bɔ7 go+ thoJ ZɛiJ,信笺,1
6112,242,bɔ7 tsheJ,拆信,1
6113,242,bɔ7 tsi+ tʂiJ,急躁,1
6114,242,bɔ7 tɛi7,捎信；寄信,1
6115,242,bɔ7 tʂiJ,性质,1
6116,242,bɔ7 xheJ,信封,1
6117,242,bɛi+ tʂhÃ+ mɔJ tʂeJ,无精打采,1
6118,242,mɔJ bɔ+ 1ɔ7,不得闲；没空,1
6119,243,be7,①交错 ②岔 ③复杂,3
6120,243,be7 Xɔ+,让开,1
6121,243,be7 be7 dɔJ dɔJ,摇摇摆摆,1
6122,243,be7 bw+,包袱,1
6123,243,be7 bw+ bwJ,背挎包,1
6124,243,be7 bw+ tɛi+,背带,1
6125,243,be7 dɛiJ,摇摆,1
6126,243,be7 dʑiJ gw+,交叉,1
6127,243,be7 fÃJ,宪法,1
6128,243,be7 goJ 1ɛi+,①反复 ②交叉,2
6129,243,be7 khɛi+ mɔJ dɛiJ,不可开交,1
6130,243,be7 pe+,交错,1
6131,243,be7 phɛi+,马料兜,1
6132,243,be7 xhɛi+,错开；避开,1
6133,243,bɔJ,信,1
6134,243,bɔJ bɔJ mw+ ʑɛi+,快走；快快地走,1
6135,243,bɛi+,献,1
6136,243,bɛi+,夏,1
6137,243,bɛi+ VwJ Sɛi+,金刚栗树,1
6138,243,bɛi+ bɛi+ mw+ ŋw+,痛哭,1
6139,243,bɛi+ ho+ thɔJ,夏季,1
6140,243,bɛi+ ho+ thɔJ mwJ,夏天,1
6141,243,bɛi+ thɔJ,夏天,1
6142,243,bɛi+ thɔJ tɔ+ 1ɛi+ nɛi+,立夏(节令),1
6143,243,bɛi+ thɔJ tʂhi+ nɛi+,夏至(节令),1
6144,243,bɛi+ tɛi+,拜年,1
6145,243,bɛi+ tʂi+,老师；师傅,1
6146,243,bɛi+ tʂi+ phɔJ,老先生；老师傅,1
6147,244,be+,汉,1
6148,244,be+ Si7,汉文；汉字,1
6149,244,be+ doJ,汉语,1
6150,244,be+ dzɛi+,故事；传说,1
6151,244,be+ dzɛi+ ʑo+,讲故事；聊天,1
6152,244,be+ dʑiJ mɔ+,胡椒,1
6153,244,be+ mɔ+,汉族(指女性),1
6154,244,be+ mɛi+,汉族居住区,1
6155,244,be+ ne+ tsi+,踝骨,1
6156,244,be+ phoJ,汉族(指男性),1
6157,244,beJ,①摘 ②剐 ③才(副词),3
6158,244,beJ Xo+,摘光,1
6159,244,beJ Xui7,热情,1
6160,244,beJ Xɔ+,摘掉,1
6161,244,beJ ʑoJ,嫌少,1
6162,244,bɛ7,滤,1
6163,244,bɛ7 Xɔ+,过滤,1
6164,244,bɛJ,①带；领 ②生 ③想,3
6165,244,bẽ+,宣,1
6166,244,bẽ+ tʂhwJ,宣传,1
6167,244,bẽ+ tʂhwJ pwJ,宣传部,1
6168,244,bẽ+ tʂhwJ tuiJ,宣传队,1
6169,244,bẽJ,县,1
6170,244,bẽJ tʂhÃ+,现场,1
6171,244,bẽJ tʂÃ+,县长,1
6172,244,bẽJ ui+,县委,1
6173,245,bA7,卸,1
6174,245,bA7 Xɔ+,卸掉,1
6175,245,bA7 tʂÃ+,校长,1
6176,245,bÃ7,想,1
6177,245,bÃ7 phẽ7,照片,1
6178,245,bÃ7 tʂÃ+,照像；摄影,1
6179,245,bÃ7 tʂÃ+ tu+,照像机,1
6180,245,bÃ7 tʂÃ+ ʑɔ+,照像馆,1
6181,245,bɛ+,长,1
6182,245,bɛ+ bɛ+ mw+,长长的,1
6183,245,bɛ+ duJ,长度,1
6184,245,bɛ+ mɔ+,①绿头苍蝇 ②长的,2
6185,245,bɛ+ nɛi7,长短,1
6186,245,bɛ+ ʑɔ+,长度,1
6187,245,bɛJ 1ɛi+,来领,1
6188,245,bɛJ XoJ,想对了,1
6189,245,bɛJ Xɔ+,想过,1
6190,245,bɛJ ZɛiJ Xɔ+,扶养大,1
6191,245,bɛJ bɔ+,小心,1
6192,245,bɛJ dʑi+,想通,1
6193,245,bɛJ dʑi+ mɔJ kw7,想不通；不可思议,1
6194,245,bɛJ gw+,引进；带入,1
6195,245,bɛJ kɔ+,带领,1
6196,245,bɛJ nɛi+,想一想,1
6197,245,bɛJ tʂhi+,想到,1
6198,245,bɛJ tʂhi+ mɔJ tʂhiJ,不敢想象；望尘莫及,1
6199,245,bɛJ tʂÃJ,深思熟虑,1
6200,245,bɛJ ʑi+,海邑(村名),1
6201,245,bɛJ ʑi+,领走(指领走小孩),1
6202,245,bɛJ ʑɔ7,难照管小孩,1
6203,246,bu+,凶,1
6204,246,bu+ pɛi+,翻修,1
6205,246,buJ,学,1
6206,246,buJ biJ,学习,1
6207,246,bÃ+,香,1
6208,246,bÃ+ Vɛi7,香味,1
6209,246,bÃ+ XwJ XwJ,芬芳,1
6210,246,bÃ+ kɔ+,香港,1
6211,246,bÃ+ phwJ phwJ,香喷喷,1
6212,246,bÃ+ tʂhiJ,芹菜,1
6213,246,bÃ+ tʂÃ+,乡长,1
6214,246,bɔ+,小,1
6215,246,bɔ+ SuÃ+ ŋɛi+,硝酸氨,1
6216,246,bɔ+ tsu+,小组,1
6217,246,bɔJ,校,1
6218,246,bɔJ bɔ+,当心；注意,1
6219,247,zi+,情(恩情的情),1
6220,247,zi7,又,1
6221,247,zi7 1eJ kw+,玉手镯,1
6222,247,zi7 Si7,意思,1
6223,247,zi7 be+ ɛiJ ʑɛi+,又说又笑,1
6224,247,zi7 tɛi7,意见,1
6225,247,zi7 tʂiJ ɛiJ tʂÃJ,又快又好,1
6226,247,zɛi+,①影 ②滑,2
6227,247,zɛi+ 1ɛi+,光滑,1
6228,247,zɛi+ 1ɛi+ 1ɛi+,滑溜溜,1
6229,247,zɛi+ ZɔJ tʂho+ mɔJ ne7,形影不离,1
6230,247,zɛi+ dlɔJ,光滑,1
6231,247,zɛi+ doJ,影子,1
6232,247,zɛi+ doJ,滑倒,1
6233,247,zɛi+ dɔ+,灵魂,1
6234,247,zɛiJ,①睡(自动) ②醉 ③越,3
6235,247,zɛiJ VwJ,梦呓,1
6236,247,zɛiJ nɛi+,瞌睡,1
6237,247,zɛiJ nɛi+ tʂho7,打盹,1
6238,248,zɔ+,乖,1
6239,248,zɔ7,灌,1
6240,248,zɔ7 Xɔ+ 1ɔ7,验收了；已验收,1
6241,248,zɛi7,因,1
6242,248,zɛi7 6ɛiJ,印像,1
6243,248,zɛi7 SeJ,印色,1
6244,248,zɛi7 mv7,印(动词),1
6245,248,zɛiJ,营,1
6246,248,zɛiJ XÃJ,银行,1
6247,248,zɛiJ ZɛiJ,睡眠好,1
6248,248,zɛiJ ]iAJ,余粮,1
6249,248,zɛiJ dɛi+ pɛi+,翻身,1
6250,248,zɛiJ ghɔJ du7 Xɔ+,睡着了,1
6251,248,zɛiJ ghɔJ ghu+,打鼾,1
6252,248,zɛiJ nÃJ,云南,1
6253,248,zɛiJ nÃJ mɛiJ tʂhwJ 6wJ ZɛiJ,云南民族学院,1
6254,248,zɛiJ nɛi+ kw7,睡觉,1
6255,248,zɛiJ nɛi+ kw7 Xɔ+,睡着了,1
6256,248,zɛiJ nɛi+ kw7 ʑɔ7,失眠,1
6257,248,zɛiJ nɛi+ ŋo7 kw7 go+ o7 goJ dʑiJ tSA7 tɛi+,瞌睡遇枕头(意为如愿),1
6258,248,zɛiJ thuJ 1ɛi+,匀出来,1
6259,248,zɛiJ tʂheJ,睡醒；苏醒,1
6260,248,zɛiJ tʂhwJ,彝族,1
6261,248,zɛiJ tʂhɛi+,睡下,1
6262,248,zɛiJ tʂhɛi7,夜宵(夜点),1
6263,248,zɛiJ ʑɔ+,卧室,1
6264,248,zɛiJ ʑɔ+,赢,1
6265,248,zɛiJ ʑɔ+ Sɛi+,择席(指换了床就难于入睡),1
6266,248,zɛiJ ʑɔ7,难眠,1
6267,249,zɔ+,因,1
6268,249,zɔ+ 1ɛi+,春烟,1
6269,249,zɔ+ VwJ,售烟,1
6270,249,zɔ+ Vɛi+,买烟,1
6271,249,zɔ+ Vɛi+ 1eJ mw+,烟败,1
6272,249,zɔ+ Vɛi+ tw7,冤枉,1
6273,249,zɔ+ Xo7,烟盒,1
6274,249,zɔ+ dɔJ,烟叶,1
6275,249,zɔ+ dʑiJ,烟灰,1
6276,249,zɔ+ hwÃJ Xɔ+,戒烟,1
6277,249,zɔ+ khɔ7,烤烟(动词),1
6278,249,zɔ+ khɔ7 hɛi+,烤烟房,1
6279,249,zɔ+ kɔ+,烟斗；烟锅,1
6280,249,zɔ+ kɔ+ nɛi7 bɛi+,烟杆嘴,1
6281,249,zɔ+ kɔJ,英国,1
6282,249,zɔ+ nɛi7,杨柳,1
6283,249,zɔ+ nɛi7 Sɛi+,杨柳,1
6284,249,zɔ+ nɛi7 du+ mɔ+,白杨柳,1
6285,249,zɔ+ nɛi7 dʑAJ,杨柳,1
6286,249,zɔ+ nɛi7 tsi+,柳树,1
6287,249,zɔ+ tʂi7,抽烟,1
6288,249,zɔ+ zɔ+ zɔ+,很乖,1
6289,249,zɔ+ ʑi7,烟苗,1
6290,249,zɔ+ ʑw+,切烟,1
6291,249,zɔ+ ʑwJ,烟杆,1
6292,249,zɔJ,①引 ②卜 ③瘾,3
6293,249,zɔJ 1ɛi+,逗引,1
6294,249,zɔJ Xɔ+,磨破皮,1
6295,249,zɔJ de+,上瘾,1
6296,249,zɔJ mo7,招引,1
6297,249,zɔJ ne+,卜卦,1
6298,249,zɔJ nɛi+,占卜,1
6299,249,zɔJ thuJ,引出,1
6300,249,zɔJ tsi+ pÃJ tw+,椅子,1
6301,249,zɔJ tuJ,印度,1
6302,249,zɔJ tɛi+,勾引,1
6303,249,zɔJ tʂhw+,招引,1
6304,249,zɔJ tʂo+,有瘾,1
6305,250,ze+,鸡,1
6306,250,ze+ dɔ+,鸡月(农历八月),1
6307,250,ze+ dɔ+ mɔ+,鸡蛋,1
6308,250,ze+ dɔ+ mɔ+ dɔ+,鸡生蛋,1
6309,250,ze+ dɔ+ nɛi+ ʑi+ 1ɛi+ mɔ+,蛋黄,1
6310,250,ze+ dɔ+ tʂhɛi+ ŋɔ7,?,1
6311,250,ze+ dʑiJ,黄莲,1
6312,250,ze+ dʑiJ bɛi+,黄莲根,1
6313,250,ze+ mɔ+,母鸡,1
6314,250,ze+ mɔ+ ZɔJ,小母鸡(未下过蛋),1
6315,250,ze+ ne+,沙眼(指陶器上的小孔),1
6316,250,ze+ ne+ SiJ,鸡眼,1
6317,250,ze+ ne+ dʑiJ,鸡盲眼,1
6318,250,ze+ ne+ tu+,有沙眼,1
6319,250,ze+ no+,鸡毛,1
6320,250,ze+ no+ Si7,鸡毛信,1
6321,250,ze+ no+ Si7 tu+,鸡毛掸子,1
6322,250,ze+ nɔ+,鸡瘟；鸡新城疫,1
6323,250,ze+ nɔ+ mɔ+,瘟鸡；病鸡,1
6324,250,ze+ nɔ7,阉鸡,1
6325,250,ze+ nɛi+ mɔ+ kho+,胆小如鼠,1
6326,250,ze+ phw+,公鸡,1
6327,250,ze+ phɛiJ,母鸡,1
6328,250,ze+ pu+,公鸡啼,1
6329,250,ze+ pw+,鸡窝,1
6330,250,ze+ pɔ+ 1ɛi+,鸡嗉子,1
6331,250,ze+ thɛiJ tsɔ+,一窝鸡,1
6332,250,ze7,样,1
6333,250,ze7 1ɛi+,天井,1
6334,250,ze7 dʑeJ ʑi7,把东西夹在腋下,1
6335,250,ze7 mɛi+,腋下(胳肢窝),1
6336,250,ze7 mɛi+ khw+,蜘蛛网,1
6337,250,ze7 mɛi+ mɔ+,蜘蛛,1
6338,250,ze7 mɛiJ bwJ nw+,孤寒,1
6339,251,ze+ 6ɔ+,鸡虱,1
6340,251,ze+ A+ ne7,麻鸡,1
6341,251,ze+ Sw7 mɔ+,芫荽,1
6342,251,ze+ XɔJ,杀鸡,1
6343,251,ze+ XɔJ,鸡肉,1
6344,251,ze+ ZɔJ,小鸡,1
6345,251,ze+ ZɔJ mv7,孵小鸡,1
6346,251,ze+ ]o7,吆鸡寻食,1
6347,251,ze+ dɔ+ gɿ7,蛋壳,1
6348,251,ze+ dɔ+ tʂhi+ ŋɔ7 mw+,中秋节,1
6349,251,ze+ dɔ+ tʂhiJ mɔ+,臭鸡蛋(俗称寡鸡蛋),1
6350,251,ze+ ghoJ,酉(属鸡年),1
6351,251,ze+ gɿ7,鸡冠,1
6352,251,ze+ ho+,养鸡,1
6353,251,ze+ hɛiJ mɔ+,鸡肫,1
6354,251,ze+ kw+ Vw+ tʂhɔJ,纺车,1
6355,251,ze+ kɔ+ Vw+,纺线,1
6356,251,ze+ o+ o7 ZɔJ,小泥鸡(玩具),1
6357,251,ze+ o7 bw+,鸡头凤,1
6358,251,ze+ tʂhi+ du+,①鸡足迹 ②鸡窝,2
6359,251,ze+ tʂhi+ du+,鸡窝,1
6360,251,ze+ tʂhi+ ge7 mw+,扫帚菌,1
6361,251,ze+ tʂhiJ,鸡粪,1
6362,251,ze+ ʑi7 tʂhoJ,种鸡,1
6363,251,zeJ,①编 ②织 ③栅,3
6364,251,zeJ mɔ+,篦子(织布用的),1
6365,251,zeJ mɛi+,箩,1
6366,251,zeJ mɛi+ doJ,梦话,1
6367,251,zeJ mɛi+ ho+,做梦,1
6368,251,zeJ mɛi+ ho+ dʑiJ duJ,摸模糊糊,1
6369,251,zeJ mɛi+ zeJ Si+ tʂho+,梦游症,1
6370,251,zeJ nÃJ,越南,1
6371,251,zeJ pe+,编,1
6372,251,zeJ tʂhiJ,织布,1
6373,251,zeJ tʂhwJ,梭子,1
6374,252,zeJ tɛi7 Xɛi+ nɛiJ tʂhwJ ZɛiJ tʂhwJ theJ tʂhwJ tsiJ tʂiJ 6ɛiJ,元江哈尼族彝族傣族自治县,1
6375,252,zeJ tʂhiJ tu+,织布机,1
6376,252,zeJ tʂhɔJ,织布机,1
6377,252,zɛ+,①慢 ②笑 ③群(量词),3
6378,252,zɛ+ SiJ,笑容,1
6379,252,zɛ+ SɛiJ,含笑,1
6380,252,zɛ+ be+ zɛ+ be+ mw+,谈笑风生,1
6381,252,zɛ+ boJ zɛ+ 1AJ,嘻嘻哈哈,1
6382,252,zɛ+ tʂo+,正在笑,1
6383,252,zɛ+ ʑi+,好笑；诙谐,1
6384,252,zɛ+ ʑi+ be+ go+,开玩笑,1
6385,252,zɛ+ ʑi+ doJ,笑话,1
6386,252,zɛ+ ʑi+ mɛiJ ZɔJ,绰号,1
6387,252,zɛ+ ʑi+ zɛ+ SɛiJ,和气,1
6388,252,zɛ+ ʑi7,微笑,1
6389,252,zɛ7,①蓄 ②赎,2
6390,252,zɛ7 ]oJ,积累,1
6391,252,zɛ7 bɛi+,积蓄,1
6392,252,zɛ7 dɛiJ SwJ dɛiJ,省吃俭用,1
6393,252,zɛ7 goJ 1ɛi+,赎回来,1
6394,252,zɛ7 tɔ7,积存,1
6395,252,zɛ7 ʑɔ+,积聚,1
6396,252,zẽ+,,0
6397,252,zẽ+ zeJ,演员,1
6398,253,zA+,呀(啊呀的呀),1
6399,253,zA7,哑,1
6400,253,zA7 1ɛi+,比较,1
6401,253,zA7 gɿ7,底样,1
6402,253,zA7 tsi+,样子；模样；形状；形式；式样,1
6403,253,zA7 tsi+ tʂi7,打扮,1
6404,253,zA7 tsi+ ʑɛi+,走样,1
6405,253,zA7 tu+,样板,1
6406,253,zA7 tʂɔJ,重要,1
6407,253,zA7 tʂɔJ ʑɔ+,关键；要害；重点,1
6408,253,zɛ+ Xw+,爱笑,1
6409,253,zɛ+ ghe+,捧腹大笑,1
6410,253,zɛ+ khuJ,笑声,1
6411,253,zɛ+ kw7,会笑(指婴儿),1
6412,253,zɛ+ zɛ+ Sɔ+ mw+,慢条斯理,1
6413,253,zɛ+ zɛ+ mw+,慢,1
6414,253,zɛ+ ʑi+ kw+ gɔ+,耍笑,1
6415,253,zɛ+ ʑɔ+,笑柄,1
6416,253,zɛJ,大,1
6417,253,zɛJ duJ,上级领导机关,1
6418,253,zɛJ hɛi7,①大小 ②老少 ③粗细,3
6419,253,zɛJ hɛi7 fɛi+ kw7,有礼貌,1
6420,253,zɛJ kw7 zɛJ mɔJ kw7,巨大,1
6421,253,zɛJ phɔJ,长者,1
6422,253,zɛJ pi7,长辈,1
6423,253,zɛJ thɿJ pi7,老一辈,1
6424,253,zɛJ zɛJ mw+,盛大,1
6425,253,zɛJ ʑɔ+,上级,1
6426,253,zɛi+,捞,1
6427,253,zɛi+ dzoJ,捞吃,1
6428,254,zAJ,牙,1
6429,254,zAJ Zɔ+,鸦片,1
6430,254,zAJ Zɛi7 mɔ+,洋芋,1
6431,254,zAJ fÃJ tʂhiJ,火柴,1
6432,254,zAJ fÃJ tʂhɛiJ,擦火,1
6433,254,zAJ kɔ+,牙膏,1
6434,254,zAJ tʂɔ+,肥皂,1
6435,254,zAJ tʂɛi+ mɔ+,洋姜,1
6436,254,zAJ ʂuÃJ,牙刷,1
6437,254,zɔ+,妖,1
6438,254,zɔ+ tʂhɔJ,要求,1
6439,254,zɛi+,优,1
6440,254,zɛi+ dʑiJ,纠缠,1
6441,254,zɛiJ,邮,1
6442,254,zɛiJ tʂwJ,邮局,1
6443,254,zɛiJ tʂɛiJ tuiJ,游击队,1
6444,255,kA7,①比赛 ②皴,2
6445,255,kA7 ]ɔJ mɔ+,螺蛳,1
6446,255,kA7 kÃJ,肉(童语),1
6447,255,kA7 tʂhɛiJ,告辞,1
6448,255,kA7 ʑoJ dɔ+ mɔ+,蚁卵,1
6449,255,kA7 ʑoJ mɔ+,蚂蚁,1
6450,255,kA7 ʑoJ tʂhi+ du+,蚂蚁窝,1
6451,255,kI7,让,1
6452,255,kI7 gwJ mɔ+,雁,1
6453,255,ke7,改(亩改帕的改),1
6454,255,keJ,(此字在古彝文碑上读[tʂhoJ]即立起来的意思),1
6455,255,keJ mɔ7,革命,1
6456,255,keJ tsi+,格子,1
6457,255,kɛi+,解,1
6458,255,kɛi+ fÃ7,解放,1
6459,255,kɛi+ fÃ7 tʂɛi+,解放军,1
6460,255,kɛi+ tʂɛiJ,①解决 ②阶级,2
6461,255,kẽ+,跟,1
6462,255,kẽ+ tʂu7,追究,1
6463,256,kA+,稿,1
6464,256,kA+ 1AJ mɔ+,橄榄,1
6465,256,kA+ 1ɔ7 mɔ+,冰柱,1
6466,256,kA+ Xw+,钢铁,1
6467,256,kA+ Xw+ ẽ7,炼钢,1
6468,256,kA+ bɛi+,灶,1
6469,256,kA+ dɛi+ 1ɛi+ mɔ+,蟋蟀,1
6470,256,kA+ pw+ mɔ+,蚂蚱,1
6471,256,kA+ pw+ nɛi+ ʑo+ ZɔJ,蝗虫(指绿的蝗虫),1
6472,256,kA+ tʂi+,①容纳 ②稍微,2
6473,256,kA+ tʂi+ 6ɔ+,勉强,1
6474,256,kA7 ʑoJ ʑi+,飞蚂蚁,1
6475,256,kAJ,措,1
6476,256,kAJ Si+ fwJ,泸西(县名),1
6477,256,kÃJ,告,1
6478,256,kÃJ pwJ,干部,1
6479,256,kÃJ tʂɔJ,干劲,1
6480,256,kɔ+,①跟；同 ②添；加,2
6481,256,kɔ+ 6ɔ7,高兴,1
6482,256,kɔ+ dlÃ+,冲淡,1
6483,256,kɔ+ kɔ+ pe+,集体；打伙；合伙,1
6484,256,kɔ7,①中 ②三(排行第三),2
6485,256,kɔ7 ko+,中心；中间,1
6486,256,kɔ7 ko+ thɿJ fɛi7,中等,1
6487,256,kɔ7 ko+ tʂho+,证人,1
6488,256,kɔ7 kɔ7 ZɔJ,老三,1
6489,256,kɔ7 tsi+,中间；间隙,1
6490,257,kɔ+,①路 ②过,2
6491,257,kɔ+ bÃ+ ZɔJ,①小路 ②羊肠小道,2
6492,257,kɔ+ dʑi+ dʑiJ,走过去了,1
6493,257,kɔ+ dʑi7 ɛi+,岔路,1
6494,257,kɔ+ mɔ+,①路；路程；交通 ②道理；情理；理由,2
6495,257,kɔ+ mɔ+ 6ɛiJ ʑɛi+,带路；引路,1
6496,257,kɔ+ mɔ+ ZɔJ,小路,1
6497,257,kɔ+ mɔ+ dʑiJ,指路,1
6498,257,kɔ+ mɔ+ geJ,赶路,1
6499,257,kɔ+ mɔ+ ghoJ,铺路,1
6500,257,kɔ+ mɔ+ gɛi+ goJ,离路,1
6501,257,kɔ+ mɔ+ kw+,筑路；修路,1
6502,257,kɔ+ mɔ+ mɔJ tʂo+,①绝路 ②无理,2
6503,257,kɔ+ mɔ+ nɛi+,①公道 ②顺路走,2
6504,257,kɔ+ mɔ+ thɿJ tʂo+ ʑɛi+,间路,1
6505,257,kɔ+ mɔ+ tʂhe+ gɔ+ be+,评理,1
6506,257,kɔ+ mɔ+ tʂɛi+,绕道,1
6507,257,kɔ+ mɔ+ ʑA7,让路,1
6508,257,kɔ+ mɔ+ ʑi+ ʑi+,顺路；沿路,1
6509,257,kɔ+ mɔ+ ʑo+,讲理,1
6510,257,kɔ+ mɔ+ ʑɛi+,行走；走路,1
6511,257,kɔ+ mɔ+ ʑɛi+ ne7 Xɔ+,迷路,1
6512,257,kɔ+ mɔ+ ʑɛi+ tʂho+,行人,1
6513,257,kɔ+ mɔ+ ʑɛiJ zwJ tu+,路费；旅费,1
6514,257,kɔ+ phɛi+ duJ,半路；半途,1
6515,257,kɔ+ tsi+,相遇,1
6516,257,kɔ+ tsɔ+,路旁,1
6517,257,kɔ+ tɛi+,经过,1
6518,257,kɔ+ tʂÃJ,①好转；好过(指生活) ②好走,2
6519,257,kɔ+ ʑi+,越过,1
6520,257,kɔ+ ʑɛi+,沟通,1
6521,258,ko+,①里(里面；里边) ②亲戚,2
6522,258,ko+ bɔJ,渣滓,1
6523,258,ko+ bɔJ ko+ nÃ+,渣滓,1
6524,258,ko+ tʂhÃJ,锅铲,1
6525,258,ko7,果,1
6526,258,ko7 Zɔ+ tʂɔ7,过分,1
6527,258,ko7 Zɔ+ tʂɔ7 ZɛiJ,太大,1
6528,258,ko7 Zɔ+ tʂɔ7 mɛi+ 6ɛi+,太久；太长,1
6529,258,ko7 Zɔ+ tʂɔ7 nɔ7,过多,1
6530,258,ko7 bwJ,过失,1
6531,258,ko7 tʂo+,罪恶,1
6532,258,kɔ+ Xɔ+,过去,1
6533,258,kɔ+ Xɔ+ mɔJ dʑiJ,过意不去,1
6534,258,kɔ+ ghɛi+,路口,1
6535,258,kɔ+ ko+ hɛi+,公房,1
6536,258,kɔ+ ko+ ʑiJ,公事,1
6537,258,kɔ+ kɔ+,共同,1
6538,258,kɔ+ tʂhɔJ tʂhe+ de+,上车,1
6539,258,kɔ+ ʑi+,放哨,1
6540,258,kɔ+ ʑi+ kɔ+ 1ɛi+,来来往往,1
6541,258,kɔ+ ʑi+ meJ,哨兵,1
6542,258,kɔ+ ʑo7 ʑɔ+,难关,1
6543,258,kɔJ,告,1
6544,258,kɔJ dlɛi+,搭坏,1
6545,258,kɔJ ʑo+,打搅,1
6546,258,kɛi+,筛(动词),1
6547,258,kɛi+ Xo+,筛净,1
6548,258,kɛi+ tsi+,橘子,1
6549,258,kɛi+ tsi+ mɔ+,茄子,1
6550,258,kɛi+ tsi+ ʑi+,茄子秧,1
6551,259,ko+,①量(用容器量) ②快,2
6552,259,ko+ A+,快了,1
6553,259,ko+ ge7,亲戚,1
6554,259,ko+ ko+,快快,1
6555,259,ko+ mw+ dɔ+,快点,1
6556,259,ko+ tʂɔ7,急忙；赶快,1
6557,259,koJ,①回 ②折(折弯),2
6558,259,koJ,国,1
6559,259,koJ 1ɛi+,回来,1
6560,259,koJ 1ɛi+ koJ 1ɛi+,再三；屡次,1
6561,259,koJ VwJ ZɛiJ,国务院,1
6562,259,koJ fÃJ,国防,1
6563,259,koJ mɛiJ tÃ+,国民党,1
6564,259,koJ pɛi7,重复,1
6565,259,koJ pɛi7 be+,重申,1
6566,259,koJ tʂA+,国家,1
6567,259,koJ tʂi+ koJ tɛiJ mɔ+,鹧鸪,1
6568,259,koJ ʑi+,回去,1
6569,259,kõ+,工,1
6570,259,kõ+ 6ɛi+ ɛiJ,供销社,1
6571,259,kõ+ ]iAJ,公粮,1
6572,259,kõ+ fɛi+,公分,1
6573,259,kõ+ phɛiJ,公平,1
6574,259,kõ+ pwJ,公布,1
6575,259,kõ+ tʂhÃ+,工厂,1
6576,259,kõ+ zeJ,工人,1
6577,259,kõJ,共,1
6578,259,kõJ 6ɛiJ,贡献,1
6579,259,kõJ tʂhiJ thwJ,共青团,1
6580,259,kõJ tʂhÃ+ tÃ+,共产党,1
6581,259,kɤ7,时候,1
6582,259,kɤ7 jw7,竹节草,1
6583,260,ku+,①创造 ②绣 ③医 ④做 ⑤架(动词) ⑥造 ⑦修 ⑧作,8
6584,260,ku+ bo+,富裕起来,1
6585,260,ku+ bwJ,背(自动),1
6586,260,ku+ bɛi+,堆(动词),1
6587,260,ku+ bɛiJ,举行摔跤,1
6588,260,ku+ fɛi+,穿(使动),1
6589,260,ku+ fɛi+,瓜分,1
6590,260,ku+ mɛi+,有空,1
6591,260,ku+ phi7,弄坏,1
6592,260,ku+ pw7,弄倒,1
6593,260,ku+ pɛi7,返工,1
6594,260,ku7,①鲁莽 ②梗(梗着脚的梗),2
6595,260,ku7 kw7 Zɔ+,野蛮,1
6596,260,ku7 nɔ+,梗痛,1
6597,260,ku7 ʑA+,梗伤,1
6598,260,kɤ+,①锯(动词) ②割,2
6599,260,kɤ+ Xɔ+,割掉,1
6600,260,kɤ+ thɿ7,锯断,1
6601,260,kɤ+ tʂhɛi+,割断,1
6602,260,kɤ+ ʑɔ7,难割；难锯,1
6603,260,kɤJ,够,1
6604,260,kɤJ 6ɛi+ tẽ7,购销店,1
6605,261,ku+ 1A7,弄坏,1
6606,261,ku+ 1AJ,弄倒,1
6607,261,ku+ 1ɛi+,愿意做,1
6608,261,ku+ 1ɛi+,容易做,1
6609,261,ku+ SA7,熟悉,1
6610,261,ku+ Se+,粗糙,1
6611,261,ku+ Si7,逼真,1
6612,261,ku+ SɛiJ,熟练,1
6613,261,ku+ VeJ,挑(自动),1
6614,261,ku+ VɛiJ,穿(自动),1
6615,261,ku+ d]e+,败坏；弄坏,1
6616,261,ku+ dlÃ+,冲淡,1
6617,261,ku+ dlɔ+,成功,1
6618,261,ku+ dlɛiJ,弄断,1
6619,261,ku+ doJ,倒(使动),1
6620,261,ku+ dzo+,习惯,1
6621,261,ku+ dzɔJ,吃(自动),1
6622,261,ku+ dɛiJ,打,1
6623,261,ku+ dʑJ,戴(自动),1
6624,261,ku+ dʑo+,上锁,1
6625,261,ku+ fɔ7,①可惜 ②浪费,2
6626,261,ku+ ne+ bɛi+,染成黑色,1
6627,261,ku+ no7,做过,1
6628,261,ku+ nÃ+,摆弄；捉弄,1
6629,261,ku+ nɔ+,捣碎,1
6630,261,ku+ nɔ7,过多,1
6631,261,ku+ nɛ7,遗失,1
6632,261,ku+ nɛi+,请坐,1
6633,261,ku+ nɛi+,收听,1
6634,261,ku+ tdɔ+,燃烧,1
6635,261,ku+ tdɔ7,闩起门,1
6636,261,ku+ te+,抱(自动),1
6637,261,ku+ thɿ7,弄断,1
6638,261,ku+ tɔ+,创立；建立,1
6639,261,ku+ tɛi+,碰着,1
6640,261,ku+ tʂhi+,做到,1
6641,261,ku+ tʂhiJ,①能够 ②堵塞,2
6642,261,ku+ tʂho7,做错,1
6643,261,ku+ tʂhwJ,办坏,1
6644,261,ku+ tʂhɛi+,弄断,1
6645,261,ku+ tʂi+,称,1
6646,261,ku+ tʂi7,喝(自动),1
6647,261,ku+ tʂi7,敢做敢为,1
6648,261,ku+ tʂo+,正在做,1
6649,261,ku+ tʂo+,转动,1
6650,261,ku+ tʂÃJ,好办,1
6651,261,ku+ tʂɛi7,窝藏,1
6652,261,ku+ zwJ,使用,1
6653,261,ku+ ʑi7,试验,1
6654,261,ku+ ʑɛi+,畅通,1
6655,262,ku+ 6eJ,摘,1
6656,262,ku+ 6eJ,率领,1
6657,262,ku+ 6ɔ+,恨,1
6658,262,ku+ 6ɛi7,睡(使动),1
6659,262,ku+ Xo+,干净,1
6660,262,ku+ XoJ,做对了,1
6661,262,ku+ Xw+,肯干,1
6662,262,ku+ Xw7,威胁,1
6663,262,ku+ Xɔ+ 1ɔ7,完成了,1
6664,262,ku+ Xɔ7,爱好,1
6665,262,ku+ Zɛi+,嘲笑,1
6666,262,ku+ ZɛiJ,躺下(自动),1
6667,262,ku+ dzɛi+,开始；动手,1
6668,262,ku+ geJ,赶走,1
6669,262,ku+ ghe+,能干,1
6670,262,ku+ ghoJ,铺垫,1
6671,262,ku+ ghoJ,赔还,1
6672,262,ku+ ghw+,堆积,1
6673,262,ku+ ghwJ,欺骗,1
6674,262,ku+ gw+,做完,1
6675,262,ku+ gɔJ,披上(自动),1
6676,262,ku+ gɔJ,垦荒,1
6677,262,ku+ gɛi+,玩弄；摆弄,1
6678,262,ku+ gɛi7,披上(使动),1
6679,262,ku+ ho+,养,1
6680,262,ku+ hoJ,搅稀,1
6681,262,ku+ hwJ,燃着,1
6682,262,ku+ hɔ+,戴上,1
6683,262,ku+ hɿ7,站(使动),1
6684,262,ku+ hɿJ,站(自动),1
6685,262,ku+ khui+,吃亏,1
6686,262,ku+ khw+,磨(使动),1
6687,262,ku+ khɔJ,考验,1
6688,262,ku+ khɛi+,撬开,1
6689,262,ku+ kuA7 ʑi+,娇惯,1
6690,262,ku+ o7 theJ,助长,1
6691,262,ku+ tɛi7,煮(自动),1
6692,262,ku+ tʂhɛi+,派遣,1
6693,262,ku+ ŋo7,欲为,1
6694,262,ku+ ŋw+,逗哭,1
6695,262,ku+ ŋw+,摇动,1
6696,262,ku+ ŋɔ7,犁(动词),1
6697,262,ku+ ŋɛiJ,剩余,1
6698,262,ku+ ʑi+,弄死,1
6699,262,ku+ ʑo7,好意思做,1
6700,262,ku+ ʑɔ+,获得,1
6701,262,ku+ ʑɔ7,难办,1
6702,262,ku+ ʑɛiJ,审问,1
6703,262,kuJ,棺材,1
6704,263,kuJ dlw+,装殓,1
6705,263,kuJ ku+,做棺材,1
6706,263,kuJ nõJ,雇农,1
6707,263,kuJ phiJ,棺材板,1
6708,263,kw+,蜕(名词),1
6709,263,kw+,①身 ②娶,2
6710,263,kw+ pw+,身体,1
6711,263,kw+ pw+ nɛi7 pe+,系腰带,1
6712,263,kw+ pw+ tʂhiJ,①月经 ②洗澡,2
6713,263,kw+ pw+ tʂhɛi+ 1ɔ7,怀孕(雅语),1
6714,263,kw+ thɛiJ pw+,全身,1
6715,263,kw+ ʑo+,出生；出世,1
6716,263,kw-+,里面,1
6717,263,kw7,跪,1
6718,263,kw7,九,1
6719,263,kw7 nɛi+,九天,1
6720,263,kw7 r tʂhɛi+,九十,1
6721,263,kw7 r tʂhɛi+ kw7,九十九,1
6722,263,kw7 r tʂhɛi+ kw7 ghoJ ]oJ,临终之日,1
6723,263,kw7 tʂhɛi+,跪下,1
6724,263,kw7 ʑɔJ,九个工,1
6725,263,kwJ,,0
6726,263,kwJ ]eJ,长箩；挑箩；谷篮,1
6727,264,kuA7,惦,1
6728,264,kuA7 ]ɔ7,惦念,1
6729,264,kuA7 dɛi+,划通洞,1
6730,264,kuA7 dʑiJ,挂念,1
6731,264,kuA7 ne+,占卜,1
6732,264,kuA7 pe+,记录,1
6733,264,kuA7 phi7,划破,1
6734,264,kuA7 tʂhiJ,记上,1
6735,264,kuA7 ʑA+,撕破,1
6736,264,kuAJ,管理,1
6737,264,kuAJ bɛi+,刮成堆,1
6738,264,kuAJ tʂÃJ,管好,1
6739,264,kue7,①古怪 ②埋怨,2
6740,264,kue7 heJ,①过于 ②过头,2
6741,264,kue7 heJ nɔ7 mɛi+,太啰嗦,1
6742,264,kue7 mɔJ dʑiJ,莫怪人,1
6743,264,kue7 pw+ te+,难怪,1
6744,264,kui+,规,1
6745,264,kui+ Xui7,规划,1
6746,264,kui+ tʂi7,规定,1
6747,264,kui7,鬼,1
6748,264,kui7 tʂw+,贵州,1
6749,264,kuÃ+,官,1
6750,264,kuÃ+ 6i7,关系,1
6751,264,kuÃ+ 6ɔ+,广西,1
6752,264,kuÃ+ tẽ+,观点,1
6753,264,kuÃJ,冠,1
6754,264,kuÃJ tʂi7,冠军,1
6755,265,khe+,开,1
6756,265,khe+ 6wJ,开学,1
6757,265,khe+ Xui7,开会,1
6758,265,khe+ tʂhwJ,开除,1
6759,265,kheJ,克,1
6760,265,kheJ fwJ,克服,1
6761,265,kheJ tʂhi7,客气,1
6762,265,khɛi+,①他 ②那,2
6763,265,khɛi+ Si7,①如此 ②像他；相似,2
6764,265,khɛi+ Zɛi+,那样,1
6765,265,khɛi+ Zɛi+ ze+ gɔ+,因此,1
6766,265,khɛi+ ZɛiJ+,那么大,1
6767,265,khɛi+ ]ɔ+,那个,1
6768,265,khɛi+ ]ɛi+ ghe+ zo+,唯我独尊,1
6769,265,khɛi+ dʑiJ,将就,1
6770,265,khɛi+ dʑiJ ʑw+,算了,1
6771,265,khɛi+ dʑɛiJ,那些,1
6772,265,khɛi+ thɔJ,那时,1
6773,265,khɛi+ thɛiJ kɿ7,①从前 ②那个时候,2
6774,265,khɛi+ thɛiJ nɛi+,①当天 ②那一天,2
6775,265,khɛi+ tɔ+,那里,1
6776,265,khɛi+ tɔ7,那边,1
6777,265,khɛi+ ʑiJ,他们,1
6778,265,khɛi+ ʑiJ niJ mɔ+,他俩,1
6779,265,khɛi+ ʑiJ tu+ tu+,他们自己,1
6780,265,khɛi+ ʑo7,那边,1
6781,265,khɛi+ ʑɔ+,他的,1
6782,266,khA+,①钖 ②扣,2
6783,266,khA+ SiJ mɔ+,卡司玛(姑娘头上的一种金属装饰品),1
6784,266,khA+ duJ,挖钖矿,1
6785,266,khA+ pe+,扣住,1
6786,266,khA+ tdɔ+ mɔ+,钖锭,1
6787,266,khA+ tʂhiJ,扣上,1
6788,266,khAJ,烤,1
6789,266,khAJ dɔ+ tʂhiJ,扛得动,1
6790,266,khAJ dʑiJ,扛着,1
6791,266,khAJ pe+,扛来堆在一起,1
6792,266,khAJ tʂi7,扛(摔跤专用语),1
6793,266,khɔ+,哪,1
6794,266,khɔ+ tɔ7,哪边,1
6795,266,khɔ7,①遮 ②靠,2
6796,266,khɔ7 VwJ,靠稳,1
6797,266,khɔ7 dʑiJ,靠着,1
6798,266,khɔ7 dʑiJ dɛiJ,牢靠,1
6799,266,khɔ7 tu+,帐子,1
6800,266,khɔJ,①有效；灵验 ②距离 ③考,3
6801,266,khɔJ Xɔ+,有效,1
6802,266,khɔJ ]ɔ7,病愈,1
6803,266,khɔJ gw+,考入；录取,1
6804,267,kho+,①如同 ②比,2
6805,267,kho-+,可,1
6806,267,kho-+ khe+ Zɔ+,枯萎,1
6807,267,kho-+ ʑi+,枯死,1
6808,267,khoJ,课,1
6809,267,khoJ,①六 ②缺,2
6810,267,khoJ khoJ tʂhɔJ tʂhɔJ,空空虫(象声词),1
6811,267,khɔ+ Zɛi+ Zɛi+,好大；很大；硕大,1
6812,267,khɔ+ Zɛi+ ku+,怎么办,1
6813,267,khɔ+ Zɛi+ kɔ+,何故,1
6814,267,khɔ+ Zɛi+ ze+ dʑiJ,总之,1
6815,267,khɔ+ Zɛi+ ŋɛi+,为什么,1
6816,267,khɔ+ dʑi+ dʑi+ ze+,很漂亮；很好,1
6817,267,khɔ+ no+ no+,好久；许久,1
6818,267,khɔ+ nɔ+,多少,1
6819,267,khɔ+ nɔ+ 1wJ,几个,1
6820,267,khɔ+ nɔ+ nɛi+,几天,1
6821,267,khɔ+ nɛi+ ʑoJ,至少,1
6822,267,khɔ+ o+,哪里,1
6823,267,khɔ+ o+ mɔJ ŋɛi+,处处；到处,1
6824,267,khɔ+ o+ ʑi+,上哪里去,1
6825,267,khɔ+ thɔJ,何时；几时,1
6826,267,khɔ+ ʑo7,哪边,1
6827,268,khoJ 1w+ 1w+,缺乏,1
6828,268,khoJ 1wJ,六个,1
6829,268,khoJ tÃJ,扩大,1
6830,268,khu+,烧,1
6831,268,khu+ dzɔJ,烧吃,1
6832,268,khu+ dʑJ,烧焦,1
6833,268,khu+ mɛi+,烧熟,1
6834,268,khu+ ŋuJ XɔJ,杀牛(专指火把节时杀牛),1
6835,268,khu7,环,1
6836,268,khu7 dʑiJ,拘留,1
6837,268,khu7 pe+,扣起来,1
6838,268,khu7 tɔ7,扣留,1
6839,268,khuJ,①声音；嗓子 ②苦,2
6840,268,khuJ dɛiJ,刻苦；勤劳,1
6841,268,khuJ dɛiJ ]i7 dɛiJ,辛勤,1
6842,268,khuJ my+,声音高,1
6843,268,khuJ my+ pu7,喉咙,1
6844,268,khuJ the+,声音清脆,1
6845,268,khõ7,可,1
6846,268,khõ7 tsi+,空子,1
6847,268,khõ7 tsɯJ,抽空,1
6848,268,khõ7 ʑA7,上课,1
6849,268,khɤ+,灵,1
6850,268,khɤ+ Sɛi+,伶俐；灵敏；活泼；敏捷,1
6851,268,khɤ+ ]iAJ,口粮,1
6852,269,khuJ Xɛi+,库吼调(指撒尼人唱的一种曲调),1
6853,269,khuJ Zɛi+,声音清脆,1
6854,269,khuJ ]ɔJ ɛiJ,闷声闷气,1
6855,269,khuJ doJ ghoJ,答应,1
6856,269,khuJ dɛiJ SwJ dɛiJ,勤俭,1
6857,269,khuJ dɛiJ tsw7 dɛiJ,任劳任怨,1
6858,269,khuJ ghe+,吃苦耐劳,1
6859,269,khuJ tʂi7 khuJ ʑA+,嗓音,1
6860,269,khuJ tʂÃJ,嗓音好,1
6861,269,khuJ tʂɛi7,高声,1
6862,269,khuJ zwJ kw7,会用嗓,1
6863,269,khuJ ʑo7 ]ɔ7,辛苦了,1
6864,269,khuJ ʑo7 tsi7,受苦,1
6865,269,khw+,①角 ②角落,2
6866,269,khw+ ]i+,菜园子,1
6867,269,khw+ nwJ,①长角 ②发芽,2
6868,269,khw+ nɛi+,矮,1
6869,269,khw+ the+,角尖；锋利,1
6870,269,khw-+,①街 ②磨(动词),2
6871,269,khw-+ bɔJ,街子散,1
6872,269,khw-+ geJ,赶街,1
6873,269,khw-+ hɿJ,上街,1
6874,269,khw-+ nɔ+,磨细,1
6875,269,khw-+ nɛi+,街子天,1
6876,269,khw-+ nɛi+ tɛi+,逢街期,1
6877,269,khw-+ tɛi+,市场；集市,1
6878,269,khw-+ tɛi+ kuA7,逛街,1
6879,269,khwJ,①偷 ②气,2
6880,269,khwJ Xɔ+,巧取,1
6881,269,khwJ dzo+,惯偷,1
6882,269,khwJ dzɔJ,偷吃,1
6883,269,khwJ dɔ+,冒气,1
6884,269,khwJ mw+ ne+ mw+,偷摸,1
6885,269,khwJ ne+,偷看,1
6886,269,khwJ nɛi+,偷听,1
6887,269,khwJ tɔ+,上气,1
6888,269,khwJ tɛi+,被盗,1
6889,269,khwJ tʂhi7,语气,1
6890,269,khwJ ʑɔ+,盗获,1
6891,270,Si+ khui7 mɔ+,朽木,1
6892,270,khuA7,褂,1
6893,270,khui+,亏,1
6894,270,khui+ dzɔJ,吃亏,1
6895,270,khui+ pw+ tɛiJ,何苦,1
6896,270,khui7,朽,1
6897,270,khui7 ʑi+ tʂhe+,非常,1
6898,270,khuÃ+,宽,1
6899,270,khuÃ+ mwJ khuÃ+ tʂo+,宽敞,1
6900,270,tɛi7 do+ khu7,麻布褂子,1
6901,270,ʑɔ+ mw+ khw-+,磨麦面,1
6902,271,gÃJ,炸裂,1
6903,271,gɔ+,动(行动),1
6904,271,gɔ+ Xw+,肯干,1
6905,271,gɔ+ ZɛiJ,灌醉(酒),1
6906,271,gɔ+ ZɛiJ,大干,1
6907,271,gɔ+ dzɛi+,开始,1
6908,271,gɔ+ ghe+,能干,1
6909,271,gɔ+ no7,从事过,1
6910,271,gɔ+ tɔ+ ]ɛi+,行动起来,1
6911,271,gɔ+ tʂi7,敢干,1
6912,271,gɔ+ ʑi+,去干,1
6913,271,gɔJ,①闻；听见 ②饲料 ③粮(指租子、税粮),3
6914,271,gɔJ,①爱 ②想念 ③吻 ④嚼,4
6915,271,gɔJ bɛi+ hɛi+,仓库,1
6916,271,gɔJ bɛi+ tʂhɛi+,仓谷,1
6917,271,gɔJ kɔ7 tʂhi+,堂屋,1
6918,271,gɔJ nɔ+,嚼细,1
6919,271,gɔJ tɛi+,征粮,1
6920,271,gɔJ tʂi+ mɔ+,臼齿,1
6921,271,gɔJ ʑɔ7,难嚼,1
6922,272,go+,晴,1
6923,272,go+ 6e+ 6e+ mw+,天空晴朗,1
6924,272,go-+,①写 ②怕,2
6925,272,go-+ ]eJ,秘书,1
6926,272,go-+ dʑi+,①毕(姓氏) ②笔,2
6927,272,go-+ mɔJ zo+,别怕,1
6928,272,go-+ pɛi7,重写,1
6929,272,go-+ tɛi+,吓着,1
6930,272,go-+ tʂhɛiJ,怕得发抖,1
6931,272,go-+ ʑi+ tʂhe+,怕得要命,1
6932,272,goJ,供,1
6933,272,goJ duJ duJ,咕咚咚(象声词),1
6934,272,gɔJ,绣,1
6935,272,gɤ+,钩,1
6936,272,gɤ+,①冲 ②触 ③擦,3
6937,272,gɤ+ Xo+,擦干净,1
6938,272,gɤ+ Xɔ+,擦掉,1
6939,272,gɤ+ bu+,感激；谢谢；感谢,1
6940,272,gɤ+ bu7,恳求,1
6941,272,gɤ+ gw+,擦完,1
6942,272,gɤ+ tu+,擦子,1
6943,272,gɤ+ tʂhiJ,刷洗,1
6944,272,gɤ+ ʑA+,擦破,1
6945,272,gɤ+ ʑɔ+,胎盘,1
6946,273,gu+,①瘦 ②干巴,2
6947,273,gu+ pɛi7 gu+ ʑA+,瘦弱,1
6948,273,gu+ pɛi7 pɛi7,瘦嶙嶙,1
6949,273,gu+ tɔ7 ]ɔ7,晒干巴,1
6950,273,guJ,①筋 ②犁(名词),2
6951,273,guJ Zɛi+ mɔ+,犁栓,1
6952,273,guJ ]eJ mɔ+,犁把,1
6953,273,guJ du+ ]ɛi+,垄沟,1
6954,273,guJ dɔ+,犁箭,1
6955,273,guJ dɔ+ dʑiJ,跑了；不辞而别,1
6956,273,guJ dɛiJ,捏着拳头打,1
6957,273,guJ dʑoJ mɔ+,犁弯,1
6958,273,guJ mɔ+,犁(名)；步犁,1
6959,273,guJ nɛi7 pɛi+,犁鼻,1
6960,273,guJ pɛi7,抽筋,1
6961,273,guJ tʂhi+,犁底,1
6962,273,guJ tʂo+,筋骨,1
6963,273,guJ tʂo+,痉挛,1
6964,273,gw+,①进 ②嫁,2
6965,273,gw+ thuJ,出嫁,1
6966,273,gw+ tu+ no7 ŋɛiJ,装东西的容器,1
6967,273,gɤJ,①烤；焙；烘 ②窝(专指菌子),2
6968,273,gɤJ fɛi+,烘干,1
6969,273,gɤJ tdɔ+,焙烧,1
6970,274,gw+ duJ,入口,1
6971,274,gwJ,①雁 ②乳饼(专指羊奶做的饼),2
6972,274,gwJ Ze7,①胳肢 ②痒酥酥,2
6973,274,gwJ ]w7 ʑi+ nɛiJ phɔJ,格路日尼帕(《阿诗玛》中的人名),1
6974,274,gwJ ]wJ ]wJ mw+,均匀,1
6975,274,gwJ dʑiJ,厉害,1
6976,274,gwJ kw7 mɔJ mɔ+,大雁,1
6977,274,gwJ kw7 tʂhiJ gɔ+ phu+,雁南飞报冬来,1
6978,274,gwJ pw+,圭山,1
6979,274,gɯJ,床,1
6980,274,gɯJ XwJ,被褥,1
6981,274,gɯJ the+,床上,1
6982,275,ŋe+,鸟；雀,1
6983,275,ŋe+ bÃ+,打鸟,1
6984,275,ŋe+ bÃ+ tʂhi+,鸟枪,1
6985,275,ŋe+ mɛi7 gÃJ pw+,大燕子,1
6986,275,ŋe+ pheJ,芭蕉,1
6987,275,ŋe+ pheJ Si+,芭蕉树,1
6988,275,ŋe+ phu+,雄鸟,1
6989,275,ŋe+ pw+,鸟巢；鸟窝,1
6990,275,ŋe+ pɔ7,雄鸟,1
6991,275,ŋe+ pɛi+,鸭子,1
6992,275,ŋe+ pɛi+ dɔ+ mɔ+,鸭蛋,1
6993,275,ŋɿ+,霜,1
6994,275,ŋɿ+ ]ɛi+ tʂhA7,霜冻,1
6995,275,ŋɿ+ dlɔ+,下霜；降霜,1
6996,275,ŋɿ+ dlɔ+ nɛi+,霜降(节令),1
6997,275,ŋɿ+ dlɔ+ pw+ ]oJ ZeJ,霜降在山凹,1
6998,275,ŋɿ+ tdɔ+ mɔ+,冰块,1
6999,275,ŋɿ7,的(用在陈述句的末尾，表示肯定的语气),1
7000,275,ŋɿJ,①剩 ②种；样,2
7001,275,ŋɿJ gɛi+,剩余,1
7002,275,ŋɿJ tsɔ+,其余,1
7003,275,ŋɿJ tsɔ+ tɔ7,遗留,1
7004,276,ŋe+,①叫；响 ②是；对,2
7005,276,ŋe+ 6e+ 6e+,叮哨响,1
7006,276,ŋe+ Xw+,响亮,1
7007,276,ŋe+ ZɔJ,小鸟,1
7008,276,ŋe+ du+ mɔ+,鹭鸶,1
7009,276,ŋe+ dɔ+ mɔ+,雀蛋,1
7010,276,ŋe+ e7,是的,1
7011,276,ŋe+ ghe+ pw+,鸟笼,1
7012,276,ŋe+ khuJ,响声,1
7013,276,ŋe+ mɔ+,雌鸟,1
7014,276,ŋe+ mɔJ ŋe+,是吗；对吗,1
7015,276,ŋe+ mɛi7 gÃJ ZɔJ,小燕子,1
7016,276,ŋe+ tsi+ ŋe+ nÃJ,鸟类；飞禽,1
7017,276,ŋe+ tʂo+,藤子,1
7018,276,ŋe+ ŋɛi+,鸟鸣,1
7019,276,ŋe7,是,1
7020,276,ŋe7 mɔ+,山土瓜,1
7021,276,ŋe7 mɔJ dʑiJ,①不得了 ②了不起,2
7022,276,ŋeJ,长,1
7023,276,ŋeJ Zɛi+,①恩情 ②遗产,2
7024,276,ŋeJ nɛi7,长短,1
7025,276,ŋɛi+,晕,1
7026,276,ŋɛi+ ghe+,弟；兄弟,1
7027,276,ŋɛi+ ghe+ ZɔJ,小兄弟,1
7028,276,ŋɛi+ ghe+ mɛiJ,弟媳,1
7029,276,ŋɛi+ ghe+ nw7 mɔ+,兄弟姐妹,1
7030,277,ŋÃJ,①扳 ②攀,2
7031,277,ŋÃJ dlɛiJ,折断,1
7032,277,ŋÃJ tʂhi+,扳下,1
7033,277,ŋɔ7,①五 ②借 ③拱 ④犁(动词) ⑤鱼 ⑥阴间,6
7034,277,ŋɔ7 SA+,鱼鳞,1
7035,277,ŋɔ7 Sw7 nɛi+ tʂheJ Zɛi+ nɛi+ ni+ Vɔ+ dɛi7,三天打鱼两天晒网,1
7036,277,ŋɔ7 Vɛi+,鱼网,1
7037,277,ŋɔ7 ZɔJ,小鱼,1
7038,277,ŋɔ7 ]wJ,五个,1
7039,277,ŋɔ7 dwJ nɛi+ tʂhe+,五彩线,1
7040,277,ŋɔ7 dʑiJ,鱼刺,1
7041,277,ŋɔ7 mɛi+,地狱；阴间,1
7042,277,ŋɔ7 mɛi+ ŋɔ7 dʑiJ Si+,阎王,1
7043,277,ŋɔ7 ne7,深耕,1
7044,277,ŋɔ7 pw+,坟墓,1
7045,277,ŋɔ7 pw+ ]oJ,义地,1
7046,277,ŋɔ7 pw+ mÃ+,墓地；坟地,1
7047,277,ŋɔ7 pw+ mɛi+ fɛi+,坟地,1
7048,277,ŋɔ7 pw+ tso+ 6ɛi+,扫墓；上坟,1
7049,277,ŋɔ7 pw+ tʂi7,移葬,1
7050,277,ŋɔ7 pɛi+ ]oJ,鱼篓,1
7051,277,ŋɔ7 tiA7,钓鱼,1
7052,277,ŋɔ7 tsi7,①姓赵 ②罩鱼,2
7053,277,ŋɔ7 tsi7 Vɛi+,赵氏,1
7054,277,ŋɔ7 tsi7 bɛi+,罩鱼笼,1
7055,277,ŋɔ7 zwJ,借用,1
7056,278,ŋɔ+,我,1
7057,278,ŋɔ+ Vɛi+,我家,1
7058,278,ŋɔ+ Vɛi+ hɛi+,我的家,1
7059,278,ŋɔ+ ]ɔJ,瓦,1
7060,278,ŋɔ+ ]ɔJ hɛi+,瓦房,1
7061,278,ŋɔ+ ]ɔJ nA7,烧瓦,1
7062,278,ŋɔ+ ]ɔJ nA7 duJ,砖瓦厂,1
7063,278,ŋɔ+ ]ɔJ nA7 pu7 ne+,瓦窑,1
7064,278,ŋɔ+ ]ɔJ nA7 tʂho+,瓦匠,1
7065,278,ŋɔ+ ]ɔJ phiJ,瓦片,1
7066,278,ŋɔ+ ]ɔJ tʂɛi7,瓦沟,1
7067,278,ŋɔ+ bɔJ,父亲(引称),1
7068,278,ŋɔ+ do+ bɛi+,我的衣服,1
7069,278,ŋɔ+ hɛi+ mɔ+,大瓦房,1
7070,278,ŋɔ+ khɛi+ Zɛi+ du+ ]ɔJ khɛi+ Zɛi+ mw+,我行我素,1
7071,278,ŋɔ+ mɔ+,母亲(引称),1
7072,278,ŋɔ+ mɛi7,嫂(引称),1
7073,278,ŋɔ+ pɛi+,兄(引称),1
7074,278,ŋɔ+ r phiJ,祖母(引称),1
7075,278,ŋɔ+ r ʑA7,姐(引称),1
7076,278,ŋɔ+ ʑɛi+,我的,1
7077,278,ŋɔ7 XɔJ,鱼肉,1
7078,278,ŋɔ7 ZɛiJ mɔ+,大鱼,1
7079,278,ŋɔ7 dʑiJ,鱼叉,1
7080,278,ŋɔ7 ghɛiJ,撮鱼,1
7081,278,ŋɔ7 ho+,养鱼,1
7082,278,ŋɔ7 khɔ7,煎鱼,1
7083,278,ŋɔ7 tʂhA7,炸鱼,1
7084,278,ŋɔ7 tʂi7 ]ɛi+,泥鳅,1
7085,278,ŋɔ7 ʑi+,鱼苗,1
7086,278,ŋɔ7 ʑi+,金鱼,1
7087,278,ŋɔ7 ʑi+,捕鱼,1
7088,278,ŋɔ7 ʑi+ phe+,鳝鱼,1
7089,278,ŋɔ7 ʑi+ tʂho+,渔民,1
7090,278,ŋɔ7 ʑi+ ʑi+,渔船,1
7091,278,ŋɔ7 ʑoJ,芹菜,1
7092,278,ŋɔ7 ʑɔ+,借得,1
7093,278,ŋɔJ,①我们 ②奔驰,2
7094,279,ŋo+,见,1
7095,279,ŋo+ tʂo+,舒适,1
7096,279,ŋo-+,拈,1
7097,279,ŋo-+ dzɔJ,拈吃,1
7098,279,ŋo-+ gw+,拈完,1
7099,279,ŋo7,①迫切 ②要,2
7100,279,ŋo7 ]w+ ]w+,迫切需要,1
7101,279,ŋo7 dzɔJ,想吃,1
7102,279,ŋo7 dɛiJ,行；可以；要得,1
7103,279,ŋo7 dɛiJ e7,还可以,1
7104,279,ŋo7 kw+ ʑiJ,欲眠(想睡觉),1
7105,279,ŋo7 mɔJ dʑiJ,要不得；作废；不能要,1
7106,279,ŋo7 nɔ7,需要量大,1
7107,279,ŋo7 tɛi+,必要,1
7108,279,ŋo7 tʂi7,想喝,1
7109,279,ŋo7 tʂi7,要紧,1
7110,279,ŋo7 zo+,需要,1
7111,279,ŋo7 ŋw+,想哭,1
7112,279,ŋo7 ŋɛiJ,剩余,1
7113,279,ŋo7 ʑɔ+,要得,1
7114,279,ŋo7 ʑɛi+,欲笑,1
7115,279,ŋo7 ʑɛi+,想走,1
7116,279,ŋo7 ʑɛi+ ]eJ,想动,1
7117,279,ŋoJ,①薅 ②钩(动词) ③杂草,3
7118,279,ŋoJ Xo+,薅净,1
7119,279,ŋoJ Xɔ+,薅过,1
7120,279,ŋoJ ]ɛi+,易薅,1
7121,279,ŋoJ dzɔJ,钩吃,1
7122,279,ŋoJ gw+,薅完,1
7123,279,ŋoJ nɔ7,杂草丛生,1
7124,279,ŋɔJ ʑɛi+,我们的,1
7125,280,Xɛi+ ŋu7 ʑoJ,至少,1
7126,280,ŋu7,至(极；最),1
7127,280,ŋuJ,黄牛,1
7128,280,ŋuJ ]o7,放牛,1
7129,280,ŋuJ ]o7 tʂho+,牧民,1
7130,280,ŋuJ ]ɔJ bu+,公黄牛,1
7131,280,ŋuJ bu+ tɛi+,牛拳,1
7132,280,ŋuJ bɛiJ,牛蹄,1
7133,280,ŋuJ du+ gɔ+,牛厩闩,1
7134,280,ŋuJ dɔ+,牛月(农历腊月),1
7135,280,ŋuJ dɛiJ,牛屎,1
7136,280,ŋuJ dʑiJ mɔ+,生牛(未驯过的),1
7137,280,ŋuJ mw7,牛马牲口,1
7138,280,ŋuJ mɔ+,母牛,1
7139,280,ŋuJ mɔ+ ZɔJ,母牛(未产过崽),1
7140,280,ŋuJ nɛi+,黄牛,1
7141,280,ŋuJ nɛi+ bɛi+ thu+ tɛi+,牛鼻绳(缰绳),1
7142,280,ŋuJ nɛi7 du+,兜嘴(牛嘴罩),1
7143,280,ŋuJ pw+,牛厩,1
7144,280,ŋuJ pɔ7,公黄牛,1
7145,280,ŋuJ pɛi7 mw7 ɛiJ,阉牛换马,1
7146,280,ŋuJ tsw+ ʑɛi+,驾车牛,1
7147,280,ŋuJ tɿ7 tɛi+,缰绳,1
7148,280,ŋɤ7,炎热,1
7149,280,ŋɤ7 nɔ+,晒得火辣辣的,1
7150,280,ŋɤ7 ʑi+,晒死,1
7151,281,ŋuJ A+ nɛi+,牛奶,1
7152,281,ŋuJ A+ nɛi+ mɔ+,枣子,1
7153,281,ŋuJ Si+,牵牛,1
7154,281,ŋuJ Xw+ tɿ7,骗牛(动词),1
7155,281,ŋuJ XɔJ,杀牛,1
7156,281,ŋuJ XɔJ,牛肉,1
7157,281,ŋuJ XɔJ bɛi+,牛肉干巴,1
7158,281,ŋuJ ZɔJ,牛犊,1
7159,281,ŋuJ geJ,赶牛,1
7160,281,ŋuJ ghɔJ,丑(属牛年),1
7161,281,ŋuJ gwJ +Si+ dɛiJ,打鼓；击鼓,1
7162,281,ŋuJ gwJ tsi+ mɔ+,牛皮鼓,1
7163,281,ŋuJ gwJ tsi+ tu7,编鼓,1
7164,281,ŋuJ gÃJ,骗牛(动词),1
7165,281,ŋuJ gɛi7 mɔ+,野牛,1
7166,281,ŋuJ khw+,牛角,1
7167,281,ŋuJ khw+ pu7,牛角号,1
7168,281,ŋuJ o7,牛头,1
7169,281,ŋuJ tʂhi+ mw7 ]eJ 6eJ,错综复杂,1
7170,281,ŋuJ tʂhiJ,牛粪,1
7171,281,ŋuJ tʂhiJ ghoJ,垫屣草,1
7172,281,ŋuJ tʂhɛiJ dÃJ,牛皮癣,1
7173,281,ŋuJ tʂi+,牛皮,1
7174,281,ŋuJ tʂi+ ʑoJ,牛皮菜,1
7175,281,ŋuJ tʂɔ7 mɔ+ ZɔJ,小母牛,1
7176,281,ŋuJ ʑi7,牛草,1
7177,281,ŋw+,哭,1
7178,281,ŋw+ dɛiJ Zɛi+ mɔJ dɛiJ,啼笑皆非,1
7179,281,ŋw+ dʑi7 dʑi7,哭哭啼啼,1
7180,281,ŋw+ tʂhɛi+ tʂhɛi+,哭泣,1
7181,281,ŋw+ ʑoJ nɔ7,哭歇,1
7182,282,]ɛi+ ]ɛi+ Sɔ+ ŋw+,轻轻地摇,1
7183,282,ŋw+,①摇 ②杉松,2
7184,282,ŋw+ Si+,杉木,1
7185,282,ŋw+ Si+ phɛiJ thɿJ phiJ Vɛi+,买一块杉木板子,1
7186,282,ŋw+ ]w+,动摇,1
7187,282,ŋw+ pɛi+ mɔ+,杉松球,1
7188,282,ŋw+ tsi+,杉树,1
7189,282,ŋw+ ŋw+ ]w+ ]w+,摇摇晃晃,1
7190,282,ŋw+ ʑo+ ]e+,动摇；摇摆不定,1
7191,282,ŋw+ ʑɔ7,难摇,1
7192,282,ŋw7,①望；观望；展望；侦察；瞻；瞻望 ②甑,2
7193,282,ŋw7 Zɛi+,甑子,1
7194,282,ŋw7 Zɛi+ kw+ tu+,甑箍,1
7195,282,ŋw7 ]eJ,甑耳,1
7196,282,ŋw7 mɛi+,瞭望,1
7197,282,ŋw7 tho+,甑底,1
7198,283,XÃJ,黑,1
7199,283,XÃJ ]w7,寒露(节令),1
7200,283,XÃJ to7 ne+,涵洞,1
7201,283,XÃJ ʑi+,还是,1
7202,283,Xɔ+,①送 ②解(指解大小便) ③了,3
7203,283,Xɔ+,蒿,1
7204,283,Xɔ+ Xɔ+,送终,1
7205,283,Xɔ+ bɛiJ,送给,1
7206,283,Xɔ+ mɔJ dʑiJ,不像话,1
7207,283,Xɔ+ thuJ,送行,1
7208,283,Xɔ+ tʂi+ mɔ+,象牙,1
7209,283,Xɔ+ tʂÃJ,幸福,1
7210,283,Xɔ+ ŋuJ,大象,1
7211,283,Xɔ+ ŋɔ7 pw+ de+,送葬,1
7212,283,Xɔ7,爱好,1
7213,283,Xɔ7 Su7,号数,1
7214,283,Xɔ7 dʑiJ,打上记号,1
7215,283,Xɔ7 mɔ+,号码,1
7216,283,XɔJ,杀；宰,1
7217,283,Xɛi+,憨,1
7218,283,Xɛi+ tsi+,①海 ②湖,2
7219,283,Xɛi+ tsi+ mɔ+,大海,1
7220,283,Xɛi+ tʂɛi+,海军,1
7221,283,XɛiJ,黑,1
7222,283,XɛiJ pe+,黑板,1
7223,284,Xo+,①清洁；干净 ②跨,2
7224,284,Xo+ 6e+,干净,1
7225,284,Xo+ 6e+ 6e+,光秃秃,1
7226,284,Xo+ Sɔ+,整洁,1
7227,284,Xo+ ]ɛi+ ]ɛi+ mw+,一干二净,1
7228,284,Xo+ bɛi+,清洁,1
7229,284,Xo+ bɛi+ bɛi+,干干净净,1
7230,284,Xo+ dʑJ,爱干净,1
7231,284,Xo+ ʑi+,跨过去,1
7232,284,Xo7,关怀,1
7233,284,Xo7 VwJ,销货；售货,1
7234,284,Xo7 VwJ tʂho+,售货员,1
7235,284,Xo7 Xe7,祸害,1
7236,284,Xo7 Xo7 ZɔJ,小盒子,1
7237,284,Xo7 dʑiJ,维护；袒护；掩盖,1
7238,284,Xo7 pe+,遮盖,1
7239,284,Xo7 tʂhiJ,盖住,1
7240,284,Xo7 tʂhwÃ+,闯祸；惹祸,1
7241,284,XɔJ,肉,1
7242,284,XɔJ SiJ,肌肉,1
7243,284,XɔJ Xɔ+,杀了,1
7244,284,XɔJ bɛi+,瘦肉；干巴,1
7245,284,XɔJ dzɔJ,杀吃,1
7246,284,XɔJ dzɔJ,吃肉,1
7247,284,XɔJ dʑi+,砍肉,1
7248,284,XɔJ dʑiJ mɔ+,生肉,1
7249,284,XɔJ gɤ7 tʂi+,肉皮,1
7250,284,XɔJ kɤ7,割肉,1
7251,284,XɔJ mɔJ mɔ+,腊肉,1
7252,284,XɔJ nɛi+ de+,腻,1
7253,284,XɔJ to7,剁肉,1
7254,284,XɔJ tʂhi+,肥肉,1
7255,284,XɔJ tʂɔ+,醃肉,1
7256,284,XɔJ ʑi+,杀死,1
7257,284,XɔJ ʑi+ Sɔ+,肉汤,1
7258,284,tʂhiJ XɔJ ŋuJ XɔJ,杀牛宰羊,1
7259,285,Xo+ Xo+,全部；所有,1
7260,285,Xo+ ŋeJ,讲究卫生,1
7261,285,Xo-+,火,1
7262,285,Xo-+ thuij,火腿,1
7263,285,XoJ,修,1
7264,285,XoJ,何,1
7265,285,XoJ XoJ mw+,贺贺(走快时的象声词),1
7266,285,XoJ Xɛi+ nɛi+ tʂhwJ Zɛi+ tʂhiJ tsiJ tʂi+ tʂw+,红河哈尼族彝族自治州,1
7267,285,XoJ ]ɛi+,合理,1
7268,285,XoJ dlɔ+ dʑiJ,合得来,1
7269,285,XoJ dʑiJ,注意,1
7270,285,XoJ gw+,修完(指修完树枝),1
7271,285,XoJ phiJ,和平,1
7272,285,XoJ thẽJ,合同,1
7273,285,XoJ thẽJ tʂi7,订合同,1
7274,285,XoJ tsoJ ʑɛiJ,合作社,1
7275,285,XoJ tʂɛi+,红军,1
7276,285,Xu+,呼(招呼的呼),1
7277,285,XuJ,互,1
7278,285,XuJ,胡,1
7279,285,XuJ SiJ,护士,1
7280,285,XuJ tsuJ tsu+,互助组,1
7281,285,Xɤ+,①斟(酒)；倒 ②绕 ③抹,3
7282,285,Xɤ+ Xɔ+,倒掉,1
7283,285,tʂɔ+ Xu+,招呼,1
7284,285,tʂɔ+ Xu+ dɛiJ,打招呼,1
7285,286,XuJ pe+,糊起来,1
7286,286,XuJ thuJ,糊涂,1
7287,286,Xw+,铁,1
7288,286,Xw+,铸,1
7289,286,Xw+ 6e7,剪刀,1
7290,286,Xw+ A+ gɔ+,铁门,1
7291,286,Xw+ A+ gɔ+ phiJ,铁门栓,1
7292,286,Xw+ ]e7,炼铁,1
7293,286,Xw+ ]o+ thu+,铁锤,1
7294,286,Xw+ du+ Xw+ dɔ7,裙子,1
7295,286,Xw+ dɛiJ,打铁,1
7296,286,Xw+ dɛiJ tu+ ]ɔ+ thuJ,打铁用的锤子,1
7297,286,Xw+ dɛiJ tʂho+,铁匠,1
7298,286,Xw+ dʑiJ,铁渣,1
7299,286,Xw+ dʑiJ,钉子,1
7300,286,Xw+ dʑiJ tsA7 tɛi+,碰钉子,1
7301,286,Xw+ mw7,自行车,1
7302,286,Xw+ ne+ dʑi+,火钳,1
7303,286,Xw+ nw+ tʂhe+,海宜村,1
7304,286,Xw+ pe+,铸造,1
7305,286,Xw+ phiJ,铁板,1
7306,286,Xw+ tde+,铁块,1
7307,286,Xw+ tde7,飞机,1
7308,286,Xw+ tdɔ+,铁块,1
7309,286,Xw+ tsw+,铁桥,1
7310,286,Xw+ tu7,锥子,1
7311,286,Xw+ tɛi+,千斤扣；铁链条,1
7312,286,Xw+ tɿ7,阉割,1
7313,286,Xw+ tʂhe+,铁线,1
7314,286,Xw+ tʂhɔJ,火车,1
7315,286,Xw+ tʂhɔJ kɔ+ mɔ+,铁路,1
7316,286,Xw+ ʑi+,铁水,1
7317,286,Xw+ ʑo7 mɔ+,铁勺,1
7318,286,Xw-+,①塘(水塘) ②捂,2
7319,286,Xw-+ mɛi+,捂熟,1
7320,286,Xw-+ nɔ+,伤寒,1
7321,286,Xw-+ nɛi+ mɔ+,蒲草村,1
7322,286,Xw-+ tsɔ+,塘子边,1
7323,286,Xw7,①吓 ②威胁 ③肾,3
7324,286,Xw7 dʑiJ ]ɔ7,恐吓,1
7325,286,Xw7 nɔ+,肾炎,1
7326,286,Xw7 pw7,吓倒,1
7327,286,Xw7 tɛi+,吓着,1
7328,286,XwJ,①洗 ②次；回,2
7329,286,XwJ bɛi+,毡子；披毡,1
7330,286,XwJ gw+,洗完,1
7331,286,XwJ nÃ+,洗澡,1
7332,287,XuA7,花,1
7333,287,XuA7 pe+,画上,1
7334,287,Xui+,灰,1
7335,287,Xui+ Zɛi7,婚姻,1
7336,287,Xui+ fwJ,恢复,1
7337,287,Xui7,毁,1
7338,287,Xui7 ZeJ,会员,1
7339,287,Xui7 ZɛiJ mɔ+,盛会；大会,1
7340,287,Xui7 bɔJ Xɔ+,散会,1
7341,287,Xui7 dzɔJ,混饭吃,1
7342,287,Xui7 khɛi+,开会,1
7343,287,Xui7 khɛi+ ʑɔ+,会场,1
7344,287,Xui7 tʂA7,占便宜；贪心,1
7345,287,XuiJ,回,1
7346,287,XuiJ 6Ã+ mɔ+,茴香,1
7347,287,XuiJ Kɔ+ ]ɛi+,转变,1
7348,287,XuiJ tʂhwJ,回族,1
7349,288,XuA+,心,1
7350,288,XuA+ ]ɛiJ,白面狸,1
7351,288,XuA+ tɛi+,着慌,1
7352,288,XuA+ ʑi+ tʂhe+,慌乱,1
7353,288,XuA7 6wJ,化学,1
7354,288,XuA7 Xɔ+,溶化,1
7355,288,XuA7 Zẽ7,化验,1
7356,288,XuA7 fɛiJ,化肥,1
7357,288,XuA7 gw+,化尽,1
7358,288,XuA7 tʂho+,画家,1
7359,288,XuAJ,,0
7360,288,XuAJ dʑɔ+ Vɛi+,黄(姓氏),1
7361,288,XuAJ tʂhÃJ,华侨,1
7362,289,ɣÃ+,①游 ②划 ③扒 ④犁(专指犁二茬地) ⑤搅,5
7363,289,ɣÃ+ bɔJ,搅乱,1
7364,289,ɣÃ+ pA7,搅拌,1
7365,289,ɣÃ+ pe+,扒拢,1
7366,289,ɣÃ+ ʑi+,搅匀,1
7367,289,ɣÃJ,昂,1
7368,289,ɣÃJ dzɛi+ Vɛi+,昂(姓氏),1
7369,289,ɣɔ+,得,1
7370,289,ɣɔJ,①力 ②工,2
7371,289,ɣɔJ dɔ+ Sɔ+ mw+,卖力地干,1
7372,289,ɣɔJ fi7 nɛi7 fi7,呕心沥血,1
7373,289,ɣɔJ meJ,澳门,1
7374,289,ɣɔJ phuJ,薪金；工资；薪水；报酬；工钱,1
7375,289,ɣɔJ phuJ ]ɛiJ,领工资,1
7376,289,ɣɔJ pɛi+ ɣɔJ ʑɛi7,换工,1
7377,289,ɣɛiJ,磨(动作迟缓),1
7378,290,ɣo7,①逗 ②强辩,2
7379,290,ɣɔJ KuAJ,管理工,1
7380,290,ɣɔJ Si+,监工,1
7381,290,ɣɔJ Xɛi+ ZɛiJ tʂo+ Xɛi+ ZɛiJ mw+,量力而行,1
7382,290,ɣɔJ ZeJ,衰退；力衰,1
7383,290,ɣɔJ ZɔJ,小工,1
7384,290,ɣɔJ ZɛiJ,大力士,1
7385,290,ɣɔJ dw+,窝工,1
7386,290,ɣɔJ dwJ,歇工；下班；收工,1
7387,290,ɣɔJ dzɔJ,吃力,1
7388,290,ɣɔJ dɔ+,加油干；出力；效劳；使劲；卖力；努力,1
7389,290,ɣɔJ dʑiJ mɔ+,蛮干；出憨力,1
7390,290,ɣɔJ fi+,分工,1
7391,290,ɣɔJ go7,夫役,1
7392,290,ɣɔJ go7 dɛi+,派伕,1
7393,290,ɣɔJ gw+,①讨厌 ②疲倦,2
7394,290,ɣɔJ ne+,力气；力量,1
7395,290,ɣɔJ ne+ nɛi+,有力,1
7396,290,ɣɔJ ne+ ŋo7 nɔ7,费工夫,1
7397,290,ɣɔJ nɔ7,停止；歇气；休息,1
7398,290,ɣɔJ nɛi+,有力；强壮,1
7399,290,ɣɔJ thuJ,费劲,1
7400,290,ɣɔJ tsA+ dɔ+,用劲,1
7401,290,ɣɔJ tɛiJ,顶替,1
7402,290,ɣɔJ tʂhɔ+ nɔ7,暂停,1
7403,290,ɣɔJ tʂhɔ+ ʑi7,较量,1
7404,290,ɣɔJ ŋe+ ɣɔJ ]wJ,全力以赴,1
7405,290,ɣɔJ ŋo7 nɔ7,费力,1
7406,290,ɣɔJ ɣɔ+,得力,1
7407,290,ɣɔJ ʑi+,疲劳；困倦,1
7408,290,ɣɛi+,的(代替上文所说的人或物),1
7409,290,ɣɛi+ du+,尔后,1
7410,291,ɣo7 ghe+,很犟,1
7411,291,ɣo7 nɛiJ,久逗而不哭叫,1
7412,291,ɣoJ,菜,1
7413,291,ɣoJ ]eJ mɔ+,菜叶柄,1
7414,291,ɣoJ ]oJ ɣoJ ]oJ,低言细语,1
7415,291,ɣoJ ]ɛi+ mɔ+,莲花白,1
7416,291,ɣoJ bɛiJ ɣoJ nɛi+,①粗菜 ②干菜,2
7417,291,ɣoJ dlÃ+ mɔ+,素菜；淡菜,1
7418,291,ɣoJ dɔJ,菜叶,1
7419,291,ɣoJ dɛi7,菜秧,1
7420,291,ɣoJ fɛi+ mɔ+,干菜,1
7421,291,ɣoJ mɔ+,萝卜,1
7422,291,ɣoJ mɔ+ bɔJ,切萝卜,1
7423,291,ɣoJ mɔ+ tʂhÃJ,擦萝卜丝,1
7424,291,ɣoJ mɔ+ ʑi+,黄萝卜,1
7425,291,ɣoJ nɛi+ Si7,燻菜(用菜煮后制成),1
7426,291,ɣoJ nɛi+ phe+,青菜,1
7427,291,ɣoJ tɛi7,蔬菜,1
7428,291,ɣoJ tɛi7 VwJ duJ,菜市场,1
7429,291,ɣoJ tɛi7 du+,炒菜,1
7430,291,ɣoJ tɛi7 mɛi+,菜园,1
7431,291,ɣoJ tɛi7 tɛi+,种菜,1
7432,291,ɣoJ tɛi7 tɛi+ tʂho+,菜农,1
7433,291,ɣoJ tʂhi+ du+ mɔ+,白菜,1
7434,291,ɣoJ tʂɔ+,酸菜,1
7435,291,ɣoJ tʂɔ+ ʑi+,酸菜汤,1
7436,291,ɣoJ ʑi+ Sɔ+,菜汤,1
7437,291,ɣoJ ʑi+ XwJ,洗菜水,1
7438,291,ɣoJ ʑi7,①菜籽 ②菜种,2
7439,291,ɣoJ ʑi7 A+ ne+ mɔ+,油菜,1
7440,291,ɣoJ ʑi7 Vɛi+,油菜花,1
7441,291,ɣoJ ʑi7 ɣoJ,油菜叶,1
7442,292,ɣoJ gu+,干菜(青菜晒干而成),1
7443,292,ɣoJ kw+ 6ɛi+ tʂi+,厨师,1
7444,292,ɣoJ kw+ tʂho+,厨师；厨工,1
7445,292,ɣoJ tɛi7 nɛi+,拈菜,1
7446,292,ɣoJ tɛi7 tɛi7,煮菜,1
7447,292,ɣoJ tɛi7 ʑi+ Sɔ+,菜汤,1
7448,292,ɣoJ tɛi7 ʑw+,切菜,1
7449,292,ɣoJ tɛi7 ʑwJ,菜杆,1
7450,292,ɣɔ+,,0
7451,292,ɣɔ+ ]e+,动；活动；更动；移动；搬动；变动,1
7452,292,ɣɔ+ ɣɔ+ ]e+ ]e+,骚动,1
7453,292,ɣɔJ,体,1
7454,292,ɣɔJ ]ɛi+ ɣɔJ tʂhi+,附近,1
7455,292,ɣɔJ gw+,瓦钵；瓦盆,1
7456,292,ɣɔJ pAJ,恶霸,1
7457,292,ɣɔJ pɛi7,围腰,1
7458,292,ɣɔJ ʑi+ tʂhe+,凶恶,1
7459,292,ɣɔJ ʑÃ+ ZɛiJ tʂhwJ tsiJ tʂi+ 6ɛiJ,峨山彝族自治县,1
7460,292,ɣɛi+,①走 ②爬,2
7461,292,ɣɛi+ Xɔ+,①让开 ②走样,2
7462,292,ɣɛi+ ]ɛi+,走动,1
7463,292,ɣɛi+ ]ɛi+ ɣɛi+ ]ɛi+ Sɔ+,漫步,1
7464,292,ɣɛi+ dɔ+,快走,1
7465,292,ɣɛi+ dɔ+ ]ɛi+,来,1
7466,292,ɣɛi+ dɛi+ dɛiJ,通行,1
7467,292,ɣɛi+ dʑiJ ]ɔ7,行走,1
7468,292,ɣɛi+ gɔ+,散步,1
7469,292,ɣɛi+ no7,①到过 ②走过,2
7470,292,ɣɛi+ nɔ7,悬殊,1
7471,292,ɣɛi+ ʑɔ7,难走,1
7472,293,ɣw+,①数(清点数目) ②切 ③熊,3
7473,293,ɣw+ mw+,国王；皇帝,1
7474,293,ɣw+ mw+ ZɔJ,王子,1
7475,293,ɣw+ mw+ hɛi+,皇宫,1
7476,293,ɣw+ mw+ mɛi+,①都城 ②北京,2
7477,293,ɣw+ mw+ mɛiJ,皇后,1
7478,293,ɣw+ mw+ to+ tʂi7,立冬(节令),1
7479,293,ɣw+ nɛi+,内弟(舅子),1
7480,293,ɣw+ phi7,切开,1
7481,293,ɣw+ tʂhi+,砧板,1
7482,293,ɣw7,搂,1
7483,293,ɣɛiJ,①户(家) ②针,2
7484,293,ɣɛiJ SiJ phiJ,家长,1
7485,293,ɣɛiJ ZɛiJ mɔ+,大针,1
7486,293,ɣɛiJ bo+,成家；安家,1
7487,293,ɣɛiJ d]e+,破落户,1
7488,293,ɣɛiJ dlw+ tu+,针线包,1
7489,293,ɣɛiJ dlɛiJ,搬家,1
7490,293,ɣɛiJ dlɛiJ tʂho+,移民,1
7491,293,ɣɛiJ dɛiJ,注射；打针,1
7492,293,ɣɛiJ fɛi+,分家,1
7493,293,ɣɛiJ gɔ+,家庭,1
7494,293,ɣɛiJ gɔ+ kwA tʂho+,户主,1
7495,293,ɣɛiJ gɔ+ mw+,当家,1
7496,293,ɣɛiJ nÃJ ]eJ pɛi7,顶针,1
7497,293,ɣɛiJ nɔ7,针鼻,1
7498,293,ɣɛiJ nɔ7 Si+,穿针线,1
7499,293,ɣɛiJ nɔ7 thu+,穿针线,1
7500,293,ɣɛiJ o7,针尖,1
7501,293,ɣɛiJ tde7,扎针,1
7502,293,ɣɛiJ tse7 tʂho+,继承人；接班人,1
7503,293,ɣɛiJ tʂhe+,针线,1
7504,293,ɣɛiJ tʂɛi7,扎针,1
7505,293,ɣɛiJ ʑi7,私方(女方出嫁时所带的财物),1
7506,294,ɣwJ,①杆 ②把儿；柄 ③骨 ④前,4
7507,294,ɣwJ dlɛiJ,骨折,1
7508,294,ɣwJ pw+,骨头,1
7509,294,ɣwJ pw+ ghoJ dɔ+,骨灰,1
7510,294,ɣwJ pw+ ɣwJ gɛi7 mɔ+,骷髅,1
7511,294,ɣwJ tdw+,骨髓,1
7512,294,ɣwJ thɛi+,从前；过去,1
7513,294,ɣwJ thɛi+ doJ,①古语 ②传说,2
7514,294,ɣwJ thɛi+ thɔJ,古时候,1
7515,294,ɣwJ thɛi+ thɿJ kɿ7,古代,1
7516,294,ɣwJ tsi+ ɣwJ ]eJ,关节,1
7517,294,ɣwJ tsi+ ɣwJ dɛiJ,骨节,1
7518,294,ɣwJ tɔ+,茎；竿子；把子；柄,1
7519,294,ɣwJ tʂi7,前方；前头,1
7520,294,ɣwJ tʂi7 7tʂo+,在前,1
7521,294,ɣwJ tʂi7 nɛi7 gɔ7,先后,1
7522,294,ɣwJ tʂi7 thɔJ,原先,1
7523,294,ɣwJ tʂi7 thɿJ dɔJ,正面,1
7524,294,ɣwJ tʂi7 thɿJ nɛi+,前天,1
7525,294,ɣwJ tʂi7 thɿJ nɛi7 ]ɛi+,上午,1
7526,294,ɣwJ tʂi7 thɿJ pɛi7,前辈,1
7527,294,ɣwJ tʂi7 ʑɔJ du+,前后,1
7528,294,ɣwJ tʂi7 ʑɔJ dwJ bɛiJ,思前想后,1
7529,295,ɣuA+,弯,1
7530,295,ɣuA+ KeJ ɣuA+ tʂhi7,弯弯扭扭,1
7531,295,ɣuA+ to7 mɔ+,豌豆,1
7532,295,ɣuA+ tɔ+ tɔ+ mw+,弯弯曲曲,1
7533,295,ɣuAJ,王,1
7534,295,ɣuAJ ]ɛi+,来玩,1
7535,295,ɣuAJ dzɔ+ Vɛi+,王(姓氏),1
7536,295,ɣui+,萎,1
7537,295,ɣui+ fõ+,威风,1
7538,295,ɣui+ nɛiJ ZɛiJ tʂhwJ XuiJ tʂhwJ miAJ tʂhwJ tsiJ tʂi+ 6ɛiJ,威宁彝族回族苗族自治县,1
7539,295,ɣui+ ɣui+ Zɔ+,萎靡不振,1
7540,295,ɣui+ ʑi+ tʂhe+,精神不好,1
7541,295,ɣui+ ʑÃ+ ZɛiJ tʂhwJ XuiJ tʂhwJ tsiJ tʂi+ 6ɛiJ,巍山彝族回族自治县,1
7542,295,ɣuiJ,围,1
7543,295,ɣuiJ dʑiJ,围住,1
7544,295,ɣuiJ dʑiJ dɛiJ,围攻,1
7545,295,ɣuiJ pe+,包围,1
7546,295,ɣuiJ tʂɛi+,围巾,1
7547,296,ge7,①枝 ②障碍,2
7548,296,ge7 ]eJ phÃ+ phÃ+ mw+,反其道而行之,1
7549,296,ge7 bÃ+,杈(一种工具),1
7550,296,ge7 dʑiJ,防碍；阻拦,1
7551,296,ge7 mɛiJ,情歌,1
7552,296,geJ,赶,1
7553,296,gɿ+,余；剩,1
7554,296,gɿ+ ]ɔ7,留下,1
7555,296,gɿ+ dɛiJ,剩余,1
7556,296,gɿ+ mɔJ dʑiJ,不剩,1
7557,296,gɿ+ tɔ7,余留,1
7558,296,gɿ7,隔,1
7559,296,gɿ7,留,1
7560,296,gɿ7 Xɔ+,隔离；隔绝,1
7561,296,gɿ7 doJ,超过,1
7562,296,gɿ7 khɛi+,隔开,1
7563,296,gɿ7 tɔ7,留下,1
7564,296,gɿJ,离,1
7565,296,gɿJ Xɔ+,分别；离别,1
7566,296,gɿJ khɛi+,离开,1
7567,297,ge+,弯,1
7568,297,ge+ KɔJ,歪，弯曲,1
7569,297,ge+ KɔJ tɛi7,拐弯,1
7570,297,ge+ KɔJ tʂo+,转弯；绕弯子,1
7571,297,ge+ ]ɛi+ ʑi7,弯扭,1
7572,297,ge+ ge+ KɔJ KɔJ,弯弯曲曲,1
7573,297,ge+ gu+ mɔ+,瘦子,1
7574,297,geJ Xɔ+,驱逐；赶走,1
7575,297,geJ mɛi+,赶上,1
7576,297,geJ mɛi+ dɛiJ,来得及,1
7577,297,gÃ7,①掏 ②雕；刻 ③猪，阉,3
7578,297,gÃ7 SÃ+,箱子,1
7579,297,gÃ7 thuJ ]ɛi+,掏出来,1
7580,297,gÃJ,孵出来,1
7581,297,gÃJ mɔJ kw7,孵不出来,1
7582,297,gɔ+,①玩,1
7583,297,gɔ+ ]ɛi+,①玩具 ②天花,2
7584,297,gɔ+ ]ɛi+,来玩,1
7585,297,gɔ+ ]ɛi+ dwJ,种牛痘,1
7586,297,gɔ+ ]ɛi+ gɔ+,游戏,1
7587,297,gɔ+ bw+,玩够了,1
7588,297,gɔ+ nɛi7 gɔ+ ne+ ]ɛiJ duJ,贪玩,1
7589,297,gɔ+ tɛi+,玩过了,1
7590,297,gɔ+ ŋo+ tʂo+,好玩,1
7591,297,gɔ7,披(使动),1
7592,297,gɔ7 hɔ+ mɔ+,鹧鸪,1
7593,297,gɛJ,疮,1
7594,297,gɛJ dɔi,生疮,1
7595,297,gɛJ ghe+ Ko7 mɔ+,脓疱出头,1
7596,297,gɛJ mɔ+ tʂhɛiJ,疮口,1
7597,297,gɛJ pA+ tsi+,疮疤,1
7598,298,gɔ7,①白彝 ②云南,2
7599,298,gɔ7 ZɔJ,昆明,1
7600,298,gɔ7 ZɔJ ]ɛi+,昆明市,1
7601,298,gɔ7 ZɔJ mɛi+,云南省,1
7602,298,gɔ7 nɛi+ buJ duJ,后颈窝,1
7603,298,gɔ7 tu+,低头,1
7604,298,gɔJ,①荞 ②披(自动),2
7605,298,gɔJ Si+ mɔ+,荞疙瘩饭,1
7606,298,gɔJ SiJ,荞子,1
7607,298,gɔJ ]ɛiJ dzwJ mɔJ dɔJ gɔJ tʂhi+ mɔ+ SwJ dzwJ,苦荞无菱角，甜荞菱三角(文学语),1
7608,298,gɔJ ]ɛiJ mɔ+,苦荞,1
7609,298,gɔJ dɔJ,荞叶,1
7610,298,gɔJ mɔ+,荞子,1
7611,298,gɔJ pÃ+,荞粑粑,1
7612,298,gɔJ pɛi7,荞秸,1
7613,298,gɔJ tʂhi+ mɔ+,甜荞,1
7614,298,gɔJ ɣoJ,荞叶菜(指荞的嫩叶可作菜),1
7615,298,gɤ+,撒,1
7616,298,gɤ+ gw+ gɤ+ ne+ tʂhi+,撒完撒尽,1
7617,299,gw+,①完 ②拾；捡,2
7618,299,gɔ+,①拉 ②抽 ③吸,3
7619,299,gɔ+ dzɛi+,拉抻,1
7620,299,gɔ+ tu+,拉直,1
7621,299,gɔ+ tʂiJ,拉紧,1
7622,299,gɔJ,①种 ②空,2
7623,299,gɔJ ]oJ Vɛi+,圆圈,1
7624,299,gɔJ ]oJ Vɛi+ tʂo+,周转；环绕；转圈儿；旋转；绕圈,1
7625,299,gɔJ ]oJ ʑi7 mɔ+,旋涡,1
7626,299,gɔJ ge7,①瓜葛 ②沾亲带故,2
7627,299,gɔJ ge7 dzɔJ,远亲,1
7628,299,gɤ+,①冠 ②架,2
7629,299,gɤ+,①模子 ②畦,2
7630,299,gɤ+ Vɛi+ ZÃ7,照底样,1
7631,299,gɤ+ dlɛi+ mɔ+,梁；棵,1
7632,299,gɤ+ mwJ gɤ+ ]ɛi+,又瘦又长,1
7633,299,gɤ+ mɔ+ gɤ+ ZɔJ,①大小模型 ②大墒小墒,2
7634,299,gɤ7,①皮(壳),1
7635,299,gɤ7 KuAJ,刮皮,1
7636,299,gɤ7 Zɛi+ nɛi+ mɔJ Zɛi+,皮笑肉不笑；笑里藏刀,1
7637,299,gɤ7 bɔJ nɛi+ bɔJ,很薄,1
7638,299,gɤ7 gɔJ nɛi+ mɔJ gɔJ,口是心非,1
7639,299,gɤ7 pe+,勾心斗角,1
7640,299,gɤ7 pw+ mɔ+,布谷鸟,1
7641,299,gɤ7 thu+ nɛi+ thu+,①笨重 ②很厚,2
7642,299,gɤ7 tʂi+ ʑiJ,剥皮,1
7643,299,gɤ7 ʑɛi+,壳子,1
7644,299,gɤJ,格,1
7645,299,gɤJ nɛi7,脚后跟,1
7646,299,gɤJ pɛi+,腿肚,1
7647,299,gɤJ tsi+ tʂi7,及时,1
7648,300,gw+ Xɔ+,完了,1
7649,300,gw+ nÃ+,戏弄,1
7650,300,gw+ nɛi7,欧宝山(村名),1
7651,300,gw+ ɣo+,拾得,1
7652,301,ghe+,①赢 ②强 ③硬 ④昂贵 ⑤能干,5
7653,301,ghe+,,0
7654,301,ghe+ ]o+,刚强,1
7655,301,ghe+ duJ,篮子,1
7656,301,ghe+ gɔ7,坚强,1
7657,301,ghe+ gɔ7 ne+ pA+ tSÃ+,①僵硬 ②板结,2
7658,301,ghe+ ne+,竹篮,1
7659,301,ghe+ ne+ ZɛiJ,编竹箩,1
7660,301,ghe+ phɔJ,强者,1
7661,301,ghe+ pw+,笼子,1
7662,301,ghɛ+,块,1
7663,301,ghɛ+ mwJ ghɛ+ ]ɛi+,囫囵,1
7664,301,ghɛJ,运气；福气,1
7665,301,ghɛJ mwJ ne+ mɔ+,天幸；天意,1
7666,301,ghɛJ mɿ7,命运,1
7667,301,ghɛJ ne+,占卜,1
7668,301,ghɛJ tʂÃJ,幸运,1
7669,301,ghɿ+,性交,1
7670,301,ghɿ+ Kɔ+,性交,1
7671,302,gho+,如；及,1
7672,302,ghoJ,①铺 ②垫,2
7673,302,ghoJ,,0
7674,302,ghoJ ZɛiJ,铺床(铺来自己睡),1
7675,302,ghoJ duJ ghoJ nÃ+ mɔ+,垃圾,1
7676,302,ghoJ dɔ+,灰；尘土,1
7677,302,ghoJ dɔ+ tɔ+ mwJ,尘土飞扬,1
7678,302,ghoJ dʑi+,灰尘,1
7679,302,ghoJ tu+,①垫褥 ②垫的东西,2
7680,302,ghoJ ʑi7,铺床(铺床给别人睡),1
7681,302,ghÃJ,①缺 ②掰,2
7682,302,ghÃJ Xɔ+,缺口,1
7683,302,ghÃJ ghÃJ mw+ Zɛi+,哈哈大笑,1
7684,302,ghÃJ phi7,掰开,1
7685,302,ghɔ+,,0
7686,302,ghɔ+ mw+,面粉,1
7687,302,ghɔ+ mw+ Khw+,磨面,1
7688,302,ghɔ+ mw+ nw7,揉面；合面,1
7689,302,ghɔ+ tsi7,猪面(指作猪饲料用的粗糙面粉),1
7690,302,ghɔJ,①咸 ②苦,2
7691,302,ghɔJ pɛi+ pɛi+,又苦又涩,1
7692,303,ghoJ,①年 ②岁 ③归还,3
7693,303,ghoJ VeJ,年猪,1
7694,303,ghoJ Zɛi+,同年,1
7695,303,ghoJ dɔ+,年初；年头；发首,1
7696,303,ghoJ gw+,①还清 ②年底,2
7697,303,ghoJ mw+,过春节,1
7698,303,ghoJ mɔ+ dɔ+ ZɔJ,节日,1
7699,303,ghoJ mɔ+ dɔ+ ZɔJ tʂhi+,逢年过节,1
7700,303,ghoJ thɔJ,年龄,1
7701,303,ghoJ thɔJ ZɛiJ,年迈,1
7702,303,ghoJ thɔJ dɔ+ dʑiJ,年迈,1
7703,303,ghoJ thɔJ moJ,年老,1
7704,303,ghoJ thɔJ no7,年幼,1
7705,303,ghoJ thɔJ nɛi+,岁数小；年纪小,1
7706,303,ghoJ tɛi+,闰年,1
7707,303,ghoJ tʂhi+,年关；春节,1
7708,303,ghoJ ʑiJ,新年；元旦,1
7709,303,ghoJ ʑiJ mɔ+,①汤圆 ②过新年,2
7710,303,ghɤ+,①套(动词) ②接,2
7711,303,ghɤ+,,0
7712,303,ghɤ+ ghɤ+ Sɔ+ mw+,稳重,1
7713,303,ghɤJ,咬,1
7714,303,ghɤJ dʑiJ,咬住,1
7715,303,ghɤJ ghɤJ dɿJ dɿJ,粗糙,1
7716,303,ghɤJ tʂhi+,咬断,1
7717,303,ghɤJ ʑÃ+,咬破,1
7718,304,ghu+,支,1
7719,304,ghu+,戴,1
7720,304,ghu+ VwJ,戴稳,1
7721,304,ghuJ,,0
7722,304,ghuJ ghuJ ghɛJ ghɛJ,粗声喘息的象声词,1
7723,304,ghw+,①堆(量词) ②垒,2
7724,304,ghw+ dʑiJ dɛiJ,差不多,1
7725,304,ghw+ dʑiJ gw+,遍地堆积,1
7726,304,ghw7,扣,1
7727,304,ghw7 Xɔ+,扣除,1
7728,304,ghw7 pe+,扣上,1
7729,304,ghw7 tɔ7,扣留,1
7730,304,ghw7 tʂhiJ,扣起,1
7731,304,ghwJ,①哄 ②欺骗 ③口,3
7732,304,ghɤJ,①舀 ②添,2
7733,304,ghɤJ Kɔ+,添吃,1
7734,304,ghɤJ dzɔJ,打吃,1
7735,305,xe7,①瘦 ②坏 ③害,3
7736,305,xe7 Si+ mσ7,嫁祸于人,1
7737,305,xe7 Xɔ+,①坏了 ②损坏,2
7738,305,xe7 pɛi7 ZɔJ,瘦小,1
7739,305,xe7 tɛi+,迫害,1
7740,305,xe7 ʑo+,害处,1
7741,305,xÃ+,杯,1
7742,305,xÃ+ ZɔJ,杯子,1
7743,305,xÃ+ tshu+,斧头,1
7744,305,xÃ+ tshu+ SwJ,斧口,1
7745,305,xÃ+ tshu+ ZɔJ,小斧子,1
7746,305,xÃ+ tshu+ ɣwJ,斧把；斧柄,1
7747,305,xɔ7,喜爱；喜欢；爱好,1
7748,305,xɔ7 mɔJ xɔ7,爱好吗,1
7749,305,xɤ+,,0
7750,305,xɤ+ thɿJ Kɿ7,何时,1
7751,305,xɤ+ thɿJ nɛi+,何日,1
7752,305,xɤ+ tɔ+,哪里,1
7753,305,xɤ+ tɔ7,哪里,1
7754,306,xɤ+,,0
7755,306,xɤ+ 6ɛiJ xɤ+ 6ɛiJ mw+,胡思乱想,1
7756,306,xɤ+ Zɛi+,哪样,1
7757,306,xɤ+ Zɛi+ be+ xɤ+ Zɛi+,服服贴贴,1
7758,306,xɤ+ Zɛi+ be+ xɤ+ Zɛi+ ŋɛi+,唯唯诺诺,1
7759,306,xɤ+ Zɛi+ thɿ+,怎么,1
7760,306,xɤ+ Zɛi+ tʂiJ,很快,1
7761,306,xɤ+ ]o+,何处,1
7762,306,xɤ+ ]ɔ+,哪个,1
7763,306,xɤ+ ]ɔ+ mɔJ ŋɛiJ ŋɛi+,个个；人人,1
7764,306,xɤ+ ]ɔ7,蠢人,1
7765,306,xɤ+ dzɿJ,哪些,1
7766,306,xɤ+ dɔJ gɔ+,为何,1
7767,306,xɤ+ gɔ+,最怕,1
7768,306,xɤ+ nɔ+,多少,1
7769,306,xɤ+ nɔ+,多久,1
7770,306,xɤ+ nɔ+ mɔJ ŋoJ,为期不远,1
7771,306,xɤ+ pɔ+ xɤ+ tɿ7,蠢才,1
7772,306,xɤ+ pɔ+ xɤ+ tʂhi7,又憨又蠢,1
7773,306,xɤ+ tʂÃJ,最好,1
7774,306,xɤ+ tʂÃJ ]ɔ+,最好的,1
7775,306,xɤ+ ŋɛi+,是吗,1
7776,306,xɤJ,角,1
7777,306,xɤJ pe+,扣上,1
7778,307,he+,鼠,1
7779,307,he+ ]eJ tsi7,瘊子,1
7780,307,he+ dɔ+,鼠月(农历十一月),1
7781,307,he+ ghoJ,子(属鼠年),1
7782,307,he+ gɔJ bɿJ,松鼠,1
7783,307,he+ mɔ+,小姑子(妻称夫妹),1
7784,307,he+ mɔ+,母老鼠,1
7785,307,he+ pw+,老鼠窝,1
7786,307,he+ pw7 ne+,鼠穴,1
7787,307,he+ tʂhi+ du+,①鼠窝 ②鼠迹,2
7788,307,he+ ʑi+,逮鼠；捉鼠,1
7789,307,hɿ+,遗漏,1
7790,307,hɿ+ Xɔ+,遗漏了,1
7791,307,hɿ7,①跑 ②夸耀,2
7792,307,hɿ7 dɔ+,快跑,1
7793,307,hɿ7 gwJ hɿ7 tɛi+,夸耀,1
7794,307,hɿ7 gwJ mɔ+,自夸,1
7795,307,hɿ7 t6ɛi+ hɿ7 t6ɛi+ mw+,慢跑,1
7796,307,hɿJ,选,1
7797,307,hɿJ,胃,1
7798,307,hɿJ Xɔ+,挑选,1
7799,307,hɿJ fÃ+,瘴气病,1
7800,307,hɿJ mɔ+,胃,1
7801,308,he+,房,1
7802,308,he+ ]Ã7 mɔ+,破屋,1
7803,308,he+ ]ÃJ,屋倒塌,1
7804,308,he+ bo+,棚子；帐篷,1
7805,308,he+ bo+ tÃJ,搭棚子,1
7806,308,he+ bw+,屋脊,1
7807,308,he+ bɔJ he+ nÃJ,邻居,1
7808,308,he+ bɛiJ mɔ+,旧房屋,1
7809,308,he+ bɿ+,棚子,1
7810,308,he+ de+,拆房子,1
7811,308,he+ dɛi+,隔房子,1
7812,308,he+ dɿJ,房子着火,1
7813,308,he+ mɔ+,大房子,1
7814,308,he+ mɔ+ he+ ZɔJ,隔壁邻舍,1
7815,308,he+ nÃ7,火烧房子,1
7816,308,he+ nɔ+ Ko+,山墙,1
7817,308,he+ nɔJ bɔJ,墙壁,1
7818,308,he+ nɛi+ phwJ,房租,1
7819,308,he+ nɛi+ tsi+ dɛiJ,地基,1
7820,308,he+ pheJ ]ɛiJ,屋檐,1
7821,308,he+ tɿJ,窄房子,1
7822,308,heJ,①八 ②夜 ③住宿,3
7823,308,heJ Khw+,八角形,1
7824,308,heJ t6ɤ+,寄宿,1
7825,308,heJ tʂhi7,八尺,1
7826,308,heJ ʑiJ,年轻,1
7827,308,heJ ʑiJ ZɔJ,少年,1
7828,308,heJ ʑiJ tʂho+,青年人,1
7829,308,heJ ʑo+,宿舍；睡处,1
7830,309,he+ Khw+,房角落,1
7831,309,he+ Khõ7 mɔ+,空房子,1
7832,309,he+ Ko+,家里,1
7833,309,he+ Si+,木料(专指盖房子用的木料),1
7834,309,he+ Si+ phɔJ,房东,1
7835,309,he+ ZɛiJ mɔ+,①礼堂 ②大房子,2
7836,309,he+ dɿJ gw+ tʂhi+,屋檐,1
7837,309,he+ gw+ no7,家务,1
7838,309,he+ gɔ+,房门,1
7839,309,he+ gɔ+ bɔJ,门枋,1
7840,309,he+ gɔ+ duJ,门口,1
7841,309,he+ gɔ+ dʑɛi+,锁门,1
7842,309,he+ gɔ+ thɿ+,门槛,1
7843,309,he+ gɔJ he+ dʑe+,空房子,1
7844,309,he+ tʂhoJ,竖柱,1
7845,309,he+ tʂi+ t6heJ dɛiJ mɔ+,楼房,1
7846,309,he+ ʑi7,茅草,1
7847,309,he+ ʑi7 ]ɛi+ gɤJ,①水淹房屋 ②火烧房屋,2
7848,309,ho+,①养；饲养；抚养；赡养 ②封(山)；育林 ③染,3
7849,309,ho+ ]ɛi+,好养,1
7850,309,ho+ tu+,染料,1
7851,309,hÃ7,,0
7852,309,hÃ7 duJ mw+,打哈欠,1
7853,309,hÃJ,张(嘴),1
7854,309,hɔ+,①百 ②下(降落),2
7855,309,hɔ+ SiJ mɔ+,冰雹,1
7856,309,hɔ+ dɛi+ ʑo+,百来个人,1
7857,310,ho+,①帽 ②拌 ③混杂,3
7858,310,ho+ ZɛiJ,养大,1
7859,310,ho+ pe+,混合,1
7860,310,ho+ tɛi+,混杂,1
7861,310,ho+ ʑo7,难养,1
7862,310,hoJ,①熟透 ②稀,2
7863,310,hoJ ]oJ bɿ+,乌蒙山,1
7864,310,hoJ bɿJ hoJ ʑÃ+,稀巴烂,1
7865,310,hw+,燎,1
7866,310,hw+,气(雾气的气),1
7867,310,hw7,夸,1
7868,310,hw7 ]ɔJ,夸口,1
7869,310,hwJ,燃烧,1
7870,310,hɤ7,站(使动),1
7871,310,hɤJ,站(自动),1
7872,310,hɤJ dʑiJ,站住,1
7873,310,nɿ7 hw+,雾气,1
7874,310,ʑi+ hɤ7,罚站,1
7875,311,I+,,0
7876,311,I+ bɔJ,爸爸；爹；父亲,1
7877,311,I+ bɔJ I+ mɔ+,父母；父亲母亲,1
7878,311,I+ bɔJ Kɔ7,三叔,1
7879,311,I+ bɔJ VɛiJ ŋɛi+,堂兄弟,1
7880,311,I+ bɔJ ZɛiJ,伯伯；大爹；伯父,1
7881,311,I+ bɔJ dɛi+,二叔；二伯,1
7882,311,I+ bɔJ dʑÃ+,四叔,1
7883,311,I+ bɔJ me7,义父；干爹,1
7884,311,I+ bɔJ nɛ7,小叔,1
7885,311,I+ bɔJ t5ɤ+,继父(他称),1
7886,311,I+ bɔJ t6ɤ+,五叔,1
7887,311,I+ me+,哎呀(惊叹词),1
7888,311,I+ mɔ+,妈妈；娘；母亲,1
7889,311,I7,,0
7890,311,I7 ]ɿJ ]ɿJ,①从来 ②自从,2
7891,311,I7 dzw+ dzw+,都；一共,1
7892,311,I7 dzw+ ʑo+,全部；所有,1
7893,311,I7 mɔ+,百合(可入药),1
7894,311,I7 mɿ+,昨夜；昨晚,1
7895,311,I7 nɛ+,从前；原来,1
7896,311,I7 nɛi+,昨天,1
7897,311,I7 nɛi+ ne+ Xw+,昨早,1
7898,311,I7 ʑi7 thɿJ heJ,前晚,1
7899,311,I7 ʑi7 thɿJ nɛi+,前天,1
7900,311,I7 ʑi7 ɣwJ tʂi7 thɿJ nɛi+,大前天,1
7901,312,I+ Ko+,这里,1
7902,312,I+ Kw+,里面,1
7903,312,I+ XwJ,往后；以后；此后,1
7904,312,I+ Zɛi+,①这样；如此 ②既然,2
7905,312,I+ Zɛi+ ZɛiJ gɤ+,因此,1
7906,312,I+ Zɛi+ mw+,往常；向来；通常；历来,1
7907,312,I+ ]ɔ+,这个,1
7908,312,I+ ]ɔ+ ŋɛi+,是这个,1
7909,312,I+ dzɿJ,这些,1
7910,312,I+ mɔ+ Kɔ7,三姨妈；三婶,1
7911,312,I+ mɔ+ Vɛi+,娘家,1
7912,312,I+ mɔ+ dɛi+,二姨妈；二婶,1
7913,312,I+ mɔ+ dʑÃ+,四姨妈；四婶,1
7914,312,I+ mɔ+ nɛ7,小叔母,1
7915,312,I+ mɔ+ t6ɤ+,五姨妈；五婶,1
7916,312,I+ mɔJ ZɛiJ,伯母,1
7917,312,I+ no+,近来；最近,1
7918,312,I+ nɔ+ dɔ+,这几个月,1
7919,312,I+ nɔ+ ghoJ,这几年,1
7920,312,I+ nɔ+ nɔ+,这么多,1
7921,312,I+ nɔ+ nɛi+,这些天,1
7922,312,I+ nɛi+,去年,1
7923,312,I+ o7,其余,1
7924,312,I+ thɔJ,此时,1
7925,312,I+ thɿJ Kɿ7,这时,1
7926,312,I+ thɿJ fɛ7,这一种；这种,1
7927,312,I+ thɿJ tɛi+,这一次；这次,1
7928,312,I+ thɿJ ʑÃ+,尔后；以后,1
7929,312,I+ tɔ+,这里,1
7930,312,I+ tɔ+ Kɔ+,从此,1
7931,312,I+ ʑo7,这边,1
7932,312,IJ,,0
7933,312,IJ pɿ+,肚子,1
7934,312,IJ pɿ+ phw+,肚子胀,1
7935,313,IJ dʑi+,披掛(名词),1
7936,313,IJ mɿ+,今晚,1
7937,313,IJ ne7 Xw+,今天早上,1
7938,313,IJ nɛi+,今天,1
7939,313,IJ pɿ+ 9eJ,痢疾,1
7940,313,IJ pɿ+ 9eJ nɔ+ tʂhiJ,止泻药,1
7941,313,IJ pɿ+ 9ɿ7 tʂi+,肚皮,1
7942,313,IJ pɿ+ ZɔJ,小肚子(童语)；腹部,1
7943,313,IJ pɿ+ nɿJ,饥饿,1
7944,313,IJ pɿ+ nɿJ ghoJ,灾荒(年),1
7945,313,IJ pɿ+ t5ɛi+,便泌,1
7946,313,IJ pɿ+ thɿ+ bw+,充饥,1
7947,313,IJ pɿ+ ʑɛi+,泻肚子,1
7948,313,IJ t6hɛ+,常常,1
7949,314,e+,嗯,1
7950,314,e7,,0
7951,314,e7 e7 mw+ ŋɛi+,猪叫的象声词,1
7952,314,eJ,吐；呕吐,1
7953,314,eJ Xɔ+,吐掉,1
7954,314,eJ mɿ+ tʂhi+ dʑiJ,扑在地上,1
7955,314,eJ thuJ ]ɛi+,呕吐出来,1
7956,315,ɛ+,,0
7957,315,ɛ+ 9ɛ+ ZɛiJ,小孩,1
7958,315,ɛ+ Zɛi+,哎哟,1
7959,315,ɛ+ ŋɛ+ duJ mɔ+,土瓜,1
7960,315,ɛ+ ŋɛ+ nɿJ,红薯,1
7961,315,ɛ7,喊；叫,1
7962,315,ɛ7 9e7,上面,1
7963,315,ɛ7 9e7 tʂho+,上级领导人,1
7964,315,ɛ7 9eJ,疥疮,1
7965,315,ɛ7 9eJ dɔ+,生疮,1
7966,315,ɛ7 ]ɿ+,还是,1
7967,315,ɛ7 dɔ+,喊吧,1
7968,315,ɛJ,,0
7969,315,ɛJ mɛ7,自己,1
7970,315,ɛJ mɛ7 Vɛi+,自己,1
7971,315,ɛJ mɛ7 mɛ7,各人,1
7972,315,ɛJ mɛ7 mɿ+ tw+,故乡；家乡,1
7973,315,ɛJ mɛ7 tu+ Sɔ+,自学；自习；自修,1
7974,315,ɛJ mɛ7 tu+ tu+,各自,1
7975,315,ɛJ mɛ7 tu+ tu+ Sɔ+ thuJ ]ɛi+,自学成才,1
7976,315,ɛJ mɛ7 tu+ tu+ mw+,自力更生,1
7977,315,ɛJ mɛ7 tu+ tu+ nɿ7 nɛ+ thɿJ,自吹自擂；自卖自夸,1
7978,315,ɛJ mɛ7 tu+ ŋɛ7 mɔJ dɿJ dɿJ mw+ ]o7,自负；自居；自高自大；自鸣得意,1
7979,315,ɛJ mɛ7 tu+ ʑo+ dɔ+,自强不息,1
7980,316,ɛJ mɛ7 Kw+ pw+,自身,1
7981,316,ɛJ mɛ7 khuJ ɛJ mɛ7 dzɔJ,自食其力,1
7982,316,ɛJ mɛ7 nɛi+ ]ɛi+,自愿,1
7983,316,ɛJ mɛ7 nɛi+ xɤ+ ]ɛi+,自由；自便；自觉自愿,1
7984,316,ɛJ mɛ7 o7 gɔJ ]ɛi+ thɿJ thuJ dʑiJ ʑo7,自身难保,1
7985,316,ɛJ mɛ7 tu+ ɛJ mɛ7 nɛi+,自问,1
7986,316,ɛJ mɛ7 tu+ ɛJ mɛ7 xe7,自食其果；自作自受,1
7987,316,ɛJ mɛ7 tʂho+,亲人；自家人；亲友,1
7988,316,ɛJ mɛ7 tʂÃJ ʑo+ ɛJ mɛ7 tʂo+,各有所长,1
7989,316,ɛJ mɛ7 ʑiJ KhwJ,自治,1
7990,316,ɛJ mɛJ,女儿,1
7991,316,ɛJ mɛJ Sɔ7 ɣw+,女婿,1
7992,316,ɛJ mɛJ ZɔJ,小姑娘,1
7993,316,ɛJ mɛJ ZɛiJ mɔ+,长女,1
7994,316,ɛJ mɛJ dɛi+ mɔ+,二囡(二女儿),1
7995,316,ɛJ mɛJ dʑÃ+ mɔ+,四囡(四女儿),1
7996,316,ɛJ mɛJ nw+,女人；妇女,1
7997,316,ɛJ mɛJ nɛ7 mɔ+,老囡,1
7998,316,ɛJ mɛJ pw+,公房(彝族青年谈情说爱的地方),1
7999,316,ɛJ mɛJ t6ɤ+ mɔ+,五囡(五女儿),1
8000,316,ɛJ mɛJ tsi7 mɔ+,独姑娘,1
8001,316,ɛJ mɛJ tu+,侄女,1
8002,316,ɛJ mɛJ tʂi7 mɔ+,独女,1
8003,316,ɛJ mɛJ ɖe7,女青年,1
8004,316,ɛJ mɛJ ɖe7 mɔ+,大姑娘,1
8005,317,ɛJ 6ɛJ tsi7,苧麻,1
8006,317,ɛJ mɛJ Kɔ7 mɔ+,三囡(三女儿),1
8007,317,ɛJ nɛ+ gɔ+ Kw7,心有余悸,1
8008,317,ɛJ ŋɛ+,现在,1
8009,317,ɛJ ŋɛ+ nɛ+ be+,再说,1
8010,317,ɛJ ŋɛ+ thɿJ Kɿ7,如今；目前；当前,1
8011,318,A+,,0
8012,318,A+ pw+,兄；哥哥,1
8013,318,A+ pw+ A+ mw+,哥哥,1
8014,318,A+ pw+ ŋɛ+ ghe+,弟兄,1
8015,318,A+ pɔ7 ]e7 9ɿJ tsi+ mɔ+,癞蛤蟆,1
8016,318,A+ pɔ7 ]ɔJ eJ ZɔJ,蝌蚪,1
8017,318,A+ pɔ7 mɔ+,青蛙,1
8018,318,A+ pɔ7 nɛi+ ʑo+ ZɔJ,雨蛙,1
8019,318,A+ pɛi+ ]ɛi+ ZɔJ,婴儿,1
8020,318,A7,,0
8021,318,A7 ZɛiJ,大伯,1
8022,318,A7 ]ÃJ tɛi+,向后倒,1
8023,318,A7 be+,祖先,1
8024,318,A7 dʑiJ ŋɛ+,鹦鹉,1
8025,318,A7 ghɔJ,苦蒿,1
8026,318,A7 ghɔJ Vɛi+ ]ɛi+,菊花,1
8027,318,A7 ghɔJ bɛi+,苦蒿根,1
8028,318,A7 ghɔJ du+,白苦蒿,1
8029,318,A7 ghɔJ ne+ mɔ+,黑苦蒿,1
8030,318,A7 ghɔJ ʑɛi+,青蒿枝,1
8031,318,A7 moJ mɔ+,曾祖母,1
8032,318,A7 moJ phɔJ,曾祖父,1
8033,318,A7 phiJ,祖母,1
8034,318,A7 phiJ fÃJ mɔJ tʂo+,无可奈何；毫无办法,1
8035,318,A7 phiJ moJ,老妈妈,1
8036,318,A7 phiJ ɖe7,姑父,1
8037,318,A7 phiJ ʑi+ Sɔ+ mɔ+,苍天,1
8038,318,A7 phiJ ʑi+ Sɔ+ mɔ+ 9ɤ+ bw+,谢天谢地,1
8039,318,A7 ŋɔJ 9oJ mɔ+,弯钩,1
8040,318,A7 ʑÃJ,姐姐,1
8041,319,A+ Vw+ mɛi+ nɛi+,野猫,1
8042,319,A+ Vɛi7,左,1
8043,319,A+ Vɛi7 o+,左边,1
8044,319,A+ Vɛi7 thɿJ phi7,左边,1
8045,319,A+ be+,高祖父,1
8046,319,A+ be+ A+ ]ɛi+,祖先,1
8047,319,A+ be+ mɔ+,高祖母,1
8048,319,A+ bu7,祖父；爷爷,1
8049,319,A+ bu7 moJ,老头儿,1
8050,319,A+ bw+,被子,1
8051,319,A+ dÃJ Vɛi+ phɔ+,青蓝色布,1
8052,319,A+ dÃJ mɔ+,苍耳子,1
8053,319,A+ dɔJ,撒梅人(彝族支系),1
8054,319,A+ fwJ XɔJ,阿富汗,1
8055,319,A+ mw+,哥哥(长兄除外),1
8056,319,A+ mw+ ZɛiJ mɔ+,大哥,1
8057,319,A+ mw+ dʑÃ+,四哥,1
8058,319,A+ mw+ nɛ7,小哥哥,1
8059,319,A+ mw+ t6ɤ+,五哥,1
8060,319,A+ mw+ ɖi+,二哥,1
8061,319,A+ mwJ ʑ7,扑倒；卧倒,1
8062,319,A+ mwJ ʑ7 ʑ7 mw+ bÃ+,卧姿射击,1
8063,319,A+ mɿ+,什么,1
8064,319,A+ mɿ+ ui+ ɿ,为什么,1
8065,319,A+ mɿ+ ŋɛ+,是什么,1
8066,319,A+ mɿ7,嫂嫂,1
8067,319,A+ nɛi+,奶；乳房,1
8068,319,A+ nɛi+,姑母,1
8069,319,A+ nɛi+ 9eJ,乳疮,1
8070,319,A+ nɛi+ bA+ Xɔ+,断奶,1
8071,319,A+ nɛi+ moJ,岳母,1
8072,319,A+ nɛi+ pw+,舅母,1
8073,319,A+ nɛi+ to+,喂奶,1
8074,319,A+ nɛi+ tʂi7,吃奶,1
8075,319,A+ thɿ7,喷嚏,1
8076,319,A+ thɿ7 mw+,打喷嚏,1
8077,319,A+ thɿJ,奇数；单数,1
8078,319,A+ tɛi7 ZɔJ,很小,1
8079,320,A+ ]eJ phɔJ,小白彝,1
8080,320,A+ ]i7 tsi+,棠梨树,1
8081,320,A+ ]ɔ+ tsi7,独牛(指用一头牛耕地),1
8082,320,A+ ]ɛi+ ]ɛi+ mw+,不费吹灰之力,1
8083,320,A+ ne+,王(姓氏),1
8084,320,A+ ne+ mɔ+,乌鸦,1
8085,320,A+ no7 SiJ pɛ+ mɔ+,野柿子,1
8086,320,A+ no7 mɔ+,猴子,1
8087,320,A+ no7 ne+ 9ɤ+,假猴面具,1
8088,320,A+ nɔ+,豆,1
8089,320,A+ nɔ+ 9ɿ7,豆壳；豆皮,1
8090,320,A+ nɔ+ dɿJ pw+ mɔ+,蚕豆,1
8091,320,A+ nɔ+ dʑi+ mɔ+,豇豆,1
8092,320,A+ nɔ+ guJ tʂo+,豆茎,1
8093,320,A+ nɔ+ gwJ,豆腐,1
8094,320,A+ nɔ+ gwJ tɛi7,豆腐块,1
8095,320,A+ nɔ+ mɔ+,豆子,1
8096,320,A+ nɔ+ nwJ,豆芽,1
8097,320,A+ nɔ+ nɛi+ ZɔJ,绿蚕豆；青蚕豆,1
8098,320,A+ nɔ+ pi7,豆米,1
8099,320,A+ nɔ+ pɔ+,豆腐渣,1
8100,320,A+ nɔ+ t6hɛ+,粉丝,1
8101,320,A+ nɔ+ tʂhiJ,豆豉；豆瓣酱,1
8102,320,A+ nɔ+ ɖe+ mɔ+,扁豆,1
8103,320,A+ nɔ+ ɖw+ mɔ+,黄豆,1
8104,320,A+ nɔ+ ɖɔ+,干豆壳,1
8105,320,A+ tsi+ ZɔJ,孪生；双胞胎,1
8106,320,A+ tʂhi+,葱,1
8107,320,A+ tʂhi+ ZɛiJ mɔ+,洋葱,1
8108,320,A+ ɖɔ+,兔子,1
8109,320,A+ ɖɔ+ ]ɔJ mk7,驴,1
8110,320,A+ ɖɔ+ mw7 ZɔJ,骡子,1
8111,320,A+ ɖɔ+ pw+,嶙马山(咸丰年间路弥彝族起义的地方),1
8112,321,A+ 9e7,上面,1
8113,321,A+ 9ɔ+,门,1
8114,321,A+ 9ɔ+ phiJ,门板,1
8115,321,A+ 9ɔ+ phw+,开门,1
8116,321,A+ 9ɔ+ pɛi7 ]ɛi+,门背后,1
8117,321,A+ 9ɔ+ pɛi7 tʂhiJ,关门,1
8118,321,A+ 9ɔ+ tɛi+,敲门,1
8119,321,A+ 9ɔ+ tɛi+,闩门,1
8120,321,A+ 9ɔ+ tɛi+ tu+,抵门杠,1
8121,321,A+ 9ɛ+ ZɔJ,小孩,1
8122,321,A+ Ku+ 9A7 ]oJ mɔ+,螺蛳,1
8123,321,A+ Ku+ ]oJ 9ɤ7 mɔ+,螺,1
8124,321,A+ Ku+ ɕu7 tʂi+ mɔ+,蚌,1
8125,321,A+ Kw+,韭菜,1
8126,321,A+ Kɤ7 mɔ+,野荸荠,1
8127,321,A+ Xw+,桑,1
8128,321,A+ Xw+ dɔJ,桑叶,1
8129,321,A+ Xw+ mɔ+,桑子,1
8130,321,A+ Xw+ tsi+,桑树,1
8131,321,A+ ZA7,①依然 ②还是,2
8132,321,A+ ZÃ+,啊唷,1
8133,321,A+ dlɛ+ ]ɛi+ mɔ+,黑头翁(鸟名),1
8134,321,A+ dzw+,偶数,1
8135,321,A+ dʑi7,真的；说实在的,1
8136,321,A+ dʑi7 doJ,实话,1
8137,321,A+ dʑi7 ʑoJ ]oJ,的确,1
8138,321,A+ gw+ 9oJ,回家,1
8139,321,A+ tshw+,松毛(松针),1
8140,321,A+ tshw+ ɣw7 tu+,耙子,1
8141,321,A+ tɖw+ ]o+ mɔ+,云雀,1
8142,321,A+ tɖw+ ]o+ ɖe,鹞,1
8143,321,A+ tʂÃ7 mɔ+,喜鹊,1
8144,321,A+ ɣw+,舅父；舅舅,1
8145,321,A+ ɣw+ moJ,岳父,1
8146,321,A+ ʑɔ+ e+,哎呀,1
8147,321,A+ ʑɔ7,右,1
8148,321,A+ ʑɔ7 thɿJ phi7,右边,1
8149,321,A+ ʑɛi+,娇气；撒娇,1
8150,322,A+ 9ɔ+ KhÃ+ t6e+,门扣,1
8151,322,A+ 9ɔ+ KhÃ+ tʂhiJ,扣门,1
8152,322,A+ 9ɔ+ dʑi+ duJ,门口,1
8153,322,A+ 9ɔ+ dʑi+ duJ ʑi+,守门,1
8154,322,A+ 9ɔ+ o7,门楣,1
8155,322,A+ 9ɔ+ tʂhi+,门槛,1
8156,322,A+ 9ɔ+ ɖo7 tu+,门闩,1
8157,322,A+ 9ɔ+ ʑi+ tʂho+,门警,1
8158,322,A+ hɿ+,阿黑(长诗《阿诗玛》中的人名),1
8159,322,AJ,,0
8160,322,AJ Si7,咱们,1
8161,322,AJ Si7 Vɛi+,咱们家,1
8162,322,AJ Si7 dzɿJ,咱们,1
8163,322,AJ Si7 ʑo+,咱们的,1
8164,322,AJ Sɔ+,谁,1
8165,322,AJ Sɔ+ SÃ7,谁知,1
8166,322,AJ Sɔ+ ʑo+,谁的,1
8167,322,AJ bw+,没有(童语),1
8168,322,AJ dʑiJ,阿哲人(彝族支系),1
8169,322,AJ mo+ mɔ+,哑巴,1
8170,322,AJ nw+,小孩,1
8171,322,AJ nw+ 6ɛJ ɿ+ mɔ+,产妇,1
8172,322,AJ nw+ 9ɤ+ he+,子宫,1
8173,322,AJ nw+ ZɔJ,小孩,1
8174,322,AJ nw+ ZɔJ 9ɔ+ ]ɛi+,儿童玩具,1
8175,322,AJ nw+ ZɔJ doJ,童语,1
8176,322,AJ nw+ bwJ,①捎孩子 ②生了小孩,2
8177,322,AJ nw+ hɛ+,胎盘,1
8178,322,AJ nw+ thɛi+,怀孕,1
8179,322,AJ nw+ thɛi+ mɔ+,孕妇,1
8180,322,AJ nw+ ɖɛi+,打胎；坠胎,1
8181,322,AJ tʂɔ+ mɔ+,麻雀,1
8182,322,AJ zwJ mɔ+,口吃(结巴),1
8183,323,AJ 6ɿ7,阿细(彝族支系),1
8184,323,AJ A+,是啦,1
8185,323,AJ dʑoJ ]ɛi+ mɔ+,曲靖(县名),1
8186,323,AJ dʑoJ dɿ+,阿着底(传说是撒尼人的故乡),1
8187,323,AJ gw+ mɿ+,明晚,1
8188,323,AJ gw+ ne7 Xw+,明早,1
8189,323,AJ gw+ nɛ+,未来；将来；以后,1
8190,323,AJ gw+ nɛi+,明天,1
8191,323,AJ ŋɛ+,现在,1
8192,324,O7,①头 ②头目；头头,2
8193,324,O7 be+ bɛ+ mw+ Zɛi+,头发蓬乱,1
8194,324,O7 bw+,首领,1
8195,324,O7 bw+ ]o+ bɛ+,披头散发,1
8196,324,O7 duJ,①狐狸 ②秃,2
8197,324,O7 duJ Vɛi+ tʂhiJ mw+ zw7,把狐狸当狗(意为不分好坏),1
8198,324,O7 duJ duJ,光秃秃,1
8199,324,O7 dɔ+,带头,1
8200,324,O7 fɛi+ ]ɛi+ nɛi+ ɖo7,摇头摆尾,1
8201,324,O7 moJ,鹌鹑,1
8202,324,O7 mɔ+,头子；头目,1
8203,324,O7 mɛ+ mw+,侍候,1
8204,324,O7 mɛ+ tʂhoJ,责备,1
8205,324,O7 mɛ7,头尾；头绪,1
8206,324,O7 mɛ7 pɛi+,颠倒,1
8207,324,O7 phwJ,瓜,1
8208,324,O7 phwJ dʑi7,瓜秧,1
8209,324,O7 phwJ mw7 ]o+,葫芦,1
8210,324,O7 phwJ mɔ+,南瓜,1
8211,324,O7 phwJ nɛJ,瓜瓤,1
8212,324,O7 phwJ nɛi+ mɔ+,瓜子儿,1
8213,324,O7 phwJ nɿ7 phɿJ mɔ+,金瓜,1
8214,324,O7 phwJ o7 gɔJ dʑiJ,黄瓜,1
8215,324,O7 phwJ tʂɔ+,瓜藤,1
8216,324,O7 phwJ ʑi7,瓜种；瓜子,1
8217,324,O7 pÃ+,抬头,1
8218,324,O7 theJ,溺爱；姑息；迁就；纵容,1
8219,324,O7 tu+ Xw+,剃头刀,1
8220,325,O7 Zɛi+,压迫；强迫；逼迫,1
8221,325,O7 ZɛiJ,有恃无恐,1
8222,325,O7 ]e7 mɔ+,瘌痢头,1
8223,325,O7 ]o+,砂锅；土锅,1
8224,325,O7 ]o+ bɛ+ tɛi7,唱山歌,1
8225,325,O7 ]wJ,秃头；和尚,1
8226,325,O7 ]wJ ]wJ,光秃秃,1
8227,325,O7 ]wJ mɔ+,光头,1
8228,325,O7 ]ɔ+,蛾,1
8229,325,O7 dʑeJ,女子包头,1
8230,325,O7 dʑeJ bwJ ]ɛi+ mɔ+,蝴蝶花(女子包头上的三角花),1
8231,325,O7 ku+,头皮,1
8232,325,O7 nɔ+,脑子；脑髓,1
8233,325,O7 nɛi+ ne+ ɖe+,慌张,1
8234,325,O7 nɛi7,水牛,1
8235,325,O7 t6he+,梳头,1
8236,325,O7 t6he+ mwJ Zɛi+ dÃJ,头发梳得光滑,1
8237,325,O7 tshw+,头发,1
8238,325,O7 tshw+ ghɛ+,头发腻饼,1
8239,325,O7 tshw+ ɖwJ,编辫子,1
8240,325,O7 tsi+,男子包头(缠头布),1
8241,325,O7 tʂho7,俯首；低头,1
8242,325,O7 tʂhɤ+,尖,1
8243,325,O7 tʂi7 SwJ,梳齿,1
8244,325,O7 tʂi7 ZɔJ,篦子,1
8245,325,O7 tʂi7 mɔ+,梳子,1
8246,325,O7 tʂo+ Zɛi+ mɿ7 tʂo+,有头有尾；自始至终,1
8247,325,O7 tʂo+ mɿ7 mɔJ tʂo+,有头无尾,1
8248,325,O7 ɖw+,白头,1
8249,325,O7 ɖwJ nɿ7 t6e+,扎头绳,1
8250,325,O7 ɖwJ tɔ+,辫子,1
8251,325,O7 ɖwJ tɔ+ ɖwJ,编辫子,1
8252,325,O7 ɖɛi+,①开头 ②第一 ③精华,3
8253,326,O+,件,1
8254,326,O+ SÃ7,懂事；知事,1
8255,326,O+ bo+,铺盖；行李,1
8256,326,O+ bo+ ne+ SiJ,被面,1
8257,326,O+ bo+ tɛi+ tu+,被里,1
8258,326,O+ bw+,铺盖,1
8259,326,O7 ghu+,帽子,1
8260,326,O7 ghu+ ]ɛiJ,脱帽,1
8261,326,O7 ghu+ dɛiJ,戴帽子(自动),1
8262,326,O7 ghu+ nɔ7 bɛiJ,风帽,1
8263,326,O7 ghu+ tɤ7,戴帽子(使动),1
8264,326,O7 gɔJ,头；脑袋,1
8265,326,O7 gɔJ Xɔ+ ]ɿ+ ]ɛi+,滑头,1
8266,326,O7 gɔJ ZɛiJ mɔ+,大脑壳,1
8267,326,O7 gɔJ dÃ+,砍头,1
8268,326,O7 gɔJ dʑiJ,枕头,1
8269,326,O7 gɔJ mɔJ ŋoJ,拼命；不要命；出生入死,1
8270,326,O7 gɔJ ne+ mɔ+,头顶,1
8271,326,O7 gɔJ ne+ ŋɛ+,头晕,1
8272,326,O7 gɔJ nɔ+,头痛,1
8273,326,O7 gɔJ tu+,理发；剃头,1
8274,326,O7 gɔJ tu+ tʂho+,理发员；剃头匠,1
8275,326,O7 gɔJ tʂÃ7,碰头,1
8276,326,O7 gɔJ ŋw+,点头,1
8277,326,O7 ŋw+,摇头,1
8278,327,ɤ+,馊,1
8279,327,ɤ+ KeJ Si+,恩格斯,1
8280,327,ɤ+ hwJ mɔ+,猫头鹰,1
8281,327,ɤ+ t6e7 ɤ+ bwJ nw+,菜馊了,1
8282,327,ɤ7,伏；趴,1
8283,327,ɤ7 Xɔ+,贪污,1
8284,327,ɤ7 dʑiJ,匍匐,1
8285,327,ɤ7 tsi+ tsi+ dʑiJ,伏案,1
8286,327,ɤ7 tsi+ tsi+ t6hɛ+ dʑiJ,趴在桌子上,1
8287,327,ɤ7 ɖe+ dɛiJ,打嗝,1
8288,327,ɤJ,沉(声音低沉的沉),1
8289,328,ui+,,0
8290,328,ui+ ZɛiJ,委员,1
8291,328,ui+ ZɛiJ Xui7,委员会,1
8292,328,w+,①捧 ②叫；喊,2
8293,328,w+ Zɛi+ t6hɛJ,唤醒,1
8294,328,w+ ɣw+ mɔ+,胡瓜,1
