record_id,source_id,page,汉语句,注音,ipa_clean,ipa_raw,ipa_status,ipa_score,ipa_syl_count,直译,audio_id,audio_path,rights,provenance,confidence
SANI400-001,SANI400,2,您好！,尼扎!,ni³³ tsa²¹,n133tsa21!,ok,1.00,2,你好,A001,audio/001.mp3,PERMISSION_REQUIRED,扫描 OCR + 结构解析 + 音频配对 | 整理日期 2026-09,high
SANI400-002,SANI400,2,您早!,尼乃啊！,ni³³ ne²¹ a³³,nr3ne21a33!,ok,1.00,3,您早啊,A002,audio/002.mp3,PERMISSION_REQUIRED,扫描 OCR + 结构解析 + 音频配对 | 整理日期 2026-09,high
SANI400-003,SANI400,2,吃了吗?,遭早早啊？,tsɒ³³ dzɒ²¹ dzɒ²¹ a³³,tsp33 dzp21dzp21a33?,ok,1.00,4,饭吃吃,A003,audio/003.mp3,PERMISSION_REQUIRED,扫描 OCR + 结构解析 + 音频配对 | 整理日期 2026-09,high
SANI400-004,SANI400,2,吃过了。,早哈啊。,dzɒ²¹ xɒ³³ a³³,dzp21xp33α33,ok,1.00,3,吃过了 一、问候与拜访·3,A004,audio/004.mp3,PERMISSION_REQUIRED,扫描 OCR + 结构解析 + 音频配对 | 整理日期 2026-09,high
SANI400-005,SANI400,3,你从哪里来?,你考搭嘎朵哩安?,,ieeleelleop h133,failed,0.00,1,你   哪里  从来是,A005,audio/005.mp3,PERMISSION_REQUIRED,扫描 OCR + 结构解析 + 音频配对 | 整理日期 2026-09,high
SANI400-006,SANI400,3,我从家里来。,敖哈哥嘎朵哩。,nɒ³³ hae³³ gu³³ kɒ³³ do³³ li³³,np33 hae33gu33 kp33 do33133.,ok,1.00,6,我家里 从来,A006,audio/006.mp3,PERMISSION_REQUIRED,扫描 OCR + 结构解析 + 音频配对 | 整理日期 2026-09,high
SANI400-007,SANI400,3,你也来赶集吗？,你喃棵河哩按来?,,ielssel cellzxueemyY ceeu nr33 赶集 是吗 直译你也,failed,0.00,1,,A007,audio/007.mp3,PERMISSION_REQUIRED,扫描 OCR + 结构解析 + 音频配对 | 整理日期 2026-09,high
SANI400-008,SANI400,,对计。 SM,,,"23233333333433 a:b: WmmmG66b66 P0GG F x 06 90 m M mmのDM c: [)() DL DDCDAUOa· :P e： .-:. f: x①① g:孔50046 h: i: j:)」/J」J k：多多 I: LIlL( m: mmTmMmMMm个M : cOnN/n nrN So: 00000 p: pp q: s: △-V:-：=I""/《》):J{,出现三个相同的字根 t:T u: oOuU VLr UU Z/ zruuuy v: V><A YAVAVVVV 从m A 个 mmM@RePPMmE3m :M x:+×XααXα∞8∞Xoo y: （（）;/α2 22zZ :z [：不足四键的字用之补足 “《，!，，，一，《， 最后的“d”键为末笔定位识别码。 3、末笔定位识别码：以彝文字的最后一笔在文宁中所占位置来确定其输入键，有三种定位 方法。 地址：昆明市环城西路170号云南民族大厦6楼电话：0871-5340364、0871-5340743 《石林彝文平台》操作手册 代表彝文字面积，☆代表最后笔位置 第一种定位法：最后管转长，其长度大约和文字长或宽相同，则按如下定位： 输入：g h n 这六个字母在健盘上相互之间的位置如下图： U 第二种定位法：最后一笔较短，其长度明显短于文字长或宽，则按如下定位： 了 W b W e ☆ M a S Z X 这九个字母在键盘上相互之间的位置如下图： W （ a S 《石林彝文平台》操作手册 第三种定位法：最后一笔所占面积很大，不属于以上两种形式，则以最后一笔的终点来定位， 定位方法与第二种定位法相同。 1、宇根字的输入方法：既是字根义是宁的释文宁，则采用以下方法： ①字根字超过一画的，则先打这个字根所定位的键，再输入第面、第二面、和最后一面所 定位的键，不足四健的补以末管定位识别码： 如“又""：拆分为宇根区、一画、／而和一曲，输入字小x、i、j、i则可得出“区”字。 如“""：拆分为字根、丨面、\而和丨面，输入字母x、丨、y、I则可得出“”字。 ②字根字只有一画的，则先打这个字根所定位的健，再输入这个字笔而的起点和终点在末笔 定位识别码中定位的键，不足四键的补以“「”。如果无法找出起点和终点，则起点和终点都为“a” 键（都在左侧正中）： 如“○""：拆分为字根○（o)、左侧正中定位（a）、左侧正中定位(a)和l“[”字符，输入字母 0、a、a、[则可得出“○”字。 五、石彝输入法编码表 聚 xccc lccd 心ljyd 甘 iudx 正tihc ivdn 亚 iyyi tre[ seid Jxzp 册 icsj siyx ssc[ 十 iyyz Z iccz 底yijl 雨tnyc trc[ M bnni # Jxep l ulh[ isin 正ticq H tec[ W hiuu 广 yijz qldd X exne 正 ticl 半lyjq W iwc[ # iyj汇 # eyil X ijyd 而 ijnn lyjz W win[ ixlj 压 iltn ixle bzax 车 lyjz eyyz X ixel 洲 iexy J.(x1 MH W kin[ W hed[ iyyc X iexl 交ejyn nxc[ l uigl H ehhc 当lyjq W kigl dnlx 卡elyc 葵ijiyn xixx Wkin[ X irlc iyye M iylq pdx [0l iyoy HL yilc W win[ 半xyje X exc[ 业yji T illx 十 xilh 区 iyye 支 xsx[ IH til iexe kxix Le zeig E illl XI ixyj +xscl 面jpe njlc xec[ XX ixxj uxne XIX里 [m nyj[ tQ irc[ W bsdl. 重xiou Z tlkx dnx[ Jxs1 全 交 ijyn wedd udxd 片 yiqe duw[ 众 ijyn l yyc[ W iwdd # eyjL iyjy 固tppx Klvcl hux[ xcld dhjy 卉 xeyc ILllc[ -= ilec 分 iccj 亏 iphx 伊ydlzz 芊 iyel Z4z klhl nnc[ iccj 5 tpn[ 石 ijpd iyxi 忆 kjzl 回 npxl ijyy n xnxj #ssj f jre[ 同 nynd. U iuyd H isj[ [0f xoll fof xodx [ nosl K lejy xzp 米xyiy [个 mlil h nqld 十 xde[ tt ilil HHE iyec 地址：昆明市环城西路170号云南民族大厦6楼电话：0871-5340364、0871-5340743 6 《石林彝文平台》操作手册 去 xisn 毛全7子 jell fo qiod 公 三 nsd[ vssi qiod qvsc ssc[ xabsmyd[ 112318281127 qxlc nddx qnze qmcl nddd ldil qigl lyjs SSZC qugl ssqc 工 tltn jzl qqei inyc 7 Btz lzhl qei 沁专学张业专岗义千X介州X令X众X介众华》 lvvv elsx 7snrx 7 lccc 77九0九不两禾万从7好 tvvv bbbl ## lyjn ggdi lees qkc! pobb ulux qiod ovx] qlql xdwl qzc] jxx[ bbbb xdx[ qnyd qccj (nex xex[ qvvc ivds qec[ uds hrh[ eqie 九子又办严科书邢九子升之升双小冰司 eyes xxx[ 0ozb uvyx rigl qnuj sxeq vyjd riw[ udbb eyen uvyx zAbb uvoo qqze uvuu qqze uvvn vljy Iqes vecl eiei vyji bin[ vjln ubb uuvo Ihx/ qiol usdd XXXX (qxd pin ssaq 口 xsj[ qsel ipid xsbb lqel sexl eiec xnne qjyd rize (sbb sszi 4 llh[ uveo qunc 不rxx1 xxbb V lvjl xxvj qiqx M qsld ezea lzcl qize qzei qztd sz xisn 笔全不子7刀7 jell fo qiod nsd[ vssi 学开市办风州来严开 qvsc ssc[ myd[ poib qxle nddx sqex Joub kqin (sx nddd ldil qigl qpig qire lyjs qugl SSZC 自IH tltn [zb ssqe qqei inyc Jxbb 淞专学张 Btz lzhl qc[ lvvv elsx 777力九九两两勿7九叉矛秘九天之升司 snrx 北泌岁专义千X介州×令火XX戏X介介华川天洺燃 lccc tvvv lyjn bbbb sxnc qjig SSZX lees 五 obbb qiod SsZ1 ulux glql xdwl qzc 川川不承升兴为文秋尹秘天寻班严将又洲册由日为 jxxL qnyd nyy qnnx Iqed qinc qnyc. qnex sxpx qccj lqee qvvC qiul qmes oab sqel uds hrh[ eqie xxx[ qzoc eyes uvyx sxeq rigl eyen vyjd lvyx eyed uvoo qqze si(ise uvuu qqes uvvn vljy vecl xsbb bin[ vyji qqne lhx[ vjln uuvo usdd W lwjl qqly ssaq lqj[ XXXX qpid xsbb 7 lqel xsjl sex] eiec 4 Ilh[ xnne qjyd rizc qqsl sszi rxx[ Z xxbb 4 Ivj[ uveo qunc 7 qsld ezea qzei lzc[ xxvj qiqx qize qztd lsz 《石林彝文平台》操作手册 中中#令 lbz] lqql % lyhx pedl Irc[ 团井分回正对口办 cejl Z czec pnlx pulx lzye cicy lhqg lsis cixr list (6) ccic liyj lyxi lpen liqq gced lyy ule[ zleq uhx[ rxd lics xsl Inl scl tjL sez[ puun nuwl ? jozp U obbp pvil SZSC ctgl 叫 elyd pudi cunc 子 occj lydq pxox uunn lydz lyee kccd + xud[ Ixcc llxv idhn lsj[ psjl pxox id[ llyc lrux Iys! iscj 出 sscl lyei ldc rXC D> lypn dzzc 出 lypn pire cced sc[ ltlu eyce zclc pecl ypzz psex ttc qxln lysq cei lis[ lysq Idc lyjq cccn zhx luux lelh ppls F ltci cscl uenn llox wpnl pude idy ciyc uyhi ljhc llee pxpx SCC ljhc ltyc pxse XCCC velc cire udw lulc lrud uynn hle luex pirx uynn rdx pzzc ilsc eycs uein irc zicc itin uwwl pesn lilu oudo cicu unvn pudn xccj idlh pdco cick rud sdel zecc lire LR lxin rilx cicr plxl 年 lelx peod Idss cixc lles (IH ciyc bzn pndx 毛 lelc peec U pudw 1号 ujhc ellx pize ciec uosn 地址：昆明市环城西路170号云南民族大厦6楼电话：0871-5340364、0871-5340743 《石林繁文平台》操作手册Kuljl 当ueli n nnsc 00XS noee px O osc 册界晶 oxee lzze udix uujs nsae 0l ozea oejn Z uxin ? dsee snrd lzleuxnn udlu xxnn 10 xold odoe 14 lzle 光 ulzq nsqi 0xix 80 oeod 女 zrdleX ueex 尘 nle( ohhh 翼旺 oeje 74 zdel updx uxyi oezeqyjl ussh eenn O0T6 oryx zqid 我 qyjl uSxs noee Om6 oryx 00yc zij[ mxuh uelq 然 eenn vjyo 7 zibs zqid ueed usls O oaal olec 1 zqel lzow lze[ ueec uule 0 oigl oljy zkd[ ZXgluzns usnn oid[ oxin szc[ U uvvv usue ojzl 00XS mL zmd[ zdej全 udxi noz] oywl oyjl m zws[ kzze X 06 7 zqx 11 Zzig uyvc vnc[ O olwl orex aiju zdllj ccum nnc ore[ oehx Z hsd[ nre[ Q ole[ DH oxyj zin[ lzyemeuh nhzl O 00sl ccoe zmd[ ZWWC udpd nhx[ # odxu siyy Z. zed[③ owx[ 240 updi ynoz ocx[ ? ooly 十 zoa[ zuudxuxu XX xds[ G ozc[ noxo zlh[ 71 zxj[ccuu 60 nooc uogl oixl zlff 70) ZOCC uxxi vdnc uogl oevc zlf zz ZZZC dmix xnn[ ohx[ D ottd 飞边 zid[ zsc[X 77 ueen nnlx 6 qodx 10 xiol ZZZ vzc 111 zzin wesc nccc onlx ozoe zzc zsc[ uluq nlze ouux ojlj zigl zuwe 际 ului 6 nhdx odun odil zcc ziqx R oxh[ ovyj zia[ zsda N默 ueeh onnc hzxl ueyk nnnc otd[ oyex lzdq uisn yjne OZO0 ojyu zjel zizcdyyd nnnc 06 orlh ooyy zzc zlin udsc nhyx qZ OZZC dydy zlh[ zlnnuleq ocle 076 Z zvlx naig oszr zllc zoed uelq nhig yjoz OZZS zijie zrweuusu cend 000S odjn ZOOS uelq nnuu oxs[ 家晃 okyj zhdx zrix udhh xxn[ akos oejh zclc 穴 ynjy ocdd zrlx nuei nhnh O ozjh oeae zne[ 3 aia[ uele f oxlj oehy 4 zyc[ zxc[ 果 ueem snle oeec ziun Z4 zude 《石林彝文平台》操作手册 石 Ibz] lqql 团非分回定 lyhx pedl DC ccj[ czec 令号中中日日 lrc[ pnlx lzye ccj[ cicy ptj[ 石 Isls cze[ cixr vexl list cicj ccic scc[ 世 liyj lyxi )( ccyx Ipen 田牛 pxh[ liqq 7 lec qecd 东风汽四坐长出矢州东长田毛 lyqv DL zlcq std[ rxd| lics cxs[ # liy ilnl rscl H j[ rydl sez[ u nuw] puun lyzc lqqc lill Di dzc[ U luel pvjl SZSC iupn D ctgl U uin[llyd l elyd pudi cunc uid[ lly lydq 000 pxox occj uunn scl lyin lydz lyee xccd + Jpnx livc lxcc Ilxv ( xccj X udnn pch[ Isj[ ⅢI psjL pxox ctcj sid[ llyc lrux lysl dszc sqcL iscj ssc[ pC A lyei cldc podsl pxh[ 出 lypn rxxc dzzc lelc 出 lypn pire DC cced ssc[ ltlu eyce Z( zclc 安四田 片 cttc pec[ ypzz psex lis[ vpn[ qxln ipyc lysq ccei lldc lyjq piyj 辅 lysq cccn uzhx luux lelh 回点 ppls 正 ltci cscl uenn llox ： wpn[ liuy pude cidy qiyc psj[ 田 uyhj ljhc llee pxpx Rd CSCC ljhc 丰王F四书西册！ ltyc lisj pxse XCCC welc ludw lulc lrud rsdl cire uynn lhlc luex pirx uyux czcj uynn llsc eycs (CE csig uein lrdx pzzc zicc lirc llxx uwwl pesn utin prs[ pyil ltlu pude cicu unvn licd pudn pudi (十) xccj udlh Ihjx pdcc rdd[ cick unxx sdel rsin zecc uslh pzx Irud lire lxin rilx xlep cicr uelh plx[ lelx peod Idss (X) cixc 并 uiyc 毛 lelc peec lles ( ciyc ulzq A pndx + ellx ciec pudw 4号 ujhc pize uosn 地址：昆明市环城西路170号云南民族大厦6楼电话：0871-5340364、0871-5340743 《石林彝文平台》操作手册 (Z) ZCCC kxx1 zale 1L ZSSX 7) acd 专 aeyx zyc[ uitn Z6 zhes F arel 必形 zywd aiyd (Z ZCCC zxin yzye KL ZSSX ajwe axyd Z jzje zxin zjel oaed H ziyd yzey 书alhl ziZ.C ziec zxne zlsu axod yzun H zisd Z zssd 千 aujh 引 aixdzild ziyc zywd 型 llyxi 70 PIXB zjec 7 aioe zrux 址 zjli aywe aqxe xed[ zrwx 0 zoze Z. kedll. aioj zvix tjec Zssi zbbp aeac 星 zquj znxj zsls aqjx adad ezec uujx zjly ziss kays zyd[ ZOSC uujh ZXSS kaac adav zicd zjod zzie elaqg zhos yzyy ayx[ zynn zynn zude ayun besb zisc zjoo ztzz S sqcl aule saqx zelx qqld unc S2RSS syel axnl zzun zsig axgl zqls ssj[ accg aqsx zzdi zhee zill ssjl aqce hayi czlc 米 zuln ZZSC sedl awwd eacc lzlc zlex ？配乙子7号 uue[ sec kaze dasd czll zdzd cpde seie aiee aeec CZZC zvec zeze aijb axjL lzsl ziee aij aeex ZCCC ajlc aiix zyin zezi (qjzel 1oze anjl aqle zlyw zsiz zyel adxl accd axedzvyw XZCC awel 713 asc[ axxxzjvd 去生具 zsyd asyl zqne akee lzyc ziyi aiy[ 733 asc[ aids zrwd zeec zrue aqxl 红 aque aqys zele zyyu arel hayx aqee zxen zslw ssx[ zasx aox aulq auys x zuyc zlsu aojl avsc axex zelx ziel zyru aqxl ejac aiqd Zxxi 1 aij zruu ztec 画 么 ayay hqsl ZZZy ztec zjxj auyl 双 airc G qsz[ ZZXX 区 ZSSC Y [uudj aydl aiou G hcs[ zssd acsl 6 bdxl zada zxxd hzee aixx hxx[tecl zxxd 1 auel qsqs 及. . kec[ zyuu zjyy # czcl 'hayd 67haie L ZXZC lll zsid zzyy arel aijx qlec 地址：昆明市环城西路170号云南民族大厦6楼电话：0871-5340364、0871-5340743 10 《石林彝文平台》操作手册 byun xrix [ jhel 实hyin jsdd rbec 6=B0 hj Ahndw hiys rqsx beey nsrd Uhudw 6 hjes rpin grj neri hjbs rad[ rqsx L jhel h hyjl hmee requlehe hnjl 5 Ibx[ rnzs 00 fad[ reec 为 nhcj kyclrec[ srdx 11 nljl kqa rnnl 20以00 Jpey srnn hixl hycj wrc[ dree hed hqin 乡1l kyd[ 7 hyel kjox rqu rune 义 rnee U huel 乞气 kiyc: rnve rre[ W kkel huel huuy gqx[ W mwel '0, hoh[ hejx kez[ rdxu mm 4 7 hlh[ uhyd N kyql rdid rds[ mm mm msc[ kdld! rnee Ip.rp w mse hqwl hyix 些发 kyqz rlel W mewe hjx[ 句 hyls rnsu rnn[ hjwl h hyin kiqx rosn mswe huh[ 与hiqq kyky ruc[ kksd U ryc[ pccd hze[ hnhn ren[00 fun[ W wyjj 116 hjsl hise rooc 从 46 hlft hqyd rhx[0廿号号d册号00考是 rid[ wwc.[ rjoe w m uucl uhjx hhji rnrx nyrd wdmc hex[ jslz rnox rwn[ W wdun V ned[ hsel rnnx hscl rquc reii rec[ wudx hlnn W ked[ t hldz hiuy rnzx rvse W wlwc hsc[ 发 jsdl cnlx rvse wlle 5 hilj 5 hius rdn[ riod wsc[ Ill nyjl 号hieh rzoi xbe.! W wlsc hrdw 马 : hqeq raqx r(1xe m wewe 2 hizx hjee ronl redL W hiyl %hcs] m weec %hdes roec ruuc wsin hrel rnce ruua W wsun m hyxl 女 jsln rnnl pupn wsmc hulw hydl rein jslx hisc rxx[ wsun rnzz weev hdun jsdl rnex Tecl wsun 0 holh hili rnxx m susc # hjed hleo zeed rlln Uhudw 韦hele rnzi ussi 午 hth[ hdnn rdce aijh ruuj oo jfd[ rqnn aiju ryun boo jfd[ hhje jsez rqiu alnz srd[ hhel 4 hjed %6 hxsc rdxx asld 《石林彝文平台》操作手册 byun xrix [ jhel 实hyin jsdd rbec 6=B0 hj Ahndw hiys rqsx beey nsrd Uhudw 6 hjes rpin grj neri hjbs rad[ rqsx L jhel h hyjl hmee requlehe hnjl 5 Ibx[ rnzs 00 fad[ reec 为 nhcj kyclrec[ srdx 11 nljl kqa rnnl 20以00 Jpey srnn hixl hycj wrc[ dree hed hqin 乡1l kyd[ 7 hyel kjox rqu rune 义 rnee U huel 乞气 kiyc: rnve rre[ W kkel huel huuy gqx[ W mwel '0, hoh[ hejx kez[ rdxu mm 4 7 hlh[ uhyd N kyql rdid rds[ mm mm msc[ kdld! rnee Ip.rp w mse hqwl hyix 些发 kyqz rlel W mewe hjx[ 句 hyls rnsu rnn[ hjwl h hyin kiqx rosn mswe huh[ 与hiqq kyky ruc[ kksd U ryc[ pccd hze[ hnhn ren[00 fun[ W wyjj 116 hjsl hise rooc 从 46 hlft hqyd rhx[0廿号号d册号00考是 rid[ wwc.[ rjoe w m uucl uhjx hhji rnrx nyrd wdmc hex[ jslz rnox rwn[ W wdun V ned[ hsel rnnx hscl rquc reii rec[ wudx hlnn W ked[ t hldz hiuy rnzx rvse W wlwc hsc[ 发 jsdl cnlx rvse wlle 5 hilj 5 hius rdn[ riod wsc[ Ill nyjl 号hieh rzoi xbe.! W wlsc hrdw 马 : hqeq raqx r(1xe m wewe 2 hizx hjee ronl redL W hiyl %hcs] m weec %hdes roec ruuc wsin hrel rnce ruua W wsun m hyxl 女 jsln rnnl pupn wsmc hulw hydl rein jslx hisc rxx[ wsun rnzz weev hdun jsdl rnex Tecl wsun 0 holh hili rnxx m susc # hjed hleo zeed rlln Uhudw 韦hele rnzi ussi 午 hth[ hdnn rdce aijh ruuj oo jfd[ rqnn aiju ryun boo jfd[ hhje jsez rqiu alnz srd[ hhel 4 hjed %6 hxsc rdxx asld 《石林彝文平台》操作手册 tijy xllc 7 zild 6 hjre nvvs X exed AAZAO tdx[ xuc[ 乙 zilc hjcz. uoed欧 nvve lx[ xhhc [obs 2 06 6 jfel 众 nvvy olzd lze[ xyd[ S sadl 6 jfel olcc mjee tqal ixhx sad[ hbel elaa 2 iupc lx[ XZZC S sez Z kjii ohdx zyal xyjc aij 乙 Ibx] oohc zkd[ ixhi 两 5 aijb kjj lqcc AAA Ixd[ ixhx aij kjyy axee tex[ dss[ aijc 一 kjii Zsixtyx[ Ipe! 77 kjj iupi aijtqix lwx[ Z aijq rqel 40 olzl ZSSC Z aij 6 zihz xyvc zpd[ Z kijy 6 ziha uyrd 不 tlzc G hws[ 7 zibw upen Az tziz. hqs[ aijb roox ZZZC 6 bax] 6 aijbh rnnl G zec[ qwx 6 aijr pos[ O zced M lwc[ 6 hea lijy romc Zl tzze ljix 0 rad[ zihw upxn Z tkod vyjx 7 rzc[ X xlvl A vjye grj xqql nnhc tzii cqz[tqde jwz[ 00 lpey X xiji hoxs cec[ rre[ 3# wec[ XSXX Jxa1 uwe[ n Jp sqsn hqey () zdcc W mjyy 品 ndds uss[ ixcc O zkdd U uqel W kjyj tiio 0 qzod bbxl U uiui m mnnn znyn B ndxx 百 zeze jea[ W mjyy rnuy V lvde W wyj pzpo % tysy uili uxno X 1 xlyl uqel uuul tlyt 省 srsc xqal nzc[ wuue win[ E poss oaa[ kyjy sqel ovuo xiji W zpbb Isji xjc[ wuuu ijpe xlh[ W wyjj vyye xzc[ ziji nljl zele lils Z ziy hjij behy ehjh 多 1 kxd[ hj ulze irie xlc[ L ziyi qiey xhxl. Z zij hjbs ulze X xcde njyj nljl pibb Kabb zilc hjij Isjn qizo xtj[ 12 《石林彝文平台》操作手册 byun xrix jhel hyin PPs! A rbec heey nsrd hj Ahndw hiys rqsx grij hjbs Uhudw hjes neri rpin lpe. rqsx IL jhc[ 4h hyjl hmee requ fad[ reec lehc hnjl lhx[ rnzsrec[ srdx 11 nljl nhcj Z kycl rnnl Jpey srnn hix[ hycj kqqa rsjy wrc[ dree hed[ hqin kyd[ renr rune hue[ 7 hyc[ kjox rquu rnee rre[ kkc[ huc[ huuy kiyc rnve gqx[ W mwc[ 0 hoh[ 分 hejx kez[ rdxu rdsL hlh[ uhyd kyql rdid mm mse[ lp.1p M mse[ hqwl hyix kdld rnee rle[ W mewc # hjx[ 司 hyls kyqz rnsu rnn[ hjw[ 4h hyin kiqx rosn mswe ruc[ kksd U huh[ 与 bby4 kyky rvsl ryc[ pccd 九 z hze[ 称 hnhn ren[ rpiefun[ W 46 6 hjsL hise rooc rlle M wyjj riseJp! wwc[ 46 hlf[ 7h hqyd rbx[ rjoe m uuc[ uhjx rnrx reqs m wdmo 与 hex[ nyrd rnox rqoe rwn[ wdun W ned rnnx riyi rec[ wudx hlnn hscl rquc reii W 牛 hldz hiuy rnzx rvse W wlwe 吕hsc[ nlx jsdll rvse wllc 7l hilj hius dnl riodxel 33 wsc[ Иll nyj[ hieh xbe. rzoi hqeq wlsc hrdw xbe. rqxe wewc 2 hizx hjee ronl rpse red[ W hiyl. # hcsl roec riyi weec zibz ruuc m wsin Y hrel hdcs rncc cuua W wsun m hyxl 焱笑负桌血容事 jsln rnnl dql hulw hydl rein udrd W wsmc wsun W jslx hisc rnzz weev hdun jsdl rnex dw[ 0 holh hili ec[ wsun rnxx susc k hjed hleo rnzi zeed rlln ussi Uhudw hele rdcc aijb ruuj T hth[ hdnn jfd[ 丝% rqnn aijuryun 1000 jfd[ 女hhje jsez rqiu 不和 alnz srd[ hbe 4hjed hxsc rdxx asld 地址：昆明市环城西路170号云南民族大厦6楼电话：0871-5340364、0871-5340743 《石林彝文平台》操作手册 、软件安装(以WINXP操作系统为例) 1、将软件光盘放入光驱，双击操作系统桌面上的“我的电脑”图标，再双击“光盘”图标， 打开软件光盘。 2、双击运行光盘中的“石彝XP”的EXE文件，进入如I下界面： 安装Windows 单击“确定”，进入下一界面： 在容可以协用程单 是，代费之即重到启动指的计整机。 、软件卸载 1、卸载输入法 ，将鼠标指向桌面右下 单击桌面右下角输入法图标舞，将输入法切换为英文输入状态「 角的盖图标，单击鼠标右键，单击“设置”，进入如下界面： 地址：昆明市环城西路170号云南民族大厦6楼电话：0871-5340364、0871-5340743 2 《石林彝文平台》操作手册 设置 高级 默认输入语 选择计算机启动时要使用的一个已安装的输入语言。 中文（中国）-简体中文-美式健盘 已安装的服务 为列表中显示的每个输入语言选择服务。使用“添加”和“删 除”按钮来修改这个列表。 中文（中国） 键盘 简体中文-美式键盘添加） 微软拼音输入法S0版 中文（简体）－王码五笔型86版 册除） 中文（简体）一增强型反位码 属性（E） 首选项 语言栏） 键设置（K） 确定 取消 如图所示，单击选中“石彝输入法”，单击右侧“删除”按钮，单击“确定”即可。 2、双击运行光盘中的“石彝XP卸载”的EXE文件，进入如下界面： 石林彝文宇库及输人法安 不的计目 单击“关闭”按钮重新启动即可。 三、软件的使用环境和应用范围 软件可运行于Windows98以上的Windows 操作系统，凡可处理汉字的软件都可处理彝文， 如公文处理系统、排版系统、网页设计、广告制作等。 四、学习石彝输入法 义，如“”字根定位在r键上，便于用户记忆。 1、输入方法：将彝文字按字根拆分，按从左到右、从上到下、从大到小、从外到里的顺序， 地址：昆明市环城西路170号云南民族大厦6楼电话：0871-5340364、0871-5340743 3 《石林彝文平台》操作手册 将这些字根所定义的英文字母--一打出，打满四键彝文自动跳出，超过四个字根的以第一、第二、 四键的补以“「”字符。 2、彝文字根定义： 2333333346353b: @666ののの c: )() d: ·DOU0D( 1 e： : --:-· f： : h: i: j:）」/」J k： I: Li( m: mmmmMmMMm↑M n: P: の q: r: s: △UVD:-:I川// 《》):J{,出现三个相同的字根 nmmr nno :n : >< 从m M 个 mM UOR@PPMmE 3m :M x:+XXααa∞ 8αxbo y: （（）;/ 2: Z [：不足四键的字用之补足 如：“”字可拆分为“U、十、、○”四个字根，输入“u、x、n、o”四键即可得到“” 最后的“d”键为末笔定位识别码。 3、末笔定位识别码：以彝文字的最后一笔在文字申所占位置来确定其输入键，有三种定位 方法。 《石林彝文平台》操作手册 代表彝文字面积，☆代长最后管位置 第一种定位法：最后一管较长，其长度大约和文宁长或宽相同，则按如下定位： 输入：g n 这六个字母在键盘上相互之间的位置如下图： 第二种定位法：最后一笔较短，其长度明显短于文字长或宽，则按如下定位： W ☆ ☆ b W e a S Z X 这九个字母在键盘上相互之间的位置如下图： b a S 《石林彝文平台》操作手册 第三种定位法：最后-一笔所占面积很大，不属于以上两种形式，则以最后一笔的终点来定位， 定位方法与第二种定位法相同。 4、字根字的输入方法：既是字根又是字的彝文字，则采用以下方法： ①字根字超过一画的，则先打这个字根所定位的键，再输入第一画、第二画、和最后一画所 定位的键，不足四键的补以末笔定位识别码； 如“”：拆分为字根又、一画、／画和-面，输入字母x、i、j、i则可得出“又”字。 如“α""：拆分为字根α、丨画、\画和丨画，输入字母x、1、y、1则可得出“”字。 ②字根字只有一画的，则先打这个字根所定位的键，再输入这个字笔画的起点和终点在末笔 定位识别码中定位的键，不足四键的补以“［”。如果无法找出起点和终点，则起点和终点都为“a” 键（都在左侧正中）： 如“○""：拆分为字根○(o)、左侧正中定位(a)、左侧正中定位(a)和“[”字符，输入字母 0、a、a、[则可得出“○”字。 五、石彝输入法编码表 心ljyd 甘 iudx 正 tihc 共 iydn 张 lccd seid xzp D icsj 亚雨正正而克洲交井州 XCCC tre[ 十 iccz 压yi Siyx iyyi ssc[ 字广 iyyz tnyc trc[M bnni dax[ 山 ulh[ 111 isin ticq H tec[ W biuu yijz pPb exne ticl 乐 W iwc[ # eyjL W win[ ixlj ijyd ijnn 光 lyjz 车 iltn 卡 ixle bzax 光 lyjz Wkin[ ① hed[ eyyz 料 ixel iexy J.(x M Wuigl 形 ehhc 卡 iyyc X iexl nxc[ W kigl ejyn 当lyjq dnlx elyc ijyn XIXX W kin[ irlc iyye iylq iyoy HL yilc W win[ 木 xyje X exc[ 业 ylji 米 pdxx T illx 十 xilh 双 iyyc 古 xsx[ IH tiil kxix E XII iexe Le zeig illl ixyj xsc[ ijpe njlc tQ irc[ xec[ XX ixxj uxnc xixi [/ nyj[ dnx[ 全 tsx[ 业 ijyn 0 bsdl xiou Z tlkx ②y wedd pxpn 片yiqc duw[ ydzx ijyn W iwdd # eyj[ iyjy tppx K lvcl liyyc[ hux[ xcld dhjy xeyc illc[ -= ilec iccj iphx 中 ydzz 芊 iyel 4z klh[ nnc[ 五 h kjzl 回npx[ 长 iccj tpn[ 6 ijpd iyxi U iuyd iyy xnxj ssj[ jre[ 同nyndJxzp # isj[ xoll 10l xodx 同 nos[ 长lejy tt ili IE 米xyiy h nqld 十 xde[ iyec mlil 地址：昆明市环城西路170号云南民族大厦6楼电话：0871-5340364、0871-5340743 6 《石林彝文平台》操作手册 去xisn 笔全不子7刀 jell 中人学开成冈孤邢女采严开五加川川不雨胖兴文秋开秘寻班严洲珊由日为不队 qiod qVSC ssc[ abs vssi qiod 132213131122 nddx qnze nsd[ kqin PPpu myd[ qncl ldil qigl SSZCqugl sqIc 余 lyjs 19 工m勋洲专学张泌岚 tltn qjzl inyc 7 sqo lzhl lvvvelsx 7 77九九两从7矛九天升司 snrx slzq qem lccc bbbb sxno tvvv 1qd qod ripn lyjn lees qiod ： cqpi ulux plql (qzc bbbb 人千X介州X令XXXX介狐爪华》 文 xdw jxx[ qnyd xdx[ vjlc (cc) igl ex[ qvvc glnes qec[ nrh[ xx[ oozb Ivyx rigl Inn qdld yjd riw[ jelcivyx zAbb qine 1v00 azbb qded seqse iqel qqes ivuu cied ivvn vljy ccl xsbb bin[ vyji lhx[ qqne TEE vjln usdd uuvo qqly ssaq qpid 二 XXXX qsc sexl xsjl IE eiec sszi 4 llh[ xnne qiyd rizc qqsl qqxx lvj[ uveo qunc rxx[ ezea lzc[ X qiqx qzei xxvj qsld qztd lsz 《石林彝文平台》操作手册 6 lbz lgql lyhx 令亏号罗中中日日 团物分回正 pedl ccjl Z czec lrc[ pigl pnlx pulx lzye ccjl cicy ptjl Thqq Isls czc cixr plh[ vexl yqc (6) ccic scc[ liyj ccyx Jpen pxh[ qced 七 ule[ llec llnc lyqv zlcq uhx[ xd[ lics cxs[ Y uhyx Inl rscl H jtjL ulx[ ulh[ sezl puun u nuwl + lyzc lqqc lill DL dzcl U pvil SZSC iupn D- ctgl uin[ elyd pudi cunc 子 id[lydq pxox 00C occj uunn lyin lydz lyee xccd + xud[ livc Ixcc. Ilxv xccj X idnn osjl pxox ctcj rux lysl dszc sqc scj ssc[ lyei pc cldc lypn rxxC dzzc lypn pire DC cced Itlu 忆 qllx eyce zclc pec[ ypzz psex 片 cttc vpn[ ipyc lysq ccei dis[ lldc piyj lysq cccn izhx lelh luux ppls F Itci cscl uenn llox wpnl liuy pude cidy qiyc ljhc llee CSCC uyhj ljhc ltyc pxpx pxse XCCC welc ludw lulc lrud rsd[ cire uynn lhlc luex pirx uyux czcj diein llsc (DIYlrdx pzzc csig lirc ilxx uwwl 1112 zicc utin 分 prs[ pyjl Itlu cicu X pudn (+ unvn licd xccj udlh Ihjx cick unxx pzx[ lrud zecc uslh rilx xlep cicr lire lxin uelh ptx[ lelx peod Idss (X) cixc uiyc A pndx 毛 lelc peec lles (1 ciyc ulzqpudw 44 ujhc ellx pize uosn 《石林彝文平台》操作手册uljl 当 ueli n nnsc 00XS noee zxd[ udix 日重果显罗等黑混※焱朗0Xm贝石α6 uujs nsac ? osc[ 母界晶 oxee uxin dsee snrd Z0 ozea oejnuxnn udlu 10 xold odoe bzn xxnnueex nsqi Oxix 80 oeod updx uxyi nle() ohhh oeje qyjl issh oryx : oeze qyjl usxs eenn oryx @ noee ooyc mxuh uelq ccnn vjyo 7 zibs ueed isls oaa olcc 二 zqel 中 ueec lule oigl oljy U lzc[ Z U uzns usnn oidl oxin MWZZZ zkd[uvvv usue ojz[ 00XS zmd[ udxi noz oywl oyjl zws[ uyvc nc olwl orex Jxbzccum inc[ 00 ore[ behx osd[ nrc[ Q olcl oxyj zin[meuh nhzl O 00sL ccoe zmd[ ZWWC udpd nhx[ ③ owx[ odxu Z siyy Jpaz updi /noz ocx[ ooly zoa zuud xuxu ds[ ozc[ noxo zxj[ ccuu nooc uogl oixl ZOCC uxxi vdnc uogl oevc ZZZC dmix xnn[ ohx[ 6 ottd leen nnlx qodx iol wesc Z石网 nccc onlx uluq nlzc ouux ilui nbdx O odun leeh desk onnc ① oxh[ nnnc otd[ oyex yjnc OZOC ojyu dyd nnnc 0f6 orlh poyy nhyx qZ OZZC dydy naig oclc OSZr zoed nhig yjozccnd 000S zrwc nnuu oxsL ZOOS udhh H关K xxnl akos oejh zrlx zclc nuei ynjy ① ocdd beae aial uele nhnh O ozjh znc[ snlc 0f oxlj Dehy zyc[ zxc[ ueem oeec ziun zude 《石林彝文平台》操作手册 (Z) ZCCC kxx[ zqlc ZSSX 7) ) acd[ aeyx # zyc[ zywd uitn zhes arc[ aiyd ZCCC zxin yzyc ZSSX ajwe axyd jzjc zjel oaed alh[ axod ZiZC zxnc yzun zisd aujh aixd zild zywd aioe axld aqxe zrux Kell ZrWx kedl aioj aeac adad quj ziss ezec lujx zjly ZOSC uujh ZXSS zyd[ zicd zjod zzie zyy zhos zyn zynn zjoo saqx zisc ztzz axnl zelx une[ zzun accg aqsx hayi zzdi aqce zlo zuln ZZSC sedl awwd eacc uue[ secl kaze dasd Izlc zlex aiee :zll zdzd cpdo seie aeec CZZC zvec aijb axj[ aeex ajlc aiix ZCCC zsl aij anil aqle zyin zezi azc[ accd zlyw zsiz jxpe axed sc[ zvyw XZCC awel zjvd zsyd asyl zqne zyc ziyi aiyl aqxl zrwd zeec zelc zxen yyu arel ssx[ aoxl30 avsc zuyc aojl ejac elx 比 ziel [xbe ruu zxxi KeAe aiqj ztec zjxj Jzsb Zzy ztec [Kne airc ZZXX ZSSC uudj aydl aiou bcs[ zada zssd acs[ aixx 6 bdx[ 2 zxxdtec[ zxxd hzee auel sbsb bxx[ kec[ zyuu 众M zjyy czc[ hayd 67 baie 7 孤 争 qlec ZXZC zsid zzyy arel aijx 地址：昆明市环城西路170号云南民族大厦6楼电话：0871-5340364、0871-5340743 10 《石林彝文平台》操作手册 byun xrix 1 jhcl hyin PPs! A rbec6=50 beey hj Ahndw hiys nsrd 4%6 hjes rqsx grj neri hjbs hudw rpin rad[ IL jhc[ h 7 hyjl hmee requ rqsx 5 Ibx[00 lpey reec 4 lehc hnj[ rnzs10 rec[ srdx 11 nljl 为 nhcj kycl 0 hycj xkqa lpey uurs hix[ wrc[ 0 dree hed[ 五 hqin kyd[ renr rune 义 rnee U huel 7 hycl kjox rquu S kiyc rnve rre[ (kkcl huc[ huuygqx[ W mwc[ 07 hoh[ 元 hejx kez[ rdxurds[ hlh[ uhyd kyql rdid 000000廿号号d册号00学0考是& drd msc[ M msc[ 7 hqwl 当 hyix kdld rnee rlc[ W mewe n hjx[ 司 hyls kyqz rnsu rnn[ hyin kiqx mswe hjwl 0人元出 rosn uc[ kksd U huh[ 与 hiqq kyky rvsl pccd 九 hzc[ hnhn ren[W wyjj 46 hjsl hise rooc 33 wwcl 46 hlf[ h hqyd rbx[uucl Y uhjx hhji reqs nyrd 383)3 rnrx wdmc hex[ jslz rnox rqoe wdun W ned[ 1.6 hsc[ rnnx wudx hlnn 考 hscl rquc W Ked[ 4 hldz hiuy rnzx rvse W wlwc 三hsc[ jsdl nlx rvse wllc 5l hilj 5 hius rdn[ riod w Ill nyjL wsc[ hieh xbe.1 rzoi W wlsc &hrdw hqeq xbe.1 rqxe w Z hizx hjee 3 wewe ronl ed[ W weec 一 hiyl. hcsl roec ruuc m wsin Y hrel hdcs rncc W m hyxl 焱笑久桌血智事 ruua wsun hulw jsln rnnl pipn W wsmc hydl rein Jxx.1 wsun jslx hisc hdun jsdl rnzz weev rnex wsun '0 holh hili rnxx susc 6 hjed hleo Uhudw hele rnzi rlln ho ussi T hth[ hdnn rdcc aijb ruuj jfd[ rqnn aiju boo jfd[ thhje jsezryun hbel 46 hjed %6 rqiu alnz srd[ hxsc rdxx fasld 《石林彝文平台》操作手册 △△瓜A本O两A瓜面 6 hjre X exed 凶M的 xllc 7 zild nvvs uoedxuc[ 7 zilc hjcz nvve 606 jfel nvvy olzdxhhc 2 sqcl mjee xyd S sad[ 606 jfel olcc ixhx sad[ hbel iupc 麦elaa 7 kjii ohdx S sez oohc 7 lqcc Z axee xd dss kj iupi Y jab. aij 6 zibz ZSSC 6 p.1<n zpd[ kijy hwsl 0△0 upen tlzc roox tziz hqs[ ZZZC 6 bax[ rnnl qwx[ pos[ zec[ 6 romc zccd beal 0 rad[ upxn IZZC ? xlyl vjye tkod rzc zii cqzl grji pbbx nnhclpey iji hoxs tqdc jwz[ 200 wec[ qdc cec[ rre[ XSXX uwe[ lp sqsn hqey MW mjyy ixcc 品加 ndds zdcc uss[ qzod zkdd U uqe[ kjyj tiio bbx m mnnn znyn B ndxx uiui M rnuy V. lvdc zeze jea[ mjyy % tysy uili W wyjj ixno odzd xlyl u uuul tlyt srsc uqel W win[ ssod nzc[ wuue oaal W kyjy jobs ovuo W wuuu qqdz WИL wyji zcl 市办 <xd Z irie xlc[ L ziyi 7 xhx[ Z zij qiey nljl qqid Kabb xcde njyj xtj[ 7 zilc hjij Isjn qizo 地址：昆明市环城西路170号云南民族大厦6楼电话：0871-5340364、0871-5340743 12 二、做什么？去哪里？ 三、询问 四、介绍 四、介绍 五、喜好 六、请求帮助 七、问路 八、时间 九、年龄 十、语言 十二、购物 十二、购物 十三、比较 十四、衣着 十五、打电话 十六、看病 十七、照相 十八、理发 十九、餐馆 二十、乘车 二十一、农业 二十二、工作 二十三、教育 二十四、婚姻 二十五、旅游 二十六、介绍石林 后记 《石林撒尼口语400句》经过两年多编写和录制终于出 版了。 本项目从策划、编辑到制作出版，得到许多老师、领导 及朋友帮助。在这里特别要感谢中央民族大学李德君教授、 黄建明教授，以及云南民族大学昂自明教授，云南省少数民 族语文指导工作委员会办公室梁红、毕云鼎老师，他们精心 指导并给了许多具体帮助。李德君教授和傅鸣工程师亲自承 担多媒体光盘编导摄制任务。领导和朋友的支持，老师们认 真、严谨的治学精神，让我们很感动。正是在大家的关心和 帮助下，本项目才得以完成。发音人高玉中、何晓君细心认 真，准确无误，毕桂仙承担了摄像阶段部分片务工作。在此, 项目组对所有支持、帮助、参与本项目的专家、领导及朋友 们，一并表示深深的敬意！ 王向方 2012年11月14日",failed,0.04,145,,A008,audio/008.mp3,PERMISSION_REQUIRED,扫描 OCR + 结构解析 + 音频配对 | 整理日期 2026-09,high
SANI400-009,SANI400,4,你要去哪里?,你考搭日?,hi³³ qpta ³³ tg³³ 2 ³³,"h133 qp""'ta 33tg33 2]33?",suspect,0.50,4,你 哪里 去,A009,audio/009.mp3,PERMISSION_REQUIRED,扫描 OCR + 结构解析 + 音频配对 | 整理日期 2026-09,high
SANI400-010,SANI400,4,散散步。,伊卓叉额高。,li³³ tso³³ tsha³³ yur³³ qɒ³³,133tso33 tsha33 yur33qp33.,ok,1.00,5,这里一会儿走玩,A010,audio/010.mp3,PERMISSION_REQUIRED,扫描 OCR + 结构解析 + 音频配对 | 整理日期 2026-09,high
SANI400-011,SANI400,4,来家里坐坐。,哈哥尼哩。 一、问候与拜访·5,hae³³ gu³³ n³³1 r³³,hae33gu33 n331r33,suspect,0.50,4,家里 坐,A011,audio/011.mp3,PERMISSION_REQUIRED,扫描 OCR + 结构解析 + 音频配对 | 整理日期 2026-09,high
SANI400-012,SANI400,5,好的！我有点事要先走了。,呀啊！敖始卓高扼哩啊。,zɒ²¹ a³³ nɒ³³ sts⁰³3 kɒ³³ y³³ li³³ a³³,zD21a33!np33 sts033 kD33y33133a33.,suspect,0.75,8,好的 我事有 走了,A012,audio/012.mp3,PERMISSION_REQUIRED,扫描 OCR + 结构解析 + 音频配对 | 整理日期 2026-09,high
SANI400-013,SANI400,5,老普在家吗?,老普哈哥卓卓啦?,,33 tso33ts0331p55?,failed,0.25,4,老普家里 在在,A013,audio/013.mp3,PERMISSION_REQUIRED,扫描 OCR + 结构解析 + 音频配对 | 整理日期 2026-09,high
SANI400-014,SANI400,5,在的。,卓哩。,tso³³ li⁵⁵,tso33155,ok,1.00,2,在的,A014,audio/014.mp3,PERMISSION_REQUIRED,扫描 OCR + 结构解析 + 音频配对 | 整理日期 2026-09,high
SANI400-015,SANI400,5,请进！,勒哥哩！,1y²¹ gu³³ li³³,1y21gu33133！,suspect,0.67,3,请进 6·石林撒尼口语400句,A015,audio/015.mp3,PERMISSION_REQUIRED,扫描 OCR + 结构解析 + 音频配对 | 整理日期 2026-09,high
SANI400-016,SANI400,6,请坐!,古尼江。 （注：撒尼语中如果直接说成“亏”即“请坐”，语气会显得生硬， 加“”，语气就客气柔和了）,tce³³,tce33!,ok,1.00,1,坐快,A016,audio/016.mp3,PERMISSION_REQUIRED,扫描 OCR + 结构解析 + 音频配对 | 整理日期 2026-09,high
SANI400-017,SANI400,6,我倒一杯茶水给你。,敖哩老日提杯喝你比。,nɒ³³ li³³1 ɒ²¹ z³³ thi2pe³³ xx³³ n³³ bi²¹,"np331331D21z33 thr2pe33Xx33n,33br21",suspect,0.50,8,我 茶水一杯倒你给。,A017,audio/017.mp3,PERMISSION_REQUIRED,扫描 OCR + 结构解析 + 音频配对 | 整理日期 2026-09,high
SANI400-018,SANI400,6,不用麻烦啦！,费四玛若啊！ 一、问候与拜访·7,ma²¹ zo³³ a³³ fss,ma21zo33a33! 示fss,suspect,0.75,4,费事 不用了,A018,audio/018.mp3,PERMISSION_REQUIRED,扫描 OCR + 结构解析 + 音频配对 | 整理日期 2026-09,high
SANI400-019,SANI400,7,你有什么事吗？,，你阿咪始卓?,ni³³ a³³ mrs²¹ tso³³,n133a33mrs21 tso33?,suspect,0.75,4,你什么事有,A019,audio/019.mp3,PERMISSION_REQUIRED,扫描 OCR + 结构解析 + 音频配对 | 整理日期 2026-09,high
SANI400-020,SANI400,7,我来你家串门。,敖你威高哩卓按。,nɒ³³ ni³³ vi³³ qɒ³³ li³³ na ⁵⁵,np33 n133v133 qp33133 na 55 是 直译我你家玩,ok,1.00,6,,A020,audio/020.mp3,PERMISSION_REQUIRED,扫描 OCR + 结构解析 + 音频配对 | 整理日期 2026-09,high
SANI400-021,SANI400,7,我来跟老普商量一件事。,，敖老普高史提玛则隔木哩卓。,gɒ³³ 1a³³ phu³³ kɒ³³ s²¹ th²¹ mɒ³³ tsu³³ gy²¹ mu³³ li³³ tso⁰³3,gp33 1a33phu33 kp33 s21th21mp33 tsu33gy21mu33 133tso033,suspect,0.67,12,我老普与事一件 商量,A021,audio/021.mp3,PERMISSION_REQUIRED,扫描 OCR + 结构解析 + 音频配对 | 整理日期 2026-09,high
SANI400-022,SANI400,7,我要走了。,，敖厄哩啊。,,Yy33113333,failed,0.00,2,我走了,A022,audio/022.mp3,PERMISSION_REQUIRED,扫描 OCR + 结构解析 + 音频配对 | 整理日期 2026-09,high
SANI400-023,SANI400,8,再坐一会儿。,差尼噻。,,hg33 33 n,failed,0.00,3,一会儿坐,A023,audio/023.mp3,PERMISSION_REQUIRED,扫描 OCR + 结构解析 + 音频配对 | 整理日期 2026-09,high
SANI400-024,SANI400,8,留在这里吃完饭再走嘛！,伊达卓啦，早哈高厄哦啊！,,,failed,0.00,0,这里在着吃完 走,A024,audio/024.mp3,PERMISSION_REQUIRED,扫描 OCR + 结构解析 + 音频配对 | 整理日期 2026-09,high
SANI400-025,SANI400,8,不用了，我还有其他的事。,玛郭啊，敖瓦尼始进卓按噻。 （注：彝语“田”直译为“不怕了”，在此其意义相当于“不用 一、问候与拜访·9 了”或“谢谢！”),,"ve1n$s21 ter tso33 aess121 021g033a33, np33 mD 我其他事一点有是还 直译不怕",failed,0.38,8,,A025,audio/025.mp3,PERMISSION_REQUIRED,扫描 OCR + 结构解析 + 音频配对 | 整理日期 2026-09,high
SANI400-026,SANI400,9,有空来家里坐坐。,始玛卓考安哈哥尼哩。,si²¹ mɒ²¹ tso³³ eleab ³³ ha³³ gu³³ n³³ li³³,s1²1mp21tso33 eleab 33 ha33gu33 n33133,suspect,0.75,8,事没有 要是 家里 坐来,A026,audio/026.mp3,PERMISSION_REQUIRED,扫描 OCR + 结构解析 + 音频配对 | 整理日期 2026-09,high
SANI400-027,SANI400,9,会来的。,朵哩个咦。,,,failed,0.00,0,来会,A027,audio/027.mp3,PERMISSION_REQUIRED,扫描 OCR + 结构解析 + 音频配对 | 整理日期 2026-09,high
SANI400-028,SANI400,9,请慢走!,呀呀厄！ 12·石林撒尼口语400句,,Yy33! 走 直 译 慢慢,failed,0.00,1,,A028,audio/028.mp3,PERMISSION_REQUIRED,扫描 OCR + 结构解析 + 音频配对 | 整理日期 2026-09,high
SANI400-029,SANI400,12,你在做什么？,你阿咪木卓?,a³³ mi³³ mu³³ tso³³ ni³³,α33m133 mu33tso33? n133,ok,1.00,5,你什么 做着,A029,audio/029.mp3,PERMISSION_REQUIRED,扫描 OCR + 结构解析 + 音频配对 | 整理日期 2026-09,high
SANI400-030,SANI400,12,我在看书。,敖四奈卓。,,1 np33 s s'ne33ts033,failed,0.33,3,我书看着,A030,audio/030.mp3,PERMISSION_REQUIRED,扫描 OCR + 结构解析 + 音频配对 | 整理日期 2026-09,high
SANI400-031,SANI400,12,我在做事。,敖始木卓。,nɒ³³ ee0steenu rals,np33 'ee0steenu rals,suspect,0.50,2,我事做着,A031,audio/031.mp3,PERMISSION_REQUIRED,扫描 OCR + 结构解析 + 音频配对 | 整理日期 2026-09,high
SANI400-032,SANI400,12,你昨晚看电视了吗?,你艺咪电视奈奈?,ni³³ li⁵⁵ m³³ tie2s1 ne³³ ne³³,n133 15m33 tie2s?1 ne33ne33?,suspect,0.60,5,你昨晚电视看看 二、做什么？去哪里？·13,A032,audio/032.mp3,PERMISSION_REQUIRED,扫描 OCR + 结构解析 + 音频配对 | 整理日期 2026-09,high
SANI400-033,SANI400,13,看了，我还看了石林新闻。,奈阿，敖乐低新闻喃奈当。 乙”即“路南”表示“石林”),ne³³ a³³ nɒ³³ 1u⁵⁵ d³³ gi³³ ve²¹ nae³³ ne³³ tae³³ li⁹⁹8 li0 8 w,"ne33a33, np33 1u5d33 Gr33ve21 nae33 ne33tae33.（注：路南县于1998年10月8日更名为石林县，但民间仍习惯用“W",suspect,0.75,12,看了我路南 新闻 月也看着,A033,audio/033.mp3,PERMISSION_REQUIRED,扫描 OCR + 结构解析 + 音频配对 | 整理日期 2026-09,high
SANI400-034,SANI400,13,你去哪里?,你考嗒日？,nor³³ q2ɒ³³ ta³³ z³³,nor33 q²D3ta33z33?,suspect,0.50,4,你哪里 去,A034,audio/034.mp3,PERMISSION_REQUIRED,扫描 OCR + 结构解析 + 音频配对 | 整理日期 2026-09,high
SANI400-035,SANI400,13,我去上班。,敖班上日。 14·石林撒尼口语400句,np ³³ pa ³³⁵⁵ ɒss1 ³³,np 33 pa 33..55 Ds.s1 33,suspect,0.67,3,我班上去,A035,audio/035.mp3,PERMISSION_REQUIRED,扫描 OCR + 结构解析 + 音频配对 | 整理日期 2026-09,high
SANI400-036,SANI400,14,一会儿我要去打篮球。,体个道敖抛抬打日若。,thi²¹ ku⁵⁵ to⁵⁵ nɒ³³ phɒ³³ thae²¹ dae²¹ z1 ³³ z⁰³3,thr²1ku5to55np33php33thae21dae21 Z1 33 Z033,suspect,0.78,9,一会儿 我篮球 打去要,A036,audio/036.mp3,PERMISSION_REQUIRED,扫描 OCR + 结构解析 + 音频配对 | 整理日期 2026-09,high
SANI400-037,SANI400,14,到朋友家串门去。,呗来尾高日。,pe³³1 e²¹ vi³³ qɒ³³ ³³ z3 ³³,pe331e21v133 qD33 33 Z3 33,suspect,0.67,6,朋友家玩去,A037,audio/037.mp3,PERMISSION_REQUIRED,扫描 OCR + 结构解析 + 音频配对 | 整理日期 2026-09,high
SANI400-038,SANI400,14,明天你打算去哪里？,阿哥尼你考嗒日抵堵啦?,a²¹ gu³³ n³³ issaln e ceeeea ni³³,a21gu33 n33 issaln e ceeeea n133,suspect,0.50,4,明天 你 哪里去 打算,A038,audio/038.mp3,PERMISSION_REQUIRED,扫描 OCR + 结构解析 + 音频配对 | 整理日期 2026-09,high
SANI400-039,SANI400,14,我要去昆明办点事。,敖果绕始借木日。,nɒ³³ qo⁵⁵ szɒ²¹ si²¹ terss muz1 ³³³³,np33 qo5szD21 s121 terss mu'z1 33.33,ok,0.80,5,我 昆明 事一点做去 二、做什么？去哪里？·15,A039,audio/039.mp3,PERMISSION_REQUIRED,扫描 OCR + 结构解析 + 音频配对 | 整理日期 2026-09,high
SANI400-040,SANI400,15,去看望父母。,措呀替八奈日。,tsho³³ zae²¹ thi2pa³³ ne³³ z³³,tsho33zae21 thr2pa33 ne33z33.,suspect,0.60,5,人大 一下 看去,A040,audio/040.mp3,PERMISSION_REQUIRED,扫描 OCR + 结构解析 + 音频配对 | 整理日期 2026-09,high
SANI400-041,SANI400,15,你在哪里吃的饭?,你考嗒遭早安？,q2b³³ ta³³ tsɒ³³ dzɒ²¹ 1 na³³ hi³³,q²b33ta33 tsp33dzp21 1 na33? h133,suspect,0.67,6,你 哪里 饭吃是,A041,audio/041.mp3,PERMISSION_REQUIRED,扫描 OCR + 结构解析 + 音频配对 | 整理日期 2026-09,high
SANI400-042,SANI400,15,我在朋友家吃的饭。,敖呗来微遭早按。,nɒ³³ pe³³1 e²¹ va³³ tsɒ³³ dzɒ²¹ pess,np33 pe331e21 va33 tsp33dzp21 pess.,ok,1.00,7,我朋友家饭吃 是,A042,audio/042.mp3,PERMISSION_REQUIRED,扫描 OCR + 结构解析 + 音频配对 | 整理日期 2026-09,high
SANI400-043,SANI400,15,喝酒了吗?,知志当当？,,,failed,0.00,0,喝酒了吗,A043,audio/043.mp3,PERMISSION_REQUIRED,扫描 OCR + 结构解析 + 音频配对 | 整理日期 2026-09,high
SANI400-044,SANI400,16,没喝，我不会喝酒。,志玛当，敖知志玛个。,tsmɒ²¹ te³³ gɒ³³ ts³³ tss mɒ1kuss,"ts$'mp21te33, gp33ts33ts$s mp'1kuss.",suspect,0.60,5,喝没到我酒喝不会,A044,audio/044.mp3,PERMISSION_REQUIRED,扫描 OCR + 结构解析 + 音频配对 | 整理日期 2026-09,high
SANI400-045,SANI400,16,喝了一点。,体借绕志当。,t2r2tcrzɒ²¹ tstae³³,t²r2tcr'zp21 ts'tae33.,suspect,0.50,2,一点儿 喝到,A045,audio/045.mp3,PERMISSION_REQUIRED,扫描 OCR + 结构解析 + 音频配对 | 整理日期 2026-09,high
SANI400-046,SANI400,16,他什么时候来？,克考替个朵哩？ 二、做什么？去哪里？·17,kh³³ qhɒ³³ thi²¹ ky⁵⁵ d⁰³3 li³³,kh33qhp33thr²1ky55 d033133?,suspect,0.50,6,他什么时候 来,A046,audio/046.mp3,PERMISSION_REQUIRED,扫描 OCR + 结构解析 + 音频配对 | 整理日期 2026-09,high
SANI400-047,SANI400,17,谁告诉你的?,阿撒哩摆你舍安?,a²¹ sɒ³³ 1r³³ be³³ ni³³4 u³³ ne³³,"a²1sp33 1r33be33n,1334u33 ne33?",ok,0.86,7,谁 告诉你 是,A047,audio/047.mp3,PERMISSION_REQUIRED,扫描 OCR + 结构解析 + 音频配对 | 整理日期 2026-09,high
SANI400-048,SANI400,17,你和谁去?,你阿撒高日?,ni³³ a²¹ sɒ³³ k⁰³3 z³³,nr33 a21sp33 k033z33?,suspect,0.60,5,你谁和去,A048,audio/048.mp3,PERMISSION_REQUIRED,扫描 OCR + 结构解析 + 音频配对 | 整理日期 2026-09,high
SANI400-049,SANI400,17,你为什么不同意？,你考日高同玛意安？,ni³³ qɒ³³ z³³ k³³ tho2mɒ²¹ zs nae³³,n133 qD33z33k33 tho²mp²1 zs nae33?,suspect,0.50,6,你为什么 同不意是,A049,audio/049.mp3,PERMISSION_REQUIRED,扫描 OCR + 结构解析 + 音频配对 | 整理日期 2026-09,high
SANI400-050,SANI400,17,他说什么？,克啊咪呗卓?,kh³³ a³³ mi³³ be³³ tso³³,kh33α33mr33 be33tso33?,ok,0.80,5,他什么说着 18·石林撒尼口语400句,A050,audio/050.mp3,PERMISSION_REQUIRED,扫描 OCR + 结构解析 + 音频配对 | 整理日期 2026-09,high
SANI400-051,SANI400,18,你拿这些东西做什么？,你伊糯嗯则微啊咪木?,ni³³³³ non²¹ dzx³³ vi³³ a³³ mi³³ m³³,n13333non21dzx33v133a33m133 m33?,suspect,0.71,7,你这东西些拿什么做,A051,audio/051.mp3,PERMISSION_REQUIRED,扫描 OCR + 结构解析 + 音频配对 | 整理日期 2026-09,high
SANI400-052,SANI400,18,这件事你是怎么想的？,伊始啦你考日想啦？ 20·石林撒尼口语400句,li³³ si²¹ ɒ³² ni³³ z1 ca¹¹ nss,"133 s121D3² n,r33 Z1 ca?11nss?",suspect,0.67,6,这事 你怎么 想,A052,audio/052.mp3,PERMISSION_REQUIRED,扫描 OCR + 结构解析 + 音频配对 | 整理日期 2026-09,high
SANI400-053,SANI400,20,他今天开会吗？,克依尼会开开?,khi³³ li²¹ n³³ hui⁵⁵ khae³³ khae³³,kh133 121n33hui55khae33khae33?,ok,0.83,6,他今天会开开,A053,audio/053.mp3,PERMISSION_REQUIRED,扫描 OCR + 结构解析 + 音频配对 | 整理日期 2026-09,high
SANI400-054,SANI400,20,他今天不开会。,克伊尼会玛开。,kh³³ li²¹ n³³ huiss,kh33121n33 huiss,suspect,0.50,4,他今天会不开,A054,audio/054.mp3,PERMISSION_REQUIRED,扫描 OCR + 结构解析 + 音频配对 | 整理日期 2026-09,high
SANI400-055,SANI400,20,这本书是你的吗？,伊四本啦你敖安安？,spu²¹ li⁰³3 n li³³ ⁵⁵ m nae³³ nae³³,s'pu21 1033 n 133 55m nae3'nae33?,ok,0.83,6,这  书本 你的是是,A055,audio/055.mp3,PERMISSION_REQUIRED,扫描 OCR + 结构解析 + 音频配对 | 整理日期 2026-09,high
SANI400-056,SANI400,20,是的，是我的。,安义，凹敖按。,ae³³ z5 ⁰³3 y⁰³3 naess,ae33z5， 033y033 naess,suspect,0.50,4,是的 我的 是 三、询问·21,A056,audio/056.mp3,PERMISSION_REQUIRED,扫描 OCR + 结构解析 + 音频配对 | 整理日期 2026-09,high
SANI400-057,SANI400,21,他有兄弟吗？,克尾安卓卓？,kh³³ vi³² nae³³ tso³³ ts⁰³3,kh33v13²nae33 tso33ts033?,suspect,0.60,5,他 兄弟 有有,A057,audio/057.mp3,PERMISSION_REQUIRED,扫描 OCR + 结构解析 + 音频配对 | 整理日期 2026-09,high
SANI400-058,SANI400,21,没有，他是独儿子。,玛卓，克日绕字玛按。,mɒ²¹ tso³³ kh³³ ³³ zɒ ⁰²1 ts2s5 mɒ ³³ naess,"mp21tso33, kh33 33 ZD 021ts2s5 mD 33 naess.",suspect,0.57,7,没有他 儿独一个是,A058,audio/058.mp3,PERMISSION_REQUIRED,扫描 OCR + 结构解析 + 音频配对 | 整理日期 2026-09,high
SANI400-059,SANI400,21,你家有兄妹几个?,你微木讷考哪方卓？,eejeaua nrva ³³⁰³3 munw ³³ ⁵⁵ tso³³,eeJeaua nrva 33033 mu..nw 33 55 tso33?,suspect,0.50,4,你家兄妹 多少个有,A059,audio/059.mp3,PERMISSION_REQUIRED,扫描 OCR + 结构解析 + 音频配对 | 整理日期 2026-09,high
SANI400-060,SANI400,21,她排行第几?,克日考啦安？,qhɒ³³1 a³³ nae³³,qhp331a33 nae33?,ok,1.00,3,她 哪个 是,A060,audio/060.mp3,PERMISSION_REQUIRED,扫描 OCR + 结构解析 + 音频配对 | 整理日期 2026-09,high
SANI400-061,SANI400,22,她是老大。,克日呀玛按。,kh³³ z³³ zae²¹ mɒ³³ jaess,kh33z33zae²1mp33 Jaess.,suspect,0.60,5,她 大的 是,A061,audio/061.mp3,PERMISSION_REQUIRED,扫描 OCR + 结构解析 + 音频配对 | 整理日期 2026-09,high
SANI400-062,SANI400,22,家里还有一个妹妹。,哈哥讷玛替玛卓噻。,hae³³ gu³³ nu⁵⁵ mɒ³³ th²¹ mɒ³³1 tso³³ si²¹,hae33gu33 nu5mp33 th21mp331 tso33s121.,ok,0.88,8,家里妹妹 一个有还,A062,audio/062.mp3,PERMISSION_REQUIRED,扫描 OCR + 结构解析 + 音频配对 | 整理日期 2026-09,high
SANI400-063,SANI400,22,你最近怎么样，身体可好？,你伊哪考日耶？搁波扎扎? 三、询问·23,ni³³ li³³ nɒ³³ eemdemy ieezelzeab tsatsal,n13 133np33 eemdemy ieezelzeab tsa?'tsa?l?,suspect,0.75,4,你   最近 怎么样身体 好好,A063,audio/063.mp3,PERMISSION_REQUIRED,扫描 OCR + 结构解析 + 音频配对 | 整理日期 2026-09,high
SANI400-064,SANI400,23,非常好。,说啰扎。,so²¹ lo²¹ tsa²¹,so21lo21tsa²1.,ok,1.00,3,非常好,A064,audio/064.mp3,PERMISSION_REQUIRED,扫描 OCR + 结构解析 + 音频配对 | 整理日期 2026-09,high
SANI400-065,SANI400,23,最近你看见老毕了吗？,伊哪你老毕奈哦哦卓？,,r33n033 -33 lp33pr21 nr nae 33 iecos ccolecol 33,failed,0.29,7,最近 你老毕看见见有,A065,audio/065.mp3,PERMISSION_REQUIRED,扫描 OCR + 结构解析 + 音频配对 | 整理日期 2026-09,high
SANI400-066,SANI400,23,最近他在做什么？,伊喏尼啊咪木卓？,³³ m³³ mu³³ tso³³ li³³ no³³ kh³³ am1,33m33 mu33tso33? 133no33kh33 am1,suspect,0.62,8,近来他 什么 做着,A066,audio/066.mp3,PERMISSION_REQUIRED,扫描 OCR + 结构解析 + 音频配对 | 整理日期 2026-09,high
SANI400-067,SANI400,23,听说他到北京去了。,哪啦日克北京革纸啊。,,nD331nssz33 kh33 pe2te33 gur33dz?1a33. 去了 直 译 听说 他北京 24·石林撒尼口语400句,failed,0.29,7,,A067,audio/067.mp3,PERMISSION_REQUIRED,扫描 OCR + 结构解析 + 音频配对 | 整理日期 2026-09,high
SANI400-068,SANI400,24,去年曾来过我家。,伊尼敖微岔多哩当。,,133n33 tsha33 d0331133tae33 np,failed,0.43,7,去年我家 曾经来过,A068,audio/068.mp3,PERMISSION_REQUIRED,扫描 OCR + 结构解析 + 音频配对 | 整理日期 2026-09,high
SANI400-069,SANI400,24,我们认识有五年了。,翱知知飒奥阔啰啦。,,ga21 ts33ts33 sass gp55qho21 1021pss,failed,0.43,7,我们互相  认识五年满了,A069,audio/069.mp3,PERMISSION_REQUIRED,扫描 OCR + 结构解析 + 音频配对 | 整理日期 2026-09,high
SANI400-070,SANI400,24,我们是好朋友。,阿思呗来扎玛按。,⁰²1 ss5 pe³³1 e²¹ tsa²¹ mɒ³³ naes,"021s,s5 pe331e21 tsa²1mp33 nae's.",suspect,0.67,6,我们 朋友 好的 是,A070,audio/070.mp3,PERMISSION_REQUIRED,扫描 OCR + 结构解析 + 音频配对 | 整理日期 2026-09,high
SANI400-071,SANI400,24,我们已经有一年多没见面了。,啊四日替阔玛把奈哦玛糯啊。,a²¹ s5 z 1qho²¹ mɒ2lbɒ²¹ ne³³ go⁰³3 mɒ2nos5a³³,α²1s5 Z 1qho21 mp2lbp21 ne3go033mp2'nos5a33.,suspect,0.50,6,我们 一年 多于 看见 不曾,A071,audio/071.mp3,PERMISSION_REQUIRED,扫描 OCR + 结构解析 + 音频配对 | 整理日期 2026-09,high
SANI400-072,SANI400,25,怎么啦?,考日耶啦安？,,ssaleeheezeab nae33?,failed,0.00,1,怎么啦 是,A072,audio/072.mp3,PERMISSION_REQUIRED,扫描 OCR + 结构解析 + 音频配对 | 整理日期 2026-09,high
SANI400-073,SANI400,25,这是什么？,伊啦阿咪安？,li³³1 p³³ a³³ mi ³³ gae³³,1331p33 α3mr 33 gae33?,ok,0.80,5,这个 什么 是,A073,audio/073.mp3,PERMISSION_REQUIRED,扫描 OCR + 结构解析 + 音频配对 | 整理日期 2026-09,high
SANI400-074,SANI400,25,这是笔。,伊拉果机按。,,g033te[133 nae33. r331p33（,failed,0.20,5,这个 笔 是 26·石林撒尼口语400句,A074,audio/074.mp3,PERMISSION_REQUIRED,扫描 OCR + 结构解析 + 音频配对 | 整理日期 2026-09,high
SANI400-075,SANI400,26,这是你的东西吗?,伊拉你诺安安?,li³³1 p³³ nbi ³³ 1 1g cou na³³ nae³³,1331p33 nbr 33 1-1G-cou na3'nae33?,suspect,0.60,5,这个  你 东西 是是,A075,audio/075.mp3,PERMISSION_REQUIRED,扫描 OCR + 结构解析 + 音频配对 | 整理日期 2026-09,high
SANI400-076,SANI400,26,是的，这东西是我的。,安咦，伊诺呢啦凹敖按。,ga³³ zi⁵⁵ ³³ nogi²¹ 1p³³ gɒ³³ yɒ³³ gae³³,ga33z155，33 no'gr21 1p33 gD33yD33 gae33.,suspect,0.62,8,是的 这东西 我的是,A076,audio/076.mp3,PERMISSION_REQUIRED,扫描 OCR + 结构解析 + 音频配对 | 整理日期 2026-09,high
SANI400-077,SANI400,26,不是，这不是我的。,玛安，伊拉凹敖玛安。,,"示mp2'nae33,1331p33 np'yp 33n33 mp'nae 21 33",failed,0.29,7,不是这个我的不是,A077,audio/077.mp3,PERMISSION_REQUIRED,扫描 OCR + 结构解析 + 音频配对 | 整理日期 2026-09,high
SANI400-078,SANI400,26,这是谁的笔？,伊果机啦阿撒袄安?,g⁰³3 tc³³ li³³ a²¹ sɒ³³ yɒ³³ r³³ na³³,g033tc33 133 a21sp33 yp33 r33 na33?,suspect,0.62,8,这笔 谁的是,A078,audio/078.mp3,PERMISSION_REQUIRED,扫描 OCR + 结构解析 + 音频配对 | 整理日期 2026-09,high
SANI400-079,SANI400,27,是小王的。,小王敖按。,cip³³ va²¹ yɒ³³ naess,cip33va²1 YD33 naess.,ok,1.00,4,小王 的是,A079,audio/079.mp3,PERMISSION_REQUIRED,扫描 OCR + 结构解析 + 音频配对 | 整理日期 2026-09,high
SANI400-080,SANI400,27,那里好像站着一个人?,科嗒搓替玛核止啦木耶？,,,failed,0.00,0,那里人一个 站着 好像,A080,audio/080.mp3,PERMISSION_REQUIRED,扫描 OCR + 结构解析 + 音频配对 | 整理日期 2026-09,high
SANI400-081,SANI400,27,不是，你看错了。,玛安，你奈错哈啦啊。 30·石林撒尼口语400句,,"mp2rne33, n133 1 ne33tshoss xp331pssa33.",failed,0.40,5,不是你看错,A081,audio/081.mp3,PERMISSION_REQUIRED,扫描 OCR + 结构解析 + 音频配对 | 整理日期 2026-09,high
SANI400-082,SANI400,30,你叫什么名字？,你曼考日额卓?,ni³²3 ma³³ qɒ³³ z³³ ieeostem,n13²3ma33qD33z33 ieeostem,suspect,0.60,5,你名 怎么 叫着,A082,audio/082.mp3,PERMISSION_REQUIRED,扫描 OCR + 结构解析 + 音频配对 | 整理日期 2026-09,high
SANI400-083,SANI400,30,我叫赛阿。,敖日赛阿抵麻啦。,nɒ³³ z³³ 4ae³³ yɒ⁵⁵ di²¹ mae³³1 p⁵⁵,np33 z33 4ae33yp55 dr²1 mae331p55.,suspect,0.57,7,我 赛阿 这样名,A083,audio/083.mp3,PERMISSION_REQUIRED,扫描 OCR + 结构解析 + 音频配对 | 整理日期 2026-09,high
SANI400-084,SANI400,30,这位是从昆明来的李老师。,伊西知啦日果绕高朵哩啦按。,li³³ ci³³ tsn³³ 1ɒ³³ z³³ qo⁵⁵ zɒ²¹ kɒ³³ do³³ li³³,133 cr33tsn33 1D33 z33qo5zD21 kD33 do3133,suspect,0.70,10,这老师 昆明 从来 las'naess. 是,A084,audio/084.mp3,PERMISSION_REQUIRED,扫描 OCR + 结构解析 + 音频配对 | 整理日期 2026-09,high
SANI400-085,SANI400,30,我见过这位老师。,敖伊西知啦乃哦诺。,no³³³³ ci³³ ts3 li³³ ne³³ go³³ no⁵⁵,no3333cr33ts3 133 ne33go3no5,ok,0.83,6,我   这  老师 看见过,A085,audio/085.mp3,PERMISSION_REQUIRED,扫描 OCR + 结构解析 + 音频配对 | 整理日期 2026-09,high
SANI400-086,SANI400,31,我们见过面的。,啊四查乃哦诺。,aa²¹ sss tsha³³ ne³³ g⁰³3 ⁵⁵ no,"αa21s,ss tsha33 ne33g033 55 no",suspect,0.67,6,我们 看见曾经,A086,audio/086.mp3,PERMISSION_REQUIRED,扫描 OCR + 结构解析 + 音频配对 | 整理日期 2026-09,high
SANI400-087,SANI400,31,认识你很高兴。,你字搭日说啰乐啊。,ni³³ tsta³³ z1 s⁰² li⁰²1 lussa,nr33 ts$ta33 Z1 s021021 lussa,suspect,0.60,5,你遇到 非常 高兴,A087,audio/087.mp3,PERMISSION_REQUIRED,扫描 OCR + 结构解析 + 音频配对 | 整理日期 2026-09,high
SANI400-088,SANI400,31,那个穿红色衣服的小姑娘是谁？,，克说邦呢补玛姑围啦阿曼绕日啊搔安?,khi³³ ⁴⁰³³ be³³ n³³ bu²¹ mɒ³³ ku³³ vi2li1p⁵⁵ a²¹ ma²¹ zo²¹ z³³ a²¹ sɒ³³ nae³³ ³²· ⁴⁰0,kh133 4033be33 n33bu21mp33 ku33v1211p55 红色 穿着 直译那．衣服α²1ma21zo²1 z33 α²1sp33 nae3 ? 小姑娘 谁是 32·石林撒尼口语400句,suspect,0.69,16,,A088,audio/088.mp3,PERMISSION_REQUIRED,扫描 OCR + 结构解析 + 音频配对 | 整理日期 2026-09,high
SANI400-089,SANI400,32,是我的妹妹。,敖讷玛按。,np ³³ nu⁵⁵ mɒ³³ ⁵⁵ naess,np 33 nu5mp33 55 naess.,suspect,0.60,5,我妹妹 是,A089,audio/089.mp3,PERMISSION_REQUIRED,扫描 OCR + 结构解析 + 音频配对 | 整理日期 2026-09,high
SANI400-090,SANI400,32,她是做什么的?,克阿咪木卓安?,khi³³ a³³ mi³³ m ³³ nae³³,khr33a33mr33 m 33+. nae33?,ok,0.80,5,她什么做着是,A090,audio/090.mp3,PERMISSION_REQUIRED,扫描 OCR + 结构解析 + 音频配对 | 整理日期 2026-09,high
SANI400-091,SANI400,32,她是学生。,克四梭阿呐安。,,kh33 s5 so33 a²lnu33 gae33,failed,0.25,4,她知识学习小孩 是,A091,audio/091.mp3,PERMISSION_REQUIRED,扫描 OCR + 结构解析 + 音频配对 | 整理日期 2026-09,high
SANI400-092,SANI400,32,你姓什么？,你微啊咪氏安？,,四、介绍·33 示n33v33 a33m321 ga33?,failed,0.33,6,你家什么姓是,A092,audio/092.mp3,PERMISSION_REQUIRED,扫描 OCR + 结构解析 + 音频配对 | 整理日期 2026-09,high
SANI400-093,SANI400,33,我姓王。,敖日阿乃微按。,p³³ z³² a³³ ne³³ vi³³ naess,p33z3² a33ne33 v133 naess.,suspect,0.67,6,我 王姓是,A093,audio/093.mp3,PERMISSION_REQUIRED,扫描 OCR + 结构解析 + 音频配对 | 整理日期 2026-09,high
SANI400-094,SANI400,33,这是我的朋友。,伊拉日敖呗来按。,³¹ p³³ z³² nɒ³³ pe³³1 e²¹ naess,31p33z3² np33 pe331e21 naess.,suspect,0.57,7,这是 我朋友 是,A094,audio/094.mp3,PERMISSION_REQUIRED,扫描 OCR + 结构解析 + 音频配对 | 整理日期 2026-09,high
SANI400-095,SANI400,33,"我是野核桃树村人,以后路过来家里坐。",敖斯蜜资嗒搓安，都漫高当日哈哥国哩。 （注：按撒尼习惯做自我介绍） 36·石林撒尼口语 400句,nɒ³³ s1mi³³ tsi³³ tae³³ tsho³³ gae³³ du³³ mae⁵⁵ skɒ³³ tae³³ z³³ hae³³ gu³³ qo³³ lili³³,nD33 s?1mr33tsr3tae33 tsho33gae33， du33mae5skD33tae33 z33 hae3gu33 qo31133.,ok,0.80,15,我 野核桃树 人是 以后 路过 回来 家里 34·石林撒尼口语400句,A095,audio/095.mp3,PERMISSION_REQUIRED,扫描 OCR + 结构解析 + 音频配对 | 整理日期 2026-09,high
SANI400-096,SANI400,36,你喜欢这件衣服吗?,伊说班啦你奈当当?,ne³³ tae³³ te³³ li³³ ⁴⁰³³ be³³ 1p³³ ni³³,"ne33tae33te33? 133 4033be33 1p33 n,133 你看着着 直 译 这 衣服",suspect,0.75,8,,A096,audio/096.mp3,PERMISSION_REQUIRED,扫描 OCR + 结构解析 + 音频配对 | 整理日期 2026-09,high
SANI400-097,SANI400,36,很喜欢。,说啰奈当。,so²¹ lo²¹ ne³³ tae³³,so21lo21 ne33tae33. 看着 直 译 非常,ok,1.00,4,,A097,audio/097.mp3,PERMISSION_REQUIRED,扫描 OCR + 结构解析 + 音频配对 | 整理日期 2026-09,high
SANI400-098,SANI400,36,你喜欢吃什么水果？,你阿咪早似早了早号?,ni³³ a³³ mi³³ dzɒ²¹ s2ldzɒ2llu²¹ dzɒ²¹ xɒ⁵⁵,n133 a33m133 dzp21s2ldzp2llu21 dzp21 xp55?,ok,0.86,7,你什么 水果 吃喜欢,A098,audio/098.mp3,PERMISSION_REQUIRED,扫描 OCR + 结构解析 + 音频配对 | 整理日期 2026-09,high
SANI400-099,SANI400,36,苹果、梨、杏、桃子都喜欢。,苹果玛、斯吃玛、斯告玛、斯讹玛木早号。,,sn21yu²'mp33 Eenwecox dzo21 xpss. 桃子 都 吃 喜欢,failed,0.00,4,,A099,audio/099.mp3,PERMISSION_REQUIRED,扫描 OCR + 结构解析 + 音频配对 | 整理日期 2026-09,high
SANI400-100,SANI400,37,你喜欢喝酒吗？,你知志号号?,ttsi2 ³³ ta⁵⁵ xɒ ⁵⁵ xɒs,"t$’""ts12 33ta.55 XD 55 xD$s?",ok,1.00,4,你 酒喝 喜欢喜欢,A100,audio/100.mp3,PERMISSION_REQUIRED,扫描 OCR + 结构解析 + 音频配对 | 整理日期 2026-09,high
SANI400-101,SANI400,37,我喜欢喝。,敖志号。,,示 gp33 ts1s xo5s.,failed,0.33,3,我喝 喜欢,A101,audio/101.mp3,PERMISSION_REQUIRED,扫描 OCR + 结构解析 + 音频配对 | 整理日期 2026-09,high
SANI400-102,SANI400,37,我不喜欢。,敖志玛号。,xɒ ⁵⁵,XD 55,ok,1.00,1,我喝不喜欢 38·石林撒尼口语400句,A102,audio/102.mp3,PERMISSION_REQUIRED,扫描 OCR + 结构解析 + 音频配对 | 整理日期 2026-09,high
SANI400-103,SANI400,38,有空时你喜欢做什么？,始玛卓讨你阿咪木号?,ni³³ a³³ mi³³ mu³³ xɒss,n133 a33m133 mu33 xDss?,ok,1.00,5,事没有时你 什么 做高兴,A103,audio/103.mp3,PERMISSION_REQUIRED,扫描 OCR + 结构解析 + 音频配对 | 整理日期 2026-09,high
SANI400-104,SANI400,38,我喜欢做饭炒菜。,凹遭木哦借输号。,np ³³ tsɒ³³ mu³³ yo²¹ tces5 4u³³ xoss,np 33 tsp33mu33 yo21tces5 4u33 xoss.,suspect,0.67,6,我饭做菜炒喜欢,A104,audio/104.mp3,PERMISSION_REQUIRED,扫描 OCR + 结构解析 + 音频配对 | 整理日期 2026-09,high
SANI400-105,SANI400,38,洗衣服，打扫屋子。,说班此，哈哥斯。 40·石林撒尼口语400句,li⁰³3 ba³³ tsh²¹ hae³³ gu³³ li³³,"1033ba33 tsh21, hae33gu33 $133.",ok,0.83,6,·衣服洗 屋里 扫,A105,audio/105.mp3,PERMISSION_REQUIRED,扫描 OCR + 结构解析 + 音频配对 | 整理日期 2026-09,high
SANI400-106,SANI400,40,请帮我一个忙。,敖高替把木高哩。,gɒ³³ ko³³ th²¹ pa³³ m3gɒ³³ li³³,gp33 ko33 th21pa33 m3gp33 133. 帮忙 直译我 一下,suspect,0.67,6,,A106,audio/106.mp3,PERMISSION_REQUIRED,扫描 OCR + 结构解析 + 音频配对 | 整理日期 2026-09,high
SANI400-107,SANI400,40,你能帮我买这本书吗？,你敖高伊斯波替本挖日，哦滴滴?,,"Izmdizlul iemdssls el eay eeal n,r33 1 3333noss dr²1dr21?",failed,0.25,4,你我 这 书本 一本买去 要行行,A107,audio/107.mp3,PERMISSION_REQUIRED,扫描 OCR + 结构解析 + 音频配对 | 整理日期 2026-09,high
SANI400-108,SANI400,40,你能告诉我在哪里能找到这些书吗?,你叉摆敖舍伊斯波则考嗒高稍当滴? 六、请求帮助·41,ni³³ tsha³³ izxzp rzmdssls ce eemeealaqqɒ³³ ta⁵⁵ kɒ³³ i1eipeeeleeas,"n133 tsha33 IzxZP rzmdssls ce eemeealaqq""p33ta55 kp33 i1eIPeeeleeas",suspect,0.67,6,你一下告我诉这书本 些 那里 找到能,A108,audio/108.mp3,PERMISSION_REQUIRED,扫描 OCR + 结构解析 + 音频配对 | 整理日期 2026-09,high
SANI400-109,SANI400,41,你能借我一点钱吗?,你止记齿敖比滴滴？,ni³³ dz²¹ tc5 tsh²¹ nɒ³³ bi²¹ di2ldi²¹,nr3 dz²1 tc5 tsh21np33br21 dr²ldr21?,suspect,0.50,6,你钱一点借我给行行,A109,audio/109.mp3,PERMISSION_REQUIRED,扫描 OCR + 结构解析 + 音频配对 | 整理日期 2026-09,high
SANI400-110,SANI400,41,你需要多少?,你考哪哦哩安?,qhb³³ nɒ³³ no⁵⁵ li³³ na³³ n ³³,qhb33np33 no55 133 na33? n[33,suspect,0.67,6,你多少 要 是,A110,audio/110.mp3,PERMISSION_REQUIRED,扫描 OCR + 结构解析 + 音频配对 | 整理日期 2026-09,high
SANI400-111,SANI400,41,你能帮我拿一下这些东西吗?,你敖高伊诺讹则替把微高，哦滴滴？,ni³³ asouee eey elvi³³ gɒ³³ o⁵⁵ di²¹ d²¹ thi2pa³³,"nr33 asouee eey elvr3gp33, o5dr21d21? thr2'pa33",suspect,0.57,7,你我 这东西些 一下拿帮要得得,A111,audio/111.mp3,PERMISSION_REQUIRED,扫描 OCR + 结构解析 + 音频配对 | 整理日期 2026-09,high
SANI400-112,SANI400,41,请帮我拿一下东西。,敖高伊诺讹替把微。,nɒ³³ kɒ³³ li³³ no⁵⁵ ni²¹ thi²¹ pa³³ vi³³,np33 kp33133 no55n1²1th1²1pa33v133.,ok,1.00,8,我 这东西 一下拿,A112,audio/112.mp3,PERMISSION_REQUIRED,扫描 OCR + 结构解析 + 音频配对 | 整理日期 2026-09,high
SANI400-113,SANI400,42,请帮我开一下门，好吗？,敖高哈高叉扑哩，哦滴滴？,nɒ³³ kn³³ hae³³ qɒ³³ tsha³³ ppssoleeleenyd,np33kn33 hae3qp33 tsha33 Ppssol'eeleenyd,suspect,0.67,6,我 房门 一下打开 要得得,A113,audio/113.mp3,PERMISSION_REQUIRED,扫描 OCR + 结构解析 + 音频配对 | 整理日期 2026-09,high
SANI400-114,SANI400,42,我能问你一个问题吗?,敖你始替玛哪滴滴？ （注：“与与”意思为“行不行”、“能不能”、“得不得”，使用 时根据句子的需要确定意义),,s²1th2mp² np33 nr33 33 np33d31dr31?,failed,0.43,7,我你事一件问行行,A114,audio/114.mp3,PERMISSION_REQUIRED,扫描 OCR + 结构解析 + 音频配对 | 整理日期 2026-09,high
SANI400-115,SANI400,42,请倒一杯水给朋友。,日替杯喝呗来比。,²³3 h²¹ pe³³ ³³ pe³³1 e²¹ bi²¹,233h21pe33 33 pe331e21 b121,suspect,0.57,7,水一杯倒 朋友  给 六、请求帮助·43,A115,audio/115.mp3,PERMISSION_REQUIRED,扫描 OCR + 结构解析 + 音频配对 | 整理日期 2026-09,high
SANI400-116,SANI400,43,如果没有你的帮助，我不可能这么顺利完成这件事。,你哩敖高木玛高考安，伊始伊哪螂哩木哈玛滴。,n6li³³ 1r³³ np ³³ kɒ³³ awnu ³³ ²¹ gp ³³ ³³ la³³ li³³ mu³³ xɒ³³ mɒ²¹ di²¹,n6133 1r33 np 33 kp33 aw..nu 33 21 gp 33 33la33 133 mu33xp33 mp21dr21.,suspect,0.50,14,你 我 不帮忙 如果 这事这么容易 做完不能,A116,audio/116.mp3,PERMISSION_REQUIRED,扫描 OCR + 结构解析 + 音频配对 | 整理日期 2026-09,high
SANI400-117,SANI400,43,好的。,呀啊。,zɒ²¹ a³³,ZD21a33.,ok,1.00,2,好的,A117,audio/117.mp3,PERMISSION_REQUIRED,扫描 OCR + 结构解析 + 音频配对 | 整理日期 2026-09,high
SANI400-118,SANI400,43,谢谢!,歌布啊！ 44·石林撒尼口语 400句,gu³³ bu³³ a³³,gu33bu33a33!,ok,1.00,3,谢谢,A118,audio/118.mp3,PERMISSION_REQUIRED,扫描 OCR + 结构解析 + 音频配对 | 整理日期 2026-09,high
SANI400-119,SANI400,44,对不起，请你等一会儿。,，对止玛滴啊，你叉说啦。,tui⁵⁵ dz²¹ mɒ²¹ di²¹ a³³ ni³³ tsha³³ ⁴⁰³³1 ps5,tui5dz²1mp21dr21a33，n133 tsha33 40331ps5 直：译对不起了 你一会等着,suspect,0.67,9,,A119,audio/119.mp3,PERMISSION_REQUIRED,扫描 OCR + 结构解析 + 音频配对 | 整理日期 2026-09,high
SANI400-120,SANI400,44,可以啊。,哦滴啊。,no⁵⁵ di²¹ a³³,no5'dr21a33.,ok,1.00,3,可以啊,A120,audio/120.mp3,PERMISSION_REQUIRED,扫描 OCR + 结构解析 + 音频配对 | 整理日期 2026-09,high
SANI400-121,SANI400,44,麻烦你了。,你费四啊。 46·石林撒尼口语400句,ni³³ fs5a³³,nr33 f's$5a33.,suspect,0.50,2,你费事了,A121,audio/121.mp3,PERMISSION_REQUIRED,扫描 OCR + 结构解析 + 音频配对 | 整理日期 2026-09,high
SANI400-122,SANI400,46,你是哪里的人?,你考嗒搓安？,ni³³ ɛeousteeɒteeaub nae³³,"n,r33（ EeouSteeDteeaub nae33?",suspect,0.50,2,你 哪里人是,A122,audio/122.mp3,PERMISSION_REQUIRED,扫描 OCR + 结构解析 + 音频配对 | 整理日期 2026-09,high
SANI400-123,SANI400,46,我是糯黑村人。,敖糯黑搓安。,noxu³³ t ga³³ tsho³³ ga³³,noxu33t ga33 tsho33 ga33,suspect,0.75,4,我糯黑 人是,A123,audio/123.mp3,PERMISSION_REQUIRED,扫描 OCR + 结构解析 + 音频配对 | 整理日期 2026-09,high
SANI400-124,SANI400,46,你住在哪里？,你考嗒尼啦？,ni³³ qha³³ ta³³ isalea,nr33 qha33ta33 isalea,suspect,0.75,4,你 哪里 住着,A124,audio/124.mp3,PERMISSION_REQUIRED,扫描 OCR + 结构解析 + 音频配对 | 整理日期 2026-09,high
SANI400-125,SANI400,46,我住在海邑。,敖霞日尼啦。,,go33 n331p55,failed,0.33,3,我海邑‘住着 七、问路·47,A125,audio/125.mp3,PERMISSION_REQUIRED,扫描 OCR + 结构解析 + 音频配对 | 整理日期 2026-09,high
SANI400-126,SANI400,47,你在那里住多长时间了?,你克嗒尼考哪阔啰啊?,kho²¹ li⁰²1 a³³ ni³³ khi³³ ta³³ qɒ³³ nɒ³³1,kho21 1021 a33? 示n133 kh133ta33 qD33np331,ok,1.00,8,你 那里 住多少 年有了,A126,audio/126.mp3,PERMISSION_REQUIRED,扫描 OCR + 结构解析 + 音频配对 | 整理日期 2026-09,high
SANI400-127,SANI400,47,已经有四五年了。,似奥阔啰啊。,hnps5qho²¹ li⁰²1 a³³,h$'nps5qho21 1021a33,suspect,0.67,3,四五年 有了,A127,audio/127.mp3,PERMISSION_REQUIRED,扫描 OCR + 结构解析 + 音频配对 | 整理日期 2026-09,high
SANI400-128,SANI400,47,你家就住在我弟弟家隔壁。,克微日敖跑木微呐招尼啦。 48·石林撒尼口语400句,,"n,133v33 33n331pss.",failed,0.20,5,你家 我 弟弟家 旁边 住着,A128,audio/128.mp3,PERMISSION_REQUIRED,扫描 OCR + 结构解析 + 音频配对 | 整理日期 2026-09,high
SANI400-129,SANI400,48,你们是邻居。,那日哈玛哈绕安。,⁰³3 hae³³ zo²¹ nae³³,033hae33zo21 nae33.,suspect,0.75,4,你们 邻居 是,A129,audio/129.mp3,PERMISSION_REQUIRED,扫描 OCR + 结构解析 + 音频配对 | 整理日期 2026-09,high
SANI400-130,SANI400,48,大姐!这是什么地方?,阿然呀玛！伊嗒啊咪咪得安？,a⁵⁵ za²¹ ze1mɒ³³ li³³ ta³³ ³³ m³³ mi³³ tu³³ ami na³³,"a5za²1ze1mp33！133ta33 33m.33 mr3tu33 α""mr 什么地方 直 译 姐姐 大的 这里na33? 是",suspect,0.60,10,,A130,audio/130.mp3,PERMISSION_REQUIRED,扫描 OCR + 结构解析 + 音频配对 | 整理日期 2026-09,high
SANI400-131,SANI400,48,这是石林会议中心。,伊嗒乐堤会开堵安。,li³³ ta³¹ ud2xui⁵⁵ khae³³ du²¹ ³³ nae,13ta31ud2xui5khae33 du21 33 nae',suspect,0.71,7,这里石林 会开地方是,A131,audio/131.mp3,PERMISSION_REQUIRED,扫描 OCR + 结构解析 + 音频配对 | 整理日期 2026-09,high
SANI400-132,SANI400,48,请问去行政中心怎么走？,行政中心日考日厄？,ci³³ tsu⁵⁵ tso³³ li³³ z1 ³³ yw3,cr33tsu55tso3 133 Z1 33 yw3?,suspect,0.67,6,行政中心去 怎么 走,A132,audio/132.mp3,PERMISSION_REQUIRED,扫描 OCR + 结构解析 + 音频配对 | 整理日期 2026-09,high
SANI400-133,SANI400,49,顺着这条路走就到了。,嘎玛失失哩额卓吃啊。,kɒ³³ mɒ³³ ³³³³ li³³ yu³³ tsoss tsh³³ a³³,kp3mp33 33331.33 yu33 tsoss tsh33a33.,ok,0.86,7,大路 顺着走就到了,A133,audio/133.mp3,PERMISSION_REQUIRED,扫描 OCR + 结构解析 + 音频配对 | 整理日期 2026-09,high
SANI400-134,SANI400,49,还远吗？,咪尾尾噻？,mi³³ vi²¹ vi²¹ si²¹,示mr33vr21vr21 s121?,ok,1.00,4,远吗 还,A134,audio/134.mp3,PERMISSION_REQUIRED,扫描 OCR + 结构解析 + 音频配对 | 整理日期 2026-09,high
SANI400-135,SANI400,49,不远了。,咪玛尾啊。 50·石林撒尼口语 400 句,mi³³ mɒ²¹ v²¹ a³³,mr3mp21v21a33,suspect,0.75,4,不远了,A135,audio/135.mp3,PERMISSION_REQUIRED,扫描 OCR + 结构解析 + 音频配对 | 整理日期 2026-09,high
SANI400-136,SANI400,50,很近。,咪喃绕哩耶。,mi³³ ne²¹ zn²¹ 1ssze³³,mr3ne21zn21 1ssze33,suspect,0.50,4,很近 只是,A136,audio/136.mp3,PERMISSION_REQUIRED,扫描 OCR + 结构解析 + 音频配对 | 整理日期 2026-09,high
SANI400-137,SANI400,50,谢谢你！,你个卜啊！,ni³³ ieeɒeenqeemb,nr33 ieeDeenqeemb,suspect,0.50,2,你 谢谢了,A137,audio/137.mp3,PERMISSION_REQUIRED,扫描 OCR + 结构解析 + 音频配对 | 整理日期 2026-09,high
SANI400-138,SANI400,50,不用客气。,客气玛若。 52·石林撒尼口语400句,khy³³ tch⁵⁵ mɒ²¹ zo³³,khy33tch55 mp21zo33.,suspect,0.50,4,客气 不用,A138,audio/138.mp3,PERMISSION_REQUIRED,扫描 OCR + 结构解析 + 音频配对 | 整理日期 2026-09,high
SANI400-139,SANI400,52,今天星期几?,以呢阿咪星期呢安？,a³³ mi³³ gi³³ tch³³ n ³³ nae³³,α33m133 Gr3tch33 n 33 nae33?,suspect,0.67,6,今天什么 星期日子是,A139,audio/139.mp3,PERMISSION_REQUIRED,扫描 OCR + 结构解析 + 音频配对 | 整理日期 2026-09,high
SANI400-140,SANI400,52,今天星期一。,以呢星期一安。,gae³³,gae33,ok,1.00,1,今天星期一是,A140,audio/140.mp3,PERMISSION_REQUIRED,扫描 OCR + 结构解析 + 音频配对 | 整理日期 2026-09,high
SANI400-141,SANI400,52,昨天是几号？,亿呢几好安？,,r5sn33 t33x21 33. nae33?,failed,0.20,5,昨天几号是,A141,audio/141.mp3,PERMISSION_REQUIRED,扫描 OCR + 结构解析 + 音频配对 | 整理日期 2026-09,high
SANI400-142,SANI400,52,昨天是10月3日。,亿呢日十月三日安。,li⁵⁵ n³³ zi³³ sn²¹ ze³¹ nae ³³,15n33 z133sn21ze31 nae 33,suspect,0.67,6,昨天 十月三日是 八、时间·53,A142,audio/142.mp3,PERMISSION_REQUIRED,扫描 OCR + 结构解析 + 音频配对 | 整理日期 2026-09,high
SANI400-143,SANI400,53,后天是什么日子?,排尼日啊咪尼孩安?,1 n³³ ³³ a³³ mi³³ n³³ he²¹ ne³³,1 n33 33 α33m133 n33he21 ne3?,suspect,0.57,7,后天 什么 日子 是,A143,audio/143.mp3,PERMISSION_REQUIRED,扫描 OCR + 结构解析 + 音频配对 | 整理日期 2026-09,high
SANI400-144,SANI400,53,后天是火把节。,排尼日若烧呢策斯安。 （注：这里的“六月二十四”是指“农历的六月二十四日”，在撒尼 民间特指“火把节”）,,phe21n33z33 n2tsr33h33 ZO 334n33 a gae33. 直．译后天 六月 二十四 是,failed,0.25,8,,A144,audio/144.mp3,PERMISSION_REQUIRED,扫描 OCR + 结构解析 + 音频配对 | 整理日期 2026-09,high
SANI400-145,SANI400,53,现在是几月份？,啊安日阿咪烧安？ 54·石林撒尼口语400句,,a²gae3² α33mr334p33 ZT 33 33 gae33?,failed,0.43,7,现在 什么月是,A145,audio/145.mp3,PERMISSION_REQUIRED,扫描 OCR + 结构解析 + 音频配对 | 整理日期 2026-09,high
SANI400-146,SANI400,54,现在是三月份（农历）。,昂安日鲁烧安。,,·a²1ne33z33lu21433 gae33.,failed,0.40,5,现在 三月 是,A146,audio/146.mp3,PERMISSION_REQUIRED,扫描 OCR + 结构解析 + 音频配对 | 整理日期 2026-09,high
SANI400-147,SANI400,54,今年是什么年?,借括日阿咪括安？,tcqho²¹ z³³ a³³ m³³ qho³³ nae³³,tcqho21z33a33m33qho33 nae33?,suspect,0.67,6,今年 什么年是,A147,audio/147.mp3,PERMISSION_REQUIRED,扫描 OCR + 结构解析 + 音频配对 | 整理日期 2026-09,high
SANI400-148,SANI400,54,今年是兔年。,"借括日妥烧括安。 [注：石林彝族撒尼语中,表示星期一至星期五与汉语一样，星期六、 星期天则用“7矢”（cr3n3，谐音：些尼）表示，即“休息日”之 八、时间·55",crgqho²¹ z³³ tho²⁴3 qho³³ nae³³,crgqho21z33 tho²43qho33 nae33,ok,0.80,5,今年 兔年 是,A148,audio/148.mp3,PERMISSION_REQUIRED,扫描 OCR + 结构解析 + 音频配对 | 整理日期 2026-09,high
SANI400-149,SANI400,55,现在什么时间?,昂安考讨吃啦?,,a²1ge33q²b33 thb²1 tsh31s5?,failed,0.33,6,现在 什么时间到了,A149,audio/149.mp3,PERMISSION_REQUIRED,扫描 OCR + 结构解析 + 音频配对 | 整理日期 2026-09,high
SANI400-150,SANI400,55,现在两点过十五分。,，昂安日尼讨测傲分。,,a²1nae33z33n21thp²1 tsh3²os fe33.,failed,0.43,7,现在 二时十五分,A150,audio/150.mp3,PERMISSION_REQUIRED,扫描 OCR + 结构解析 + 音频配对 | 整理日期 2026-09,high
SANI400-151,SANI400,55,还没到三点呢。,色讨玛痴噻。,,surssthp21 mp,failed,0.00,2,三时没到还,A151,audio/151.mp3,PERMISSION_REQUIRED,扫描 OCR + 结构解析 + 音频配对 | 整理日期 2026-09,high
SANI400-152,SANI400,55,我的手表快了一点。,敖手表几绕止当啦安。,tzɒ²¹ ts²¹ tae³³1 p⁵⁵ haess np,tzp21 ts21tae331p55 haess np 快了 是 直译我手表一点,suspect,0.60,5,,A152,audio/152.mp3,PERMISSION_REQUIRED,扫描 OCR + 结构解析 + 音频配对 | 整理日期 2026-09,high
SANI400-153,SANI400,56,慢了—点。,几绕笨当。,tcrzɒ²¹ purs5tae³³,tcrzp²1 purs5tae33 慢了 直 译 一点,suspect,0.50,2,,A153,audio/153.mp3,PERMISSION_REQUIRED,扫描 OCR + 结构解析 + 音频配对 | 整理日期 2026-09,high
SANI400-154,SANI400,56,你能早一点来吗？,你几绕奈哩多哩滴滴？,ni³³ tczɒ²¹ ne³³ li³³ do2li²¹ di³¹ d³¹,n133 tczp21 ne33133do2121 dr31d31?,suspect,0.71,7,你一点早 来行行,A154,audio/154.mp3,PERMISSION_REQUIRED,扫描 OCR + 结构解析 + 音频配对 | 整理日期 2026-09,high
SANI400-155,SANI400,56,我十二点半来。,敖拆尼讨派高多哩。 58·石林撒尼口语400句,nɒ³³ tsh³³ n²¹ thb²¹ phe³³ kɒ³³ do³³ li³³,np33 tsh33 n21 thb21phe33 kp33 do33133. 半来 直译我十二点,suspect,0.62,8,,A155,audio/155.mp3,PERMISSION_REQUIRED,扫描 OCR + 结构解析 + 音频配对 | 整理日期 2026-09,high
SANI400-156,SANI400,58,你今年多大了？,你几阔考哪张啦? （注：这里问的对象是成年人，如果对象是小孩子则用另外的口语表 述）,ni³³ tc1sqbo²¹ qhb³³ nɒ³³ dlae³³1 pss,n13 tc1sqbo21 qhb33np33 dlae331pss?,suspect,0.50,6,你 今年 多少 满了,A156,audio/156.mp3,PERMISSION_REQUIRED,扫描 OCR + 结构解析 + 音频配对 | 整理日期 2026-09,high
SANI400-157,SANI400,58,我二十二岁了。,敖尼则尼阔啰啦。,,n2'qho21 103310ss.,failed,0.33,3,我二十二岁有了,A157,audio/157.mp3,PERMISSION_REQUIRED,扫描 OCR + 结构解析 + 音频配对 | 整理日期 2026-09,high
SANI400-158,SANI400,58,我比他小三岁。,敖日克色阔酿当。,nɒ³³ z³³ kh³³ su⁵⁵ qho²¹ nasstae³³,np33z33kh33 su55 qho21nasstae33.,suspect,0.50,6,我 他三岁小着,A158,audio/158.mp3,PERMISSION_REQUIRED,扫描 OCR + 结构解析 + 音频配对 | 整理日期 2026-09,high
SANI400-159,SANI400,58,他是家里最小的一个孩子。,克日哈哥阿呢绕考酿啦安。,gae³³,gae33.,ok,1.00,1,他 家里 小孩子 最小的 是,A159,audio/159.mp3,PERMISSION_REQUIRED,扫描 OCR + 结构解析 + 音频配对 | 整理日期 2026-09,high
SANI400-160,SANI400,59,你看起来很年轻。,乃拉日你逼么嗨席。,,ne3105sz33 n33 1 b133m33 he21c21.,failed,0.38,8,看了 你非常年轻,A160,audio/160.mp3,PERMISSION_REQUIRED,扫描 OCR + 结构解析 + 音频配对 | 整理日期 2026-09,high
SANI400-161,SANI400,59,不是那样啦。,克日玛耶啦。,,kh33z331 mp21ze331p33,failed,0.40,5,那样 不是啦,A161,audio/161.mp3,PERMISSION_REQUIRED,扫描 OCR + 结构解析 + 音频配对 | 整理日期 2026-09,high
SANI400-162,SANI400,59,我在这个地方已经生活了十五年。,敖伊咪得册奥阔卓哈。,,n03333 m133tu33 tsh33gps5qh021,failed,0.40,5,我 这 地方 在了 十五年 60·石林撒尼口语400句,A162,audio/162.mp3,PERMISSION_REQUIRED,扫描 OCR + 结构解析 + 音频配对 | 整理日期 2026-09,high
SANI400-163,SANI400,60,他六岁上学。,克阔阔啰高四嗦。,,kh133 kho2lqbo21 1o21 kp33 ST 55 8033,failed,0.33,6,他六岁满 知识  学,A163,audio/163.mp3,PERMISSION_REQUIRED,扫描 OCR + 结构解析 + 音频配对 | 整理日期 2026-09,high
SANI400-164,SANI400,60,我父母都已经过六十了,敖保敖妈日阔拆玛保张啦。,gɒ³³ bɒ²¹ dlae³³1 p⁵⁵,gp33 bp21dlae331p55.,suspect,0.75,4,我爸我妈 六 十 多于满了,A164,audio/164.mp3,PERMISSION_REQUIRED,扫描 OCR + 结构解析 + 音频配对 | 整理日期 2026-09,high
SANI400-165,SANI400,60,我看他大概五十岁左右。,,gɒ³³ li³³ ne³³ li⁵⁵ kh³³ z³³ gostsh³³ yo²¹ tche³³ dlae³³ kw⁵⁵ a³³,gp33133ne331$5 kh33 z33 gostsh33 yo21tche33dlae33kw55a33,suspect,0.75,12,我看来 他 五十 大概 满会了 九、年龄·61,A165,audio/165.mp3,PERMISSION_REQUIRED,扫描 OCR + 结构解析 + 音频配对 | 整理日期 2026-09,high
SANI400-166,SANI400,61,下个月她就满十五岁了。,都漫替烧痴克册奥阔啰啊。,li⁰²1 a³³,1021a33.,ok,1.00,2,后 一月到她十五岁 满了,A166,audio/166.mp3,PERMISSION_REQUIRED,扫描 OCR + 结构解析 + 音频配对 | 整理日期 2026-09,high
SANI400-167,SANI400,61,他毕竟还只是个孩子。,克啊哩阿呢绕按噻。 64·石林撒尼口语400句,kh³³ a⁵⁵ li³³ a2nu³³ zɒ²¹ gaess si²¹,kh33α55133a2nu33zp21 gaess s121. 小孩子 是还 直 译 他 仅仅,suspect,0.50,6,,A167,audio/167.mp3,PERMISSION_REQUIRED,扫描 OCR + 结构解析 + 音频配对 | 整理日期 2026-09,high
SANI400-168,SANI400,64,你会讲汉语吗?,你谢朵呗个个？,ce³³ do²¹ be³³ kur5kurs5 hi³³,ce33do21 be33 kur5kurs5? h133,suspect,0.75,4,你 汉话 说会会,A168,audio/168.mp3,PERMISSION_REQUIRED,扫描 OCR + 结构解析 + 音频配对 | 整理日期 2026-09,high
SANI400-169,SANI400,64,会说的。,呗个。,be³³ kus5,be33 kus5,ok,1.00,2,说会,A169,audio/169.mp3,PERMISSION_REQUIRED,扫描 OCR + 结构解析 + 音频配对 | 整理日期 2026-09,high
SANI400-170,SANI400,64,熟练吗?,呗噻噻?,be³³ si²¹ si²¹,be33 Sr21 SI21?,ok,1.00,3,说  熟练  熟练,A170,audio/170.mp3,PERMISSION_REQUIRED,扫描 OCR + 结构解析 + 音频配对 | 整理日期 2026-09,high
SANI400-171,SANI400,64,非常熟练。,逼木呗噻。,pi³³ m³³ be³³ si²¹,pr33m33 be33 SI21.,suspect,0.75,4,非常   说 熟练 十、语言·65,A171,audio/171.mp3,PERMISSION_REQUIRED,扫描 OCR + 结构解析 + 音频配对 | 整理日期 2026-09,high
SANI400-172,SANI400,65,你听得懂撒尼语吗？,你尼朵哪个个？,ni³³ ni²¹ do²¹ nɒ³³ ku⁵⁵ ku⁵⁵,n133 nr²1do21np33 ku5ku5?,ok,1.00,6,你彝话听会会,A172,audio/172.mp3,PERMISSION_REQUIRED,扫描 OCR + 结构解析 + 音频配对 | 整理日期 2026-09,high
SANI400-173,SANI400,65,完全听得懂，不仅如此我还会说。,伊责敖哪个，伊日哩玛安，敖呗喃呗个。,1tsu2lyb³³ nɒ³³ ku⁵⁵ li³³ z³³ li⁵⁵ s mɒ²¹ ga³³ ssmyee³⁹ eeeuee³³ q eeal,"1?tsu2lyb33 nD3ku5, 133z33 15s mp21ga33,'ssmYee39eeeuee3q eeal",ok,0.82,11,全部 听会这样仅不是 我说也说会,A173,audio/173.mp3,PERMISSION_REQUIRED,扫描 OCR + 结构解析 + 音频配对 | 整理日期 2026-09,high
SANI400-174,SANI400,65,一句话都听不懂。,替且喃哪玛个。 66·石林撒尼口语400句,thi²¹ tch²¹ ne³³ nɒ³³ mɒ²¹ ku⁵⁵,th121tch21 ne33 np33mp21ku55.,ok,0.83,6,一句也听不会,A174,audio/174.mp3,PERMISSION_REQUIRED,扫描 OCR + 结构解析 + 音频配对 | 整理日期 2026-09,high
SANI400-175,SANI400,66,只会听一点。,，替借绕哪个。,thi²¹ tcrzɒ²¹ nɒ³³ ku⁵⁵,th121tcrzp21 np33ku55.,ok,1.00,4,一点儿 听会,A175,audio/175.mp3,PERMISSION_REQUIRED,扫描 OCR + 结构解析 + 音频配对 | 整理日期 2026-09,high
SANI400-176,SANI400,66,会说一些。,替借绕呗个。,tci⁵⁵ zo²¹ be³³ kw5,tcr55zo²1be33kw5,suspect,0.75,4,一点说会,A176,audio/176.mp3,PERMISSION_REQUIRED,扫描 OCR + 结构解析 + 音频配对 | 整理日期 2026-09,high
SANI400-177,SANI400,66,你会写撒尼文吗？,，你尼四郭个个?,ni³³ ni2sg issmyssmyecob,n133nr²sg issmyssmyecob,suspect,0.50,2,你彝文写会会,A177,audio/177.mp3,PERMISSION_REQUIRED,扫描 OCR + 结构解析 + 音频配对 | 整理日期 2026-09,high
SANI400-178,SANI400,66,会写的。,郭个。,go³³ kus5,go33kus5.,ok,1.00,2,写会 十、语言·67,A178,audio/178.mp3,PERMISSION_REQUIRED,扫描 OCR + 结构解析 + 音频配对 | 整理日期 2026-09,high
SANI400-179,SANI400,67,不会写。,郭玛个。,mɒ²¹ kuus5 g⁰³3,mp21kuus5 g033,suspect,0.50,2,写不会,A179,audio/179.mp3,PERMISSION_REQUIRED,扫描 OCR + 结构解析 + 音频配对 | 整理日期 2026-09,high
SANI400-180,SANI400,67,我正在学习。,敖啊昂缩卓按噻。,,p33 33 s033ts033 gaess S121,failed,0.00,5,我现在学着是还,A180,audio/180.mp3,PERMISSION_REQUIRED,扫描 OCR + 结构解析 + 音频配对 | 整理日期 2026-09,high
SANI400-181,SANI400,67,你学习彝文有几年了?,你尼四缩考哪啰啦？,ni³³ ni2lss so³³ qhb³³ nɒ³³ li⁰³³¹ p⁵⁵,nr33 n12lss so33 qhb33np3 10331p55?,suspect,0.50,6,你彝文学多久 有了,A181,audio/181.mp3,PERMISSION_REQUIRED,扫描 OCR + 结构解析 + 音频配对 | 整理日期 2026-09,high
SANI400-182,SANI400,67,有一年多了。,替阔玛拔几绕啰啦。,thi²¹ qho²¹ mɒ²¹ bɒ²¹ tci⁵⁵ zɒ²¹ 1o³³1 p⁵⁵,th121qho21 mp21bp21 tcr5zp21 1o331p55.,suspect,0.75,8,一年多了 一点 有了,A182,audio/182.mp3,PERMISSION_REQUIRED,扫描 OCR + 结构解析 + 音频配对 | 整理日期 2026-09,high
SANI400-183,SANI400,68,你的撒尼语讲得非常好。,你尼朵逼木呗扎。,ni³³ ni²¹ do²¹ pi³³ mu³³ be³³ tsa²¹,nr3 n121do21 pr3mu33 be33 tsa21.,ok,1.00,7,你彝话 非常 说好,A183,audio/183.mp3,PERMISSION_REQUIRED,扫描 OCR + 结构解析 + 音频配对 | 整理日期 2026-09,high
SANI400-184,SANI400,68,不是那样的。,柯日玛耶。 （注：按撒尼人的语言表达习惯，当被别人称赞时一般不直接说“谢 谢”，而是用“田”即“不是那样的”来回答，表示谦虚) 70·石林撒尼口语400句,2li7e³³ mp ze,217e33 mp ze,suspect,0.50,2,那样 不是,A184,audio/184.mp3,PERMISSION_REQUIRED,扫描 OCR + 结构解析 + 音频配对 | 整理日期 2026-09,high
SANI400-185,SANI400,70,明天会晴吗？,阿哥呢木郭个个?,,a²gu33n33 m21 issmyssmy ccob,failed,0.00,4,明天 天气晴会会,A185,audio/185.mp3,PERMISSION_REQUIRED,扫描 OCR + 结构解析 + 音频配对 | 整理日期 2026-09,high
SANI400-186,SANI400,70,会晴的。,郭个。,go³³ kuss,go33 kuss.,ok,1.00,2,晴会,A186,audio/186.mp3,PERMISSION_REQUIRED,扫描 OCR + 结构解析 + 音频配对 | 整理日期 2026-09,high
SANI400-187,SANI400,70,不会晴。,郭玛个。,go³³ mɒ2kuss,go33mp²'kuss.,suspect,0.50,2,晴不会,A187,audio/187.mp3,PERMISSION_REQUIRED,扫描 OCR + 结构解析 + 音频配对 | 整理日期 2026-09,high
SANI400-188,SANI400,70,今天晴得很好。,伊尼亩硕啰郭扎。,li²¹ n³³ go³³ tsa²¹ o2lili⁰²1,121n33 go33tsa²1 $o211021,suspect,0.60,5,今天天 非常 晴好 十一、天气·71,A188,audio/188.mp3,PERMISSION_REQUIRED,扫描 OCR + 结构解析 + 音频配对 | 整理日期 2026-09,high
SANI400-189,SANI400,71,天空没有云彩。,亩羌挡玛卓。,m²¹ tche³³ te³³ mɒ2tso³³,m21tche33 te33mp2tso33.,suspect,0.50,4,天上 云没有,A189,audio/189.mp3,PERMISSION_REQUIRED,扫描 OCR + 结构解析 + 音频配对 | 整理日期 2026-09,high
SANI400-190,SANI400,71,要下雨了!,亩蒿哩啊!,m²¹ hɒ³³ lili³³ a³³,m21hp33 1133a33!,suspect,0.50,4,下雨 快要··……··了,A190,audio/190.mp3,PERMISSION_REQUIRED,扫描 OCR + 结构解析 + 音频配对 | 整理日期 2026-09,high
SANI400-191,SANI400,71,雨下得太大了！,亩逼木蒿呀啊!,ieeɒeaeeq,ieeDeaeeq,ok,1.00,1,雨非常下大啊,A191,audio/191.mp3,PERMISSION_REQUIRED,扫描 OCR + 结构解析 + 音频配对 | 整理日期 2026-09,high
SANI400-192,SANI400,71,看样子这雨一会儿停不了。,乃腊伊亩蒿塔哩凹闹玛滴。,,m21hp33 1p33 thae2133 YD2lnpss ne331p5533 一会儿 直译看了 这下雨 停止mp21d31. 不行,failed,0.25,8,,A192,audio/192.mp3,PERMISSION_REQUIRED,扫描 OCR + 结构解析 + 音频配对 | 整理日期 2026-09,high
SANI400-193,SANI400,72,要打雷了。,亩睹哩啊。,m²¹ du²¹ lili³³ a³³,m²1du21 1133a33.,suspect,0.50,4,打雷 快要···…··了。,A193,audio/193.mp3,PERMISSION_REQUIRED,扫描 OCR + 结构解析 + 音频配对 | 整理日期 2026-09,high
SANI400-194,SANI400,72,这几天都没出太阳。,伊哪尼啰知玛朵卓。,li³³ nɒ³³ n³³ li⁰²1 ts³³ ³³ mɒ²¹ do³³ tso³³,133np33n33 1021ts33 33 mp21 do33tso33. 没出 直译这些天太阳,suspect,0.67,9,,A194,audio/194.mp3,PERMISSION_REQUIRED,扫描 OCR + 结构解析 + 音频配对 | 整理日期 2026-09,high
SANI400-195,SANI400,72,天晴起来了。,亩郭刀哩啊。,²¹ ⁹⁰³³ tɒ³³ li³³ a³³ m ·⁷³,21 9033 tp33133a33 m 直這译天晴起来了 十一、天气·73,suspect,0.50,6,,A195,audio/195.mp3,PERMISSION_REQUIRED,扫描 OCR + 结构解析 + 音频配对 | 整理日期 2026-09,high
SANI400-196,SANI400,73,太阳出来了。,啰知多突哩啦。,1o²¹ ts³³ do³³ thu²¹ li³³ c,1o21ts33do33thu21 133c 出 来了 直译太阳,suspect,0.50,6,,A196,audio/196.mp3,PERMISSION_REQUIRED,扫描 OCR + 结构解析 + 音频配对 | 整理日期 2026-09,high
SANI400-197,SANI400,73,今天太热了。,伊呢说啰糙。,li²¹ n³³ so2lili⁰²1 tshɒ³³,121n33 so211021 tshp33 热 直译 今天 非常,suspect,0.50,4,,A197,audio/197.mp3,PERMISSION_REQUIRED,扫描 OCR + 结构解析 + 音频配对 | 整理日期 2026-09,high
SANI400-198,SANI400,73,雾太大了，什么也看不见。,,nyu ³³ ⁰² li⁰²1 ze²¹ a³³ m3 ne mɒ²¹ di²¹ ⁷⁴· ⁴⁰0,"nyu 33 $021021 ze21, a3m3 ne 看见 直译雾 非常大 什么 也mp21dr21. 不行 74·石林撒尼口语400句",suspect,0.62,8,,A198,audio/198.mp3,PERMISSION_REQUIRED,扫描 OCR + 结构解析 + 音频配对 | 整理日期 2026-09,high
SANI400-199,SANI400,74,昨夜下霜了。,易咪尼召啦啊。,li⁵⁵ mi³³ ni³³ dlɒ³³ 1p5a³³,15mr33 nr33 dlp33 1p$5a33.,ok,0.80,5,昨夜霜下,A199,audio/199.mp3,PERMISSION_REQUIRED,扫描 OCR + 结构解析 + 音频配对 | 整理日期 2026-09,high
SANI400-200,SANI400,74,天冷了。,亩接啊。,m²¹ tce³³ a³³,m²1tce33a33.,suspect,0.67,3,天冷了,A200,audio/200.mp3,PERMISSION_REQUIRED,扫描 OCR + 结构解析 + 音频配对 | 整理日期 2026-09,high
SANI400-201,SANI400,74,白天渐渐短了。,勒勒哩喃呢腻蒿。,1y³³ li³³ li³³ ³³ n³³ nssxɒ³³ nen,"1y33133133 33n33 nssxD33. ne""""n",suspect,0.57,7,渐渐的 白天 短了,A201,audio/201.mp3,PERMISSION_REQUIRED,扫描 OCR + 结构解析 + 音频配对 | 整理日期 2026-09,high
SANI400-202,SANI400,74,刮北风了。,接师啵啊。,dze³³⁴³3 py³³ a³³,dze33433 py33a33,suspect,0.67,3,冷风翻了 十一、天气·75,A202,audio/202.mp3,PERMISSION_REQUIRED,扫描 OCR + 结构解析 + 音频配对 | 整理日期 2026-09,high
SANI400-203,SANI400,75,要下雪了。,佤召哩啊。 78·石林撒尼口语400句,vɒ²¹ dlɒ³³ 1r3a³³,vp21dlp33 1r?3a33.,suspect,0.67,3,雪下 快要······了,A203,audio/203.mp3,PERMISSION_REQUIRED,扫描 OCR + 结构解析 + 音频配对 | 整理日期 2026-09,high
SANI400-204,SANI400,78,要买什么？,阿咪弯？,a³³ mi³³ ve³³,a33mr33ve33?,ok,1.00,3,什么买,A204,audio/204.mp3,PERMISSION_REQUIRED,扫描 OCR + 结构解析 + 音频配对 | 整理日期 2026-09,high
SANI400-205,SANI400,78,我看看这件衣服。,敖一说帮替赊叉乃。,nɒ³³ ³³ ⁴⁰³³ pae³³ th²¹ ⁴³3 tsha³³ ne³³,np33 33 4033pae33 th21 433 tsha33 ne33.,suspect,0.50,8,我这衣服 件一下看,A205,audio/205.mp3,PERMISSION_REQUIRED,扫描 OCR + 结构解析 + 音频配对 | 整理日期 2026-09,high
SANI400-206,SANI400,78,还有什么颜色?,啊咪颜色卓噻?,a³³ mi³³ ze²¹ se²¹ tso³³ si²¹,a33mr33 ze21se21 tso33s121?,ok,1.00,6,什么 時颜色決有还,A206,audio/206.mp3,PERMISSION_REQUIRED,扫描 OCR + 结构解析 + 音频配对 | 整理日期 2026-09,high
SANI400-207,SANI400,78,有红色、黑色、蓝色和黄色五个颜色。,舒些玛、尼补玛、乃斑玛、潘喇玛喃诗朗玛奥哦卓。,phe³³1 ae²¹ mɒ³³ na³³ s³³1 ae³³ mɒ³³,phe331ae21mp33 na33 s331ae33mp33,ok,0.86,7,白色 红色 黑色 蓝色 和 黄色 五种有,A207,audio/207.mp3,PERMISSION_REQUIRED,扫描 OCR + 结构解析 + 音频配对 | 整理日期 2026-09,high
SANI400-208,SANI400,79,我喜欢白色。,，敖舒些玛乃当。,gb³³4 u³³ ci³³ mɒ³³ ne³³ tae³³,gb334u33cr3mp33 ne33tae33,ok,0.83,6,我 白色． 看上,A208,audio/208.mp3,PERMISSION_REQUIRED,扫描 OCR + 结构解析 + 音频配对 | 整理日期 2026-09,high
SANI400-209,SANI400,79,这件有点小了。,一替赊记绕念哈。,li³³ thi2li⁴³3 tci⁵⁵ zɒ²¹ na⁵⁵ xɒ³³,133th121433tcr5zp21 na55xp33,ok,0.83,6,这一件 一点 小了,A209,audio/209.mp3,PERMISSION_REQUIRED,扫描 OCR + 结构解析 + 音频配对 | 整理日期 2026-09,high
SANI400-210,SANI400,79,这个非常适合你。,一啦逼木尼活啊。,li³³1 p³³ pi³³ m³³ ni³³ x⁰³3 a³³,1331p33 pr3m33 n133 x033a33.,suspect,0.57,7,这个非 非常你合了 80·石林撒尼口语400句,A210,audio/210.mp3,PERMISSION_REQUIRED,扫描 OCR + 结构解析 + 音频配对 | 整理日期 2026-09,high
SANI400-211,SANI400,80,这件衣服要多少钱？,一说班替赊考哪哦安?,li³³ li⁰³3 pa³³ th2li⁴³3 np noss nae³³,"示133 1033pa33th21433 ""np' noss nae3了?",suspect,0.60,5,这 衣服 一件多少 要是,A211,audio/211.mp3,PERMISSION_REQUIRED,扫描 OCR + 结构解析 + 音频配对 | 整理日期 2026-09,high
SANI400-212,SANI400,80,五十五元。,奥侧奥招。,go⁵⁵ tsh³³ gɒ⁵⁵ ttɒ⁵⁵,go55tsh33gp55ttp55.,suspect,0.75,4,五十五元,A212,audio/212.mp3,PERMISSION_REQUIRED,扫描 OCR + 结构解析 + 音频配对 | 整理日期 2026-09,high
SANI400-213,SANI400,80,太贵了，能少一点吗?,普呀啊，记说滴滴噻?,phu²² zae²¹ a³³ tci⁵⁵ so²¹ di³³ di³³ si²¹,phu2²zae21a33， tcI5 so21 dr33dr33s121?,ok,1.00,8,贵了 一点少行行还,A213,audio/213.mp3,PERMISSION_REQUIRED,扫描 OCR + 结构解析 + 音频配对 | 整理日期 2026-09,high
SANI400-214,SANI400,80,不能少了。,说玛滴啊。,mɒ²¹ di³³ a³³ so³³,mp21d133 a33. So33 不能了 直译少,ok,1.00,4,,A214,audio/214.mp3,PERMISSION_REQUIRED,扫描 OCR + 结构解析 + 音频配对 | 整理日期 2026-09,high
SANI400-215,SANI400,81,好的，那我就选这件了。,呀啊，克日考安敖伊替赊哦啊。 84·石林撒尼口语400句,zɒ²¹ a³³ kh³³ z³³ qhɒ³³ na³³ nɒ³³³³ th²⁴³³ nossa³³,zD²1a33，kh33z33qhD3na33nD3333 th2433 直這译好的 那样 若是 我这一件nossa33. 要了,suspect,0.56,9,,A215,audio/215.mp3,PERMISSION_REQUIRED,扫描 OCR + 结构解析 + 音频配对 | 整理日期 2026-09,high
SANI400-216,SANI400,84,这包东西有多少斤?,‧伊糯嗯替唧考孬知卓?,,r33 no5nr21 th21e33 qb3np33 ts3tso33?,failed,0.43,7,这东西 一包　多少 斤有,A216,audio/216.mp3,PERMISSION_REQUIRED,扫描 OCR + 结构解析 + 音频配对 | 整理日期 2026-09,high
SANI400-217,SANI400,84,有三斤。,色知卓。,su³³ tsn3 tso³³,su33tsn3 tso33.,suspect,0.50,2,三斤有,A217,audio/217.mp3,PERMISSION_REQUIRED,扫描 OCR + 结构解析 + 音频配对 | 整理日期 2026-09,high
SANI400-218,SANI400,84,这是什么颜色?,伊啦阿咪色安?,li³³1 ɒ³³ a³³ m³³ si²¹ nae³³,1331D33 a33m33 sr21 nae33?,ok,0.83,6,这个什么色是,A218,audio/218.mp3,PERMISSION_REQUIRED,扫描 OCR + 结构解析 + 音频配对 | 整理日期 2026-09,high
SANI400-219,SANI400,84,你穿多大尺码的鞋子?,你吃呐考呀得卓安?,,nr33tsh3n55 eeostmpezeeab nae33?,failed,0.33,3,你 鞋子 多大穿着是 十三、比较·85,A219,audio/219.mp3,PERMISSION_REQUIRED,扫描 OCR + 结构解析 + 音频配对 | 整理日期 2026-09,high
SANI400-220,SANI400,85,我比你矮一点。,，敖你哪玛把记绕咪喃。,ni ³³,nr 33,ok,1.00,1,我你 多于 一点 矮,A220,audio/220.mp3,PERMISSION_REQUIRED,扫描 OCR + 结构解析 + 音频配对 | 整理日期 2026-09,high
SANI400-221,SANI400,85,她比妹妹大三岁。,克日克讷玛色括样啦。,,kh33z33kh33 aw.mu 55 33 su$$qho21 zae2110ss.,failed,0.00,7,他 他妹妹 三年 大,A221,audio/221.mp3,PERMISSION_REQUIRED,扫描 OCR + 结构解析 + 音频配对 | 整理日期 2026-09,high
SANI400-222,SANI400,85,我的父亲看上去比母亲老一点。,敖保乃啦日敖妈哪玛把记莫。 86·石林撒尼口语400句,bɒ²¹ ne³³1 pss z³³ n⁰³3 nɒ³³ mp ³³ nɒ³³ mɒ²¹ bɒ²¹ tc⁵⁵ mo²¹,bp21 ne331pss z33 n033 np33 mp 33np3mp21bp21 tc55 mo21.,suspect,0.64,11,我  父亲  看着 我 母亲 多于 一点老,A222,audio/222.mp3,PERMISSION_REQUIRED,扫描 OCR + 结构解析 + 音频配对 | 整理日期 2026-09,high
SANI400-223,SANI400,86,这条河只有那条河的三分之一长。,伊日少啦日克啦高色波替波里卓。,li³³ z³³4 ɒ2li1p³³ z³³ kh³³1 p³³ kɒ³³ su³³ bu³³ thi²¹ bu³³ li⁵⁵ ts⁰³3,133z334D211p33z33kh331p33kp33 那个su33bu33th121bu33 155 ts033.,suspect,0.54,13,这  河水 仅仅有 三分之一,A223,audio/223.mp3,PERMISSION_REQUIRED,扫描 OCR + 结构解析 + 音频配对 | 整理日期 2026-09,high
SANI400-224,SANI400,86,这条路有多宽?,伊高玛考宽卓?,,,failed,0.00,0,这路 各，多宽有,A224,audio/224.mp3,PERMISSION_REQUIRED,扫描 OCR + 结构解析 + 音频配对 | 整理日期 2026-09,high
SANI400-225,SANI400,86,他跑得比你快。,克你哪玛把江止。,,,failed,0.00,0,他你 多于跑快,A225,audio/225.mp3,PERMISSION_REQUIRED,扫描 OCR + 结构解析 + 音频配对 | 整理日期 2026-09,high
SANI400-226,SANI400,86,我的肤色比他黑。,敖寺好克敖玛把乃斑。,ɒ³³ sxn²¹ kh³³ yɒ³³ 1 mɒ2lbɒ²¹ ne³³ ba³³,D33 sxn21 kh33yD33 1 mp2lbp21 ne33ba33.,suspect,0.57,7,我 血肉 他的 多于 黑,A226,audio/226.mp3,PERMISSION_REQUIRED,扫描 OCR + 结构解析 + 音频配对 | 整理日期 2026-09,high
SANI400-227,SANI400,87,这棵树有多高?,伊斯资啦考木卓?,³³ s3ts³³ li⁰³3 qɒ³³ m³³ tso³³,33 s3ts33 1033 qD33m33 tso33?,suspect,0.50,6,这树 多高有,A227,audio/227.mp3,PERMISSION_REQUIRED,扫描 OCR + 结构解析 + 音频配对 | 整理日期 2026-09,high
SANI400-228,SANI400,87,大人比小孩多。,搓样阿呢哪玛保闹。 90·石林撒尼口语400句,tsho³³ ze²¹ a2lnu³³ nɒ³³ mɒ2lbɒ²¹ npss,tsho33ze21 a²lnu33 np3mp2lbp21 npss.,suspect,0.50,6,人大小孩 多于 多,A228,audio/228.mp3,PERMISSION_REQUIRED,扫描 OCR + 结构解析 + 音频配对 | 整理日期 2026-09,high
SANI400-229,SANI400,90,火把节到了，你准备穿汉装还是彝族服装?,若烧尼则希吃啦啊，你尼说围失歇说围哩安？,z⁰³³⁴⁰³3 n²¹ tsi³³ tsh³³ li⁰⁵5 a³³ ni³³ ni2li⁴⁰³³ vi²¹ sn³³ ge⁵⁵⁴⁰³³ vi²¹ li³³ gae³³,"Z0334033n21tsr33 tsh33 1055a33, nr33 n1214033 到了 你彝服 直．译六月二十四v121 sn33 Ge554033 vI21 13'gae33? 穿还是汉服 穿",suspect,0.64,14,,A229,audio/229.mp3,PERMISSION_REQUIRED,扫描 OCR + 结构解析 + 音频配对 | 整理日期 2026-09,high
SANI400-230,SANI400,90,我想穿彝族服装、戴包头、背民族包包。,敖赌啦日尼说姑围高哦结姑德，谢波姑补。,p³³ du2li1ps5z³³ ni2li⁴⁰³³ ku³³ vi²¹ kɒ³³ ⁰⁵ sde²¹ ku³³ dx²¹ ce⁵⁵ bu³³ ku³³ bu²¹,"p33 du211ps5z33 n1214033 ku33v121 kp33 05sde21 彝服 穿然后 包头 直译我打算ku33dx21, ce55bu33 ku33bu21 戴 挎包 背",suspect,0.64,14,,A230,audio/230.mp3,PERMISSION_REQUIRED,扫描 OCR + 结构解析 + 音频配对 | 整理日期 2026-09,high
SANI400-231,SANI400,90,你穿彝族服装更漂亮。,，尼你说姑围哩多志澈。 十四、衣着·91,ni2li⁴⁰³³ ku³³ vi²¹ li³³ t⁰³3 sn5s tshuss ni³³,"n,r214033 ku33v121 133 t033sn5s tshuss. nr33",suspect,0.50,6,你 彝服 穿 更加 美,A231,audio/231.mp3,PERMISSION_REQUIRED,扫描 OCR + 结构解析 + 音频配对 | 整理日期 2026-09,high
SANI400-232,SANI400,91,彝族男子穿麻布褂子好看。,尼微绕偌日自舒挎子姑围哩奈搔。,ni1v³³ zɒ²¹ z⁰³3 z³³ ts⁵⁵4 u³³ khuas5ts²¹ ku³³ vi²¹ lili³³ ne³³ sɒ³³,n11v33 zD21z033 z33 ts554u33 khuas5ts21 ku33v121 1133 ne33sp33,suspect,0.50,12,彝家 男子 麻白褂子 穿 看好,A232,audio/232.mp3,PERMISSION_REQUIRED,扫描 OCR + 结构解析 + 音频配对 | 整理日期 2026-09,high
SANI400-233,SANI400,91,这条裤子太长了。,伊稍班啦夏哈。,,"133 4D$pe33 1p33 CE""'xD 33vn33",failed,0.20,5,这 裤子 长了,A233,audio/233.mp3,PERMISSION_REQUIRED,扫描 OCR + 结构解析 + 音频配对 | 整理日期 2026-09,high
SANI400-234,SANI400,91,鞋带松了。,痴呢接者哈。 94·石林撒尼口语400句,tsh³³ ns³³ tce³³ du²¹ xɒ³³,tsh33ns33 tce33 du21xp33.,suspect,0.60,5,鞋 带子 松了,A234,audio/234.mp3,PERMISSION_REQUIRED,扫描 OCR + 结构解析 + 音频配对 | 整理日期 2026-09,high
SANI400-235,SANI400,94,喂！是老李吗?,喂！老李安安？,vae lpi¹⁵ nae³³ nae³³,vae! lp11?5 nae3nae33?,suspect,0.67,3,喂！老李是是,A235,audio/235.mp3,PERMISSION_REQUIRED,扫描 OCR + 结构解析 + 音频配对 | 整理日期 2026-09,high
SANI400-236,SANI400,94,不是！他不在，你哪位？,玛安！克玛卓啦，你啊搔安？,mɒ2nae³³ khi³³ mɒ²¹ tso³³1 p⁵⁵ ni³³ a²¹ sɒ³³ nae³³,"mp2'nae33! kh133 mp21tso331p55, n133 α²1sp33nae33?",suspect,0.78,9,不是! 他不在 你 哪位 是,A236,audio/236.mp3,PERMISSION_REQUIRED,扫描 OCR + 结构解析 + 音频配对 | 整理日期 2026-09,high
SANI400-237,SANI400,94,我是小杨。,敖小杨按。,nɒ³³ cip3ze²¹ naess,np33cip3ze21 naess,suspect,0.67,3,我小杨是,A237,audio/237.mp3,PERMISSION_REQUIRED,扫描 OCR + 结构解析 + 音频配对 | 整理日期 2026-09,high
SANI400-238,SANI400,94,老师在家吗?,细知酣哥卓卓啦?,,c133ts33hae33g m6 --33 tso33ts0331p55?,failed,0.43,7,老师 房里在在啦,A238,audio/238.mp3,PERMISSION_REQUIRED,扫描 OCR + 结构解析 + 音频配对 | 整理日期 2026-09,high
SANI400-239,SANI400,95,请稍等一会儿，我去叫他。,替把绕说啦，敖哩克案日。,,,failed,0.00,0,一会儿 等着我他 喊去,A239,audio/239.mp3,PERMISSION_REQUIRED,扫描 OCR + 结构解析 + 音频配对 | 整理日期 2026-09,high
SANI400-240,SANI400,95,你有什么事？,你阿咪始卓?,ni³³ a³³ mi³³ g²¹ tso³³ ge³³,n133α33mr33g21 tso33ge33?,ok,0.83,6,你什么事有是,A240,audio/240.mp3,PERMISSION_REQUIRED,扫描 OCR + 结构解析 + 音频配对 | 整理日期 2026-09,high
SANI400-241,SANI400,95,昨天的事办得怎么样？,易尼史拉箍考日道啦? 96·石林撒尼口语400句,,rn33s1²1p33 ku33 qhb33 issalssa elz,failed,0.33,6,昨天事 做 怎样 成了,A241,audio/241.mp3,PERMISSION_REQUIRED,扫描 OCR + 结构解析 + 音频配对 | 整理日期 2026-09,high
SANI400-242,SANI400,96,非常顺利。,逼木箍扎。,ku³³ tsa²¹,ku33 tsa21,ok,1.00,2,非常做好,A242,audio/242.mp3,PERMISSION_REQUIRED,扫描 OCR + 结构解析 + 音频配对 | 整理日期 2026-09,high
SANI400-243,SANI400,96,好的，再见！,呀啊，一日按啊。 （注：撒尼语习惯一般不说“再见”，而是说成“那就这样了”）,zɒ³³ a³³ ³³³³,"ZD33α33, 33.33 直這译好的 那就这样了",suspect,0.67,3,,A243,audio/243.mp3,PERMISSION_REQUIRED,扫描 OCR + 结构解析 + 音频配对 | 整理日期 2026-09,high
SANI400-244,SANI400,96,他家的电话号码是多少？,克微电话号码考哪安？,khi³³ vi³³ tie²¹ xua²¹ xɒ²¹ ma³³ q2b³³ n3ga³³,kh133v133tie21xua21 xp21ma3 q²b33n3ga3,suspect,0.75,8,他家电话号码多少是,A244,audio/244.mp3,PERMISSION_REQUIRED,扫描 OCR + 结构解析 + 音频配对 | 整理日期 2026-09,high
SANI400-245,SANI400,96,他不在家、有事出去了,克酣哥玛卓啦，始卓高勒突纸啊。,kh³³ hae³³ gu³³ mɒ²¹ tso³³1 ps5sm²¹ tso³³ kɒ³³ 1y²¹ thu²¹ dz²¹ a³³,kh33hae33gu33 mp21tso331ps5sm21tso33 kp33 1y21thu21dz21 a33.,suspect,0.67,12,他家里 没在 事有 出去了,A245,audio/245.mp3,PERMISSION_REQUIRED,扫描 OCR + 结构解析 + 音频配对 | 整理日期 2026-09,high
SANI400-246,SANI400,97,那我过一会儿再打过来,克日考安，敖替吧道高打多哩。,kh³³ z³³ q2b³² na³³ nɒ³³ thi²¹ pa³³ tos kɒ³³ dae²¹ do³³ lili³³,kh33z33 q²b3²na33， np33 thr21pa3tos kD33dae21 do331133.,suspect,0.55,11,那样. 要是 我 一会儿 打来,A246,audio/246.mp3,PERMISSION_REQUIRED,扫描 OCR + 结构解析 + 音频配对 | 整理日期 2026-09,high
SANI400-247,SANI400,97,我会转告他的。,敖罢克舍个已。 100·石林撒尼口语400句,,lssmy ceme eeyYeea cea 县国 55.33,failed,0.00,1,我说他给会,A247,audio/247.mp3,PERMISSION_REQUIRED,扫描 OCR + 结构解析 + 音频配对 | 整理日期 2026-09,high
SANI400-248,SANI400,100,你的脸色不好。,你似好玛扎。,ni³³ s5x²¹ n mɒ²¹ tsa²¹,示nr3 s5x21 n mp21tsa21,suspect,0.75,4,你脸色】 不好,A248,audio/248.mp3,PERMISSION_REQUIRED,扫描 OCR + 结构解析 + 音频配对 | 整理日期 2026-09,high
SANI400-249,SANI400,100,你哪里不舒服?,你考搭卓绍?,ni³² qhb³³ ta³³ tso³³ spss,n13²qhb33ta33 tso3spss?,suspect,0.60,5,你哪里 难受,A249,audio/249.mp3,PERMISSION_REQUIRED,扫描 OCR + 结构解析 + 音频配对 | 整理日期 2026-09,high
SANI400-250,SANI400,100,全身没有劲。,替哥波敖玛卓。,th²¹ ku³³ bu³³ yɒ²¹ mɒ²¹ tso³³,th21 ku33bu33 YD21 mp21tso33.,ok,0.83,6,一 身体 力气没有,A250,audio/250.mp3,PERMISSION_REQUIRED,扫描 OCR + 结构解析 + 音频配对 | 整理日期 2026-09,high
SANI400-251,SANI400,100,你是不是感冒了？,哪央当啦昂昂?,ni³² nɒ³³ za³³ te³³1 n⁵⁵ na³³ nae³³,nr3² np33za33 te331n55 na3nae33?,ok,0.86,7,你 感冒 着了 是是 十六、看病·101,A251,audio/251.mp3,PERMISSION_REQUIRED,扫描 OCR + 结构解析 + 音频配对 | 整理日期 2026-09,high
SANI400-252,SANI400,101,发烧了吗?,格好烫烫?,ku³³ xɒ²¹ thas5tha⁵⁵,ku33xp21 thas5tha55?,suspect,0.67,3,身肉烫烫,A252,audio/252.mp3,PERMISSION_REQUIRED,扫描 OCR + 结构解析 + 音频配对 | 整理日期 2026-09,high
SANI400-253,SANI400,101,头疼不疼?,哦果哪哪?,o⁵⁵ qo²¹ nb³³ nɒ³³,o55qo21 nb33np33?,suspect,0.75,4,头痛痛,A253,audio/253.mp3,PERMISSION_REQUIRED,扫描 OCR + 结构解析 + 音频配对 | 整理日期 2026-09,high
SANI400-254,SANI400,101,头疼得厉害。,哦果说啰哪。,li²⁰ bss0 o2lili⁰²1 nɒ³³,120bss0 $o211021np33.,suspect,0.67,3,头 非常 痛,A254,audio/254.mp3,PERMISSION_REQUIRED,扫描 OCR + 结构解析 + 音频配对 | 整理日期 2026-09,high
SANI400-255,SANI400,101,吃点药，好好休息一下。,哪此借志，扎扎哩替把翱闹。,nɒ³³ tsh²¹ tci⁵⁵ ts⁵⁵ tsa2ltsa2lili³³ thi²¹ pa³³,np33tsh21 tcr55 ts55，tsa²ltsa²1133 th121pa33,suspect,0.57,7,药 —点儿喝好好 一会儿 yD2'npss. 休息,A255,audio/255.mp3,PERMISSION_REQUIRED,扫描 OCR + 结构解析 + 音频配对 | 整理日期 2026-09,high
SANI400-256,SANI400,102,吃得下饭吗？,遭早多滴滴？,tsɒ³³ dzɒ²¹ do³³ di²¹ di²¹,tsp33 dzp21do33dr21dr21?,ok,1.00,5,饭吃能行行,A256,audio/256.mp3,PERMISSION_REQUIRED,扫描 OCR + 结构解析 + 音频配对 | 整理日期 2026-09,high
SANI400-257,SANI400,102,一顿只能吃一小点。,替遮借扰哩早此。,th²¹ tu³³ tci⁵⁵ z2li1r⁵⁵ dzɒ²¹ tsh²¹,th21tu33 tcr5z²11r55dzp²1tsh21.,suspect,0.50,6,一顿 一小点 吃能,A257,audio/257.mp3,PERMISSION_REQUIRED,扫描 OCR + 结构解析 + 音频配对 | 整理日期 2026-09,high
SANI400-258,SANI400,102,现在感觉好点了吗？,俺安借卓扎扎卓?,a2lne³³ tci⁵⁵ tso³³ tsa²¹ tsa²¹ tso³³,a²lne33 tcr5 tso33tsa21tsa21tso33?,ok,0.83,6,现在 王一点在好好在 十六、看病·103,A258,audio/258.mp3,PERMISSION_REQUIRED,扫描 OCR + 结构解析 + 音频配对 | 整理日期 2026-09,high
SANI400-259,SANI400,103,好多了。,考哪扎哈啦啊。,qhɒ³³ nɒ³³ tsa²¹ xɒ³³1 p⁵⁵ a³³,qhp33np33tsa²1 xp331p55a33,ok,0.83,6,很多 好了,A259,audio/259.mp3,PERMISSION_REQUIRED,扫描 OCR + 结构解析 + 音频配对 | 整理日期 2026-09,high
SANI400-260,SANI400,103,请开点中药给我。,释班哪此借开敖比哩。,,spa33 np33tsh21 tcrs khae²p33br2133,failed,0.40,5,草根 药 一点开我给,A260,audio/260.mp3,PERMISSION_REQUIRED,扫描 OCR + 结构解析 + 音频配对 | 整理日期 2026-09,high
SANI400-261,SANI400,103,你肚子痛有多长时间了?,，你伊逼哪考哪啰阿？,ni³³ ²¹ pi³³ nɒ³³ qɒ³³ no³³ 1o²¹ a³³,"nr33 21pr33np33 q""p33no33 1o21a33?",suspect,0.75,8,你肚子痛多久有了,A261,audio/261.mp3,PERMISSION_REQUIRED,扫描 OCR + 结构解析 + 音频配对 | 整理日期 2026-09,high
SANI400-262,SANI400,103,一个多星期了。,替星期玛把啰啦。,thi²¹ ci³³ tch³³ mɒ²¹ bɒ²¹ 1o2li1p⁵⁵,thr21c133tch33mp21bp21 1o211p55.,suspect,0.67,6,一星期多于 電有了,A262,audio/262.mp3,PERMISSION_REQUIRED,扫描 OCR + 结构解析 + 音频配对 | 整理日期 2026-09,high
SANI400-263,SANI400,104,要打针。,额打若。,y³³ de²¹ zo⁵⁵,y33de21zo55.,suspect,0.67,3,针打需要,A263,audio/263.mp3,PERMISSION_REQUIRED,扫描 OCR + 结构解析 + 音频配对 | 整理日期 2026-09,high
SANI400-264,SANI400,104,需要住院吗?,哪姑堵卓啦若若？,ssalecost ienpeenyeeau z⁰³3 zo³³,ssalecost Ienpeenyeeau Z033 zo33?,suspect,0.50,2,医院 在着需要需要,A264,audio/264.mp3,PERMISSION_REQUIRED,扫描 OCR + 结构解析 + 音频配对 | 整理日期 2026-09,high
SANI400-265,SANI400,104,不需要住院，打打针，再吃点药就好了。,卓啦玛若，额差当，哪此借志扎滴啊。,mo²¹ z⁰³3 yu²¹ tsha³³ de²¹ nɒ³³ tsh²¹ tso³³1 p⁵⁵ tsns tsa2idi²¹ a³³ grss,"mo²1z033, yu21tsha33de21, np3tsh21 tso331p55tsn$s tsa2idr21a33. GrSs",suspect,0.58,12,在着 不必 针 打药 一点喝好能行 十六、看病·105,A265,audio/265.mp3,PERMISSION_REQUIRED,扫描 OCR + 结构解析 + 音频配对 | 整理日期 2026-09,high
SANI400-266,SANI400,105,出血了。,似朵卓阿。,,'eeDeeosteenpsss,failed,0.00,1,血出 了,A266,audio/266.mp3,PERMISSION_REQUIRED,扫描 OCR + 结构解析 + 音频配对 | 整理日期 2026-09,high
SANI400-267,SANI400,105,让医生包扎一下。,哪姑搓个特呗。,nɒ³³ ku³³ tsho³³ g qes5 th³³ pe³³,np33ku33tsho33g qes5 th33pe33,ok,0.80,5,医生 让包扎,A267,audio/267.mp3,PERMISSION_REQUIRED,扫描 OCR + 结构解析 + 音频配对 | 整理日期 2026-09,high
SANI400-268,SANI400,105,我感觉非常痛。,敖说啰哪按。 108·石林撒尼口语400句,gɒ³³ g⁰²1 o²¹ nɒ³³ gess,gp33 g021o21 np33 gess.,ok,0.80,5,我非常痛是,A268,audio/268.mp3,PERMISSION_REQUIRED,扫描 OCR + 结构解析 + 音频配对 | 整理日期 2026-09,high
SANI400-269,SANI400,108,我要照一张相。,敖相替招照。,nɒ³³ ca⁵⁵ thi²¹ tɒ³³,np33 ca55 thr21 tp33,ok,1.00,4,我相 一张照,A269,audio/269.mp3,PERMISSION_REQUIRED,扫描 OCR + 结构解析 + 音频配对 | 整理日期 2026-09,high
SANI400-270,SANI400,108,你要照多大的？,你考呀照氏堵？,ni³³ qhɒ³³ zae³³ t iznpeeip ssas,n133qhD3zae33t iznPeeIP ssas,suspect,0.75,4,你多大 照打想,A270,audio/270.mp3,PERMISSION_REQUIRED,扫描 OCR + 结构解析 + 音频配对 | 整理日期 2026-09,high
SANI400-271,SANI400,108,五寸就行。,奥疵就滴啊。,nɒ⁵⁵ tsh⁵⁵ tciu⁵⁵ di²¹ a³³,示np$5tsh55 tciu55 dr²1a33.,ok,0.80,5,五寸就 行了,A271,audio/271.mp3,PERMISSION_REQUIRED,扫描 OCR + 结构解析 + 音频配对 | 整理日期 2026-09,high
SANI400-272,SANI400,108,请坐好，要照了。,箍尼扎，照哩啊。,,"ku33n33tsa21, tsps5133@33",failed,0.40,5,坐好 照了 十七、照相·109,A272,audio/272.mp3,PERMISSION_REQUIRED,扫描 OCR + 结构解析 + 音频配对 | 整理日期 2026-09,high
SANI400-273,SANI400,109,冲洗几张?,考哪招此?,qhɒ³³ nɒ³³ t ttɒ³³ tsh²¹,qhp33np33t ttp33 tsh21?,suspect,0.75,4,多少 张洗,A273,audio/273.mp3,PERMISSION_REQUIRED,扫描 OCR + 结构解析 + 音频配对 | 整理日期 2026-09,high
SANI400-274,SANI400,109,两张。,尼招。,n²¹ tɒ³³,n²1tD33,suspect,0.50,2,两张,A274,audio/274.mp3,PERMISSION_REQUIRED,扫描 OCR + 结构解析 + 音频配对 | 整理日期 2026-09,high
SANI400-275,SANI400,109,什么时候取?,考替个高微当滴?,qhɒ³³ thi²¹ kus5 kɒ³³ vi³³ tae³³ di²¹,qhp33th121kus5 kp33 v133tae33 dr21?,ok,0.83,6,什么时候 拿到  能,A275,audio/275.mp3,PERMISSION_REQUIRED,扫描 OCR + 结构解析 + 音频配对 | 整理日期 2026-09,high
SANI400-276,SANI400,109,一个星期后来拿。,替星期都漫高微哩。,thi²¹ ci³³ tch³³ du³³ ma⁵⁵ kɒ³³ vi³³ li³³,th121c13tch33 du33ma55kp33v13133.,ok,0.88,8,一星期 以后 拿来,A276,audio/276.mp3,PERMISSION_REQUIRED,扫描 OCR + 结构解析 + 音频配对 | 整理日期 2026-09,high
SANI400-277,SANI400,110,请把你的名字写下来。,你敖漫郭到。 112·石林撒尼口语400句,ni³³ yɒ³³ me³³ go³³ to⁵⁵,nr33yp33me33 go33to55.,ok,1.00,5,你的名 写下,A277,audio/277.mp3,PERMISSION_REQUIRED,扫描 OCR + 结构解析 + 音频配对 | 整理日期 2026-09,high
SANI400-278,SANI400,112,师傅！我想理发。,，来格！敖哦策捏尼堵按。,le²¹ kur⁵⁵ gɒ³³ o⁵⁵ tshu³³ he³³ n³³ du²¹ gaess,le21kur55！gp33o55tshu33 he33 n33du21 gaess.,ok,0.89,9,师傅 我头发 剪 打想 是,A278,audio/278.mp3,PERMISSION_REQUIRED,扫描 OCR + 结构解析 + 音频配对 | 整理日期 2026-09,high
SANI400-279,SANI400,112,你要剪什么样的？,你考日捏尼堵?,,"n,133 q²D3333 iznpeeueeot",failed,0.33,3,你、怎样剪打想,A279,audio/279.mp3,PERMISSION_REQUIRED,扫描 OCR + 结构解析 + 音频配对 | 整理日期 2026-09,high
SANI400-280,SANI400,112,好看就行。,奈扫卓滴啊。,ne³³ sɒ³³ t tso⁵⁵ di²¹ a³³,ne33sp33 t tso55 dr21a33.,ok,1.00,5,看好就 行了,A280,audio/280.mp3,PERMISSION_REQUIRED,扫描 OCR + 结构解析 + 音频配对 | 整理日期 2026-09,high
SANI400-281,SANI400,112,剪一次发要多少钱？。,替几捏考哪哦安？,eeaueeayb ge³³ noss,eeaueeayb ge33? noss,suspect,0.50,2,一次剪多少 要是 十八、理发·113,A281,audio/281.mp3,PERMISSION_REQUIRED,扫描 OCR + 结构解析 + 音频配对 | 整理日期 2026-09,high
SANI400-282,SANI400,113,5元。,奥照。,nɒ⁵⁵ dl⁵⁵,np5dl55.,suspect,0.50,2,五元,A282,audio/282.mp3,PERMISSION_REQUIRED,扫描 OCR + 结构解析 + 音频配对 | 整理日期 2026-09,high
SANI400-283,SANI400,113,这个地方剪的不太好，重新修剪一下。,"伊哒捏玛扎啦,替把捏拔哦。",mɒ²¹ tsa2li1p5 th²¹ pa³³ ne³³ bu³³ goss,"mp21tsa211p5, th21pa33 剪没好 下 直 译 这里ne33bu33goss. 剪返要",ok,0.83,6,,A283,audio/283.mp3,PERMISSION_REQUIRED,扫描 OCR + 结构解析 + 音频配对 | 整理日期 2026-09,high
SANI400-284,SANI400,113,我要染头发。,敖哦策豁哩按。 114·石林撒尼口语400句,⁵⁵ nɒ³³ o⁵⁵ tshu³³ x⁰³3 li³³ nae,55 np33o55tshu33x033 133 nae,suspect,0.71,7,我头发染 要,A284,audio/284.mp3,PERMISSION_REQUIRED,扫描 OCR + 结构解析 + 音频配对 | 整理日期 2026-09,high
SANI400-285,SANI400,114,我想洗头发,敖哦策此尼堵。 116·石林撒尼口语400句,nɒ³³ o⁵⁵ tshu³³ tsh²¹ n³³ du²¹,np33o55tshu33tsh21n33du21.,suspect,0.67,6,我头发洗心想,A285,audio/285.mp3,PERMISSION_REQUIRED,扫描 OCR + 结构解析 + 音频配对 | 整理日期 2026-09,high
SANI400-286,SANI400,116,欢迎光临！,乐木乐资哩！,,,failed,0.00,0,,A286,audio/286.mp3,PERMISSION_REQUIRED,扫描 OCR + 结构解析 + 音频配对 | 整理日期 2026-09,high
SANI400-287,SANI400,116,请坐！,姑尼江！,ku³³ n³³ tge³³,ku33n33 tGe33!,suspect,0.67,3,坐赶快,A287,audio/287.mp3,PERMISSION_REQUIRED,扫描 OCR + 结构解析 + 音频配对 | 整理日期 2026-09,high
SANI400-288,SANI400,116,打扰你了。,你苔者当啊。,nor³³ the³³ dlur³³ tae³³ a³³,nor33the33dlur33tae33a33,ok,1.00,5,你打扰了,A288,audio/288.mp3,PERMISSION_REQUIRED,扫描 OCR + 结构解析 + 音频配对 | 整理日期 2026-09,high
SANI400-289,SANI400,116,想吃点什么？,啊咪几早尼堵？,a³³ m³³ tcrdzɒ²¹ n³³ du²¹ ·lili7,a33m33 tcrdzp21 n33du21? 打算 直译什么一点吃 十九、餐馆·117,suspect,0.50,6,,A289,audio/289.mp3,PERMISSION_REQUIRED,扫描 OCR + 结构解析 + 音频配对 | 整理日期 2026-09,high
SANI400-290,SANI400,117,这儿有什么特色菜?,伊搭阿咪哦借冒地里耶？,li³³ ta³³ a³³ mi³³ yo²¹ tce⁵⁵ mɒ²¹ ti⁵⁵ li³³ ze³³,133ta33a33mr3， yo21tce55 mp21t155133ze33?,ok,1.00,10,这儿什么菜 不寻常,A290,audio/290.mp3,PERMISSION_REQUIRED,扫描 OCR + 结构解析 + 音频配对 | 整理日期 2026-09,high
SANI400-291,SANI400,117,"我们这里主要有牛肉、羊肉、乳饼、荞粑粑蜂蜜,",敖伊搭日尼好、七好、七革、搞八枣日砸，额卜 几喃卓。,,"na²133ta33z33n21x²1、tch21x²1、tch²gu²1ed,_ab 21n.33 dlp21z33tsa55, yu2'pu33e133 ne3tso33",failed,0.35,17,我们这里 牛肉羊肉 乳饼 荞粑蜂蜜蘸 骨头参 也有,A291,audio/291.mp3,PERMISSION_REQUIRED,扫描 OCR + 结构解析 + 音频配对 | 整理日期 2026-09,high
SANI400-292,SANI400,117,喝什么酒呢?,阿咪知志？,a³³ mi³³ ts³³ tsns5,α3mr33 ts33 tsns5?,suspect,0.50,4,什么 酒喝,A292,audio/292.mp3,PERMISSION_REQUIRED,扫描 OCR + 结构解析 + 音频配对 | 整理日期 2026-09,high
SANI400-293,SANI400,118,彝家包谷酒好喝。,尼微烧布知哩志扎。,,n121v33 essss eel eelseendeas 33..,failed,0.33,3,彝家包谷酒 喝好,A293,audio/293.mp3,PERMISSION_REQUIRED,扫描 OCR + 结构解析 + 音频配对 | 整理日期 2026-09,high
SANI400-294,SANI400,118,那我要多喝一点。,，克日考安敖多志借志哩按。,kh³³ z³³ qhɒ³² na³³ nɒ³³ to³³ ts5s tci⁵⁵ · tsi¹³3 gaess,kh33z33qhD3²na33np33to33ts5s tc155 直·译那样 若是 我多的一点ts$$1133gaess. 喝要,suspect,0.56,9,,A294,audio/294.mp3,PERMISSION_REQUIRED,扫描 OCR + 结构解析 + 音频配对 | 整理日期 2026-09,high
SANI400-295,SANI400,118,主食有些什么？,早都阿咪借卓?,dzɒ²¹ tu³³ a³³ mi³³,dzp²1tu33a33mr33,ok,1.00,4,吃的 什么一些有 十九、餐馆·119,A295,audio/295.mp3,PERMISSION_REQUIRED,扫描 OCR + 结构解析 + 音频配对 | 整理日期 2026-09,high
SANI400-296,SANI400,119,白米饭、玉米饭，还有荞疙瘩饭。,切玛、烧布斯玛，搞丝玛喃卓。,th³³ mɒ³³ sɒ³³ pu³³ s³³ m⁰³3 qɒ²¹ s3m³³ ne³³ tso³³,"th33mp33、sD3pu33s33m033, qp21s3m33 ne33tso33",suspect,0.60,10,米饭 玉米饭 荞麦饭 也有,A296,audio/296.mp3,PERMISSION_REQUIRED,扫描 OCR + 结构解析 + 音频配对 | 整理日期 2026-09,high
SANI400-297,SANI400,119,慢慢吃，慢慢喝。,样样哩早，样样哩志。,,3333d2333,failed,0.00,2,慢慢地 吃慢慢地 喝,A297,audio/297.mp3,PERMISSION_REQUIRED,扫描 OCR + 结构解析 + 音频配对 | 整理日期 2026-09,high
SANI400-298,SANI400,119,这里的饭菜做得非常可口！,伊搭糟喃哦喃，说啰古扎啊！,li³³ ta³³ tsɒ³³ nae³³ yo²¹ nae³³ so2li⁰²1 ku³³ tsa²¹ a³³,"133ta33 tsp3nae33 yo21nae33, so21021ku33tsa21 a33!",ok,0.90,10,这里饭香 菜香非常 做好 120·石林撒尼口语400句,A298,audio/298.mp3,PERMISSION_REQUIRED,扫描 OCR + 结构解析 + 音频配对 | 整理日期 2026-09,high
SANI400-299,SANI400,120,没有什么菜。,，啊咪哦喃玛卓。,a³³ mi³³ yo²¹ nae ³³ mɒ²¹ tso³³,a3mr33yo21 nae 33 mp21tso33,ok,1.00,6,什么菜也没有,A299,audio/299.mp3,PERMISSION_REQUIRED,扫描 OCR + 结构解析 + 音频配对 | 整理日期 2026-09,high
SANI400-300,SANI400,120,吃饱喝足了。,早波志波啊。,dzɒ²¹ bu³³ tsbu³³ a³³,dzp²1bu33 ts$bu3a33.,ok,1.00,4,吃饱喝饱了,A300,audio/300.mp3,PERMISSION_REQUIRED,扫描 OCR + 结构解析 + 音频配对 | 整理日期 2026-09,high
SANI400-301,SANI400,120,算一下，该收多少?,提八索，考哪当啦？,,"thr2'pa33so55, qp33nr tae33 1p55?",failed,0.40,5,一下算多少 着了,A301,audio/301.mp3,PERMISSION_REQUIRED,扫描 OCR + 结构解析 + 音频配对 | 整理日期 2026-09,high
SANI400-302,SANI400,120,慢走！,勒勒哩遏！ （注：在撒尼语中没有说“再见”的习惯，告别时一般说“慢走！”）,lu³¹ u³³ li³³ y ³³,lu31u33133y~33！,suspect,0.75,4,慢慢走,A302,audio/302.mp3,PERMISSION_REQUIRED,扫描 OCR + 结构解析 + 音频配对 | 整理日期 2026-09,high
SANI400-303,SANI400,121,欢迎下次再来！,都漫喃朵哩!,du³³ maes5 nae³³ do³³1 r³³,du3maes5 nae33 do331r33!,suspect,0.50,4,以后 来,A303,audio/303.mp3,PERMISSION_REQUIRED,扫描 OCR + 结构解析 + 音频配对 | 整理日期 2026-09,high
SANI400-304,SANI400,121,好的，一定会来的！,呀啊，第素朵哩个咦！ 124·石林撒尼口语400句,za²¹ a³³ ti⁵⁵ so⁵⁵ do³³1 r³³ ku⁵⁵ li⁵⁵,"za21a33,， tr5so55 do331r33ku55155! 一定来的会 直译好的",ok,0.88,8,,A304,audio/304.mp3,PERMISSION_REQUIRED,扫描 OCR + 结构解析 + 音频配对 | 整理日期 2026-09,high
SANI400-305,SANI400,124,到石林可以坐什么车?,罗撒玛日阿咪吵尼敖底？,ilzlpeaxeau 1o³³4 e³³ mɒ³³ ³³ tshɒ²¹,ilzlPeaxeau 1o334e33mp33 33 tshp21,suspect,0.60,5,石林 去什么 车坐能,A305,audio/305.mp3,PERMISSION_REQUIRED,扫描 OCR + 结构解析 + 音频配对 | 整理日期 2026-09,high
SANI400-306,SANI400,124,可以坐班车，也可以坐火车。,班车尼喃滴，核炒尼喃滴。,paetgh³³ ³³ emxe nna³³ di²¹,paetgh33 33 emxe nna33dr21.,suspect,0.50,4,班车 坐也行 火车 坐 也行,A306,audio/306.mp3,PERMISSION_REQUIRED,扫描 OCR + 结构解析 + 音频配对 | 整理日期 2026-09,high
SANI400-307,SANI400,124,是到石林的车吗?,罗撒玛日敖炒安安？,z3yɒ³³ tshɒ²¹ 1o³³4 ae³³ mɒ³³ nae³³ nae³³,z3yD33tshp21 1o334ae33mp33 nae3'nae33?,suspect,0.71,7,石林 去的车是是,A307,audio/307.mp3,PERMISSION_REQUIRED,扫描 OCR + 结构解析 + 音频配对 | 整理日期 2026-09,high
SANI400-308,SANI400,124,是的，你买票了吗?,安咿，你票弯弯啊？,ge³³⁵⁵ ni³³ phip⁵⁵ ve³³ ve³³ a³³,ge3355，n133 phip55 ve33ve33 a33? 直這译是的你票买买,ok,1.00,6,,A308,audio/308.mp3,PERMISSION_REQUIRED,扫描 OCR + 结构解析 + 音频配对 | 整理日期 2026-09,high
SANI400-309,SANI400,125,还没有，在哪里能买得到?,玛弯啦噻，考搭高弯当滴？,mɒ²¹ ve³³ 1pss²¹ qɒ³³ ta³³ ko³³ ve³³ a³³ d²¹,"mp21ve33 1pss21, qp33ta33 ko33 ve33a3d21?",suspect,0.78,9,没买 还哪里 买到能,A309,audio/309.mp3,PERMISSION_REQUIRED,扫描 OCR + 结构解析 + 音频配对 | 整理日期 2026-09,high
SANI400-310,SANI400,125,就在前面的售票大厅里，在车上买也行。,额志酣样玛票舞堵弯，炒羌喃弯当滴。,yu²¹ ts5hae³³ ze2mɒ³³1 phin⁵⁵ vu²¹ du²¹ ve³³ tshɒ²¹ tche³³ nae ³³ ve³³ tae³³ di²¹,"yu²1ts5hae33ze²mp331 phin55vu²1 du21 ve33, 票卖处买 直 译 前面 房大tshp21tche33 nae 33 ve33tae33dr21. 车上也买到能",ok,0.85,13,,A310,audio/310.mp3,PERMISSION_REQUIRED,扫描 OCR + 结构解析 + 音频配对 | 整理日期 2026-09,high
SANI400-311,SANI400,125,我到车站时车已经开了。,敖炒尼堵吃日炒额哈啦啊。,,tshb²1n33du21 tsh33z33tsho1 np33 车 直译我车坐处到 126·石林撒尼口语400句yu33xp33 1p55a33 走了,failed,0.36,11,,A311,audio/311.mp3,PERMISSION_REQUIRED,扫描 OCR + 结构解析 + 音频配对 | 整理日期 2026-09,high
SANI400-312,SANI400,126,我原来打算跟他一块去的。,敖额志体个日克高特特日抵堵啦。 128·石林撒尼口语400句,nɒ³³ yu³³ tsn thi²¹ kx5s z³³ kh³³ kɒ³³ tu²¹ thu²¹ z³³ di²¹ du²¹ pss,np33 yu33tsn th121kx5s z33 kh33kp33tu21thu21 z33 dr21 du21pss,suspect,0.67,12,我前面 那时 他跟 一起 去 这样想,A312,audio/312.mp3,PERMISSION_REQUIRED,扫描 OCR + 结构解析 + 音频配对 | 整理日期 2026-09,high
SANI400-313,SANI400,128,今年烤烟种植了多少棵？好吗?,借括烟考哪资搭啦？扎扎？,tce⁵⁵ qho²¹ zi³³ kha³³ nɒ³³ ts³³ tae³³1 p⁵⁵ tsa²¹ tsa²¹,tce5qho21z133kha33np33ts33tae331p55?tsa21? tsa21,ok,0.80,10,今年 烟多少棵种 好好,A313,audio/313.mp3,PERMISSION_REQUIRED,扫描 OCR + 结构解析 + 音频配对 | 整理日期 2026-09,high
SANI400-314,SANI400,128,玉米长势怎么样?,稍卜借扎扎?,sɒ³³ pu³³ tcrss tsa²¹ tsa²¹,sD33pu33 tcrss tsa21 tsa21?,ok,1.00,4,玉米 好好？,A314,audio/314.mp3,PERMISSION_REQUIRED,扫描 OCR + 结构解析 + 音频配对 | 整理日期 2026-09,high
SANI400-315,SANI400,128,玉米收成怎么样？,稍卜考哪收凹滴？,eaueeby endeas sy³³ yo³³ di²¹,eaueeby endeas sy33yo33d121?,suspect,0.67,3,玉米 多少 收得能,A315,audio/315.mp3,PERMISSION_REQUIRED,扫描 OCR + 结构解析 + 音频配对 | 整理日期 2026-09,high
SANI400-316,SANI400,128,你家有几口人?,你微哈格搓考哪若卓？ 口 有,ha³³ gu³³ tsho³³ khb³³ nɒ³³ ²⁰³³ tso³³,ha33gu33 tsho33 khb33np33直译你家 家里‘人多少 2033 tso33?,suspect,0.71,7,,A316,audio/316.mp3,PERMISSION_REQUIRED,扫描 OCR + 结构解析 + 音频配对 | 整理日期 2026-09,high
SANI400-317,SANI400,129,有多少劳动力?,诺姆搓考哪若卓?,no2mu³³ tsho³³ khb³³ nɒ³³,no²mu33tsho33khb33np33,suspect,0.50,4,劳动 人多少 有 口,A317,audio/317.mp3,PERMISSION_REQUIRED,扫描 OCR + 结构解析 + 音频配对 | 整理日期 2026-09,high
SANI400-318,SANI400,129,有人外出打工吗?,差呢姆搓卓卓?,tshq³³ n⁵⁵ n mu³³ tsho³³ t tso³³ tso³³,tshq33n55 n mu33tsho33t tso33 tso33?,suspect,0.67,6,外面劳力做人有有,A318,audio/318.mp3,PERMISSION_REQUIRED,扫描 OCR + 结构解析 + 音频配对 | 整理日期 2026-09,high
SANI400-319,SANI400,129,养了几头猪?,唯考哪了霍啦? 130·石林撒尼口语400句,vae²¹ khɒ³³ nɒ³³ 1u²¹ ho³³1 ps5,vae21 khp33np33 1u21 ho331ps5?,suspect,0.67,6,猪多少 头养了,A319,audio/319.mp3,PERMISSION_REQUIRED,扫描 OCR + 结构解析 + 音频配对 | 整理日期 2026-09,high
SANI400-320,SANI400,130,一年收人多少？,提括考哪收凹滴？,thi²¹ kho³³ khɒ³³ nɒ³³ sx3y⁰³3 di²¹,th121kho33khp33np33 sx3y033d121?,ok,0.83,6,一年多少 收得能,A320,audio/320.mp3,PERMISSION_REQUIRED,扫描 OCR + 结构解析 + 音频配对 | 整理日期 2026-09,high
SANI400-321,SANI400,130,养斗牛没有?,斑额霍啦？,,bae21n21 x033xo331ps5?,failed,0.40,5,斗牛养养,A321,audio/321.mp3,PERMISSION_REQUIRED,扫描 OCR + 结构解析 + 音频配对 | 整理日期 2026-09,high
SANI400-322,SANI400,130,你今天还去放羊吗？,你伊呢其啰啰日噻？ 132·石林撒尼口语400句,ni³³ li²¹ n³³ tch2lili⁰⁵⁵¹ o⁵⁵ z³³ si²¹,n131²1n33tch²110551o55z33s121？,suspect,0.57,7,你今天羊放放去还,A322,audio/322.mp3,PERMISSION_REQUIRED,扫描 OCR + 结构解析 + 音频配对 | 整理日期 2026-09,high
SANI400-323,SANI400,132,你的父亲是做什么的？,你把日阿咪诺姆卓安？,bo²¹ z³³ hi³³ a³³ mi³³ no⁵⁵ m³³ ts⁰³3 gae³³,bo²1 z33 hr33 α33m133 no55 m33ts033gae33,suspect,0.67,9,你 父亲 什么工作做着是,A323,audio/323.mp3,PERMISSION_REQUIRED,扫描 OCR + 结构解析 + 音频配对 | 整理日期 2026-09,high
SANI400-324,SANI400,132,他是农民。,克日诺姆搓安。,khi³³ z³³ nosmu³³ tsho³³ nae³³,kh133z33nosmu33tsho33 nae33.,suspect,0.60,5,他 农活做人是,A324,audio/324.mp3,PERMISSION_REQUIRED,扫描 OCR + 结构解析 + 音频配对 | 整理日期 2026-09,high
SANI400-325,SANI400,132,大学毕业后你有什么打算？,大学缩图哩你阿咪姆底堵啦？,ta²¹ ciu²¹ so³³ thu2lili³³ hi³³ qm1 ³³ ³³ m³³ di²¹ du²¹ 1ps5,"ta²1ciu²1so33thu21133 h133 q""m1 33 33 m33 dr21du21 1ps5?",suspect,0.55,11,大学 学出来 你什么 做 打算,A325,audio/325.mp3,PERMISSION_REQUIRED,扫描 OCR + 结构解析 + 音频配对 | 整理日期 2026-09,high
SANI400-326,SANI400,132,我想回家乡工作。,敖阿漫咪得诺稍姆日底堵。,gɒ³³ a²¹ me⁵⁵ mi³³ tu³³ no⁵⁵ di²² du²¹,gp33α²1me55 mr3tu33no55 直译我自己 地方 dr22 工作找做去du21. 想,ok,1.00,8,,A326,audio/326.mp3,PERMISSION_REQUIRED,扫描 OCR + 结构解析 + 音频配对 | 整理日期 2026-09,high
SANI400-327,SANI400,133,我喜欢自己的工作。,敖阿漫敖诺说啰姆号。,,los ssou caxseD al 33~n55 au,failed,0.33,3,我自己的工作非常做喜欢,A327,audio/327.mp3,PERMISSION_REQUIRED,扫描 OCR + 结构解析 + 音频配对 | 整理日期 2026-09,high
SANI400-328,SANI400,133,你早上几点起床?,你奈喝考替个知叨？,,nes5xu33( eael sseyeea n133 起来 直译你早上 何时,failed,0.00,2,,A328,audio/328.mp3,PERMISSION_REQUIRED,扫描 OCR + 结构解析 + 音频配对 | 整理日期 2026-09,high
SANI400-329,SANI400,133,我六点半起床。,敖括讨派知叨。,kho²¹ tɒ²¹ pe³³ ts³³ t³³ nɒ³³,kho21tp21pe33 ts33t33 np33,suspect,0.67,6,我六时半起来 134·石林撒尼口语400句,A329,audio/329.mp3,PERMISSION_REQUIRED,扫描 OCR + 结构解析 + 音频配对 | 整理日期 2026-09,high
SANI400-330,SANI400,134,你什么时候上班?,你考讨班上?,ni³³ qhɒ³³ thɒ²¹ pae³³ sass,n133 qhp33thp21 pae33sass?,ok,1.00,5,你何时 班上,A330,audio/330.mp3,PERMISSION_REQUIRED,扫描 OCR + 结构解析 + 音频配对 | 整理日期 2026-09,high
SANI400-331,SANI400,134,什么时候下班?,考讨袄闹?,,issaueaIaea,failed,0.00,1,何时 结束,A331,audio/331.mp3,PERMISSION_REQUIRED,扫描 OCR + 结构解析 + 音频配对 | 整理日期 2026-09,high
SANI400-332,SANI400,134,"早上八点上班,十二点下班。","奈喝嗨讨班上,册尼讨袄闹。 二十二、工作·135",ne⁵⁵ xu³³ he²¹ thɒ²¹ pa³³ gass tsh³³ n²¹ tb²¹,"ne55xu33 he21thp21 pa33gass, tsh33n21tb21",suspect,0.75,8,早上 八时班上 十二时 yD?lnpss. 结束,A332,audio/332.mp3,PERMISSION_REQUIRED,扫描 OCR + 结构解析 + 音频配对 | 整理日期 2026-09,high
SANI400-333,SANI400,135,下午两点上班，六点下班。,"腻啰尼讨班上,阔讨袄闹。",,"n551033 n21thp21 1 pa33sass, kho31thp21 yo²1npss. 直·译下午 两时班上 六时",failed,0.44,9,,A333,audio/333.mp3,PERMISSION_REQUIRED,扫描 OCR + 结构解析 + 音频配对 | 整理日期 2026-09,high
SANI400-334,SANI400,135,他是位领导。,克日布资安。,,kh33z33 bu33dz33 nae33.,failed,0.40,5,他 领导 是,A334,audio/334.mp3,PERMISSION_REQUIRED,扫描 OCR + 结构解析 + 音频配对 | 整理日期 2026-09,high
SANI400-335,SANI400,135,他很有能力。,克薄思逼姆卓。,khi³³ bu³³ s³³ prm ³³ m³³ tso³³,khr33 bu33s33 pr'm 33m33 tso33.,suspect,0.50,6,他 本事 非常 有,A335,audio/335.mp3,PERMISSION_REQUIRED,扫描 OCR + 结构解析 + 音频配对 | 整理日期 2026-09,high
SANI400-336,SANI400,135,他的工作很忙。,克诺说啰止。,,"kh,33 noss so21o21 ty21.",failed,0.25,4,他 工作 非常 136·石林撒尼口语400句,A336,audio/336.mp3,PERMISSION_REQUIRED,扫描 OCR + 结构解析 + 音频配对 | 整理日期 2026-09,high
SANI400-337,SANI400,136,他为人很友善，容易相处。,，克搓说啰姆个，逼姆资啦。,so2lili⁰²1 m³³ kuss pi³³ r khi³³ tsho³³ m lae³³,"so211021 m33kuss, pr33r khr33tsho33 m 非常相处 直译他人 非常做会lae33 容易",suspect,0.50,6,,A337,audio/337.mp3,PERMISSION_REQUIRED,扫描 OCR + 结构解析 + 音频配对 | 整理日期 2026-09,high
SANI400-338,SANI400,136,他已经退休了。,克诺姆熬闹哈。 138·石林撒尼口语400句,khi³³ no⁵⁵ m³³ yo²¹ nɒ⁵⁵ xp ³³,khr33no55m33yo²1np55xp 33,suspect,0.67,6,他工做 结束了,A338,audio/338.mp3,PERMISSION_REQUIRED,扫描 OCR + 结构解析 + 音频配对 | 整理日期 2026-09,high
SANI400-339,SANI400,138,开学了。,寺缩讨吃啦啊。,ns s⁰³3 tho²¹ tsh³³1 ɒ⁵⁵ a³³,$n$s s033tho21 tsh331D55a3.,suspect,0.60,5,知识 学  时 到了,A339,audio/339.mp3,PERMISSION_REQUIRED,扫描 OCR + 结构解析 + 音频配对 | 整理日期 2026-09,high
SANI400-340,SANI400,138,孩子们七岁上学。,，啊呢绕则始阔啰高寺缩。,a²¹ nu³³ zɒ²¹ dzi²¹ sn²¹ qho²¹ o²¹ kɒ³³ sso³³,a21nu33zD21dzr21 sn21qho21o21 kD33 s'so33. 们七岁满 学习 直译孩子,ok,0.89,9,,A340,audio/340.mp3,PERMISSION_REQUIRED,扫描 OCR + 结构解析 + 音频配对 | 整理日期 2026-09,high
SANI400-341,SANI400,138,孩子们买了一些学习用品,，阿呢绕则寺缩日都糯嗯体借哇啦。,a²¹ nur³³ zo²¹ dz³¹ sso³³ z ilssou cnpz th²¹ te1ss ve³³1 nss,α²1nur33zo21dz31 sso33 z Ilssou cnpz 東东西 直译 小孩子 们 学习 用的th21te1ss ve331nss. 一些买了,suspect,0.50,8,,A341,audio/341.mp3,PERMISSION_REQUIRED,扫描 OCR + 结构解析 + 音频配对 | 整理日期 2026-09,high
SANI400-342,SANI400,138,海诗微已经上中学了。,海诗微中学缩卓啊。,he³³4 h⁵⁵ v³³ tso³³ ciu²¹ so⁵⁵ tso³³ a³³,he334h55v33 tso33ciu21 So$5 tso33a33.,suspect,0.75,8,海诗微 中学学习着了,A342,audio/342.mp3,PERMISSION_REQUIRED,扫描 OCR + 结构解析 + 音频配对 | 整理日期 2026-09,high
SANI400-343,SANI400,139,她的弟弟上三年级了。,克帕姆日三年级缩啦啊。,,kh133 ZT 33 sa33ne21tc21 s033 1pssa33.,failed,0.43,7,她 兄弟 三年级学习了,A343,audio/343.mp3,PERMISSION_REQUIRED,扫描 OCR + 结构解析 + 音频配对 | 整理日期 2026-09,high
SANI400-344,SANI400,139,这个学生成绩非常好。,伊寺缩啊呢啦成绩逼姆扎。,tsa²¹,tsa21. 好,ok,1.00,1,,A344,audio/344.mp3,PERMISSION_REQUIRED,扫描 OCR + 结构解析 + 音频配对 | 整理日期 2026-09,high
SANI400-345,SANI400,139,他很刻苦。,，克说啰苦滴。,kh³³ so2li0o²¹ khu²¹ di²¹,kh33 so2l10o21 khu21 dr21.,suspect,0.50,4,他 非常 東苦能 140·石林撒尼口语400句,A345,audio/345.mp3,PERMISSION_REQUIRED,扫描 OCR + 结构解析 + 音频配对 | 整理日期 2026-09,high
SANI400-346,SANI400,140,要考试了。,，寺考哩啊。,s5khɒ2li1r³³ a³³,s5khp211r33a33,suspect,0.50,2,知识考 了,A346,audio/346.mp3,PERMISSION_REQUIRED,扫描 OCR + 结构解析 + 音频配对 | 整理日期 2026-09,high
SANI400-347,SANI400,140,他考上了大学。,克大学考当啦啊。,kh³³ ta²¹ ciu²¹ khɒ²¹ tae³³1 p5a³³,kh33ta²1ciu21khp21tae331p5a33,suspect,0.67,6,他大学考上了,A347,audio/347.mp3,PERMISSION_REQUIRED,扫描 OCR + 结构解析 + 音频配对 | 整理日期 2026-09,high
SANI400-348,SANI400,140,他毕业了。,克毕业哈啦啊。,pi2lze²¹ xa³³1 p⁵⁵ a³³ khi³³,pr2lze21 xa331p55a33. khr33,suspect,0.60,5,他毕业了,A348,audio/348.mp3,PERMISSION_REQUIRED,扫描 OCR + 结构解析 + 音频配对 | 整理日期 2026-09,high
SANI400-349,SANI400,140,要听老师的话。,兴知朵那若。,ci³³ ts³³ do²¹ nɒ³³ zɔ³³,cr33ts33 do21np33 ZO33,ok,0.80,5,老师 话听 要,A349,audio/349.mp3,PERMISSION_REQUIRED,扫描 OCR + 结构解析 + 音频配对 | 整理日期 2026-09,high
SANI400-350,SANI400,141,好好学习。,扎扎哩缩。,,$033,failed,0.00,1,好好 点,A350,audio/350.mp3,PERMISSION_REQUIRED,扫描 OCR + 结构解析 + 音频配对 | 整理日期 2026-09,high
SANI400-351,SANI400,141,他是老师。,克兴知安。,,kh33cr3ts3² 1nae33.,failed,0.25,4,他 老师 是,A351,audio/351.mp3,PERMISSION_REQUIRED,扫描 OCR + 结构解析 + 音频配对 | 整理日期 2026-09,high
SANI400-352,SANI400,141,这位老师教得非常好。,伊兴知啦说啰莫扎。 144·石林撒尼口语400句,,,failed,0.00,0,这  老师 非常教好,A352,audio/352.mp3,PERMISSION_REQUIRED,扫描 OCR + 结构解析 + 音频配对 | 整理日期 2026-09,high
SANI400-353,SANI400,144,他家女儿出嫁了没有?,克微阿满格哈哈啊?,,kh33v33a²mae21 iesbe.axeeax.mb vn33xn33。33 33,failed,0.00,7,他家女儿 嫁了了啊,A353,audio/353.mp3,PERMISSION_REQUIRED,扫描 OCR + 结构解析 + 音频配对 | 整理日期 2026-09,high
SANI400-354,SANI400,144,还没出嫁。,玛格啦噻。,mɒ1gu³³1 psi²¹,mp?1gu331ps121.,suspect,0.50,2,没嫁 还,A354,audio/354.mp3,PERMISSION_REQUIRED,扫描 OCR + 结构解析 + 音频配对 | 整理日期 2026-09,high
SANI400-355,SANI400,144,已经喝了订婚酒了。,知绕日志哈啊。 （注：在撒尼人的语言中“喝小酒”就是“订婚”之意),t³³ zɒ²¹ z³³ tsnxɒ³³ a³³,t33zD²1z33tsnxD33a33,suspect,0.60,5,酒小 喝了啊,A355,audio/355.mp3,PERMISSION_REQUIRED,扫描 OCR + 结构解析 + 音频配对 | 整理日期 2026-09,high
SANI400-356,SANI400,144,下个月举行婚礼。,都漫替烧高知志。 [注：“结婚”撒尼语说“喝酒”（习lllts'tsn知志），女儿 ）《，“em），《守” 满吃）］,du³³ mae⁵⁵ th2li4n³³ ko³³ ts3ts1,du3mae55th214n33ko33ts3ts1 直．译下面 一月 酒喝,suspect,0.60,5,,A356,audio/356.mp3,PERMISSION_REQUIRED,扫描 OCR + 结构解析 + 音频配对 | 整理日期 2026-09,high
SANI400-357,SANI400,145,邀请你了吗？,，你鄂当当啦？,ni³³ issaeeeecem m,"n,133 issaeeeecem m",suspect,0.50,2,你请到到,A357,audio/357.mp3,PERMISSION_REQUIRED,扫描 OCR + 结构解析 + 音频配对 | 整理日期 2026-09,high
SANI400-358,SANI400,145,收到请柬了。,四照收当啊。,sttɒ⁵⁵ eeɒeeleems,s'ttp55 'eeDeeleems,suspect,0.50,2,请柬收到,A358,audio/358.mp3,PERMISSION_REQUIRED,扫描 OCR + 结构解析 + 音频配对 | 整理日期 2026-09,high
SANI400-359,SANI400,145,没请到。,鄂玛吃啦。,sleeaem,sleeaem,ok,1.00,1,请没到,A359,audio/359.mp3,PERMISSION_REQUIRED,扫描 OCR + 结构解析 + 音频配对 | 整理日期 2026-09,high
SANI400-360,SANI400,146,他们结婚多久了？,克是额姆考哪啰啦？,,kh33s21 Yx'm 33 33 1o211p55?,failed,0.00,5,他们 一家做多久 有了,A360,audio/360.mp3,PERMISSION_REQUIRED,扫描 OCR + 结构解析 + 音频配对 | 整理日期 2026-09,high
SANI400-361,SANI400,146,两年多了。,尼阔玛保啰啦。,n²¹ qho²¹ mɒ²¹ bɒ²¹ li⁰² li1p⁵⁵,n²1qho21 mp21bp21 10211p55 有了 直译两年多余,suspect,0.67,6,,A361,audio/361.mp3,PERMISSION_REQUIRED,扫描 OCR + 结构解析 + 音频配对 | 整理日期 2026-09,high
SANI400-362,SANI400,146,她上个月生了一个孩子。,,kh³³ yu²¹ tsi⁵⁵ th2li4o³³ kɒ³³ a²¹ nu³³ zɒ²¹ thi²¹ mɒ³³ z⁰³³¹ ɒ⁵⁵ ·li⁴⁷,kh33 yu21ts155 th214o33 kp33 a21nu33zD21 小孩子 直译她前 一月th121mp33 Z0331D55. 个 生了 二十四、婚姻·147,suspect,0.69,13,,A362,audio/362.mp3,PERMISSION_REQUIRED,扫描 OCR + 结构解析 + 音频配对 | 整理日期 2026-09,high
SANI400-363,SANI400,147,这个月办满月酒。,伊替烧阿呢绕满早。 （注：撒尼人的孩子满月时要请家里的长辈取名字，因此吃满月酒也 叫吃取名饭),li³³ thi2li4p³³ a²¹ nu³³ zɒ²¹ me³³ dzɒ²¹,133th1214p33α²1nu33zp21 me33 dzp21.,ok,0.86,7,这一月小孩子 名吃,A363,audio/363.mp3,PERMISSION_REQUIRED,扫描 OCR + 结构解析 + 音频配对 | 整理日期 2026-09,high
SANI400-364,SANI400,147,你们和父母住在一起吗？,纳日搓呀高呗啦安安?,na²¹ z³² tsho³³ zae²¹ ko³³ pe³¹ p⁵⁵ gega³³ ³³,na²1z3²tsho33zae21 ko33 pe31p55 gega33? 33..,suspect,0.56,9,你们人大 合着是是,A364,audio/364.mp3,PERMISSION_REQUIRED,扫描 OCR + 结构解析 + 音频配对 | 整理日期 2026-09,high
SANI400-365,SANI400,147,没有，父母住在村里。,玛安，搓呀则切割尼哩。 148·石林撒尼口语400句,,"mp²ga33, tsho3ze²dzy2 the33q033 n331rss.",failed,0.17,6,不是人大些村里住着,A365,audio/365.mp3,PERMISSION_REQUIRED,扫描 OCR + 结构解析 + 音频配对 | 整理日期 2026-09,high
SANI400-366,SANI400,148,他单身。,克搓自玛安。 150·石林撒尼口语400句,kh³³ tsho³³ tsmɒ³³ gaess,kh33 tsho3tsmp33 gaess.,suspect,0.75,4,他人独个是,A366,audio/366.mp3,PERMISSION_REQUIRED,扫描 OCR + 结构解析 + 音频配对 | 整理日期 2026-09,high
SANI400-367,SANI400,150,你每年都去旅游吗？,你替阔玛滴差尼额志卓安安?,n³³ th²¹ qho²¹ mɒ²¹ di²¹ tshb³³ n⁵⁵ yu³³ dz²¹ tso³³ nae³³ nae³³,n33th21qho²1mp²1d121 tshb33n55 yu33 dz21tso33nae33 nae33?,suspect,0.58,12,你一年不行外面 走 是是,A367,audio/367.mp3,PERMISSION_REQUIRED,扫描 OCR + 结构解析 + 音频配对 | 整理日期 2026-09,high
SANI400-368,SANI400,150,是的，这几年每年都出去走走。,安咿，一那阔日替阔玛滴滴查尼额纸卓。,nazi ³³ li⁵⁵ li³³ nɒ³³ qho²¹ th²¹ qho²¹ mɒ²¹ d²¹ d³³ tsha³³ nss yu³³ dz²¹ tso³³,"na""'zr 331$5, 13np33qho21 th21qho21 mp21d21d33tsha33nss yu33 dz21tso33.",suspect,0.64,14,是的， 这几年一年不行行 外面走 有,A368,audio/368.mp3,PERMISSION_REQUIRED,扫描 OCR + 结构解析 + 音频配对 | 整理日期 2026-09,high
SANI400-369,SANI400,150,这次去哪里?,伊替呵考搭日？ 二十五、旅游·151,li³³ thi2xu²¹ qhɒ³³ ta³³ z ²³3,13thr²xu²1qhp33ta33z 233？,suspect,0.60,5,这一次 哪里 去,A369,audio/369.mp3,PERMISSION_REQUIRED,扫描 OCR + 结构解析 + 音频配对 | 整理日期 2026-09,high
SANI400-370,SANI400,151,北京。,北京。,pe³³ tci³³,pe33tcr33.,ok,1.00,2,北京,A370,audio/370.mp3,PERMISSION_REQUIRED,扫描 OCR + 结构解析 + 音频配对 | 整理日期 2026-09,high
SANI400-371,SANI400,151,坐飞机吗？,核寨尼尼?,,n33n3 xur33tle55,failed,0.33,3,飞机 坐坐,A371,audio/371.mp3,PERMISSION_REQUIRED,扫描 OCR + 结构解析 + 音频配对 | 整理日期 2026-09,high
SANI400-372,SANI400,151,我打算去的时候坐火车，回来坐飞机。,敖堵啦日日核吵尼，郭哩核寨尼。,,np33 du2los z3 z33 mx n qo21133xw33ttess n33.,failed,0.40,5,我打算 去 火车坐 回来 飞机 坐,A372,audio/372.mp3,PERMISSION_REQUIRED,扫描 OCR + 结构解析 + 音频配对 | 整理日期 2026-09,high
SANI400-373,SANI400,151,是全家去吗？,替额敖日哩安安?,thi²¹ yx²¹ yɒ³³ z1 ³³ 1r³³ nae³³ nae³³,th121yx21yp33 Z1 33 1r33 nae33nae33?,suspect,0.57,7,一家 去 是是,A373,audio/373.mp3,PERMISSION_REQUIRED,扫描 OCR + 结构解析 + 音频配对 | 整理日期 2026-09,high
SANI400-374,SANI400,152,领着老人和孩子，全家都去。,搓抹喃阿呢绕孤想高替额日。,tsho³³ mo²¹ nae³³ a²¹ nu³³ zb²¹ ku³³ cae²¹ kɒ³³ thi²¹ yx²¹ ³³ z1,tsho33mo21 nae33 a21nu33zb21 ku33cae21 kp33th121yx21 33 Z1,suspect,0.69,13,人老和 小孩子 领着 一家去,A374,audio/374.mp3,PERMISSION_REQUIRED,扫描 OCR + 结构解析 + 音频配对 | 整理日期 2026-09,high
SANI400-375,SANI400,152,打算去几天?,考哪尼高尼堵?,,"q""p""np h.33nn33 n33 kp33 ienpeet n",failed,0.20,5,多少 天经过打算,A375,audio/375.mp3,PERMISSION_REQUIRED,扫描 OCR + 结构解析 + 音频配对 | 整理日期 2026-09,high
SANI400-376,SANI400,152,十来天。,斜册尼。,,ce21tsh33n33.,failed,0.33,3,十多天 二十五、旅游·153,A376,audio/376.mp3,PERMISSION_REQUIRED,扫描 OCR + 结构解析 + 音频配对 | 整理日期 2026-09,high
SANI400-377,SANI400,153,我们去了很多地方，还拍了很多照片。,敖咪的考哪痴当，相片喃考哪照啦。,na³³1 mi³³ tu³³ qhɒ³³ nɒ³³ tsh³³ te³³ caphie⁵⁵ na³³ ssalssast eaueeab,"na331 m133tu33 qhp33np33 tsh33te33, ca$phie55na33 ssalssast eaueeab",suspect,0.70,10,我 地方 多少到过像片 也多少 照了,A377,audio/377.mp3,PERMISSION_REQUIRED,扫描 OCR + 结构解析 + 音频配对 | 整理日期 2026-09,high
SANI400-378,SANI400,153,玩得高兴吗?,高哦卓卓?,eclecb tso³³ tso³³,eclecb tso33 tso33?,suspect,0.50,2,好玩 有有,A378,audio/378.mp3,PERMISSION_REQUIRED,扫描 OCR + 结构解析 + 音频配对 | 整理日期 2026-09,high
SANI400-379,SANI400,153,非常开心。,逼姆高哦卓。 156·石林撒尼口语400句,pi³³ m³³ tso³³,pr3m33 tso33.,suspect,0.67,3,非常 好玩 有,A379,audio/379.mp3,PERMISSION_REQUIRED,扫描 OCR + 结构解析 + 音频配对 | 整理日期 2026-09,high
SANI400-380,SANI400,156,你从哪里来?,你蒿嗒高朵哩?,ni³³ qhɒ³³ ta³³ kɒ³³ do³³ lili³³,nr33 qhp33ta33 kp33 do331133?,ok,0.83,6,你 哪里 从来,A380,audio/380.mp3,PERMISSION_REQUIRED,扫描 OCR + 结构解析 + 音频配对 | 整理日期 2026-09,high
SANI400-381,SANI400,156,从昆明来的。,果绕高朵哩。,qoz²¹ kɒ³³ do³³ lili³³,qoz21 kp33 do331133,suspect,0.75,4,昆明 从来,A381,audio/381.mp3,PERMISSION_REQUIRED,扫描 OCR + 结构解析 + 音频配对 | 整理日期 2026-09,high
SANI400-382,SANI400,156,你到过石林景区吗?,你罗撒玛痴诺诺喏？,ni³³ li⁰³³⁴ a³³ mɒ³³ tsh³³ noss noss,示n133 10334a33mp33 tsh33 noss noss?,suspect,0.67,6,你 石林 到 曾经,A382,audio/382.mp3,PERMISSION_REQUIRED,扫描 OCR + 结构解析 + 音频配对 | 整理日期 2026-09,high
SANI400-383,SANI400,156,到过了，是个好地方。,痴诺啊，说啰扎凹迷的安。,tsh³³ nos5a³³ so2li⁰²1 tsa²¹ yo ²¹ vn³³ mi³³ tu³³ jae³³,"tsh33nos5a33, so21021 tsa21yo 21vn33 mr33tu33 Jae33.",suspect,0.56,9,到过了， 非常 是 好的 地方 二十六、介绍石林·157,A383,audio/383.mp3,PERMISSION_REQUIRED,扫描 OCR + 结构解析 + 音频配对 | 整理日期 2026-09,high
SANI400-384,SANI400,157,石林县总人口有多少?,罗撒迷的搓考哪卓?,li⁰³³⁴ e³³ mi³³ tu³³ tsho³³ qhb³³ nɒ³³ ts⁰³3,10334e33 mr3tu33 tsho33 qhb33np33 ts033?,suspect,0.75,8,石林 地方 多少 有,A384,audio/384.mp3,PERMISSION_REQUIRED,扫描 OCR + 结构解析 + 音频配对 | 整理日期 2026-09,high
SANI400-385,SANI400,157,有二十四万人。,尼资诗洼卓。,³³⁴³3 va⁵⁵ tso³³,33433va55 tso33,suspect,0.67,3,二十四万有,A385,audio/385.mp3,PERMISSION_REQUIRED,扫描 OCR + 结构解析 + 音频配对 | 整理日期 2026-09,high
SANI400-386,SANI400,157,石林非常有名!,罗撒玛说啰漫舵！,,33,failed,0.00,1,石林 非常 名出,A386,audio/386.mp3,PERMISSION_REQUIRED,扫描 OCR + 结构解析 + 音频配对 | 整理日期 2026-09,high
SANI400-387,SANI400,157,石林历史非常悠久!,罗撒玛尼核逼姆漫香!,1o³³4 ae³³ mɒ³³ bi³³ mu³³ ma³³ ca³³,1o334ae33mp33 b133mu33 ma33ca33!,ok,0.86,7,石林 历史 非常 长,A387,audio/387.mp3,PERMISSION_REQUIRED,扫描 OCR + 结构解析 + 音频配对 | 整理日期 2026-09,high
SANI400-388,SANI400,158,这里是阿诗玛的故乡—石林！,伊搭日阿诗玛迷的—罗撒玛！,li³³ ta³³ z3a³³ s³³ mɒ³³ mi³³ tu³³ li⁰³³⁴ a³³ ma³³,133ta33z3a33s33mp33 m133tu3310334a33ma33!,ok,0.80,10,这里 阿诗玛 地方 石林,A388,audio/388.mp3,PERMISSION_REQUIRED,扫描 OCR + 结构解析 + 音频配对 | 整理日期 2026-09,high
SANI400-389,SANI400,158,石林县有二十四万人口，彝族占全县人口的三分之一。,罗撒迷的搓尼资诗洼卓，尼日色波替波卓。,li⁰³³⁴ ae³³ mɒ³³ ³³ mi³³ tu³³ tsho³³ n²¹ tshi³³⁴³3 va⁵⁵ · tso³³ ni³³ semdzuremdeems tso³³,"10334ae33mp3 33 m133tu33 tsho33 n21tsh133433va55 直·译石林 地方 人二十四万tso33, n,r33 semdzuremdeems tso33 有彝族 三份一份有",suspect,0.69,13,,A389,audio/389.mp3,PERMISSION_REQUIRED,扫描 OCR + 结构解析 + 音频配对 | 整理日期 2026-09,high
SANI400-390,SANI400,158,石林县有彝、汉、苗、壮等民族。,罗撒迷的尼、谢、苗、谢乃卓。,tso³³,tso33,ok,1.00,1,,A390,audio/390.mp3,PERMISSION_REQUIRED,扫描 OCR + 结构解析 + 音频配对 | 整理日期 2026-09,high
SANI400-391,SANI400,159,彝族有自己的语言和文字。,尼日啊浸敖朵卓四乃卓。,ni²¹ ³³ a²¹ massyo³³ do²¹ tso³³ sne³³ tso³³,"n,r21 33 a21massyo33 do21 tso33 s$'ne33 tso33.",suspect,0.75,8,彝族 自己的语言 有 文字   有,A391,audio/391.mp3,PERMISSION_REQUIRED,扫描 OCR + 结构解析 + 音频配对 | 整理日期 2026-09,high
SANI400-392,SANI400,159,毕摩是彝族民间传统知识分子，他们懂古老的彝文，,,pi³³ mo²¹ z³³ ni²¹ m³³ ³³ naeni²¹ yɒ³³ syss momɒ ²¹ ³³ ⁵⁵ so³³ kus5 ni²¹ yo³³ mi²¹ s³³ tse⁵⁵ tsho³³ na ³³,"pr33mo21z33 n1²1m33 33 naenr21yD33 sy,ss mo'mD 21 33 55So33kus5, n121yo33 m121s33 tse55 tsho33 na 33",suspect,0.53,19,毕摩 彝乡　老师 是 彝族的 文字古老 知道 写能 读 会 彝族的传统 传承人　是 160·石林撒尼口语400句 尼敖迷诗再搓安。,A392,audio/392.mp3,PERMISSION_REQUIRED,扫描 OCR + 结构解析 + 音频配对 | 整理日期 2026-09,high
SANI400-393,SANI400,160,大三弦舞是石林彝族人民喜爱的舞蹈。,三斜亚玛比迷日罗撒尼迷搓安搓勒勒说啰逼号体 诗安。,sa³³ ce²¹ zae²¹ ma³³ pi³³ mi²¹ z³³ li⁰³³⁴ ae³³ ni²¹ mi³³ tsho³³ ga³³ tsho³³1 u²¹ u²¹ s⁰² li⁰²1 pi³³ xa⁵⁵,sa33ce21zae21ma33 p133m121 z33 10334ae33 n121mr33 石林彝乡 直译三弦大 跳法tsho33ga33tsho331u21u21 s021021 pr33xa55 人是人 非常 跳爱 一种是,ok,0.90,20,,A393,audio/393.mp3,PERMISSION_REQUIRED,扫描 OCR + 结构解析 + 音频配对 | 整理日期 2026-09,high
SANI400-394,SANI400,160,《阿诗玛》非常有名，五十年前就拍成了电影。,《阿诗玛》逼姆曼朵，乃姆奥切阔额志 就姑高电影啰啦。,cewead eeɒwelseeɒ me³³ do³³ ne²¹ m³³ gɒ⁵⁵ tsh³³ qho²¹ yu²¹ tssstsu⁵⁵ ku³³ kos5 tie²¹ zi³³ 1o²¹ li⁰⁵5,cewead <eeDwelseeD》 me33do33ne21m33gp55tsh33qho21 yu21tssstsu55 ku33 kos5 tie21z133 1o21 1055.,suspect,0.64,14,《阿诗玛》 非常名出， 早 五十年前面 二十六、介绍石林·161 就做 电影成了,A394,audio/394.mp3,PERMISSION_REQUIRED,扫描 OCR + 结构解析 + 音频配对 | 整理日期 2026-09,high
SANI400-395,SANI400,161,石林风景区非常有名每年都有二百多万游客。,罗撒玛高堵说啰曼朵，替阔尼蒿万玛把高搓卓。,li⁰³³⁴ ae³³ mɒ³³ ³³ o²¹ o²¹ me³³ do³³ mɒ²¹ bɒ²¹ qɒ³³ tsh⁰³3 tso thi²¹ gho²¹ n²¹ hɒ³³ va⁵⁵,10334ae33mp3 33 $o21o21 me33do33 玩地方 非常 名出 直 译 石林mp21bp21 qp33tsh033 tso th1²1gho21 n21hp33va55 多于 玩人有 一年二百万,suspect,0.76,17,,A395,audio/395.mp3,PERMISSION_REQUIRED,扫描 OCR + 结构解析 + 音频配对 | 整理日期 2026-09,high
SANI400-396,SANI400,161,石林的石头非常神奇，这些石头主要是由海洋中的生,罗撒玛若斯玛似，伊罗玛日乃姆克替个日核糯嗯 哩啥啰安。,li⁰³³⁴ ae³³ mɒ³³ z⁰³3 s⁷³3 mpsne²¹ m³³ kh³³ thi²¹ kssz zxurgae³³,"10334ae33mp33 Z033 S733 mp""'s?ne21m33 kh33thr21kssz z'xurgae33.",suspect,0.50,10,石林 生成别的不同这石头 那时候 海洋 生物 变化 早 162·石林撒尼口语400句 是,A396,audio/396.mp3,PERMISSION_REQUIRED,扫描 OCR + 结构解析 + 音频配对 | 整理日期 2026-09,high
SANI400-397,SANI400,162,石林县主要有哪些传统节日？,罗撒迷日阿迷节令莫玛卓？,1o³³4 ae³³ mi³³ z³³ a³³ mi³³ tce2lili⁵⁵1 momp ²¹ ³³ tso³³,1o334ae33mr33z33a33m133tce211551 mo'mp 21 33tso33?,suspect,0.60,10,石林地 什么 节令 老 有,A397,audio/397.mp3,PERMISSION_REQUIRED,扫描 OCR + 结构解析 + 音频配对 | 整理日期 2026-09,high
SANI400-398,SANI400,162,石林民间传统节日有春节、清明节、火把节和密枝节。,罗撒尼微节令莫玛日阔姆、青密、若烧尼资斯喃 密止卓。 （注：“十○m”农历六月二十四，即为“火把节”）,1o³³4 ae³³ ni²¹ vi³³ tce2lili⁵⁵ mo²¹ mɒ³³ ³³ z1 ³³ qho²¹ mu³³ tch³³ mi³³ z⁰³³⁴ p ³³ li³³ mi³³ dz²¹ tso³³,1o334ae33n121v133 tce21155mo21mp3 33 Z1 33qho21mu33、tch33m133、z0334p 331.33mr3dz21 tso33.,suspect,0.58,19,石林彝家节令老 春节 清明 六月二十四 密枝 、 有 二十六、介绍石林·163,A398,audio/398.mp3,PERMISSION_REQUIRED,扫描 OCR + 结构解析 + 音频配对 | 整理日期 2026-09,high
SANI400-399,SANI400,163,杀过年猪时要邀请亲朋好友同乐。,唯好替尼，搓国呗来则啊剥高乐乐哥哥搔替挖字哩。,pe³³1 e²¹ dzz²¹ ae⁵⁵ bu³³ kɒ³³ 1urs⁵¹ ur⁵⁵ ku³³ ku³³ sɒ³³ thi²¹ vɒ³³ tssi³³,pe331e21 dzz21ae$5bu33 kp33 1urs51ur55ku33ku33 sp33 th121vp33tss$133.,ok,0.86,14,猪杀 一天亲戚 朋友 喊拢 欢欢喜喜 一起 相聚,A399,audio/399.mp3,PERMISSION_REQUIRED,扫描 OCR + 结构解析 + 音频配对 | 整理日期 2026-09,high
SANI400-400,SANI400,163,欢聚一堂。,乐乐哥哥替挖字。,lur⁵¹ uku³³ ku³³ th²¹ vɒ³³ ts⁵⁵,lur5$1uku3ku33 th21vD33 ts55. 一起相聚 直 译 欢欢喜喜,suspect,0.50,6,,A400,audio/400.mp3,PERMISSION_REQUIRED,扫描 OCR + 结构解析 + 音频配对 | 整理日期 2026-09,high
SANI400-401,SANI400,163,欢迎再次来石林！,都曼喃罗撒玛高自哩! 说明： ①撒尼彝语中，动词和形容词能重叠后成为疑问句，这在《石 林撒尼口语400句》中有多处，如：动词“吃”，撒尼语为 “早”，重叠后的“早早”就成为“吃了吗？”；形容词“好”， 撒尼语“扎”，重叠后的“扎扎”，就成为“好不好？”。 在彝族撒尼口语中出现比较频繁。 《石林撒尼口语400句》编委会名单 顾 问：李忠德王冰张勤勋龚红春 李德君黄建明 昂自明土邵芳 戴平敖文昆 编委会主任：毕卫华 编委会副主任：冯英毕玉昌李毅飞黄文云 编彝 著：王向方 文：王向方毕华玉 说明 《石林撒尼口语400句》收人云南石林彝族自治县彝族 支系撒尼人常用口语400句，分别为《问候与拜访》、《做 什么？去哪里？》、《询问》、《介绍》、《请求帮助》、 《问路》、《天气》等26个日常生活情景对话，每个情景 对话包括若干语句。 石林县是彝族撒尼支系聚居地区，全县24万人，撒尼人 占三分之一。撒尼语是彝语东南部方言的一个次方言，是撒 尼人通用的语言，98%以上撒尼人在家庭内、村寨日常生活 及生产活动中均操撒尼语。在社会交往、商业领域，以及政 治生活中，也主要以撒尼语为交际工具。石林境内及邻近地 区的彝青人、白彝人等彝族支系群众，以及石林县的不少汉 族群众，在和撒尼人交往时也使用撒尼语。 由于种种原因，石林县的公务人员、事业单位人员以及 与撒尼群众交往密切的第三产业从业人员中，通晓撒尼语的 人却不多，部分撒尼人出身的干部的撒尼语也不够熟练。这 种情形，与撒尼语在群众中广泛通行极不相称，对密切党群 关系、干群关系，对政务畅通，也有一定影响。 近年来，许多人陆续提出学习撒尼语的要求，我们也曾开展撒尼语教学实验，取得了一定效果，但因汉 字难以准确注音，学习效果不理想，事倍功半。《石林撒尼 誉目 说明/1 一、 问候与拜访 /1 二、做什么？去哪里？／ 11 三、询问/19 四、介绍/29 五、喜好/35 六、请求帮助/ 39 七、问路／45 八、时间／ 51 九、年龄／57 十、语言/ 63 十一、天气/69 十二、购物／77 十三、比较/83 十四、衣着／89 十五、打电话／93 十六、看病／99 一、问候与拜访 五、石彝输入法编码表· 四、学习石彝输入法· 地址：昆明市环城西路170号云南民族大厦6楼电话：0871-5340364、0871-5340743 软件的使用环境和范围 软件卸载· 软件安装·· 《石林蜂文平台》操作手册 录 9 3 2 角的益图标，单击鼠标右键，单击“设置”，进入如卜界面： 安装Windows 打开软件光盘。 单击桌面有下角输入法图标彝，将输入法切换为英文输入状态当，将鼠标指向桌面右下 1、卸载输入法 、软件卸载 石林师文学库及输入法安装 单击“确定”，进入下一界面： 2、双击运行光盘中的“存样XP”的EXE文件，进入如下界面： 1、将软件光盘放入光题，双击操价系统泉面丨的“我的电”图标，再双击“光盘”图标， 软件安装(以WINXP操作系统为例) 地址：昆明市环城西路170号云南民族大厦6楼电话：0871-53-40364、0871-5340743 《石林葬文平台》操作手册,du³³ mae⁵⁵ ne³³ li⁰³³⁴ ae³³ mɒ³³ k³³ ts³³ li³³② z³³ ③m nae³³ nae⁵⁵ ⁵⁵,du33mae55 ne33 10334ae33mp33 k33 ts33133!②（z33）：在句中只起连接作用，没有特定意义，“”③m（nae33，nae5）：表示强调时用55调。,suspect,0.58,12,以后 石林 相遇,A401,audio/401.mp3,PERMISSION_REQUIRED,扫描 OCR + 结构解析 + 音频配对 | 整理日期 2026-09,high
