page,col,seq,彝文,IPA,直译,意译
3,L,1,总定价 80.00元（套/共2册）,书 ¥号 ISBN978-7-5367-3566-8/G·805,,
14,L,1,Z4 与 工,ZO 44 ni²! ts133 dle33,你 长 二 十 满,长 至 二 十 岁
14,L,2,Z 九 70 每,si21 ng33 tshi21 tshi33 mu33,别人 也 媳 做,世 人 娶 妻 龄
14,R,1,70 tQ 九 m,tshi21 tsh33 hg33 ne 33 1$03,娶 媳 房 也 有,成 家 房 造 好
14,R,2,ZZZ tQ 九,tsiss he33 nu ne 1S03,女 嫁 房 也 有,成 家 房 造 好
14,R,3,Az,qo21 mu33 thu31,耕 田 做 出 去,出 门 去 耕 田
15,L,1,子 Z 万,"tp²1 mu21 A33 siss kh,33",天 过 去 那 时,过 去 之 时 日
15,L,2,子 九 万 田,mu² ne33 kh133 mp 21 SD33,天 也 它 不 晴,上 天 不 放 晴
15,L,3,企 九 ：万 田,kh133 55 mi 33 ne33 mD21 mw,地 也 它 不 暖,大 地 无 暖 意
15,R,1,万,kh133 thu3i 33 zi33 si21 qD,那 样 走 出 啊,如 此 走 出 去
15,R,2,与 克 日,"tsh,33 ts""D° h21 21 1033",十 二 丘 大 处,十 二 大 地 里
15,R,3,里 来,"niss p""ubu 12n6",犁 头 盖 堆 犁,深 犁 土 翻 堆
15,R,4,里 里 每,"p'u33 p""udze² mu br²i",堆 散 堆 梭 的,翻 土 土 松 散
16,L,1,号 每,mu 44 Zzi21 thj21 ps 44,蜷 睡 下 做 一,蜷 身 睡 一 觉
16,L,2,7办 田 勿 签,si31 np 33 k044 qe31 tD33,渴 赶 病 根 起,口 渴 疾 病 发
16,R,1,勿,33 qe31 khp21 np tD33 tshi21,病 起 药 找 效,患 病 须 药 医
16,R,2,X 2ZZZ 勿 会,tshi2i tsiss np 33 ko 44,药 喝 病 顽固 起,药 医 病 顽 固
16,R,3,分,"do.s 44 tsi33 hn21 XD Z.O p""D",夺 敖 若 知 帕,夺 敖 若 知 帕
16,R,4,子 亏,121 ni33 tsh;33 mu 21 li33,天 来 今 天 到,时 今 日 至 日
16,R,5,答 3E,tchi31 bu33 1e33 ta44,羊 赠 脖 断 死,奠羊 刺 脖 死
17,L,1,Z4 去 会会,li33 nu 33 $133 d21 tD33,你 来 死 的 起,你 去 赴 阴 死
17,L,2,發 發 雨,33 thp21 thp21 1p33 133,这 时 啊 这 时,现 在 这 时 候
17,L,3,睡 众 制 Z,dzi33 $0.33 tshD21 aG 33,丧 家 诵 伴 我,丧 家 诵 经 师
17,L,4,每 每,33 bi21 mu33 mu nu33,做 好 做 你 给,认 真 诵 与 你
17,L,5,A 7科 A W 7,phi21 4033 d&21 4u33 4is5,银 打 银 四 板,四块 银 铸 板
17,R,1,3 3 ZZ,si33 si33 phi21 de21 he31,金 打 金 八 板,金 铸 八 块 板
17,R,2,A 74 九,4u33 de21 ne 33 ScOS,银 打 你 也 得,银 板 你 已 得
17,R,3,红 Z,55 tsh33 nu33 V33 np mi33,你 拿 阴 间 到,你 带 去 阴 间
17,R,4,你 带 去 阴 间,A tQ 3 tQ,4u33 he33 he33 10 44,银 房 金 房 成
17,R,5,A tQ 3 tQ,4u33 he33 he33 10 44,银 房 金 房 成,房 能 变 金 银
18,L,1,Z4 t,du21 mi33 hae33 1i33 do21,阳 间 房 跨 搁,搁 下 阳 间 房
18,L,2,WL M 企 to,np 55 mi nj33 he33 si31 55,阴 间 房 新 找,阴 间 找 新 房
18,L,3,Z出 日 米,10331 khD21 2133 dy31,你 处 靠 影 结,享 受 有 可 靠
18,L,4,开秋 不 分,dzi²l pu33 21 li33 ZD,D13 执 普 毕 若 来,让 执 普 毕 若
18,L,5,Wi,mu dza mu thi21 ni33,做 甩 做 一 日,甩 布 仪 之 时
18,R,1,子九 企 田h,mu²1 ne33 mi33 mp² dza 31,天 与 地 不 甩,不 甩 驱 天 地
18,R,2,九 7 田h,tce33 te33 mp²1 dza 31 ne33,星 与 云 不 甩,不 甩 驱 星 云
18,R,3,秋 田h,phu33 ne tche4mp²1 dza,村 与 寨 不 甩,区村寨 不 甩 驱
19,L,1,分 田h,phD21 33 ne ZD21 mp²1 dza 31,父 与 儿 不 甩,不 甩 驱 父 子
19,L,2,不 甩 驱 兄 弟,dza 31 ng33 he44 mp²1,嫂 与 姑 不 甩,不 甩 驱 姑 嫂
19,R,1,7开 不 分,phu33 l;33 dzi² pj33 ZD21,执 普 毕 若 来,让 执 普 毕 若
19,R,2,每所每 WI 亏,ni33 mu33 dza mu thi21,做 甩 做 一 日,甩 布 仪 N 时
19,R,3,A 用 日h,4U33 siss 1033 dza VD21,甩 鸡 白 首 先,先 甩 驱 白 鸡
19,R,4,勿 正防,ni21 np mu 55 qe21 dza,牛 病 马 疮 甩,甩 牛 癣 马 疮
20,L,1,勿 勿 Z,np 33 siss np 33 si33 dza 31,病 种 病 主 甩,甩 疾 病 根 源
20,L,2,每,33 21 31 tuss mu Sod gp p'zp,火 的 败 知 甩,甩 驱 火 灾 邪
20,L,3,hh,fess ni33 khD²1 nj33 tSA31,犯 案 审 理 甩,甩 犯 案 诉 讼
20,L,4,π 学,dzi21 m121 t4i33 44 dza 31 mx,官 刀 刺 铁 甩,甩 官 府 刑 刀
20,R,1,列 7儿 列h,44 khu21 khu21 mG dza,哭 声 离 声 甩,甩 哭 别 之 声
20,R,2,十咖h,tchi31 44 33 tGe33 dza ne Z.O,山羊 黑 绵羊 白 甩,甩 羊 牲 主祭 事?
21,R,1,④3同7L,lu21 lu²1 dzD qu*3 tsh;44,个 个甩完断,不吉皆甩尽
22,L,1,世住,44 hn21 ob V33 ms,郭 者资 帕,郭 阝娓者资帕
22,L,2,飞世住 口,q044 V133 tsu4 tsi33 mp 33,郭 一 娓 者资 玛,郭 娓者资玛②
22,L,3,Z,q021 si33 2133 du²l,耕 主 做 去 想,欲出门耕 田
22,R,1,改,dui duss si33 mu3 2133,种主 做 去 想,欲出 门 种 中地
22,R,2,飞,tsi33 php²1 9044 V133 tsu33,郭 娓 者资 帕,郭 娓者资 帕
22,R,3,ZZZ 日,tsiss 1e33 1033 kha31,链 绳 脖 处扛,链绳绕脖扛
23,L,1,7 3 电,si44 si33 1p²1 tu33 1m8,木 黄 牛 拦 杆,黄 木 做 鞭 杆
23,L,2,公 电,4D21 1p21 tur33 tce4,棕 叶 牛 拦 绳,棕 索 做 鞭 绳
23,L,3,会 每,ID21 Ip21 tD33 mu33-,牛 吆 牛 起 做,吆 牛 牛 起 身
23,L,4,11! Z 住,44 V133 ob tsu 44 tsi33,郭 娓 者 资 玛,郭 娓者资 玛
23,R,1,每,Ilp21 qe31 1p21 do44 mu3,牛 吆 牛 迈 做,吆 牛 牛 出 栏
23,R,2,正 灶,tsh;33 1D21 qe 31 qD 33 du²1,牛 吆 门 处 到,役 牛 至 房 门
23,R,3,正 M7 与 圣,tshi33. si44 ni21 9D33 m1²1,门 槛 木 二 块,两 截木 做 槛
24,L,1,正 7 W,33 si44 diss qD bD21 m1,门 面 木 四 块,四 块 木 做 面
24,L,2,日 A 7,4u33 qD 33 du21 1033 ne 33,银 门 处 处 hui,牛 在 银 槛 叫
24,L,3,7科 九万 田,ne33kh.33 de21,打 也 它 不 掉,棒打尾 不 释
24,R,1,九万 田,"dzi31 kh,33 4y4 n033",扯 也 它 不 脱,硬 扯 尾 不 脱
24,R,2,万 效 国,kh133 zi33 A33 m133 3G 33,它 呢 什 么是,此 状 是 什 么
24,R,3,万 效,kh33 zi33 A33 m133 dlp33,它 呢 什 么 成,此 状 兆 什 么
24,R,4,万 弯,"kh,33 4033 to33 33 e",它 呢 舒 础 是,此 状 是 舒
24,R,5,万,"kh,33 zi33 to33 4033 dlp33",它 呢 舒 咄 成,此状兆舒 咄
25,L,1,W 不 分,lur's phu33 ZD 21 33 np,勒 普 毕 绕 我,勒 普 毕 绕 我
25,L,2,Z 世住子,php21 ob 44 tsu44 tsi33,郭 娓 者 资 帕,郭 帕 尾 者 资
25,L,3,田 开飞田 开,ne²1 tgh33mp²1 mD De?,不 喜她 不 喜,心 中不爽快
25,R,1,田 田,1x44 tch133 mp²1 1y4,释她 不 不 释,心 中 存 忧 郁
25,R,2,的 男每,ID21 qe 21 Ip21 mu33,牛 赶 牛 走 做,吆 走 牛 朝 前
25,R,3,田 电 日 N,21 tsh;33 1033 tsh:33 mp,方 不 到 地 到,走 出 一 程 来
25,R,4,与,"tsh,33 ni²1 kD33 e tsh:33",十 二 路 大 到,至十 二大道
26,L,1,年 # 日,kD33 21 kD33 ts133 1033,路 大 路 边 处,在 那 大 路 边
26,L,2,田 Z 九,si33 21 mp²11 nu nu,不 长 它 也 长,独 此 长 一 丛
26,L,3,来,si21 tche31 th121 bur33 mu,肆 潜 一 丛 长,长 一 丛 肆
26,L,4,￥ 來 女,si21 tche31 bu np 33 33 qo,肆 潜 丛 处 里,肆 潜 棵 丛 里
26,R,1,田 WI 配,21 oG 33 th21 033 n03 mD,不 见 一 样 见,见 一 异 样 物
26,R,2,效 企 去,A33 33 di21 mi oG 33,什 么 见 的 有,见 到 了 什 么
26,R,3,3 SS ml7= 配,"va31 th121 q""u²",蛇 绞 一 堆 见,一 堆 蛇 蠕 动
27,L,1,去 目,A33 m133 dlp33 1$033,什 在 么 成 的,此 状 是 什 么
27,L,2,弯,dlp33 IP 4033 to33 1$03,舒 咄 成 的 在,此 状 兆 舒 咄
27,L,3,万九,kh33 ne 33 4033 to33 D033,它 也 舒 咄 是,此 状 是 舒
27,R,1,世住,ob 44 V133 ms tsi33 phD²1,郭 娓 者 资 帕,郭 娓 者 资 帕
27,R,2,田 丑 正 田 丑,ne33 tch133 mp21 ne21,不 喜她 不 喜,中 快 心 不 爽
27,R,3,田 飞 田分,mp 21 1x4 tgh33 mp21 144,她 不 释 不 释,心 中 存 忧 郁
28,L,1,晃,44 33 1p21 qe 31 1D21 mu,牛 赶 牛 走 做,吆 牛 朝 前 走
28,L,2,田 电 日,tsh33 mp 21 tu31 1033 tsh;33,不 到 地 处 到,走 出 一 程 来
28,L,3,十 与 介,tsh133 ni21 m133 Ze1 tsh:33,十 二 地 大 到,来 到 大 田 旁
28,L,4,4 日,Zae niss 1033 m133 21 m133,地 大 地 边 处,大 块 耕 地 边
28,L,5,Z 分,si33 th2i 9021 ZD21 Z.O 44,耕 主 儿 一 人,之 男 人 犁 地
28,R,1,田 全,33 21 33 m133 ob 1D21 mp as,地 中 牛 不 找,不 在 地 中 架
28,R,2,生 分,mi33 niss 1p21 SD 33 yD 33,地 头 牛 找 得,地 角 边 架 犁
28,R,3,企 WI,mi 33 55 1p21 th121 tsu np,地 对 犁 牛 一,一 对 壮 役 牛
28,R,4,全 公会,1p21 tsu 33 33 1D33 as tD33,牛 对 找 了 起,架 上 担 与 犁
28,R,5,Z Z IM,si33 th21 duss mp 33 ZO,耕 主 女 一 人,播 种 之 女 子
29,L,1,π 众,tshi21 55 fuss ze d2133,粪 箕 腋 下 扭,粪箕 挎 腰 际
29,L,2,π 公会,tshi21 fu's bu21 1D33 tD33,粪 箕 背 了 起,箕 背 粪 起 身
29,L,3,与,"tsh,33 ni21 m33 ZE 21 33 mp",十 地 大 大 二,十 二 大 地 块
29,L,4,白 7 众 企,4i33 me 55 m33,北 方 犁 先 地,开 犁 在 地 北
29,L,5,#,55 tsiss tsh33 np ID33 4i33,犁 了 南 方 到,收 犁 南地 角
29,R,1,# Z 日,4i33 niss m33 10-33,南 边 地 头 处,南 边之 地 头
29,R,2,Z: 勿,th21 120b si33 ZD21 2.04,耕 主 儿 一 人,子 掌 犁 N 男
29,R,3,田 际,ts04 gu 21 sw 55 ts044,不 铲 犁 铲 三,铲 三 下 犁 铧
29,R,4,科 OX,dae2i gu21 niss mx tsess,铁 打 犁 头 接,木 犁 接 铁 铧
29,R,5,西不行,"h44 gu21 mD 33 ms 55 mx 21 ts""o",犁 大 三 次 铲,犁 铧 铲 三 次
30,L,1,飞比,1D21 4021 Ve21 di²1,牛 脸 旋 地 返,折 身 再 回 犁
30,L,2,折 身 再 回 犁,55 Ip33 33 tsh:33 90'5 ob,犁 了 中 央 到,犁 到 地 中 央
30,L,3,十 与 介,21 t5133 n1²1 m133 ob 33,十 二 地 大 里,四 周 旷 茫 茫
30,L,4,去 目,dp²1 tho33 t$03,地 底 通 的 在,陷洞之征 状
30,R,1,,dp21 tho33 h33 33 ab ms,地 底 何 为 通,陷 洞 兆 什 么
30,R,2,田,th121 mp21 dlp33 kho33 dlD33,不 成 一 样 成,陷 洞 兆 一 像象
30,R,3,万 弯,"kh,33 zi33 4033 to33 dlD33",它 呢 舒 咄 成,陷 洞 兆 舒
30,R,4,万 弯 亏,kh33 4033 to33 D33,它 呢 舒 础 是,此 状 即 舒 咄
30,R,5,Z 住,"44 h21 ob tsw 44 tsi33 p""D",郭 娓 者 资 帕,郭 娓者资 帕
31,L,1,Z 住,qo 44 V33 ms tsi33 mp 33,郭 娓 者 资 玛,郭 娓 者 资 玛
31,L,2,田 正 田 丑,mD ne21 tch33 mp ne,不 喜 她 不 喜,心 中 不 爽 快
31,L,3,田 h 正 田 h,1x44 tch33 21 mp mp 1y44,不 释 她 不 释,心 中 存 忧 郁
31,L,4,4P 去 灶,lp21 Z8 21 du2l du21,牛 大 放 的 想,无 心 再 犁 地
31,R,1,%,1p21 dur21 1D33 n33 1 XD,牛 大 放 了 毕,吆 牛 往 回 去
31,R,2,吆 牛 往 回 去,Ip21 31 ge31 1D21 qo,牛 大 牛 回 去,走 回 了 家 中
31,R,3,W tQ,ob 31 pu 44 lurss he33 tsh:33,回 返 自 房 到,自 家 院 坝 里
32,L,1,不 下 日,fuss 1e33 1033 xu kD33,毡 子 脖 处 过,脖 上 围 毡 子
32,L,2,W,ci4 tshi33 tho33 ni tshi21,脚 底 泥 浆 抹,脚 裹 团 趾 泥
32,L,3,Z,tsh;33 bp21 niss tshi21 dzo 44,脚 邦 泥 浆 沾,腿 杆 沾 泥 浆
32,L,4,田 7,tsho33 33 ob mD21 Sass,亲 戚 我 不 知,是 否 亲 眷 至
32,R,1,安 田,9033 qess kh133 mp21 3G 33,亲 戚 他 不 是,肯 定 非 亲 戚
32,R,2,7 分 WI,du21 ZD 21 th21 tsu,渎 尼 绕 对 一,一 对 渎 尼 绕
32,R,3,w 飞 住 众,lur's V133 tsi33 dz1'3 hy31,自 家 院 坝 站,站 在 院 坝 中
33,L,1,号,ke31 kha44 Ve21 xu zu,左 手 铁 扣 使,左 手 抓 门 扣
33,L,2,号,33 dz.04phu33 ZD 1e33 xw,右 手 铁 锁 开,右 手 来开 锁
33,L,3,W 飞 正 灶 日,luss V133 qD 33 du21 1033,自 家 门 户 处,他 家 之 门 锁
33,L,4,y,kh33 zi33 phu33 Ip33,那 样 开 了 进,如 此 来 打 开
33,L,5,飞 世 住,44 44 tsi33 php²1 ob V133 tsu,郭 娓 者 资 帕,郭 娓者资 帕
33,R,1,,1D21 qe31 1p²1 33 m6,牛 赶 牛 进 做,吆 牛 关 畜
33,R,2,U,th21t tch2thu3 4021 pu44,脸 返 一 句 冏出,转 身 说 二 句
33,R,3,与 tQ,ni²1 Z.04 he33 m6,你 二 人 房 进,二 位 请 进 屋
33,R,4,灶 世 分,du21 ni44 th12i ZD1,渎 绕 对 尼 一,一 对 渎 尼 绕
33,R,5,7 四 每 田 社,du²1 1i44 31 mu33 mp2 tsa,槛 跨 做 不 好,不好进 你 门
34,L,1,企 Y 众 % 特,m133 vi21 kD33 t133 33 33,地 远 路 程 长,地 远 路 途 遥
34,L,2,Z 勺 @3,dze 44 4i33 the21the21 pu44,寒 风 逆 朴 朴,寒 风 冒 凛 凛
34,L,3,弯 日 飞E,vi31 bp21 4u33 ku3 1033,衣 穿 身 处 薄,身 上 衣 单 薄
34,R,1,W Z tQ 日,luss V133 he33 1033,自 家 房 大 处,你 去 屋 子 里
34,R,2,子 子,si21 mu21 dz.j33,火 塘 N 木 炭,火 塘 N 木 炭
34,R,3,万 水,kh33 2i33 nig44 thu31 133,那 样 夹 出 来,夹 出 木 火 炭
34,R,4,小 与,ni33 31 ni21 du21 pG 204,渎 尼 我 二 人,我 们 两 渎 尼
35,L,1,万 飞,"1,33 kh,33 zi33 qhx21 do44",那 样 出 来,快 瓢 来 百 一
35,L,2,号,Ve21 le44 fa44 2.133 bu,左 手 盆 沿 拿,左 手 扶 盆 沿
35,L,3,号,ZD 33 1e44 fa44 ab h33 mu 55,右 手 盆 面 揉,右手 揉拌 面
35,R,1,万 田,kh133 zi33 mp 21 33 1D33 3G,那 样 不 是 啊,不 能 这 般 说
35,R,2,金 每 7.0 配,tshi21 k033 tciss mu 33 no 55,赶 快 做 去 要,快 依 拿 来 我
36,L,1,住 众 日,d2133 1033 Enu tsi33,你 家 院 坝 里,你 家 院 坝 里
36,L,2,7,si44 th121 tsi33 bur²1,树 大 一 棵 倒,棵 树 倒 下 一
36,L,3,WI,th121 mx tD33,水 浑 一 塘 起,一 塘 水 起 浑
36,L,4,Z 世 住,44 44 tsi33 33 qo V33 ms mp,郭 尾 者 资 玛,郭 尾 者 资 玛
36,L,5,郭 尾 者 资 玛,ni44 si33 ni44 bur²1 la31,哭 倒 哭 摇 资,抢天 呼地 哭
36,R,1,万 配,"kh,33 zi33 tp² :44 ni",那 样 莫 哭 要,莫 要 如 此 般
36,R,2,果 九 田斋,ni44 ne33 mp²1 khp21,哭 也 哭 不 效,恸 哭 济 不
36,R,3,世 住,"44 phD2 ob V33 ms, tsi33",郭 娓 者 资 帕,郭 娓 者资 帕
36,R,4,%。水,si21 133 thu31 dz133 nia,火 炭 夹 了 冏出,夹 出 火炭
37,L,1,7飞,z.133 eub b121 tce 33 1D33,水 清 百 了 给,百 出 瓢 水 一
37,L,2,Z8 万 WI,du21 kh133 th121 tsu 33 ni4,渎 尼 那 对,一 对 渎 尼 绕
37,L,3,7 每,si21 dzi33 X0.33 du33 mu33,火 炭 处 做 净,火 炭 来 净 有
37,L,4,万 ZZ,"kh,33 zi33 1p33 dlu33 X0.33",样 进 那 净 了,净 身 进房 门
37,R,1,灶 分 IU,du21 niss ZD21 th121t tsu,渎 尼 绕 一 对,渎 尼 绕 二 人
37,R,2,田 西 本,tch21 mp²1 dzp²1 tsp33 ssms,不 吃 饭 三 口,急 点 饭 促 吃
37,R,3,田 ZZZ 同,tsiss su 55 mu 33,不 喝 水 三 口,急 促 喝 点 水
38,L,1,ZZZ,"kh,33 zi33 tsi'ss dzD21 do4",那 样 喝 吃 毕,饮 食 忙 完 毕
38,L,2,W IM 正,lur*s th33 th21 188,勒 娓 浸 堤 额,勒 娓 浸 堤 额
38,L,3,Z: 3 正 飞,"si33 SD33 tch,33 V133",斯 浸 额 娓,斯 巢浸 额 妮
38,L,4,不,33 s121 4033 mo21 SD 20.'S,舒 莫 找 要 还,该 备 舒 莫
38,L,5,效 企 晏,4033 mo21 A33 m133 mo21,舒 莫 什 么 莫,应备 什么莫
38,R,1,介 2,"A33 ky44 lass teiss p""D h21",阿 格 里 几 帕,阿 格 里 几 帕
38,R,2,介,A33 ky44 teiss mp 33,阿 格 里 几 玛,阿 格 里 几 玛
38,R,3,2 万 IM,kh3 th121 tohea3 mo²1,里 莫 那 一 只,选 一 只 里 莫
38,R,4,WI,"th21 mo²1 du² 1p33 tsh,3",一 莫放 了 下,界 将 它遣 凡
39,L,1,弯晏万九 目,kh133 ne 4033 mo²1 33 t$033,舒 莫 它 也 有,与 作 祭 奠 莫
39,L,2,川分,"mo21 th121 to""e"" h33 ax 33",莫 大 一 只 得,得 这 只 里 莫
39,L,3,年 分,1033 mo21 as 33 ID33 YD 33,舒 莫 找 了 得,就 有 了 舒 莫
39,R,1,介 习,33 ce 44 m133 tsi33 ne3 mp,汉 地 酒 美 大,夏 人 售 美 酒
39,R,2,WI 与,th121 phu2i ni21 phu21 b121,一 价 二 价 给,价 一 付 二 款
39,R,3,WI 百 7科 分,th121 tsi33 de21 1D33 YD 33,一 斤 打 了 得,打 回 一 斤 来
39,R,4,弯 每,1i33 C133 mu? bi21 tsi33 33,吊 献 酒 做 给,用 作 祭 奠 酒
40,L,1,7^ W,tshp21 A33 do44 du21,阿 纳 盐 出 处,阿 纳 产 盐 地
40,L,2,瓷 电 半,kh021 1021 tsi33 133,马 来 嗑 罗,嗑 罗 马 去
40,L,3,IM 3=,th21 tsi33 tsi33 Ip33 9031,一 驮 驮 了 回,驮 回 一 驮 来
40,L,4,W 九 目,1033 tshp21 1$03 ng33,吊 献 盐 也 有,祭 奠 盐 有 .了
40,R,1,效 44 飞,A33 1844 le44 kur's 1h33,阿 勒 匠 来 工,阿 勒 制 香 郎
40,R,2,与 4 日,tsh33 ni21 33 1033 pu,十 二 山 大 处,十 二 大 山 中
40,R,3,国,"055 md 33 De33 p""e h33 tSD 33",山 头 安 召,山 头 安 召
41,L,1,,Ve21 1e44 tehe33,左 手 竹 厂条 拿,左 手 拿 竹 条
41,L,2,号 圣 答,"33 21 33 Z,D le31 mi ob 1e33",右 手 面 尘 裹,右 手 裹 香 泥
41,L,3,金 丑 WI 本,$033 th121 tsa ku33,香 好 一 把 制,制 优 作 质 香
41,L,4,零 金 九,4033 133 $033 ne33 t$033,吊 献 香 也 有,祭奠香有了
41,R,1,w 飞 WI,lurss tg121 th21 V3 188,勒 娓 浸 堤 额,勒 娓浸 堤 额
41,R,2,W 决不 分,phu33 lh33 lur*s b133 ZD21,勒 普 毕 绕 来,勒 力普毕 绕 啊
42,L,1,W Z tQ 日,V133 lur's he33 ob 33 1033,自 家 房 里 处,你 家 房 屋 内
42,L,2,弯 目,qe31 4033 thu31 1$033 zi33,舒 赶 出 的 在,将 舒 驱 出 屋
42,L,3,日,4033 qe31 qhD33 1033 tsh:33,舒 赶 何 处 到,驱 舒 驱 何 处
42,L,4,t 7# tQ 有,he33 du²1 he33 kDss be44,房 椽 房 间 条,橡 子 与 编 条
42,L,5,70,tshi21 kurss be44 th12lt,九 条 道置 呢,插在九道条
42,R,1,200 WI70,tche33 si21 be44 th121 tshi21,七 条 一 道 置,条 插 在 七 道
42,R,2,面 70,55 th121 tche3 tsh;21 ms be44,三 条 一 道 置,插 在 三 道 条
42,R,3,3,phu21 hx² phu2i tu 33 SD 33,普 站普 适 宜,普立普 心 适
43,L,1,星洲星无 w,phu²1 hx31phu²1 lurss,普 站 普 也 喜,普 灵 心 中喜
43,L,2,级 %3=,"phu21 hx31 tce's dz,i21 dz,j21",普 站 油 亮亮,普 灵 容 焕 奂然@
43,L,3,洲子每,phu21 hy31 mu²1 mu tDss,普 站 天 做 搁,普 灵禾 若 高 置
43,L,4,洲星九,phu21 hx1phu21 ne33 mu33,普 站普 也 高,置 于 半 空 中
43,L,5,日 m,du33 1033 diSs 4e44 Te&zp,后 处 孙 重孙 些,来 未 的 子 孙
43,R,1,m 田 π,liss 4e4 g0 44 mp21 dzi31,孙 重孙 怕 不 胜,经 不 住 惊 吓
43,R,2,经 不 住 惊 吓,"p""u h21 pD nh21 lur²1 mu² 33 tDss",普帕 光 的 搁,普 灵 若 光 体
43,R,3,Z4 日 m,du33 1033 diss 4e44,后 处 孙 重孙 些,未来 的 子 孙
43,R,4,m π,4iss dze44 4e44 mp dzi21,孙 重孙 冷 不 胜,随 时 受 寒 冷
43,R,5,星子 每,phu²php2i mu 33 tDss,普帕 空 的 搁,普灵 空壳 若
44,L,1,如 日 W,du3 1033 liss 4e44 dzy31,后 处 孙 重孙 些,未 来 的 子 孙
44,L,2,电开,"p""u²l p²D²i th121 m dz.i21",普 帕 一 地 上,普 灵 居 一 地
44,L,3,W 雪4电 田,diss 4e44 tsh33 tu 33 me 44,孙 重孙 十 地 盛,子 孙 十 受 惠
44,L,4,4电 去,tsh33 tu33 zu2 me 44,十 地 盛 的 使,十 地子孙盛
44,R,1,Z4,lp21 th21 tc23 duss mu33,耕 做 牛 一 条,耕地之 役 牛
45,L,1,WI,aGi 55 mu33 1p21 th21tche33,犁 做 一 条 牛,播 种 N 役 牛
45,L,2,弯,"do44 z,133 4033 do44 Z,133",出 去 舒 出 去,出 去 舒 去 出
45,L,3,7儿 71L,"q155 z,133 4033 9 .13",隔 去 舒 隔 去,离 去 舒 离去
45,L,4,%3=,Ip21 hy31 dzi²l dz.i2 tce,牛 站 油 亮亮,牛健毛色亮
45,R,1,弯 有,4033 qe21 gD 21 knss tsh:33,舒 屋 赶 堂 到,驱 舒 至堂 屋
45,R,2,有 荟,21 kD5s dle44 1o21 gD,堂 屋 鸡 走 场,堂 屋 鸡 戏 场
45,R,3,科 ZI 3=,ni²1 VD21 tu33 de21 ni²1,鸡 翅 打 拍 拍,雄 鸡 膀 振 翅
45,R,4,3=,niss thu33 tsy4 tsy4 VD,鸡 嘴 hu 鸣 鸣,引 颈 高 亢 鸣
45,R,5,九 田 配,1033 VD21 ne33 mp²1 no,鸡 也 舒 不 要,鸡不要舒在
46,L,1,弯,"z,j33 z133 do44 4033 do4",出 去 舒 出 去,出 去 舒 出 去
46,L,2,N,4033 qe21 kD33 yo21 tsh;33,舒 赶 灶 旁 到,驱 舒 至 灶 台
46,L,3,分,tDsp phi21 21 ku33 li2! ZD,沽 道 频 里 绕,沽 道 频 里 绕巴
46,L,4,年 面,kD33 niss nur? su 55 mp 33,镐 孽 尼 塞 玛,镐 孽 尼 塞 玛?
46,R,1,年 芝万荟 3,seskhu²11e21 kD33 1e21,灶 蒸气 腾 腾,灶 气 雾 腾 上
46,R,2,又 九,"tshi21 ne 33 me 33 1D33 tD,ss",中饭 也 熟 了 搁,中 午 饭 熟 了
46,R,3,九 又,tsu”3 ne33 me 33 1D33 tDss,晚饭 也 熟 了 搁,晚 饭 也 熟 了
46,R,4,年 %3=,"kD33 hy31 tcess dz,i21 dzj21",灶 站 油 亮 亮,灶 身 净 又 亮
46,R,5,年 九 田 配,kD33 ng33 4033 mp 21,灶 也 舒 不 要,灶 不 要 舒 邪
47,L,1,7I儿L 7儿,"z,133 z,133 4033",隔 去 舒 隔 去,离 开 舒 开 离
47,L,2,零 76,1033 qe21 qD 33 du21 tsh;33,舒 赶 门 槛 到,驱 舒 至 门 槛
47,L,3,w Z 灶 日,lurss V133 33 du21 1033 qD,自 家 门 处 处,你 家 N 房 门
47,L,4,7 与,si44 ni44 qD 33 tsi3 m121,门 槛 木 二 块,门 槛 二 截 木
47,R,1,7 W,33 si44 1i44 ab bD21,门 面 木 四 块,门 面 四 块 板
47,R,2,台 A 张 品,0.55 qD 33 lu21 2i44 tyss,门 头 龙 影 戴,门 雕 飞 龙
47,R,3,正 A 3= 西,qD? 4u133 qD 33 dle31 dle31,门 白 门 宽 宽,白 木 门 宽
48,L,1,,"do4 z,j33 4033 do44 z,133",出 去 舒 出 去,出 去 舒 出 去
48,L,2,住 Z,4033 qe31 tsi33 niss tsh:33,舒 赶 院 坝 到,驱 舒 至 院 坝
48,L,3,住 日,tsi33 niss tsi33 le31 1033,头 角 院 院 处,院坝 边 角 处
48,L,4,办 7 @3=,tshi21 me's fi33 the2the1,狗 尾 甩 摇 摇,狗尾甩悠 悠
48,R,1,九,tshi21 niss thu33 tsy,狗 嘴 叫 扬 扬,狗 嘴 吠 声 扬
48,R,2,九 田 配,tsh21 21 ng33 4033 mp,狗 也 舒 不 要,狗 不 要舒 伴
48,R,3,不,"z,133 do44 Z,j33 4033 do44",出 去 舒 出 去,出 去 舒 出 去
48,R,4,弯,"qe31 p""u33tche4 tsh:33 4033",舒 赶 王村寨到,驱舒至村中
49,L,1,九 W 3,ci31 mo²1 exZPexzp,老 也 少 全全,老 少 老 与 少
49,L,2,4 九 半3,ne33 nass,大 全全 也 小,大 大 与 小 小
49,L,3,3=,pbp21 ne33 ZD21,父 与 子 些 些,所 有 的 父 子
49,L,4,九 配 田,kh33 ng33 1033 mD 21 noss,他 也 舒 不 要,他 们 不要舒
49,R,1,,tsh044 4033 qe21 kD33,舒 赶 路 大 贴,驱 舒 至 道 上
49,R,2,与 年 九,tsh133 ni21 kD33 1 ne33,十 二 路 大 也,十 二 大 通 道
49,R,3,万 九 田 配,kh133 ne33 4033,它 也 舒 不 要,大 路 不 要 舒
49,R,4,W M 不 分,phu33 lurss p133 ZD1 1133,勒 普 毕 绕 来,勒 普 毕 绕 啊
50,L,1,弯 日,4033 qe31 ab h33 1033 b121,舒 赶 哪 里 给,驱 舒 归 何 方
50,L,2,Z 具 飞,si33 si33 A33 dze31 V33,施 斯 阿 简 娓,施 斯 阿 简 娓
50,L,3,必 飞,b121 4033 ge31 nu33,舒 赶 你 家 给,驱 舒 归 你 家
50,L,4,Z4 弯,"nu33 V33 4033 tsess 1,33",你 家 舒 接 来,舒 你 家来接
50,R,1,Z4 弯 2,"nu33 4033 tsess 1,33 V33",你 家 舒 接 来,你 家 来 接 接舒
50,R,2,分 女 Z 省山,33 du3 niss thD21 44 yD pu,后 处 前 不 反,舒 莫 反 转 身
50,R,3,Z 电,duss mu33 fusthD2i dur3,耕 做 耕 不 误,耕 田 不 误 工
51,L,1,G,4u55 mu33 duss 133 Z033,耕做耕来要,耕田庄禾壮
54,L,1,进早餐,ne² p²p² tshi21 21 h21 ZD tsDSs,儿 好父早饭 喂,孝子喂早饭
54,L,2,承丑岁茶,pD21 ne tshi21 h33 2.U33,父好早饭 拿 来,亡父来取饭?
54,L,3,亡父来取饭?,tshi21tshw33t tsD 55 th21t4u33,早饭晚饭 喂 顿 一,吃早晚饭 时
54,R,1,55 tsD,tsi33 055 tsi33 th2. pe33,酒 头 酒 一 瓶,头 一 瓶酒 中
54,R,2,WI 茶,tsp33 OS tsp33 th121,饭头 饭 觀,头．一 甄 饭 中
55,L,1,光 世 专,G133 si33 si33 kho21 nu33,柯 兴 诗 斯 奴,柯 兴 诗 斯 奴
55,L,2,田 面,mp dzD?1 tsp33 tch21,不 吃 饭 三 口,不 吃 那 三
55,L,3,3=,dZD? kuss 33 nu tsi33 tsi33,吃 会 你 真 真,你 真 会 吃 否
55,L,4,田 面 同,tsi33 mp 21 tsiss ms 33 mw 33,不 喝 酒 三 口,喝 那 不 三 口
55,R,1,,ZZZ Z 3=,tsiss kur's nu33 tsi33 15i33,喝 会 你 真 真
55,R,2,ZZZ Z 3=,tsiss kur's nu33 tsi33 15i33,喝 会 你 真 真,你 真 会 喝 否
55,R,3,#飞,dzp²1 kuss ab h33 tsi33,吃 会 你 若 真,真 你 若 会 吃
55,R,4,ZZZ 飞 国,tsiss kur's h33 33 Eenu ab 3G,喝 会 若 是 你,你 若 真 会 喝
55,R,5,九 年,33 33 qe 55 qhD33 dzp21 ob ne,内亲 与 外戚 跟 吃,与 亲 戚 同 吃
55,R,6,九 世 年,vi31. ne 33 ne 33 ab h33 tsiss,兄弟 与 姊妹 跟 喝,与 兄 妹 同 喝
56,L,1,7:九,fu33 h33 dzD21 me21 ab,妻 与 夫 跟 吃,妻 与 夫 跟 吃
56,L,2,46 九 年 ZZZ,qD33 yu3 ne33 SD 55 tsiss,舅 与 婿 跟 喝,舅 与 婿 同 喝
56,L,3,承九 分 年 7,"p""D hn21 3U 33 ZD 21 kD33 dZD21",父 与 儿 跟 吃,父 与 儿 同 吃
56,L,4,年,pD21 33 nw 33 kD33 ne,父 与 女 跟 喝,父 与 女 同 喝
56,L,5,7,"1,33 1,33 dZD21 Si33 dzD21",吃 来 亡魂 吃 来,来 吃 吧 亡 魂
56,R,1,,ZZZ 2,"tsiss 133 1,33 tsiss",喝 来 亡魂 喝 来
56,R,2,而零至 日 列,qhu21 nDSs tsho33 4e33 1033,阴 人 山林 处 声,阴 魂 山 林 喧
56,R,3,世 四,tsoss 1D33 vess 1D33 xzp,唱 又 吵 又 哗,又 叫 又 歌 唱
56,R,4,Y 介 分 飞,mi33 21 du2i nu33 ZD² nur3,阳 地 你 儿 女,阳 间你 儿女
57,L,1,灶 司 举,si44 du²1 1e33 t$033 1D33,袖 口 转 了 抹,衣 袖 抹 泪 水
57,L,2,# 日 π,dzi21 ts133 1033,丧 食 边 际 处,丧 食 席 周 边
57,L,3,丧 食 席 周 边,Zm ZI 3=,ob 33 qe 55 ve 44 ni21 n1²1,内亲 外戚 喧 哗 哗
57,L,4,Z出 W m 7,liss phi21 nu3 SSOs 12nb,你 得到 材棺 四 块,你 获棺 四 板
57,R,1,O 民 世 住,4D33 bp 33 55 $O tsi33,月 亮 硕 欣 棵,月 亮 硕 欣 木
57,R,2,世 田 国,33 $0$s G133 mp 21 3G ng33,硕 欣 不 是 也,虽 非 硕 欣 木
57,R,3,与 X,"tsh,33 ni2i pu 33 bp² tce3 h33",十 二 山 坡 上,十 二 山 坡 上
57,R,4,松 木 手 围 粗,7 W tQ,si44 SSOs nb he33,嗑松 树 你 棺 房
57,R,5,7 W tQ,si44 SSOs nb he33,嗑松 树 你 棺 房,嗑棺制 你 棺
58,L,1,K Z,si44 ne21 fess do21. do44,树 良 崖 台 出,良 木 取 崖 台
58,L,2,Z U,ssnp 55 h33 mp 33 np ab,稼 稿 阴 粮 食 一,收 获 N 粮 食
58,L,3,收 获 N 粮 食,q²D33 qhD33 :44 1031 4u33 ni,粮 白 粮 红 成,成白 粮 红 粮
58,R,1,丑光,55 ab h33 33 np m133 ne,若 是 阴 地 良,若 是 阴 佳 粮
58,R,2,丑 W tQ,$0SS ne 21 nu? qu21 he33,嗑松 佳 你 棺 房,松 你 棺 材 木
58,R,3,雨,55 tsh;33 tp²1 np m133 nu33,阴 地 你 到 时,你 至 阴 间 日
58,R,4,万 Z tQ,kh133 zi33 he33 33 nu33 ne,它 呢 你 房 是,它是 你房 屋
59,L,1,电 tQ 日,55 tu33 he33 1033 aG nu33,阴 地 你 房 处,阴 间 你 房 处
59,L,2,金 子 垫 柱 脚,"hep p""u33 dzi2 np 33 1p21",房 盖 铜 瓦 片,铜 瓦 盖 屋 顶
59,L,3,77 3,dzi21 :44 do44 Z1,铜 影 金 影 出,金 铜 明 晃 晃
59,L,4,A 科 tQ 飞E,de21 33 bp21 4u33 he33 qD,银 打 房 门 面,银 子做 门 面
59,R,1,to,de21 he33 ab tshi33,金 打 房 门 槛,金 子 做 门 槛
59,R,2,7 日,b121 me 44 nu33 1033,富丽 佳 你 处 给,富 丽 奉 与你
60,L,1,Z4 命 日,nu 33 np 55 1033 tsh:33 thp21,你 阴 处 到 时,你 至 阴 间 日
60,L,2,亏,nu33 ni33 fess ne2i nu33,你 居 你 名 盛,你 居 你声 香
60,L,3,子 # 国,tsiss dlp33 mu² tsu 3G 33,露 降 天黄 昏,露 降天黄 昏
60,R,1,,thp²1 dlp33 pu33,013 霜 降 鸡 鸣 时,霜 降 鸡 鸣 更
60,R,2,7世 专,kho21 si33 nu33,柯 兴 诗 斯 奴,柯 兴 诗 斯 奴
60,R,3,WI,th12i thp21 tshi33 hi33 zi33,一 时 到 来 呢,另 一 时 刻 到
60,R,4,另 一 时 刻 到,tshi21 dzo²1 thp²1 tsh;33 tsD33,早饭 食 吃 时 到,该 早 饭 了 吃
60,R,5,Z册 公会 #,siss phe31 tsi's phu33 tD33,草 叶 露 朵 起,起露珠 草 叶起
61,L,1,,si33 tshi21 tD33 tsp dzD,死者 起 早饭 食 吃,亡 者 吃 早 饭
61,L,2,星雨 效,p²u² thp² A21 tsh;33 De3,到 祖 时 现 在,到 现 下 N 时
61,R,1,田,"mp 21 Z.044 tsho33 tso"" 3G 55",不 生人 有 是,未 者 只 有 生
61,R,2,WI 子,th121 du²1 mu²1 s33 dur33,一 黑 天 三 更,夜 天 三 更 一
61,R,3,目,"1D33 p""T h.33 t$o? 033 mb 33",你 世 在 了 完,你 世 已 过 完
62,L,1,田不子 ZZ,dzi21 mp²1 mu²1 m133 h1²1,不 幸 天 地 选,不 幸 天 地 选
62,L,2,不 幸 天 地 选,si33 nu33 nu33 me 33,你 死 你 吊 丧,你 你 死 吊 丧
62,L,3,你 你 死 吊 丧,nu 33 nu33 nu 33 1e88,你 女 家 你 儿,身 后 N 儿 女
62,L,4,学,si33 tshi21 th121 t4ur tsDss,死者 早饭 喂 一 顿,喂 死 者 早 饭
62,R,1,發 WI学,tshi21 55 133 th121 tsD t4u33,早饭 食 这 一 顿,这 一 顿 早 饭
62,R,2,Z 3,tho21 ne 地 niss,青松 黄 吃 鸟 嘴,小 松 雀 啄 黄
62,R,3,具 tQ 日,A33 dze 1033 nu33 he33,丧 家 你 房 处,丧 家 你 房 处
63,L,1,包 7 U,niss du33 tsD33 mp 33 33 ne,娘 家 粮 食 好吃,娘 家 粮 食 香
63,L,2,田 7 面 Z,tch21 mp dzD21,不 吃 饭 三 嘴,专 留 三 嘴 饭
63,L,3,7 7 2,"dzp21 1,33 si33 dzp²1 lh33",吃 来 死者 吃 来,吧 死 者 来 吃
63,L,4,2ZZ 子,"1h33 1,33 tsiss tsiss",喝 来 死者 喝 来,死 者 来 喝 吧
63,R,1,面 四,"z,i33 tce33 1p21 si21 sur's",水 清 茶 三 颗,清 水 三 撮 茶
63,R,2,清 水 三 撮 茶,2ZZ ZZZ,h33 ID²1 1h33 tsiss tsiss,喝 来 茶 喝 来
63,R,3,2ZZ ZZZ,h33 ID²1 1h33 tsiss tsiss,喝 来 茶 喝 来,起 来 喝 茶 吧
63,R,4,子 發 WI,kD33 133 th121 tSD33,死 路 这 一 条,路 死 亡 这 条
64,L,1,九 田 里,ZOs ne33 Za's mp 21 D133,让 也 让 不 掉,避 让 开 避 不
64,L,2,π 九 田 口,dzi21 lu33 ne33 mD21,官 也 死 不 愿,帝 臣 虽 不 愿
64,R,1,半 九 田 口,mu 55 33 si33 21 lu33 ne mp,将 也 死 不 愿,将 虽 不 愿 死
64,R,2,π 田 IU 必,si33 th33 dzi21 mD²1 905s,官 死 不 太 甘,官 不 甘 死 心
64,R,3,IM 必 半 田,mu 55 si33 mp 21 th33 905,将 死 不 太 甘,将 死 心 不 甘
64,R,4,不 九 田 口,si33 21 lu33 p133 ng33 mp,毕摩 也 死 不 愿,毕 死 不 情 愿
64,R,5,不 田 必,si33 th33 mp21 qoSs,D13 毕摩 死 不 太 甘,毕 死 心 不 廿
65,L,1,Z4 九 田 口,ne 33 si33 nu33 mp21 lu33,你 也 死 不 愿,你 亦 不 愿 死
65,L,2,7严,"1,33 si33 dzp h33 9055",甘 来 死者 吃 来,甘 心 来 吃 吧
65,L,3,Z出 2 720 田,bu²1 nu33 mp 21 dzD21,你 只 独 不 有,并 非 你 独 死
65,R,1,光 世 专 Z4,kho21 si33 Eelg nu33,柯 兴 诗 斯 奴,柯 兴 诗 斯 奴
65,R,2,目 田,ob md 44 t$o mp 21,回 返 在 不 真,不 会 再 回 生
67,L,1,电北电田发,dur²1 dad dur²1 mu,断正不 做,裁布不为 别
67,L,2,电北,"le33 h33 dur²1 da44 lD21 p""D",断 牛 脖布,裁作牛脖绳
67,L,3,裁作牛脖绳,1p21 qe31 te33 yo31 dlu33,牛 赶云 际 人,赶牛人云 山
67,R,1,四麦,te33 q031 te33 t$033 t$033,云 还 云 处转,牛在云中转
67,R,2,IU 子 C WI 子,th21 si33 th121 1D33,一 样 啊 一 样,事 有 序 一 一
67,R,3,命 九,th21 si33 $033 ni44 ne33,一 样诵 想 也,心 存诵 一 经
68,L,1,7 70 -二 田7=,"si44 tshi21 21h.33 9033 m,b.,au",木 腐 雷 不搭,腐 柴 不 堆 里
68,L,2,? 70 又 3=,tshi21 1033 ob 33 tDss tDss,石 腐 里 搁 搁,旧 石 中 里② 置
68,R,1,,133 mu33tche4 tDss,亡者 来 做 村 搁,亡 者 停 村 中
68,R,2,?,dlD21 10 4 tsh;33 bu33,蜂 聚 石 脚 拢,群 蜂 聚 岩 壁
68,R,3,子 企,tshi21 su 33 mu²1 121 m133,户 夜 天 今 晚,今 值奠 吊 夜
68,R,4,口,te33 pe31 dze44 le31 1033,屋檐 滴 手 处,排 雨 屋 檐 下
68,R,5,A 3=,"tsD33 4u33 tsp""",饭 冏白 饭 尖 尖,白饭 堆 觀 尖
69,L,1,封3,ni33 dl1y31 OPO,蹲 坐 蹲利落利落,丧客 蹲人席
69,L,2,开 700 开 3=,si21 be44 be44 de21 de21,说 七 说 款 款,话题杂 七 八
69,L,3,D 3=,SD²1 tche3dzu33 no21 no²1,美文 线齐 整 整,经书 摆 端 齐
69,L,4,Dz2 北7,"ni21 hn33 le31 p""D da44 dzp",彝手 布 裁 不齐,彝人扯布斜
69,R,1,,le31 bu²1 ecmqDp,汉 手绸 断截,汉 人裁绸齐
69,R,2,田 # 田#发,mu3 mp 21 ts133 mp² ts133 33,不 剩 不 剩 做,心 想莫 剩 遗
69,R,3,WI 17开 #,"ts""u 55 th121 dz,i21 33 a ts133",晚饭 喂 一 章 剩,遗 喂 饭 一 章
69,R,4,分 7,33 tsi33 to55 yD ZO 44 mp 33,夺 敖若 知 玛,夺 敖若知 玛③
70,L,1,科每住万,124 me 44 tsi33 kh133,美 的 缔 那 时,缔 结 婚 姻 时
70,L,2,九 Az,q021 nu3 ne33 mu33,你 也 顺 播 做,你 亦 去 播 香种
70,L,3,Z: 九 3 Z 每,si33 33 33 ne SD duss,别人 也 舒 耕 做,别 人 耕 耘 时
70,R,1,Z 无7开0每,si33 ne3 t tshi33 tshi21 mu33,别人 也婚 做,别 人男 媳
70,R,2,九70,ne tsh21 nu33 tsh;33 mu 33,你 也女 婚 做,你 亦 男 媳
70,R,3,Z 每,si33 ne 33 tsiss mu3 nur's,别人 也 女 嫁 做,别 人 女 出 嫁
71,L,1,勿 Z,kuss dzi1 nD3 si33,格 资 病 神 申放,疫 格 资 投 病
71,L,2,子 Z Z社 口,si33 nu33 1033 $OSS,死 神 你 处 获,死 神 落 你 身
71,L,3,死 神 落 你 身,W Z 3 to 日,luuss V133 $i33 he33 1033,勒 娓 诗 罕 处
71,L,4,W Z 3 to 日,luuss V133 $i33 he33 1033,勒 娓 诗 罕 处,勒 娓 诗 罕 处
71,L,5,勒 娓 诗 罕 处,"tch33 ze 31 nu33 tD,ss",奠 吊 你 请 搁,你聚奠吊客
71,R,1,# 子,33 tsiss dlp33 mu²1 tsu e,露 降 天光 斜,露 降 黄昏 时
71,R,2,雨,tp21 0133 dlp33 4 pu33,霜 降 鸡 蹄 时,鸡 霜 时 降
71,R,3,7 7:,mess thb21 A21 A21 mess,自 己 时 自 己,各 物 有 各 时
71,R,4,效 闲,"133 thD²lt ts""ur thD21 tSD",这 时 晚饭 喂 时,现 下 喂 饭 时
71,R,5,目,"0.55 tsh;33 ts""u h.33 33",晚饭 转 亡者 头 到,饭 至 亡者头
72,L,1,民 田,si33 055 21 bp33 mD lur33,亡者 头 光 不 亮,亡 者 头 无 光
72,L,2,目 子,tsu33 15033 $i33 dz.031 tsh:33,晚饭 转 亡者 腰 到,腰 饭 至 亡 者
72,L,3,子 田,"dz.031 th,33 mp 133",亡者 动 腰 际 不,亡 者 腰 不 动
72,L,4,目 子 7:,ID33 tsh;33 t$033 mg33,转 了 亡者 尾 到,转 至 亡 者 脚
72,R,1,田 G,"kh,33 nu33 go 44 mp 21 2033",你 它 怕 不 要,你 不 怕 要 它
72,R,2,众 分,dz1 33 21 qe44 33 1e84 ZD nb,额 津 绕 凯 我,额 津 绕 凯 我
72,R,3,分 与,qhe44 21 ni21 dzi21 ZD21 np,儿 强 我们 二 位,强 者 我 们 俩
73,L,1,G 不,pD33 S121 DD²1 mu 33 ZOSS,我们 脱 做 要 还,需 要 脱 身 邪
73,L,2,台 口 ?,"q044 0.55 1033 10.44 p""D h33",头 处 帽 子 脱,头 上 脱 帽 邪
73,L,3,光 面,tsh;33 1i44 bu31 dy31 enu,缎 穿 脚 你 跨,穿 缎 鞋 迈 脚
73,L,4,女z 子 焱,du21 nu 33 mu² 4y55,袜 穿 你 天 晒,穿袜 你 炫 耀
73,R,1,飞 口,p²D33 pD33 yo 31 1033,我们 脱 身 处 脱,脱 我 身 上 邪
73,R,2,乱 日,33 phD3 le31 1033 p²p33 np,我们 脱 手 处 脱,脱 邪 至 手 上
73,R,3,日 2 46,"33 h33 le31 1033 lu21 YD p""D",手 处 重 骨 脱,手 臂 臂 骨 邪
74,L,1,每日 光 区,"dz.031 1033 re&p m121 p""D h33",腰 处 佩 刀 脱,脱 去 佩 邪 刀
74,L,2,OX 日,"33 p""D h33 tsiss 1033 p""p h33 np",我们 脱 关节 处 脱,脱 邪 至 关 节
74,L,3,oX 日,tsis 1033 bp21 44 pD33 $06,关节 处 脸 花 脱,脱 花 脸 邪 牲
74,L,4,日,"h33 tsh33 h33 np 21 p""b"" 1033 p""D",我们 脱 脚 处 脱,脱 邪 至 脚 板
74,L,5,N. Z4 日,tshi33 1033 du²1 ny4 phD33,脚 处 袜 鞋 脱,脱去 圭邪 袜 鞋
74,R,1,&3=,du21 adxu 44 h33 mb 33 mb 33,袜 鞋 脱 完 完,袜 鞋 邪 脱 尽
74,R,2,众 勿 飞④,yy31 rzp ZD 21 qhe44 np 33,额 津 绕 凯 我,额 津 绕 凯 我
74,R,3,与 π,qhe44 21 ni²1 dzi31 nD,儿 强 我们 二 人,强 毕 摩 我 俩
75,L,1,WI 众,th121 tsh044 tsD33 4833,条 伸 林 着,条 缠 树 木 一
75,L,2,飞 特 Z 全,niss ni21 xw ms 21 $D 33,二 次 尼 爪 找,二 次 找 尼 爪
75,L,3,Z 分 米 分,np 55 1pss be21 ZD21,尼 儿 虎 儿 斗,尼 与 老 虎 斗
75,L,4,Z,niss bg21 si33 dze4 dze44,尼 斗 血 滴 滴,血滴 滴 尼 斗
75,R,1,Z 九,ni1 th21 33 xur²1 zu ne33,二 次 一 捉 也,二 次 捉 一 只
75,R,2,分 WI 茶 每,qhe33 th21 2u3 mu33,儿 强 一 捉 做,毕 摩 捉 一 只
75,R,3,IM 签 众,th21 pu3 tsh044 t$D33 dzi21,一 条 伸 山着,一 条 爬 山 坡
75,R,4,面 全,ni21 siss ms 21 as 33,二 次 野鸡 爪 找,找 鸡 爪 二 野
76,L,1,面,21 qe44 ZD tless ms SD 33,儿 强 鹰 爪 找,毕 爪 摩 找 鹰
76,L,2,分,si55 t4ess ZD21 be21 ZD21,野鸡 儿 鹰 儿 斗,野 鸡 与 鹰 斗
76,L,3,勾 3=,siss be2i no 44 bg33 be33,野鸡 卡 毛 吡 此,野 鸡 毛 零 乱
76,L,4,荟 面 Az 3=,tless be21 s 21,鹰 斗 爪 全 全,鹰 斗 无 损 爪
76,L,5,与 与 九,ni21 mx ni²1 Zu33 ne33,二 次 二 捉 也,二 次 捉 二 只
76,R,1,与 茶,qe44 ZD 21 ni21 21,儿 强 二 捉 大,毕 摩 捉 只 二
76,R,2,益开,th21 dzi21 xu44 tsh044 tsD33,一 条 跳 湖 着,条 伸 进 湖
76,R,3,分,ZD21 qe44 ms su 21,儿 强 獭 爪 找,毕 摩 找 獭 爪
77,L,1,分 分,ho33 ZD21 ms 33 ZD21 be21,霍 儿 獭 儿 斗,霍 与 水 獭 斗
77,L,2,Z,ho33 be21 si55 dze4 dze44,霍 斗 血 滴滴,霍 斗 血 淋 淋
77,L,3,刀,ms be21 z.133 the44 pu33,獭 斗 水 上 浮,獭 斗 水 上 浮
77,L,4,与 不 九,ni21 33 ms SD ne,二 次 爪 找 也,二 次 找 利 爪
77,L,5,分 面 茶,ZD21 qe44 ms 21 Zu 33 33,儿 强 爪 拿 大,毕 摩 之 爪 利
77,R,1,与,ni21 qhD33 qe44 xu²1 qD33,二 次 怎 怎 强,对 手 再 强 大
77,R,2,与 不乘刀开,ni21 xu²1 ku33 the4 dzi21,着 二 次 身际,二 次 伤它 身
77,R,3,众 飞④,q²e44 33 y821 ZD np,额 津 绕 凯 我,额 津 绕 凯 我
77,R,4,7开 住 N 品,"Ve21 le31 dz,i21 tsi33 the31",左 手 铜 锣 拾,左 手抬 铜 锣
78,L,1,号 74,V133 ZD 33 le31 de21 pu33,右 手 打 捧 拿,右 手 举 锣 槌
78,L,2,住 不 开 7科 与,tsi33 de2i ni21 mx dzj2,锣 打 二 次 奉,二 次 敲 锣 奉
78,L,3,3= 与 不开,"dy31 ni²1 xu²1 dz,i21",咚 咚 二 次 奉,咚 咚 锣 声 奉
78,L,4,A,"h33 zD""p""D” 33 ZD 33 1033 do21",左 逃 左 处 掉,左 邪 逃 左 方
78,L,5,号 号 日,Ve21 phD33 Ve21 1033 XD33,右 逃 右 处 掉,方 右 邪 逃 右
78,R,1,与 不开,ni21 mx dzi21 qw 33 SD21,二 次 奉 完 了,奉 完 二 次 锣
78,R,2,民 九,si33 055 bD3 3u 33 lur33,死 头 亮 也 明,亡 者头 明 亮
78,R,3,九 2,si33 dz.031 th33 133 ng33,死 腰 际 也 来,亡 者 腰 板 直
78,R,4,7: 九 ：,si33 tche1 33 mess ne33,死 尾 也 线 顺,亡 者 尾 毛 顺
78,R,5,年 岁年,"kD33 1,33 ts""w”” kD33 1h33",参 来 晚饭 参 来,晚餐席 来 人
79,L,1,年,kD33 lr33 tsiss kD33 1y33,参 来 碰 参 来,人 席 与 众 聚
79,L,2,人 席 与 众 聚,nu33 le31 tsD 33 sw 55 tch121,女 手 饭 三 口,女 捧 三 口 饭
79,L,3,4,33 hp33 1o21 SOs mp,郝 罗 硕 因 玛,郝 罗 硕 因 玛 ⑧
79,R,1,田 配,mp 21 noss sur's tch21 dzD,不 要 三 口 吃,不 要 吃 三 口
79,R,2,公会 面,"ms 55 tch21 q""D” h33 dzD 21",三 口 若 吃 起,若 吃 下 三 口
79,R,3,面,55 m133 tsD33 su's bo21 aG,阴 间 粮 三 囤,阴 间 粮 三 囤
79,R,4,正 日,m13tch33 t du²1 tce 1033,阳 间 那 坪 处,阳 间 办 丧 处
79,R,5,系 A %,ze 44 phu3tchi31 np 55 XD21,鸡 公 山羊 公 肉,肉 肉 鸡 山黃 羊
80,R,1,分 WI Z,21 th21 si5s ZD le31 tsi33,儿 手 酒 一 碗,儿 端 碗 酒 一
80,R,2,九 同 ZZZ,ne 33 ms 33 mu 33 tsiss Joss,要 也 三 喝 口,要 也 喝 三 口
80,R,3,田 面 同,21 33 33 tsiss mp Dos sw mu,不 要 三 口 喝,不 要 喝 三 口
80,R,4,同券 2ZZ,33h33 ms 33 mu a.b tsiss,三 口 若 喝 起,若 喝 下 三 口
81,L,1,如 今罗田,"du2i 33 h33 21 mi ts""wr"" mp pu33",阳 间 晚饭 不 奉,阳 间 不 奉 饭
81,L,2,田,"aG 55 mi ts""ur mp 21 SOS",阴 间 晚饭 不 获,阴 餐 间 无 晚
81,L,3,众 勿,"dz133 ZD 21 q""e"" h55 33 nD",额 津 绕 凯 我,额 津 绕 凯 我
81,L,4,女 Z,du21 tshu33 th121 siss mi,阳 间 晚饭 一 碗,阳 间 一 晚 饭
81,L,5,日,33 pu33 np $03 nu33 1033,我 诵 你 处 奉,诵 经 奉 与你
81,R,1,与 3=,44 33 1o21 nj33 ne t$o 1021,两 眼 转 盈 盈,两 眼 转 灵 灵
81,R,2,女,tshu33 du33 ne 44 133 te33,晚饭 处 眼 来 快,快 饭 来 看 晚
81,R,3,岁 女 住,tshu33 du33 tsi3 1n33 33 tce,晚饭 根 迎 来 快,快 来 接 晚 饭
81,R,4,与 飞= 3=,ni²1 tsh;33 tho31 m6 21 m6 21,二 脚 迈 急 急,双 腿 急 急 迈
82,L,1,住,tshu33 du33 tsi33 h3 tce33,晚饭 根 遇 来 快,快 来 接 晚 饭
82,L,2,电 fz,hp33 1o21 $0$s mp 33,郝 罗 硕 因 玛,郝 罗 硕 因 玛
82,L,3,子 Z 雨,mu²1 A21 siss kh33 thpi,天 过 去 那 时,从 前 之 时 代
82,L,4,九4九,ku²3tsh33ku*s phu33 2i33,九十九 祖 呢,九 十 九 代 祖
82,R,1,ZZ,he31 tsh33 he31 ph121 2i33,八十八 祖奶 呢,八 十八 祖 奶
82,R,2,出,si33 nu33 ph1²ltsu h.21 SOS,你 祖奶 晚饭 获 死,祖 奶 获 饭 死
82,R,3,700 工 200,si21 ts133 si21 p²p21,七 十 七 父 呢,七 十七 父 辈
82,R,4,五4五,tsh33 zi33 55 mp 33,五 十 五 母 呢,五十五 母
83,L,1,子,tsu? nu 33 $OSS,你 母 晚饭 获 死,母 获 晚 饭 死
83,L,2,必罗册,nu33 vi31 tshu² 33 si33 $0SS,你 弟兄晚饭 获 死,弟兄获 饭 死
83,L,3,WI Z47L 日,th121 tsh33th21 tshi31 1033,一 十 一 世 处,十 生 世 一 一
83,L,4,万 九,kh33 ng33 nu3 33 zi33 tsh;33,它 也 你 世 到,到了你 之世
83,R,1,Z4,zi33 nu33 zi33 tsh:33 1a33,你 世 到 来 呢,你 N 世 到 来
83,R,2,九罗册,"nu33 ne"""" 33 ts""u h33 $O 55",你 也 晚饭 获 死,亦 获 晚 饭 死
83,R,3,住 7,tsu33 ne21 tsi33 qur 33 du33,晚饭 佳 碰 完 后,获 得 晚 饭 后
83,R,4,获 得 晚 饭 后,"h33 33 33 h33 33 p""D"" z1 si"" p""D",离去 死 离 去,亡 者 快 离 去
83,R,5,去 子开学,ne33 mu21 th121 dzi tlu,春 天 — 奉落,春天 已 近 尾
84,L,1,开学m,th121 dzi²lt4u²133dzu,一 奉落来呢,季序将轮换
85,L,1,诵经刚开始,188 dz133 A33 dze31 V133,额津 阿节尾,额津阿节尾
85,L,2,额津阿节尾,A33 dze31 tsi33 dz133 33 qo,节院坝 阿 里,阿节院坝 里
85,R,1,33 tp 55,te3phe31 dze44 1e31 ku3,屋檐滴手 里,排雨屋檐下
85,R,2,排雨屋檐下,kho21 G133 si33 th121 Z04,柯兴诗 一： 人,柯兴诗 人
85,R,3,17四万分又,me 33 Ze31 kh33 tDss D3,奠吊那 里 搁,设其奠吊坛
86,L,1,3 3,siss 8i33 SD21,书 文 文 美 诵,诵 经 典美 文
86,L,2,全,33 tso21 33 ID33 133 $O SD,诵 伴 找 了 来,找 来 诵 经 伴
86,L,3,金 口 飞④ 田 每,33 lu33 21 21 $0 np mp mu33,诵 愿 我们 不 做,愿诵 非我 俩
86,R,1,口,"lu33 si33 1,33 3G 33",诵 愿 死 来 是,愿 诵 是 死 者
86,R,2,金 与,$033 tsho21 ni21 204,诵 伴 我们 两 人,诵 经 伴 我 俩
86,R,3,众 具,d2133 A33 dze 18,额 津 尾 阿 节,额 津 阿 节 尾
86,R,4,田 田,kur's zi33 mp 21 mD21 Cie31,不 会 呢 不 嫌,不女 嫌我俩笨
87,L,1,田 飞2 去,di²1 mp kur's tsi33 ne33,不 会 的 真 也,信 我 俩 不 会
87,L,2,田 去 田,mp 21 di21 mD 21 tsi33 SOs,不 知 的 不 真,不 信 全 无 知
87,L,3,田 飞万 田圣,ku*kh33 mp² khb21 mp21,不 会 他 不 效,推 不 会 无 效
87,L,4,π 3=,khp21 dzi21 dzi21 do44 133,硬 硬 出 来 效,非 来才行 得
87,R,1,田 去 Z4,mp 21 do44 133 di21 du21,不 出 来 的 想,心 想 不 过 来
87,R,2,田 金 去 7,mp 21 di21 du21 zi33 $033,不 诵 的 想 呢,心 想 不 诵 经
87,R,3,田 国,21 h33 33 1D33 mp $033 ab 3G,不 诵 若 是 啊,假 若 不 诵 经
87,R,4,专 开 田,dzi21 mp 21 $OSs,死 主 奉献 不 获,死 者 不 获 奉
88,L,1,众 具 飞 效,d2133 A33 dze31 V3,额 津 阿 节 尾,额 津 阿 节 尾
88,L,2,专 田,t$033 si33 ob 55 mb 33,生 主 如愿 不 完,生 者 不 称 意
88,L,3,ZA 田 配,tsh;33 tsh:33 zu 33 mp 21 no 33,麂 捉 麂 不 见,猎麂 不 见
88,R,1,金 众 700,$O 33 dzi33 m1²1 th121,内容 诵 开始 一 样,开 始 诵 一 经
88,R,2,7， 亏,si44 ni33 pu's dlD21 mu,树 洞 蜂 老 坐,树 洞 筑 蜂 巢
89,L,1,世,siss tshi33 dlp²1tche3ku,草根 蜂草角,草蜂草盘巢
89,L,2,草蜂草盘巢,dlp²1 tche31 dlp²1khu 33 SD,蜂草蜂角 筑,草蜂起巢 角
89,L,3,生 九,dlp²1khu44 $D33 kur's ne33,蜂角 筑 会 也,蜂会 角 起 巢
89,L,4,万 全 去 无,"kh,33 di21 zi33 $D3",我们 找 的 呢 角,我 俩起 经 头
89,R,1,生田飞 田力,SD kur's mp21 sa's,找 不 会 不 知,还 是起 不好
89,R,2,田,zi33 kur's du33 mp²1 kur*s,九 样不 会 呢,九样会 不全
89,R,3,九样会 不全,h33 kw 55 h33 dzy31 cab qD,那 些 会 些 那,会 啥就 算 啥
90,L,1,女 田 五,saSs dr²1 mD21 saSs zi33,知 处 不 知 呢,该知 未 能 知
90,L,2,该知 未 能 知,"qD33 55 qD33 dzy31 sa""",那 些 知 那 些,知 啥 就 算 啥
90,L,3,★,le31 mp 33 np 55 yw 21 no21,手 母 弓 杆 钩,拇 柄 指 握 弓
90,L,4,琴 签 W,le31 tsi33 np 55 gD 33 dz133,手 指 箭 丫 拉,手 指 拉 箭 杆
90,R,1,分,pu 44 si33 yD 21 mu33,做 我 返 别人 力,我 做 别 1人 工
90,R,2,飞 电,A21 dz121 ph33 tur33,小 孩畜 拦 辈,孩 子 放 牧 龄
90,R,3,WI Z 全,ph33 th121 $D 33 zi33,一 辈 找 属 呢,我 辈 时 正
90,R,4,4 政 Z,4u33 tD33 tho²1 thuw33 ni5s,白 起松 断 口,断 松 断 口 白
90,R,5,田4 田 会,mp²l thu33 33 21 np mp tD33,不点 我 不 起,非 点我 不来
91,L,1,Z4不4 平u W,tsh133 tsh133 p133 G133 15133,十 毕摩 十 老 师,十 毕 摩 十 师
91,L,2,五不 五乍,np 55 pi 33 aG 55 thu31 tiss,五 毕摩 五 徒 弟,五 毕 摩 五 徒
91,L,3,我 未 学 成 师,ab h33 ku” q”D h33,怎 么 会 怎 么,会啥就算 啥
91,R,1,金 东众,dz133 qD33 th121 si33 $033,哪 样 诵 先 一,诵 先 哪 一 章
91,R,2,企 金 众,A3 m133 $033 dz133 mu33,什 么 诵 先 做,哪 章 首 先 诵
91,R,3,住 W 住,zi33 tsi33 li5s tsi33 4e44,孙 呢 重孙,婚重孙 婚 孙
92,L,1,金 众,t4u33 20% $033 dz133 $033,人 生 诵 先 诵,首 章 出 生 为
92,L,2,子 司,"mu²1 the4tc""e h33 m133",里 地 面 上 天,天 下 地 面 上
92,L,3,4 分 九,ZD21 t4u33 ng33 nu33,人 儿 与 人 女,男 性 女 性
92,L,4,子 # 九 介,mu21 ne33 mi 204,天 与 地 先 生,先 生天 与 地
92,R,1,子 # 住,mu 21 ne 33 m133 tsiss tsi33,天 与 地 先,天 地 先 婚
92,R,2,子 企 # 灶,mu 21 tsiss ZO 44 du33,天 地 先 生 后,天 地 生 成 后
92,R,3,W 九 O 分 写,ne33 4D33 tsi33 ZD21,阳 与 月 小 生,生 太 阳 月 亮
92,R,4,W 九 O 住,33 4D33 tsiss ne tsi33,阳 与 月 光,阳 先 婚 日
92,R,5,W 九 灶 O,tsi33 ne3 4D33 t$o 33 du21,阳 与 月 有 后,月 有 了“ 阳 与
93,L,1,分 了 A 写,21 tce33 ZD² te33 4u33,星 儿 云 白 生,生 星 宿 云 彩
93,L,2,# 日 住,te33 te33 tsiss 1033 tsi33,星 云 先 处,星 云 先 婚
93,L,3,了 又,tce33 te33 0 1D33 tDss,星 云 有 了 搁,有 了 星 和 云
93,L,4,勺,ph133 1i33 hp3 mu²1 204,天 际 风 雨 生,天 空 生 风 雨
93,L,5,# 日 住,4i33 hp33 tsiss 1033 tsi33,风 雨 先 处,风 雨 先 婚
93,R,1,田,si21 21 33 Se31 le31 mp me,果 摘 手 不 及,摘 果 手 难 及
93,R,2,住,tsh:33 mu ne33 tsi33 tg33,高 低 房 院 到,低 由 高 及 院
93,R,3,低 由 高 及 院,tshD²1dzD²1 4D33tch3 tDss,盐 上 搁 吃 舌,盐 味 靠 舌 品
93,R,4,GZ W Z 去,tshD21 ne3 33 4D33 tc144 t niss,舌 抽 盐 嘴 味美,抽 舌 味 盈 嘴
93,R,5,子 日 # 住 灶,tsi33 mu21 1033 du33,天 处 先 后,天 体 婚 后
94,L,1,企 住,"h33 m133 ne4 tc""e"""" tsi33",地 黑 冏上 先,地 物 又 婚
94,L,2,Z卅 7,si44 md 33 3.91 h33 204,山 上 草 木 生,山 冏上 草 木 生
94,R,1,用 7 # 住,si5s tsiss tsi33 . nu33,草 木 你 先,草 木 先 你 婚
94,R,2,# 日,pu3tche33 tsiss Z04 1033,先 生 山 冏上 处,先 生 N 山 上
94,R,3,至 4 目,1033 fess Y031 1S033 1,林 大 崖 身 有,有 森 林 石 崖
94,R,4,至 # 住,1e33 fe55 tsiss tsi33,林 大 崖 先,林 崖 先 婚
95,L,1,π半 # 目,dzi21 mus tsiss t$033 D133,官 毕摩 将 先 有,有官 将 毕 摩
95,L,2,π 不 # 住,dzi21 33 muss pr tsi's tsi33,官 将 毕摩 先,官 将 毕 先 婚
95,L,3,Z出 田 # 四,nu33 mp21 Z.O 44 tsiss t$033,你 不 生 先 有,你未 生 有 便
95,L,4,你未 生 有 便,"p""u33tche4tshi31 33 t$o 33",村寨方 边 有,八方有 村 寨
95,L,5,# 住,phu33tche44 33 nu tsis tsj33,村寨你 先,村寨先你婚
95,R,1,7 红 #,tshi31 V133 nu33 tsiss tsi33,方家 家 你 先,八 方 先 你 婚
95,R,2,尔 田 #,44 mp ZO tsiss 3,你 不 生 先 有,先 你 而 存 在
95,R,3,目,phu21 du² phD²1 mp t$033,祖 处 父 母 在,远 父 祖 母 在
95,R,4,# 住,"h21h-21 mp 33 tsi33 p""u"" p""D",祖 父 每 先,远 祖 父 母 婚
95,R,5,住 m,tsi33 li5s 2j33 tsi33 4e4,孙 呢 重孙,孙婚重孙婚
96,L,1,WI 7L: 住,th21 tshi21 tsi33 133,一 辈 来 呢,每 辈 均 婚
96,L,2,4 万 介,2.04 kh133 th21 ky-ss,人 生 那 一 时,人 出 生 之 时
96,L,3,写 z4 正,mp 31 1h33 tsh133 qD 33 204,母 来 生 下 啊,母 亲 分 娩 时
96,L,4,泵 又,1D33 33 ZO mD y031 tD's,生 了 母 际 摘,生 在 母 身 旁
96,L,5,口 4,"p""D"" h21 mp 33 t4u33 mb 33 mu",父 母 人 拾 做,父 来 接 母 生
96,R,1,Z,33 siss phiss np 1p33 pe4,你 啊 土 碗 片,捡 来 破 碗 片
96,R,2,Z 4E,VI33 1D33 tChe44 da44,拿 了 人 脐 断,拿 来 割 脐 带
96,R,3,Z4 金,33 le31 33 te44 mp t4u33 mb,母 手 人 拾 抢,母 手 抱 婴 儿
96,R,4,4 Z4 金 公会,tD33 n mb 33 t4u33 te4,人 拾 人 抢 起,捡 婴 婴 儿 抱
97,L,1,金 亏4,33 niss tshu33 te4 1D33 mD,抱 了 母 乳 吸,抱 婴 吸 母 乳
97,L,2,4 Z4,t4u33 Z.0 t4u33 mu33,人 长 人 长 的,婴 儿 长 日 日
97,L,3,Z4 面,t4u33 ZO ms 55 ni33 1031,人 生 三 天 满,婴 儿 满 三 天
97,L,4,口 金 IM 金 w,33 th21 ni44 luss mp ni44,母 心 一 心 喜,妈 心 喜 一 场
97,L,5,4,kh031 Z.04 ni33 1031,人 生 六 天 满,婴 儿满六天
97,R,1,Z4 O,si21 ni33 1031 204,人 生 七 月 满,婴 儿 满 七 日
98,L,1,金 五 w,ni44 mp 33 ni44 kur's luuss,舟 心 九 心 喜,妈 心 喜 九 场
98,L,2,妈 心 喜 九 场,ZZ Z4 O,t4u33 ZO 44 he4 4D33 1031,人 生 八 月 满
98,L,3,ZZ Z4 O,t4u33 ZO 44 he4 4D33 1031,人 生 八 月 满,婴 儿 满 八 月
98,L,4,ZZ O Y,he31 4D33 du²1 dce4 le31,八 月 控 耙 手,八月 似 耙 爬
98,L,5,O W,hy31 tshi33 kuss 4D33 dz.021,九 月 站 脚 乖,九 月 脚 站 稳
98,R,1,Z4 七每,q031 t4u33 Z.044 tsh33 np,人 长 十 五 岁,长 到 十 岁 五
98,R,2,张 口,ve31 21 ve31 pu 33 lu33,猪 大 猪 圈 关,肥 猪 关 圈 里
98,R,3,7 日,me 33 do21 th33 1033 do44,名 声 野 处 出,名 声 传 周 边
98,R,4,半 7科 半 口,muss dg21 mu 55 pu lu33,马 闭 马 圈 关,马 关 马 圈 里
98,R,5,国 专 # 列,De33 khu21 8133 ts13 gD 21,叫 声 别人 边 闻,嘶 鸣 传 周 边
99,L,1,4,t4u33 pe4 b121 thD21 tsh:33,人 伴 给 时 到,已 到 寻 侣 时
99,L,2,7: 又 每,me21 fu33 tsi33 tDss mu 33,妻 夫 碰 搁 做,该男 娶 女 嫁
99,L,3,4 去,t4u33 b121 Zi33,人 伴 给 的 呢,要 结 伴 侣 了
99,L,4,Z4 金 口 残,ni44 h33 1033 33 t4u33 ab pp,人 心 哪 里 在,心 仪 人 在 哪
99,L,5,HI 住 分,th21 Z.O 44 tsi33 yD 33,一 人 碰 获 呢,娶 回 了 一 人
99,R,1,万 Z4 7,kh33 zi33 me21 dess,她 呢 人 妻 子,她 是 男 人 妻
99,R,2,万 W 专,kh33 zi33 si33,她 呢 家 管 主,她 是 家 主 妇
99,R,3,Z4 W 专,yx31 kua si33 De3,人 家 管 主 是,是 理 家 年 妇
99,R,4,万 Z4,kh33 zi33 33 t4u33 fu33 ne,他 呢 人 夫 是,他 是 妇 之 夫
99,R,5,Z4 DZ 分,nu33 81 duss 1Ob ZD21,你 家 稼 儿,你 家 N 稼 稿
100,L,1,20 专 国,nu 33 yy31 qo21 si33 D33,你 家 耕 主 是,是 稼 之 主
100,L,2,Z4 子π 勿,mu²1 dzi21 ZD 4e33,木 资 绕 晒,木 资 绕 晒
100,L,3,4 分 与 π,33 ni21 t4u33 ZD21 nw dzi21,人 儿 女 二 个,男 和 女 二 人
100,L,4,Z4 20 年,t4u33 ZO 44 kD33 bu 33,人 生 家 庭 聚,结 家 庭 生 来
100,R,1,20,zi33 kD33 bu3 1h33,家 庭 聚 来 呢,相 聚 组 家 庭
100,R,2,to 田 田 π,he33 mp 21 .mq 33 mp 21 dzi21,房 不 有 不 幸,不 幸 无 房 住
100,R,3,亏,fess y031 dz121 goSs nj33,崖 际 兽 野 居,崖 洞 野 兽 居
100,R,4,万九 WI 生,"kh,33 th121 ng33 pur33 $D",它 也 一 窝 找,们 找 窝 住
100,R,5,ZS 至 口,vi33 44 tsiss 433 lu33,鸟 美 林 花 朵,美 鸟 花 山 林
101,L,1,九 I70罗,"kh,33 thi21 tshi33 33 ng33 tsu",它 也 一 窝筑,鸟 也 筑 窝 住
101,L,2,Z4 Z飞 与 π 九,V133 ni²1 dzi21 ng33,人 家 二 人 也,人 N 夫 妻 俩
101,L,3,tQ WI G,he33 th121 ku33 1D33 ZOS5,房 一 造 要 啊,须 造 一 房 屋
101,L,4,专 九 tQ 目,si33 th21 hg33 ne33 t5033,别人 也 一 房 有,别 人 有 一 房
101,L,5,九 IM tQ 罗,Z0.s ne? 33 th21 he33 tsu 33,我 也 一 房 垒,我 也 建 房
101,R,1,tQ,th21 he33 1a33 33 ku33 qD,一 房 建 来 因,将 要 建 一 房
101,R,2,to IM 天,ni33 he33 kD33 bu33 th21,房 庭 有 一 日,有 房 屋 家 庭
101,R,3,每,dz121 tc1ss tsp 120b mu33,畜 找 粮 种 做,畜 牧 又 种 粮
101,R,4,亏 Z 每,kD33 55 0i33 4uss np,坐 耕 走 犁 做,房 前 远 地 耕
101,R,5,WI Z 目,th21 ph33 t$033 ID33 tD33,一 辈 在 了 起,建 一 世 家 庭
102,L,1,,bu²1 be21 pu 44 be21 t4u4,丝 衣 绸 衣 叠,丝 衣 绸 裳 叠
102,L,2,专 70,md 44 be21 133 tshi21,绸 衣 别人 来 织,绸 料 别 人 织
102,L,3,焱 致,"bu²1 be21 4yss l,33 tci4",丝 衣 晒 来 欲,丝 料 布 挂 晒
102,L,4,了,mu*s t tsho21 lur²1 m8,伙子 旁 将 扶 守,伙 子 跟 将 前
102,L,5,半 3 π 晏 半,muss muss dzi21 mu,马 黄 将 官 员,将 官 骑黄 马
102,R,1,众用 田,tsi33 dzi33 mp phi33,院 坝 整 不 平,院 坝 未 整 平
102,R,2,分 效,bu?l4 mu? A21 55 XD 33 ku33,阿 波 马 鞍 制,阿 波 制 马 鞍
102,R,3,至 7 田 G,4e33 si44 mp21 fe33,山 木 晒 不 干,山 木 未 晒 干
102,R,4,7 焱 π,si44 niss kα44 dzi21,嘎 木 晒 半 干,嘎 木 晒 半 干0
102,R,5,Z4 7 焱 分 飞E,t4u44 si44 yD 21 bp21,叠 木 晒 力 薄,透 叠 木 难 晒
103,L,1,分 ZI 3=,YD21 t tD h33 133 ni²1 nr²1,力 来 频 频 试,马 频 频 试 力
103,R,1,分,paD21 ZD21 m1² le31 2.u33,儿 技 父 手 拿,儿 承 父 技 艺
103,R,2,勿刀,"tsh;33 p""D"""" h21 the44",父 根 儿 身 长,父 样 烙 電儿 身
103,R,3,Z,nu 33 m1²1 mp 33 niss tyss,女 技 使长 妈 嘴,妈 嘴 移 女 身
103,R,4,妈 嘴 移 女 身,33 tshi33 nu33 the44 mp,妈 根 女身 长,妈 样 烙 儿 身
104,L,1,众,1e84 dz133 zi33 kD33 dzr,家 始 呢 庭 始,家 庭 之 根 基
104,L,2,to 又,he33 ku33 zi33 kD33 tDss,房 造 呢 庭 置,建 房 组 家 庭
104,L,3,tQ W tQ 本,he33 21 lur*s he33 ku33,房 大 喜 房 造,建 盖 大 房 屋
104,L,4,W to WI,th21 ni33 lurss he33 ku3,喜 房 造 一 日,建 盖 房 之 日
104,L,5,飞2 分 不,ku ZD21 as 33 S121,匠 儿 找 要 还,尚 需 找 工 匠
104,R,1,π 46 Dz,ni21 dzi21 ce 44 mX 33,葬 官 汉 皇 帝,汉 皇 葬 做 臣
104,R,2,Q Dz,ce 44 dzi21 ni²1 tsh3ts44,汉 官 彝 衙 役,汉 官 彝 衙 役
104,R,3,Z4 飞 与 π 专,VI33 ni21 si33 t4u4 dzi21,人 家 二 人 主,家 中 男 女 主
104,R,4,tQ 本,he33 ku33 133,房 大 造 来 呢,建盖 屋 大 房
105,L,1,to 7,he33 ku33 si44 nos,房 造 木 良 要,盖 房 需 良 木
105,L,2,7 苏# 田,si44 dzi44 44 21 mx mp,木 砍 铁 不 有,砍 木 没 有 铁
105,L,3,与 专 日,qD33 33 8j33 1033 SD,力 主 哪 里 找,哪 里找 帮 工
105,R,1,Z4 飞 与 π,t4u33 V133 ni²1 dzi21 2.04,家 个 人 二 人,夫 妻 两 个 人
105,R,2,司,ID33 44 21 t$033 mx 3G ge31,转 了 铁 良 赶,转 身 去 寻 铁
105,R,3,司 丑 全,t$033 1D33 mx 44,转 了 铁 良 找,转 铁 身 去 找
105,R,4,子 互,33 1D33 mu² Y031 tshi33 as,找 了 天 际 到,找到 了天际
106,L,1,牛 全 W O,tshi33 mx 44 $D 33 tsi33 4D33,铁 找 阳 月 到,找 铁 月 处 日
106,L,2,W 3=,do44 bD33 lu33 lu33,阳 出 亮 光 光,日 出 明 亮 亮
106,L,3,O 业 3=,4D33 do44 bp33 zi31 zi31,月 出 亮 晶 晶,月 出 亮 盈 盈
106,L,4,W O #田 五,tsi33 4D33 44 mD 21 do44,阳 月 铁 不 出,日 月 不产 铁
106,R,1,全 面,44 33 tsh:33 mx as tce Zi31.,铁 找 星 宿 到,找 到 星 宿 处
106,R,2,找 到 星 宿 处,tce33 do44 tsi33 ni4 t tohe31,星 出 星 点 闪,出 烁 星 亮 闪
106,R,3,700 光 N.,tsho21 si21 si21 tshi33 nD33,行 走 南 方 到,行 走 至 南 方
106,R,4,700 π 3=,si21 nDpe 33 h33 dzi21 dzi2i,南方灰 蒙 蒙,南方灰 衣蒙蒙
107,L,1,介,44 33 tsh;33 mx SD m133 ne 44,铁 找 地 黑 到,找 铁 到 黑 地
107,R,1,专 飞 专,"si33 si33 1,33 sas kuss",知 主 会 主 来,知 者 和 会 者
107,R,2,包 小 包 又每,niss du21 niss tghi44,土 挖 土 扒 做,挖 土 扒 开 土
107,R,3,? 日,tche33 xw 44 1044 1033 bu21,铁 石 上 处 背,铁矿 背 上背
108,L,1,,"bu²1 xw"" tche31tsh33",铁 背 铁 村 到,矿 背 铁 匠 村
108,L,2,田 专 日,b121 si33 1033 br21 mp,不 给 别人 处 给,背 来 给 他 人
108,L,3,4 飞 分,A21 1y44 kuss ZD21 bi21,阿 勒 匠 儿 给,给 阿 勒 铁 匠
108,L,4,4 飞2 开,A21 1844 ku's le31 21 3G,阿 勒 匠 手 巧,阿 勒 匠 技 高
108,L,5,44 分,A21 1x44 1h33 ku's ZD21,阿 勒 匠 儿 来,阿勒之铁 匠
108,R,1,包 ?,niss 1044 xu44 thw3 fi33,土 石 铁段 分,分 开 土 石 铁
108,R,2,特 ? 卡 2,"44 fi33 thu²1 lh,33 mx 1044",铁 矿 分 出 来,分 出 铁 矿 来
108,R,3,7 苏 田,si44 dzi44 xu mD21 dllD33,树 砍 铁 不 成,未 成砍树斧
109,L,1,苏 特 7科 G 不,dzi44 xu de21 ZO5S S121,砍 铁 打 要 还,尚 需 打 斧 子
109,L,2,飞2 科 田,44 de21 kur's mp21 t5033,铁 打 会 不 有,没 有 掌 锤 人
109,L,3,专 全,kur's si33 33 do 4 SD,会 主 找 出 去,出门 找 匠师
109,R,1,子亘 百 介,mu21 ku33 mi 33 3.01 h33,天 下 地 黑 上,普 天 大 地 上
109,R,2,W 企 ZZ,4iss 4021 m133 he31 Ve33,四 面 地 八 方,四 面 又 八 方
109,R,3,企 与,tsh133 ni²1 m133 ne44 d33,地 黑 十 二 域,大 地 十 域 二
109,R,4,十 日 与,tsh133 ni²1 d133 m133 1033,十 二 域 地 处,十 二 域 地 广
109,R,5,子 m 全,d133 mu21 diss 33 as,域 天 域 四 找,遍地 去寻 找
110,L,1,西 日 WI,21 1033 th121 khp21 33 mx SD,先 处 一 区 找,首 先 找 域
110,L,2,至 司 亏,4e33 dz121 fess ku' nj33,山 兽 岩 里 住,山 兽 岩 里 住
110,L,3,亏 至,fess ni33 433 dz121 9055,岩 住 山 兽 野,住 岩 山 野 兽
110,L,4,分 口,ts133 33 ob 55 lu33 mp ZD21,官 衙 昆 明 城,官 衙 昆 明 城
110,L,5,中 分,"A33 h21 go*s ZD do31 p""D",昆 明 阿 夺 帕,昆明 阿 夺 帕
110,R,1,2 丑 国,qD33 33 kur ne21 nu 33 3G,匠 良 你 若 是,你若 是 高 匠
110,R,2,飞 3 7科 分,33 si33 nD de21 ZD,我 家 金 打 儿,我家打 金 郎
111,L,1,3 目,si33 de21 kuss t5033 3G 55,金 打 会 有 是,家 有 打 金 匠
111,L,2,田,dlp21 mp 33 tu3 mp² dy31,蜂 母 翅 不 长,蜂 王 不 长 翅
111,L,3,勿,dlD21 tu33 3.31 h33 tsj33 ZD,蜂 儿 月 鑫 翅,蜂 翅 煽 似 琴
111,L,4,企,fess lu21 dlp33 tsi33 m133,岩 边 澄 江 地,岩边澄 江 地
111,R,1,特 Z 科 分,si33 33 de21 kD33 3G ZD1,路 主 铵 打 儿,路 边 打 铵 郎
111,R,2,Z2,de21 kur's me 33 do44 D03,铵 打 会 名 出,打 铵 扬 远 名
111,R,3,本飞晃 每,tsho21 si21 44 t021 88,行 走 行 走 做,路朝前走
112,L,1,飞丑,kus ku*'s 21 e,匠 良 匠 良 赶,去 找 名 匠
112,L,2,田 电 日,tsh;33 1033 tsh:33 mp m1,不 到 地 处 到,走 到 陌 生 地
112,L,3,70 贝 田,Ze31 tshi21 du²1 mp 1e33,织 布 正 不 滚,织 布 不 滚
112,L,4,见 包,du²1 1e33 kh033 niss 031,滚 织 纵 短,滚 经 线 短
112,L,5,见 汞 年 口,du²1 lu33 pu33 2133 nD²l,宜 良 水 落 城,宜良水池城
112,R,1,年 口 亏面,"21 lu33 h21 np p""D",水 落 城 住 人,水 池 城 N 人
112,R,2,7科 3=,33 nu33 mi xw 44 de21 de21,你 地 铁 打 打,此 地 打 铁 吗
112,R,3,飞 万 目 3=,ku*'s nei kh33 t$033 15033,匠 良 它 有 有,可 有 打 铁 匠
112,R,4,口 亏 A 74 九,lu33 4u33 de21 33 3 ne,城 住 银 打 也,此 地 有 银 匠
112,R,5,特 74 田 目,de21 xw 44 ku's mp21 t5033,铁 打 会 不 有,没有打铁 匠
113,L,1,本,tsho21 si21 tso²1 88 44 mu 33,行 走行 走 做,路 往 前 走 一
113,L,2,田 N. WI 电,mD21 tsh;33 th121 tu33 tsh:33,不 到 一 地 到,到 一 陌 生 地
113,L,3,半 π 不 田,xu 21 21 muss dzi21 21 mp ab,将 官·毡 不 披,将 官 不 披 毡
113,R,1,π W,tshi33 tsi33 dzi²1 lurs,知 官 路 南 到,到 州 府 路 南
113,R,2,W 3 分,"lur,'s di33 SD 33 YD 33 m133",路 南 舒 处 地,路 南 舒 适 地
113,R,3,开 7科 飞开,1p21 ku*s dzi21 de21 dzi21,劳 执 打 会 铜,劳 执 会 打 铜
113,R,4,7开 丑,dzi21 de21 kw's me 33 30 33,铜 打 会 名 扬,名远 扬 铜 匠
114,L,1,特科 飞田,mx 44 de21 kur*s mD21,铁 打 会 不 有,没 有 打 铁 匠
114,L,2,田 去 介,mp 21 tsh;33 ne 33 mi 33 tsh;33,不 到 楠 密 到,来 到 楠 密 地
114,L,3,去 介,mp 33 ho33 33 m13 pu,楠 密 竹 养 山,楠 密 竹 林 山
114,R,1,田 子,ph33 mp 33 gess mu²1 VOSS,竹 枝 天 半 旋,竹 中 舞 枝 空
114,R,2,女 了,"mp 33 4D21 te33 ne* 44 p""u h33",竹 叶 云 黑簇,竹 叶 厚 如 云
114,R,3,写 中 7科,33 mD 33 de21 1e33 mp,竹 长 竹 滚 圆,竹 杆 匀 滚圆
114,R,4,去 介,"33 33 33 h21 44 ne mi mp ho33 P""D",楠 密 锚 伙 帕,楠 密 锚 伙 帕
114,R,5,7科 3=,nu 33 mi 33 44 de21 de21,你 地 铁 打 打,打铁 你 地 可
115,L,1,飞2 专万 目 3=,si33 kh133 kuu's t5033 t$033,会 主 他 有 有,可 有 打 铁 匠
115,L,2,去 中 企,m133 mp 33 ho33 m133 n033,楠 密 竹 养 地,楠 密 竹 林 乡
115,L,3,女 画 飞,ho33 mp 33 ku's mp33 2031,竹 养 竹 编 会,养竹 会 编 竹
115,R,1,子 口 企,tce33 zi21 mu21 lu33 m133,星 晶 弥 勒 地,星 亮 弥 勒 地
115,R,2,子 口 效,"mu2 1u33 A21 p""D h21",弥 勒 阿 细 帕,弥 勒 阿 细 帕
115,R,3,采科,A21 kha44 de21 kuur's,阿 细 铅 打 会,阿 细 会 打 铅
115,R,4,科 飞 田 目,"xu 44 de21 kur""s mp t$033",铁 打 会 不 有,人会打 无 铁
116,L,1,金 日 田 WI,ni44 th133 1033 mp21,心 处 不 稍 死,中 实 不 甘 心
116,L,2,田 7,tsh;33 ka31 si44 tsh;33 mp21,不 到 泸 西 到,来 到 了 泸 西
116,L,3,7 口 介 分,th33 ka31 lu33 .,泸 西 城 处 儿,内 泸 西 城 域
116,L,4,万 3 企,"kh,33 m33 g0ss m133",那 地 果 诗 地,那 里 果 诗 居
116,R,1,至 7 3,4e33 ness si44 2.04,林 深 树 长 宜,林 深 宜 木 长
116,R,2,亏 至 飞E,4e33 ph33 90's bD21,果诗 居 山 半 坡,果 坡 诗 居 半
116,R,3,飞丑 万 日 全,kuss ne21 kh133 1033 $D3,会 找 良 那 里,那 里 找 铁 匠
117,L,1,3 7 飞,si33 si44 ku33 ku's 9o$5,果 诗 木 做 会,果 诗 会 木 活
117,L,2,7,si44 55 ku33 qe44 3G,木 做 强 有 是,有 高 强 木 匠
117,L,3,特 田,xu 44 de21 kuss t5033,铁 打 会 不 有,无 人 会 打 铁
117,L,4,田 答,lu33 de21 lu33 21 1e33 mp,磨 打 磨 不 圆,打 磨 磨 不 圆
117,L,5,司 司 A,"2,133 1 lu33 t$033 nD's",水 大 磨 转 多,水大磨转快
117,R,1,46 效 米,"lur33 33 A33 1D5s h21 yu p""D",罗 平 阿 劳 帕,罗 平 阿 劳 帕
117,R,2,效 米 华,A33 1Dss kp33 mx 44 kur*'s,阿 劳 罐 铸 会,阿 劳 会 做 罐
117,R,3,阿 劳 会 做 罐,kD33 mx ku's t$033 3G 55,罐 铸 会 有 是,有 人 会 制 罐
117,R,4,特 7科 田,44 de21 kur's mx,铁 呢 打 不 会,不 会 打 铁 具
117,R,5,飞丑 专 的,si33 qe31 kuss ne2i kuss,匠 良 匠 主 赶,再去找 铁匠
118,L,1,田 电 日,tsh;33 tsh;33 mp 21 tu33 1033,不 到 地 处 到,去 到 陌 生 地
118,L,2,7,dlp21 vi21 le31 t tohe33 Zu21,蜂 针 手 上 鳌,蜂 针 鳌 手 背
118,L,3,安 +,a Zu33 le31 EOb tu4,蜂 捉 手 中 握,捉 蜂 掌 中 握
118,L,4,飞 ? 电,tsh33 be4 V33 1044 1031,师 宗 落 罗 到,到 师 宗 落 罗
118,R,1,? 效,phD21 1044 1021 A33 pu,落 罗 阿 钵 帕,落 罗 阿 钵 帕
118,R,2,? 日 企,m133 be44 V133 10 44 1021,师 宗 落 罗 地,师 宗 落 罗 地
118,R,3,专 科 分,ku si33 mx 44 de21 ZD?1,会 主 铁 打 儿,打 铁 匠 艺 郎
118,R,4,? 电 日,1044 1021 m133 tur33 1033,落 罗 地 方 处,落 罗 人 地 方
118,R,5,特 科 Z2 目 3=,"mx de21 kwr?? tso""",铁 打 会 有 有,有打 匠 可 铁
119,L,1,Z ? 分,21 be4 V33 1044 dzi44 ZD,师 宗 石 打 儿,师 宗 打 石 郎
119,L,2,同,"z,133 bu² fess kur kD33",水 淌 岩 里 过,水 淌 人 岩 里
119,L,3,列 3,"z,133 tsh.33 khu21 fess",水 下 岩 声 美,水 击 岩声美
119,R,1,与 IU,1D21 ni21 th121 tur33 tsh:33,陆 良 一 地 到,来 到 陆 良 地
119,R,2,与 Z,p²p²1 1p21 ni21 ne4 si33,陆 良 乃 斯 帕,乃 斯 帕 陆 良
119,R,3,万 介 田 7科,"kh,33 m133 mx 44 mp 21 de21",他 地 铁 不 打,该 地 不 打 铁
119,R,4,万 企 华,kh33 33 33 1D21 44 mi np xw,他 地 泥 瓦 铸,该 地 做 瓦 片
119,R,5,包 飞④ 华,niss de21 np 33 xu 44 ku*s,泥 打 瓦 铸 会,会 踩 泥 做 瓦
120,L,1,飞2 开 不,ku's ne21 ge31 do 44 2133,会 良 赶 出 去,出 铁 去 找 匠
120,L,2,IU 面,th21 ni33 md 33 ms 55 qe 31,日 山 三 梁 一,一 日 三 山 梁
120,L,3,L,55 33 si21 dzu sw qe31 pu,三 梁 山 七 道,三 梁 山 七 道
120,L,4,700,kD33 dzwp pu 33 ge31,七 道 山 梁 过,翻越 七 道 山
120,R,1,与 飞 272,ni²1 tsh;33 te33 bD21 dlo44,两 脚 崖 壁 登,两 脚 登 崖 壁
120,R,2,与 3 7= 本,qhu21 ni21 le31 te33 n031,两 手 崖 口 攀,手 攀 崖 顶 两
120,R,3,N. 田 WI 电,mp tsh;33 thy21 tur33 tsh:33,不 到 地 到 一,来 到 一 地 方
120,R,4,电,"hp33 1o21 pu""tc""e""t tshi33",郝 罗 山 上 到,到 郝 罗 山 上@
120,R,5,日,1lo21 tche33 hp33 pur 1033,郝 罗 山 冏上 处,在郝 罗 山 上
121,L,1,田 住 WI 住,21 th21 44 mD tsi33 ZO tsi33,不 遇 人 遇,遇 到 一 个 人
121,L,2,WI 住,A21 th21 Z133 Z04 tsi33,阿 因 一 人 遇,遇 到 了 阿 因
121,L,3,正,A21 tch33 th21,阿 因 那 人 一,阿 因 这 个 人
121,L,4,阿 因 这 个 人,le31 le31 dzi21 15133 ts133,手 指 手 指 指,用 手 指 指 示
121,R,1,子π子 日 7,dzi21 mu21 1033 SSOS,天 指 天 处 知,指 天 知 天
121,R,2,介 π 介 电 7,mr 33 dzi21 m133,地 指 地 方 知,指 地 知 事 地
121,R,3,7万7 专 万 2,DS 55 si33 kh33 133 ne 33,知 主 他 来 是,他 是 万 事 通
121,R,4,司万 女 每,Z.O 55 kh33 33 mu 33 t$033 np,我 转 他 问 做,我 去 询 问 他
121,R,5,特 科 Wi,44 th121 xw de21 kur's 204,铁 打 会 一 人,会打铁 一 人
122,L,1,飞 2,kur*s 21 33 1h33 zi33 30 SD,匠 良 找 来 呢,我 找 一 铁 匠
122,L,2,飞2 目 日,qhD33 ku t5033 1033 1$033,匠 有 哪 里 有,铁 匠 哪 里 有
122,L,3,飞2 目 配 3=,kuss t$033 nu33 D033 D033,匠 有 你 见 见,你 见 铁 匠 否
122,L,4,飞2 丑 日 亏,"ku 21 q""D h33 1033 ni33 ne",匠 良 哪 里 住,铁 匠 住 哪 里
122,L,5,飞 3=,21 ku's nu33 gD gD D21,匠 家 你 闻 闻,可 听 说 匠 家
122,R,1,专 分,A21 33 55 si33 21 Z1 SD ZD,阿 因 知 主 儿,阿 因 全 知 郎
122,R,2,阿 因 全 知 郎,"th21 q031 1,33 do²1 2i33",一 句 还 来 呢,应 答 出 句 一
122,R,3,飞 目 企,ku's ne2i ku's t$033 m133,匠 良 匠 在 地,铁 匠 在 匠 地
122,R,4,3= 子万 雨,kh133 thp2i ne31 ne31 mu²1,早 早 天 那 时,早先 的 时 候
123,L,1,专,"si33 t""w th33 55 21 Z.O gD",别人背话 我 闻 呢,人 说 我 听 见
123,L,2,W 企,tsi33 bu2! O33 qe31 m133,支 布 香 改 米,支 布 改 米 香
123,L,3,飞2 目 WI 口 电,kur's t$033 th121 lu33 tu33,匠 有 一 城 地,是 匠 人 N 城
123,L,4,丑 WI 口,kur's ne21 th121 lu33 SD-33,匠 良 一 城 样,高 匠 有 一 城
123,L,5,飞,th33 ku's do44 X0.31 #13,匠 出 地 虹 溪,匠 出在虹 溪
123,R,1,飞2 丑 万 日,"ku's ne2! kh,33 1033 t$033",匠 良 那 里 有,高 那 有 匠 里
123,R,2,飞2 亏 万 日,kur's kh33 1033 0i33,匠 家 那 里 居,匠 人 那 里 居
123,R,3,匠 人 那 里 居,tsho21 si21 kur*s tshi:33 m13,行 走 匠 地 到,行 走 至 匠 地
124,L,1,3:,khu21 hu²i hur²1,铁声 响 轰 轰,声 伏 打 铁 起
124,L,2,7科 国 ZI 3=,de21 tshi33 ne 33 ni²1 n1²1,打 砧 响 连 连,击 砧 响 连 连
124,L,3,平u 7科,44 de21 X031 mx ZD?1,虹 溪 铁 打 儿,虹 溪打 铁 郎
124,L,4,飞2 专 ：,kh133 1p33 kuss si33,会 主 他 家 啊,铁 家 人 匠 N
124,R,1,U 司,ku's mp 33 kurss tsi33 t$055,匠 母 匠 皮,每 亲 皮 肤
124,R,2,分 住 4,kus ZD21 kur's tsi33 dzo,匠 儿 棵沾 匠,儿 有 匠 人 身
124,R,3,儿 有 匠 人 身,ku's kuss dy31 nur3 SDSS,匠 女 匠 知 长,匠 女 香 匠 慧
124,R,4,飞 WI 口 住,V133 th21 ku*'s lu33 tsi33,匠 家 一 城 遇,遇 城 匠 人 一
124,R,5,效 飞 专,A21 1x44 ku si21 pD21,阿 勒 会 主 人,阿 勒 铁匠 人
125,L,1,飞专 分,kur's si33 133 33 ge31 yD,会 主 赶 了 得,找 到 铁： 匠 了
125,L,2,飞2 专 飞 特 科,si33 44 ku* np 33 xw de21,会 主 我 铁 打,铁 匠 打 我 铁
125,L,3,科,nD 33 mx 44 de21 1n33 zi33,我 铁 打 来 呢,帮 我 打 铁 呢
125,L,4,飞2 20,"A21 1y44 ku"" 1,33",阿 勒 匠 家 来,阿 勒 铁 匠 家
125,L,5,2,"1a33 zi33 kw?s p""u² tsu",匠 价 商 来 呢,报出 工匠 费
125,R,1,科星 A 五 电,de21 phu21 4u33 55 lo21 np,打 价 银 五 两,锻 打 银 五 两
125,R,2,3 五,phu21 mu aG 55 tsi33,做 价 金 五 钱,成 形 金 五 钱
125,R,3,W 五,1e31 nos ciss np 55,手 活 细 五 厘,细 活 费 五 厘
125,R,4,飞2 众 飞2 田,"ku? dz133 kur""s lur²1",匠 根源 鸡 九 只,请 匠 鸡 九 只
125,R,5,效 国 思,A21 qho21 tshi33 ne SD?,现 在 穷 年 到,现 逢穷荒 年
126,L,1,田,niss dzD h33 21 ab mp pD,嘴 吃 食 不 饱,吃 饭 不 饱 腹
126,L,2,司 日 % 丰,kur33 1033 ni4 do44,身 处 肉 红 出,裳 破 露 肉 身
126,L,3,裳 破 露 肉 身,md 44 kw*s phu²l tsu,反 复 匠 价商,反 复 商 工 价
126,L,4,光 每,tsu 1D33 nas mu33,小 的 商 了 做,往 低 谈 工 价
126,L,5,万 2,"kh133 zi33 1,33 tsu33 nos",那 样 羊商来 要,往低来商 吧
126,R,1,九 企,dzi21 bur33 ne33 m133,官 也 地 不 有,官家 如 无 地
126,R,2,星万 田 X,phu²1qhe44 kh33 mp21 tsi21,价 硬 他 不 承,价 高 也 难 承
126,R,3,价 高 也 难 承,tsu 33 1D33 dlp33 ZD,商 了 谈 了 成,终 于 谈 妥 价
126,R,4,国 2,A21 tshi33 1h33 zi33 ne33,现 在 到 来 呢,到 」了现 下呢
127,L,1,WI 日,de1 phu²1 du”3 th121 lo21,打 价 银 一 两,锻 打 银 一 两
127,L,2,3 WI,"mu""3 pu21 thj21tsh:33",做 价 金 — 钱,成 形 金 一 钱
127,L,3,M WI,le31 noss ciss th121 2.021,手 活 细 一 厘,细 厘 活 费 一
127,L,4,飞 G,ku's phu21 ZO 44 mb zi33,匠 价 讨 完 呢,工 价 商 讨 完
127,R,1,,ku's tD33 xw 44 de21 tD33,起 匠 起 铁 打,起 身 去 打 铁
127,R,2,效,de21 tshi33 A33 ne 44 niss,打 砧 乌 鸦 嘴,砧 头 似 鸦 嘴
127,R,3,4 效 D Z,dz.j33 A33 pp niss he33,夹 青 嘴 子 蛙,夹 子 青 蛙 嘴
127,R,4,π 安,mp33 dzi21 VD21 Se31 9033,鸡 毛 生 气 抽,鸡 毛箱抽 风
128,L,1,O 金 4,ni2l 33 tuss 4D33 ni44 ZE,火 苗 牛 心 大,火 苗 似 牛 心
128,L,2,特 2ZZ 7HL 3=,mx 44 tsiss mx 44 li5s 1i55,铁 移 铁 炼 炼,夹 铁 火中 烧
128,L,3,司 飞 WI,A21 1x44 kurs th21 Z0 44,阿 勒 匠 一 人,阿 勒 铁 匠 人
128,L,4,科 日,fi33 de21 Eenq 1033 dzu,挥 打 肩 处 齐,抢锤挤肩高
128,R,1,科 43,de21 ph;33 tsh33 tsh33 ms,锋 打 扁 下 下,锋 刃 锐 利 利
128,R,2,苏 牛 7,yu de21 dzi44 44 de21,先 打 砍 铁 打,首先 打 砍 斧
128,R,3,7科 科 分,yD 33 de21 Xo21 mx 44 d21,后 打 修 铁 打,其 后 打 修 刀
128,R,4,7L 日 西,tshi21 1033 dle31 44 de21 mx,再 处 劈 铁 打,再 后 打 子
128,R,5,7科 IM 签,thu33 de21 th121 xu144,刨 铁 打 一 把,打 一 把 刨 刀
129,L,1,,"t""u”tsu de21 th21 SD33",断 锯 打 一 条,打 一 条 断 锯
129,L,2,特 7科 π IM 签,xw 44 de21 dzi21 th121 $D33,铁 打 凿 一 把,打 把 凿 子 一
129,L,3,飞,kur's mx liss 1D21 1h33,匠 铁 炼 了 来,火 中 烧 炼 铁
129,L,4,W,Ip21 44 33 ne ob tsiss,牛 黑 水 里 淬,似 牛 人 水 淬
129,L,5,面丑 分,the44 xw su²1 mu33 yD,铁 刃 良 的 得,铁具刃 锋利
129,R,1,每 分 2,the44 33 33 do44 133 mu YD,良 的 得 出 来,获 得 良 铁 具
129,R,2,? 面 茶,1044 Se4 xw 44 bp21 Z.U33,石 粗 铁 面 拿,粗 石 磨 铁 面
129,R,3,口 特面 ?,104 noss mx 44 hyss,石 软 铁 刃 立,细 石 磨 锋 刃
129,R,4,面 勿,the44 tless su2l 2D21,刃 利 鹰 儿 嘴,刃 利 似 鹰 喙
129,R,5,田 刀 田 (Z,the44kh33 21 mp21 mp,不 利 它 不 样,没有厚钝 样
130,L,1,7 4P 苏 IU,si44 21 th121 ni33 ZE dzi44,树 大 砍 一 日,砍 大 树 之 日
130,L,2,tQ 本 分 田 曼,he33 ku33 XD 21 mp 21 m 44,房 建 力 不 叫,无 须 叫 帮 工
130,L,3,分 tQ 田,yD 21 yu 44 he33 ku33,力 叫 房 不 建,靠 hu 难 建 房
130,L,4,分 九,tche44 0.55 21 1h33 YD ne33,村 头 力 也 来,村 头 工 自 来
130,R,1,分,tche44 33 21 me yD pe4 le31,村 尾 力 伙 伴,村 尾 帮 工 伴
130,R,2,分 分 >,"YD21 ts""o"" h21 YD 21 pe4 le31",力 伴 力 伙 伴,伙 伴 来 帮 忙
130,R,3,年 IU,tsh133 th121 kD33 su3,我 加 三 十 一,加 我 三 十 一
130,R,4,住 众 分 可,44 tsi33 d2133 YD 21 ne 44 g8,院 坝 力 黑 谢,院 中 谢 朋 工
131,L,1,设餐待早饭,dp² tsu²dzD²1 mb du33,黎明早饭 吃 完 后,黎明 吃完 饭
131,L,2,日界,dzi4 44 bu33 1033 kha31,砍 铁肩 上 扛,斧头扛 肩 上
131,L,3,772 费日生,X031 dzo31 1033 th44 xu,修 铁 腰 要处 插,修刀插腰间
131,L,4,修刀插腰间,"thu33 4tche33 xu"" 1033 bu21",断铁背处背,断锯背上背
131,R,1,日 十,dle31 44 le31 1033 tu44 mx,劈铁 手 处 握,斧手中握
131,R,2,斧手中握,tsho21 tsho21 si21 88 mu3 33,行走行 走 做,路朝前走 一
131,R,3,路朝前走 一,tsho21 si21 tho1 dz04 tsh;3,行·走青松林 到,来到青松 林
132,L,1,平u,33 dzo 44 1o21 tshi33,青栎 林 青栎 凹 到,来 到 青 林 栋
132,L,2,7 苏 7 ZI 3=,dzi44 Si44 n11 n121,树 砍 树 连 连,砍 树 声 坎坎
132,L,3,7 旧 子开,si44 bu²1 tso's mu²1 dzi21,树 倒 春 雷 鸣,树倒声如雷
132,R,1,7 苏 & 76,si44 21 33 du33 dzi44 mb,树 大 砍完 后,砍 完 大 树 后
132,R,2,米,thw k033 le31 2144 1h33,快 手 滑 来 断,手快 断 截 成
132,R,3,手快 断 截 成,7 OZO,"tu3 mb 33 du33 zi33 dz,j33",断 完 后 呢 整理
132,R,4,7 OZO,"tu3 mb 33 du33 zi33 dz,j33",断 完 后 呢 整理,断 完 整 场 地
132,R,5,WI 又,"dz,i33 1D33 th21 tDss VD33",整理 了 一 处 搁,将 木 搬 一 处
132,R,6,米,k033 le31 1h33 dle31,快 手 滑 的 劈,手快劈滑木
133,L,1,OX 茶,h44 33 tsiss zu,斧头木 节 拿,斧头修 木 节
133,L,2,谷西 7 U,dle31 pu si44 4021 tyss,子 木 面 给,子 劈 木 面
133,L,3,分 # 分,33 dle31 zi3 yD ts133 ZD1,后 劈 边 柱 司 儿,后 劈 滑 小 柱
133,L,4,见M U,dur2l phe31 zi33 33 le31 mp,承中 柱 手 臂,承中柱手臂
133,R,1,同 ?,"mb 33 dlu33 33 sw? tc""e 55 h33 mb",搭 三 根 条,標 条 搭 冏三冏 根
133,R,2,子 日,tsh04tshi21 mu²1 kur 33 1033,秋 冬 天 里 处,冬季节 里 秋
134,L,1,W 九 O 年 π,tsi33 ne3 33 4D33 kD33 dzi21,阳 与 月 过 值,阳 与 月 下 搁
134,L,2,WI 天 焱 6,th21 133 fe33 0i33,一 日 晒 来 干,昼 晒 木 料 干
134,L,3,hI ZZ,th121 he31 mu 133 fe33,一 夜 吹 来 干,夜 吹 木 料 干
134,L,4,排 π π,dzi21 tsiss dzi21 hp3 fe33,露 值 雨 值 干,沐 露 淋 雨 干
134,L,5,7 6 3=,si44 fe33 h3 tsy44 4 tsx,木 干 来 仄,冏干 仄 木 声
134,R,1,U,tso21 33 pe33 tsh;33 mp,红 栗 轮 里 板,红 栗 轮 里 板
134,R,2,平u,vu' 33 tsD h21 le31 9031,青 栎 轮 外 弯,青 栎 轮 弯 板
134,R,3,效 飞E,A33 lis tshD²1tsha31 bp21,棠 栗 轴擦 直,棠 栗 轴 擦 耳
134,R,4,茶 7 W,33 si44 tsp21 1p21 mG,沙松 木 车 担,沙 松 车 担
135,L,1,四 3=,Ip21 pu33 1p21 ve 44 Ve4,牛 叫 牛,牛 叫 牛
135,L,2,2 专,si33 k033 le31 13,快 手 利落 来 拉,拉 木 快 利 落
135,L,3,分 4h 专,Ip21 yD² 21 01 1h33 si33,牛 力 大 来 拉,役 牛 力 大 拉
135,L,4,役 牛 力 大 拉,1D33 1D33 qe31 qe31 好,赶 了 赶 了 走,吆 喝 着 赶 路
135,L,5,专 #,si33 tche4 tsh;33 1p33 tsi 33,拉 了 村 边 到,木 料 拉 村 边
135,R,1,飞 分,A21 1x44 kur's le31,阿 勒 会 手 儿,阿 勒 木 匠 郎
135,R,2,B 日 果,tshiss bu33 1033 kha31,尺 弯 肩 处 扛,弯 尺 挂 肩 上
135,R,3,日 Z,pu3 le31 1033 V133 SD21,墨 斗 手 处 拿,墨 斗 手 上 拿
135,R,4,包 开,niss thu33 ni's no 55 1h3,短 要 短 来 断,作 断 要 短 短
136,L,1,效,A21 1x44 kur's le31,阿 勒 会 手 高,阿 勒 高 木 匠
136,L,2,7 + 马 hh,si44 tu33 3.31 h33 dza 31,木 直 线 条 弹,弹 线 木 头 直
136,L,3,7 田,si44 TeOb le31 mp² 1eOb,木 弯 手 不 弯,木 弯 手 不 弯
136,L,4,西,:44 dle31 Z1 tu33 ID33 Z1 :44,劈 滑 刨 了 滑,劈 刨 木 光 滑
136,R,1,7 4,si44 33 1 ku33 1D33 mb,木 大 做 了 完,木 料 备 完 毕
136,R,2,to,"21 he33 zi33 ts 6""0 h21 3",日 吉 房 柱 竖,吉 日 竖 房 柱
136,R,3,去 Z4,zi33 tsh021 du21 zi33,柱 竖 的 想 呢,心 想 竖 柱 子
136,R,4,住 7科 田 目,1D33 tsi33 de21 mp21 t$033,地 基 不 有 啊,没 有 宅 基 地
136,R,5,住 科 全 G 不,S121 tsi33 de21 SD 33,地 基 找 要 还,还 要 找 宅 基
137,L,1,希丑 田 分,khD21 ne² 21 mp 21 yD 33 2i33,地 良 不 得 呢,没 荒 地 有 闲
137,L,2,企 企 专,mi 33 ne 44 mi 33 si33 h33,地 看 地 主 来,择 基 风 水 师
137,L,3,3= 子,kh33 tp21 ne31 ne31 mu²1,早 早 天 那 时,远古 的 时 候
137,R,1,甘 日,"h33 dD21 ve31 mr"" tc""e"""" 1033",岛 文 地 上 处,岛 文 地 面 上②
137,R,2,世,ne2i th21 m133 tsu33,地 良 一 片 藏,藏 片 地 一 宝
137,R,3,又,khp²1 ne th21 tp-s,地 良 片 搁 一,空 一 片 宝 地
137,R,4,日 丑 7,qD33 ne² 21 1D33 1033 saSs,哪 里 良 知 啊,宝 地 在 哪 里
137,R,5,企,21 qe44 h33 m133 ZD,地 看 儿 强 来,高 明 风 水 师
138,L,1,日,pha31 1031 yu 1033 tsi33,罗 盘 前 处 支,罗 盘 摆 跟 前
138,L,2,万 住 7 全,kh33 zi33 tsi33 de21 SD 33,那 样 地 基 找,如 此 择 宅 基
138,L,3,企 丰 分 平u,ts133 m13 ni4 G133,地 看 儿 师 傅,择 地 风 水 师
138,L,4,日 目 目,qD33 IP 1033 t$033 $03,哪 里 有 的 在,宝 地 在 哪 儿
138,R,1,效 与,khD21 A21 33 ni44 SD Te!P,地 看 谁 人 行,勘 舆 谁 高 明
138,R,2,Q,vI33 ce 44 tsi33 Se44,汉 家 汉 师 傅,汉 人 风 水 师
138,R,3,W 日,tshD21 1p21 1033 le31 dur²1,盐 茶 手 处 放,地 面 撒 盐 茶
138,R,4,U 日 +,ab hn33 mp 33 le31 1033 tu4,粮 食 手 处 握,谷粮 中 掌 握
139,L,1,光日,qhD33 1p²1 tche33 1033 bu²1,粮 茶 上 处 背,粮 茶 背 上 背
139,L,2,全,khD21 33 m133 3G 21 SD,地 良 地 良 找,找 风 水 宝 地
139,L,3,住,tsi33 de21 SD 33 do44 2133,地 基 找 出 去,出 门 找 宅 基
139,L,4,田 N. 电 日,tsh;33 1033 tsh:33 mp² tu33,不 到 地 处 到,走 到 远 方 地
139,L,5,与 至,"tsh,33 ni21 tsh:33 4e33",十 二 山 大 到,到 十 大 山 二
139,R,1,与 至 台 日,tsh133 ni21 055 43 1033,十 二 山 头 处,十 二 大 山 上
139,R,2,科 万 田 丑,tsi33 de21 kh133 mD2 ne?i,宅 地 基 不 良,不 宜 作 宅 基
139,R,3,特 众 田 3,dz133 kh133 33 kD33 mp2l SD,路 根源 它 不 舒,来 往 路 不 畅
139,R,4,飞E,tsh;33 hp33 1021 pu 33 bp21,郝 罗 山 坡 到,至 郝 坡 罗 半
140,L,1,飞E 日,hp33 1o21 pur 33 bp21 1033,郝 罗 山 坡 处,郝 罗 山 半 坡
140,L,2,7= Z,du²1 q*u21 niss tsiss nD's,洞 口 绊 跌 多,洞 口 跌 绊 多
140,L,3,住 科 每 田 与,de21 IeP tsi33 mu33,地 基 做 不 行,不 宜 做 宅 基
140,L,4,年 甘 #,A33 na 44 dp21 ts133,阿 纳 道 路 边,阿 纳 大 道 边?
140,R,1,住 7科 日,de21 kh33 tsi3 1033 SD21,地 基 那 标,宅 基 择 那 里
140,R,2,九万 田 (),ne33 kh33 mp21,良 也 它 不 像,好 此 地 非 太
140,R,3,7h 专 GZ 中,si33 055 SDSS 4D33 4055,知 主 舌 头 涮,地 师 舌 头 动
140,R,4,地 师 舌 头 动,zi33 th121 tch21thu3 tDss,句 点 搁 呢,句 点 来 指
141,L,1,效 年 甘 U,A33 44 33 na dp21 kp33 mp,阿 纳 道 路 大,阿 纳大 马路
141,L,2,阿 纳大 马路,dzi2i kD33 muss kD33 yD 33,官过 将 过 属,是官道 道 将
141,L,3,半 Z00 半,si21 tsi33 mu's dle33,地 瘩 流 氓 多,地 痞 流 氓 多
141,L,4,住科 田 与,tsi33 de21 mu 33 mp 21 IeP,地基 做 不 行,不宜做宅基
141,R,1,众 九 田,33 21 kD33 d2133 ne mp SD21,路 各旁 也 不 标,不 择 官道 边
141,R,2,地到它 择 处,as 33 Ip²1 pu33tce4tsh33,找 了… 村寨 到,择基到村寨
141,R,3,择基到村寨,pu3tche4tche4dz031t tsh;33,村寨寨腰 到,择基到寨 央
142,L,1,四电,tche4dz.031 muss t3033 tu33,村腰将 子在地,村央兵营地
142,L,2,交斋雨 虫,dzi²1khD21 m13 thD21 ne21,官距地莫 近,莫近官府居
142,L,3,莫近官府居,mu*skhp²1 m33 thp21 ne?1,将 子距地莫 近,莫 近兵营居
142,L,4,7 7,ob si21 m23 thbp21 vi21 33,亲 联 地莫 远,联 姻莫 距远
142,L,5,联 姻莫 距远,dzi21 mukhD²1 qD² ne21,官 将距若 近,居若近衙营
142,R,1,,mu*s tche31mu5s 1021 np ns5,马勤马 槽 多,丁 粮 多 派 摊
142,R,2,丁 粮 多 派 摊,"9021 si21 m1² 33 q""D h33 vi21",亲 联 地 東若 远,联 姻 距 若 远
142,R,3,田,tsh:33 mp21 tsh;33,想 到走 不 到,惦念难见面
142,R,4,惦念难见面,"p""u3tche4tce",村寨寨 尾 到,择基到 川寨尾
142,R,5,目 电,tche44 ne kur's t$0.33 tu,寨尾 匠 在 地,寨尾匠居地
143,L,1,4住,"tsi'3 h33 21 en ku"" ab ne",人 居 匠 若 近,居处 若 近 匠
143,L,2,7 本 A,"kur""s tshD33 de21 ku33 nDs",匠热 打 做 多,气 热 噪 声 多
143,L,3,田 丑 山,ne² 21 th12i kh033 mD SD21,不 良 一 桩 标,另 外 择 一 基
143,L,4,4b 日,kw44 p21 tsi33 np D55 1033 SD,东角 端 处 标,选择村东 角
143,R,1,,qD33 mp3tshD²1 1D21 .2,粮 食 盐 茶 压,埋 压谷 盐 茶
143,R,2,马 A,SD21 1D33 lu21 bu33 dzo21,标 了 鲁 脊 合,择 鲁 脊 脉 在
143,R,3,Z4 住 A 住,t4u33 tsi33 lu21 3G 21 tsi33,人 宅 宅 鲁 神,人 宅鲁 神 宅
143,R,4,丑 住,dz131 lu²1 ne1 tsi33 teiss,畜 牧 鲁 神 迎,迎 畜 牧 鲁 神
143,R,5,年 丑 住,21 kD33 9021 lu21 30 tsi33,庭 中 鲁 神 迎,迎 家庭 鲁神
144,L,1,Z 丑 住,lu21 duss 9021 Dei tsi33,播 种 鲁 神 迎,迎 播 种 鲁 神
144,L,2,命 住,55 mu33 lu21 ne21 tsi33,耕 耘 鲁 神 迎,迎 耘 神 耕 鲁
144,L,3,田泓 丑,lu21 21 mD21 dzo21 SD21,鲁 标 下 神 不,鲁 神 不 降 临
144,L,4,田 丑飞田,tch133 ne² mp De1,不 良它 不 良,不 宜 啊 不 宜
144,L,5,灶 日 WI 7張,th121 kho33 21 du²1 1033 SD,后 处 一 桩 标,后来择 一 基
144,R,1,￥,SD21 ID33 ng33 bu33,标 了 楠 脊 下,择 在 楠 神脊
144,R,2,田 丑飞田开,ne21 mD21 ne² tch33 mD,不 良 它 不 良,宜 不 宜 啊 不
144,R,3,7 日,me 55 1033 th121 kho33 SD 21,尾 处 一 桩 标,最 后 择 一 基
144,R,4,63 日,"p""u3tche4tce44 1033 le31",村寨寨 手 处,村 边 寨 边 处
144,R,5,#,tsiss tChe44 le31 tche44 4i33,村手村南 方,南方村寨边
145,L,1,日,4i33 tsiss tche44 le31 1033,南 方村 手 处,村 寨 之 南 边
145,L,2,村 寨 之 南 边,tche44 le31 lu21 le31 9031,村 手 龙 手 弯,村 边龙 脉 抢
145,L,3,住 科 日,tsi33 de21 kh133 1033 SD21,地 基 它 处 标,宅 基择 那 里
145,L,4,特 3 住 7科 企,33 kD33 SD tsi33 de21 m133,过 舒 地 基 地,宅 基 宝 福 地
145,L,5,万 日 又,"kh,33 1033 SD21 1D33 tDss",好 标 了 搁,勘 择 在 那 雷
145,R,1,介 分,qe44 m13 ni44 ZD21 133,地 看 儿 强 来,高 明 风 水 师
145,R,2,△,4u33 tsh33 1n33 5133,酒 白 下 来 标,滴 白 酒 来 择
145,R,3,u A 茶,q”D33 mp33 4u33 1a33 2i44,粮 食 白 来 压,埋 压 五 谷 粮
145,R,4,W 3=,tshD21 1p21 tsh33 4u33 4u33,盐 茶 白 白 下,盐 茶 撒 地 面
145,R,5,盐 茶 撒 地 面,to 7 Z,he33 si21 1e88 ku,房 主 家 里 家
145,R,6,to 7 Z,he33 si21 1e88 ku,房 主 家 里 家,择基 基主人家
146,L,1,ZZ 分,he31 XD 33 tsh:33 ni3,三 夜 次 日 到,三 夜 后次 日
146,L,2,三 夜 后次 日,44 khD21 ne44 md q031,返 回 地 良 看,返 回 看 福 地
146,L,3,住 日,khD1 21 ne tsi33 de21 1033,地 良 地 基 处,择 下 N 福 地
146,R,1,田 W,33 cab h33 mp le31 .1g,粮 食 手 不 沾,手 五 谷 不 沾
146,R,2,W 包 田,tshp21 1D21 niss ho44,盐 茶 土 不 拌,盐 茶无 土色
146,R,3,丑万 国,ne²1 kh33 ts133 m133 De33,地 良 它 是 真,真 是 福 宝 地
146,R,4,斋丑万 国,kp21 kh133 33 tsi33 De1 30,地 良 它 是 真,福 宝 地 不 假
146,R,5,企 万 分 又,mi 33 ne44 kh33 yD 33 tDSs,地 看 它 处 搁,宅基定此 处
147,L,1,万 日 71,khp21 ne44 kh133 1033 do21,地 看 那 里 掉,选 准 在 那 里
147,L,2,开 住 7科 日,"tsi33 de21 kh,33 1033",地 基 那 里 良,宅基那 里 好
147,L,3,特V万 8 3,khD33 dz133 kh133 1033 SD33,过 根源 那 里 舒,家 道 能 兴 旺
147,L,4,住 7科 分,33 ID33 33 tsi33 de21 SD YD,地 基 找 了 得,找 到 了 宅 基
147,L,5,全 分,khp21 De?i as 33 1D33 YD 33,地 良 找 了 得,找到 福基 了
147,R,1,开 住 科,ni33 tsi33 de21 dzi33,日 吉 地 基,吉 平 地 基 日
147,R,2,住 WI 天,tsi33 de21 dzj33 th21 ni33,地 基 整理 一 日,平 地 基 N 日
147,R,3,分 π 可,dzi21 g8 44 1h33 D1 ne44,力 黑 生 抵 来,壮 实 棒 伙 子
147,R,4,日 Z,ph;33 mu 33 dzj33 1033,高 整理 低 处 平,取 高 填 低 处
148,L,1,住科 7% &,"tsi33 de21 dz,i33 qu du33",地 基 整理 完 后,平 整 地 基 后
148,L,2,?,tsh;33 10.4 pu 44 zi33 noSs,石 翻 柱 脚 垫,石 头 垫 柱 脚
148,L,3,包 口 每 7科,niss tshi21 lu33 mu33 de21,泥 土 墙 做 打,泥 土 春 屋 墙
148,L,4,口 7科 口 五,lu33 de21 lu33 ku's ty4,墙 打 墙 九 屋,墙 春 九 板 高 8
148,L,5,ZZ 安,tsa4 Ze31 tsha44 he31 Ve33,栅 编 栅 八 方,八方 栅 栏 围
148,R,1,口 会,lu33 de21 ID33 tD33,墙 大 打 了 起,春 好 了 屋 墙
148,R,2,天,zi33 tso21 ni33,日 吉 柱 大 竖,吉 冏日 竖 柱 子
148,R,3,IL,zi33 1 tsho21 th121 ni33,柱 大 竖 一 日,竖 房 柱 之 日
148,R,4,竖 房 柱 之 日,zi33 4u² tce33,皮 条 柱 头 拴,皮条 拴 柱 头
149,L,1,m,zi33 tso21 diss 3.31 h33,柱 竖 柱 四 根,中 柱 竖 四 根
149,L,2,翔 分,S133 0.55 tce 44 2i33 ZD21,棕 绳 柱 小 头,棕绳拴 小 柱
149,L,3,勿,zi33 he31 tghe33 ZD²1,柱 小 八 根起,小 柱 竖 八 根
149,L,4,见,dur21 phe44 le31 lur33,承中 呢 手 拿,承中 修 拿手
149,L,5,承中 修 拿手,ssms 55,任 眼 任 三 根,任眼穿 三根
149,R,1,標 条 搭架 子,zi33 zetso²1 ID33 EaIP,柱大 竖 了 成,房架 已竖起
149,R,2,房架 已竖起,tho21 dlu33,松条 椽 上 铺,標 上廠 铺 橡 子
149,R,3,標 上廠 铺 橡 子,du²1 qo²niu² Gess t$i33,橡 铺 猪 牙 岔,標 条 似猪 牙
149,R,4,標 条 似猪 牙,du²1 qo21 du²1 qu 33 du33,橡铺橡完 后,铺钉完橡后
150,L,1,的甬田,be44 qe31 dzar mp 1$033,条 赶 条 不 有,条无 绑 木 条
150,L,2,甬丑 日,dz.a44 qhD33 1033 1$033,哪 条 良 里 有,哪 里有 木 条
150,R,1,飞,33 33 21 dza ob m6 tu33 dza31,条 抽 架 直 编,木 条 顺 直 编
150,R,2,W t,tsiss yu²1 hg33 be44 2433,拿 麻 秆 房 条,麻 秆 配 以 编
150,R,3,tQ F,he33 be4 th21 ni33 qe31,房 条 赶 一 日,偏 条 子 N 日
150,R,4,2 3,3G 33 t4i44 ne 44 de31,藤 缠 蛇 串 串,缠藤 绞 似 蛇
151,L,1,Z,44 thp1 be44 ge31 ne SeSs,条 赶 眼 莫 岔,条 眼 莫 岔 错
151,L,2,条 眼 莫 岔 错,be44 qess ne 44 ab h33,条 赶 眼 若 岔,条 岔 错 眼 若
151,L,3,田 面,21 kh033 dlp33 mp De21 sw's,不 良 三 桩 成,现 三 不 吉 像
151,L,4,tQ 里 WI 天,p²w33 th121 ni33 he33 21,房 大 盖 一 日,盖房 顶 N 日
151,R,1,t里 用 田 目,"he33 p""u²? 33 21 mp t$033",房 盖 草 不 有,盖 房 顶 无 草
151,R,2,W 云 日,tsi33 do44 pw3 dzu2l 1033,东 方 山 梁 处,东 梁 处 方 山
151,R,3,3 Z卅,m..d h..-33 0° 055 si55 ne 44,山 头 草 黄 深,山 头 黄 草 深
151,R,4,WI 用 面 十,th121 be2i siss su 55 tu44,一 捆 草 三 把,一 捆 三 把 草
151,R,5,A + Z卅 WI,si55 th21 su tu44 be21,三 把 草 一 捆,三 把 草 捆 一
152,L,1,用 丑 日,"siss kh,33 ne21 1033 ky4",草 良 那 里 割,那 里 割 好 草
152,L,2,用 Z,siss ky4 si5s ky4 1D33,草 割 草 割 啊,」草 草 割 啊 割
152,L,3,用 Z 飞画,si5s ky4 si5s bD33,草 草 参 割 硬,草 中 夹 硬 物
152,L,4,画,siss bp33 133 zi33 031,草 硬 参 来 呢,有 硬 物 参 草
152,R,1,田 丑,21 th121 kh033 mp ne21 dlp3,不 吉 一 桩 成,现 一 不 吉 像
152,R,2,现 一 不 吉 像,th121 kh033 dlp33 133 1503,不 桩 成 来 在,吉像 现 不
152,R,3,里WI 天 tQ,Ze p”w3 he33 thi21,房 大 盖 日 一,盖 屋 顶 之 日
152,R,4,用 U 女多里,"si'ss mp 33 he” tc""e""p""u",上盖 草 母 房,白 花 草 盖 顶
152,R,5,用 3 tQ 7 茶,siss si33 he33 enq e&p,草 黄 房 脊 压,黄草 压屋脊
153,L,1,用,"siss be21 nu 33 1,33 do21",草辫 女 来 丢,妇女丢 草 辫
153,L,2,用 分 里,"siss 133 h.33 2D21 p""u",草 编 儿 来 盖,男 子 盖 草 辫 口
153,L,3,用 7 口 学,siss do21 bu²1 lu33 eem,草 丢 蝴 蝶 飞,草 辫 似 蝶 飞
153,L,4,雪 乱 2,dess le31 k033 1h33 tsess,伙子 接 手 快 来,伙 子快 速接
153,L,5,用 3= 年,siss du²1 Zu21 Zu21 kD33,草 编 加,草辫 刷添
153,R,1,用 用,siss dur²1 siss pu33 mu33,盖 草 编 草 做,编 草 又 盖草
153,R,2,去 介 女 天,33 33 ne m33 ho33 bur,楠 密 玛 禾 山,楠 密 玛 禾 山
153,R,3,楠 密 玛 禾 山,3E to,mp 33 da44 he33 le31 Sess,竹 断 房 手 岔
153,R,4,3E to,mp 33 da44 he33 le31 Sess,竹 断 房 手 岔,蔑 草 辫 片 固
153,R,5,企 平u,mi 33 dze Ip21 siss,尖 草 地 荒 刀,荒 地 刀 尖 草
153,R,6,平u,ID21 he tshi334 du² G133,刀尖 草 房檐放,刀 尖 草檐边
154,L,1,tQ tQ U,he33 ku33 he33 33 mp,房 建 房 大 大,建盖 大 房 屋
154,L,2,W tQ 必,zi33 luss he33 ku33 dlp33,喜 房 建 成 呢,新 房 建 成 了
154,L,3,tQ 天 3,Zzi14 he33 ni33 SD.33,房 居 顺 舒 家,家 住 进 吉 祥
154,L,4,3 to 7,"hg33 si21 h21 p""D",，房 人 顺 舒 主,吉 祥 房 主 人
154,L,5,面,pe4  su*5 qh031 1031 Y831,家 伙 三 年 满,成家满 冏三 年
154,R,1,7HL 口 田,! lu33 a mp21 hy31,花 朵 蜂 不 站,花 朵 不 落 蜂
154,R,2,田 每,qhD33 mp hy31 Zi33 mu² 33,不 站 怎 么 做,办 不 落 怎 以
154,R,3,田 与,mp 21 44 h-33 zi33 dr²1 ZO ab,不 的 生 怎 么,不 孕 怎 么 办
154,R,4,金 日 田 4,ni44 1033 th133 1y44 mp²1,心 处 不 太 踏实,心 中不踏实
155,L,1,,mu5tche31 mu gD 21 t133,潜 镐 装 木 木,装 木 潜 木 镐?
155,L,2,目 女四 介,th44 1$033 m133,巫 有 纳 特 地,纳 特 有 巫 师
155,L,3,田 44 女,mp 21 1x44 si21 nD33,不 踏实 亚 话 问,师 心 问 巫
155,R,1,分,"pu 33 tshi33dz,D33 ku33 yD 33",山 脚 处 召 做,山 脚 祭 召 处
155,R,2,不丑,"dzD"" 33 21 4u33 kh033 ne te33",召 神 白 枝 插,祭 召 神 插 枝
155,R,3,丑,lu²1 ne21 fu33 kh033 ms 33,鲁 神 白 枝 插,祭 鲁 神 插 枝
155,R,4,祭 鲁 神 插 枝,th21 tgh2thu33 do44 zi33,一 句 点 出 呢,点 示 了 一 句
155,R,5,不丑,"33 tshi33 dz,D33 21 md ne ku33",山 脚 召 神 做,山 脚祭 冬召神
156,L,1,IM %,th121 kh033 33 ku33 ID33 XD,一 桩 做 了 掉,举 行 一 祭 仪
156,L,2,A Z A,kho33 lu21 m6 lu21 ms,鲁 坛 鲁 桩 收,祭 鲁 神 享 献
156,L,3,祭 鲁 神 享 献,th21 kho33 ms 33 1D33 qo 31,一 桩 收 了 回,享 受 一 献 祭
156,L,4,to 亏 日,he33 zi44 1e88 1033 ni33,房 居 顺 家 处,居 屋 祥 顺 家
156,R,1,分 u 九 u,33 2D1 nw33 ne33,儿 孕 女 也 孕,男 女 皆 可 生
156,R,2,u,"p""D"" hn21 133 thp21 nu33",父 亲 你 孕 时,父 亲 孕 你 时
156,R,3,子 面 O 平u,php21 Yo21 suss 4D33,父 际 三 月 孕,父 身 孕 三 月
156,R,4,亚u U 71,1p33 mD 33 yo 31 do21,孕 了 母 际 搁,母 身 存 期 孕
157,L,1,U 平u 九4 O,"33 kur""s tsh33 mp 4D33",孕 九 十 月,母孕 九 十月
157,L,2,几 平u 目 雨,tp21 mp 33 t$03,每 身 孕 在 时,身 舟 有 孕 时
157,L,3,平u,tsh;33 dz1² 1D33 dla44,弱 脚 伸 啊 软,腿 软 无 力 伸
157,L,4,U 平亚u,si21 lu21 mp 33 dy31,果 子 果 结 孕,嘴 馋 想 果 孕
157,R,1,U 每,33 h33 33 44 mp nu ZO mu33,母 来 你 生 做,母 亲 生 产 你
157,R,2,Z出 又,nu33 Z.O mp 33 tp.ss,你 生 际 搁,身 旁 你 生
157,R,3,tQ 日,nu 33 ZO 44 he33 1033 tsh33,你 下 生 房 处,你 在 房 中 生
157,R,4,Z4 七,44 tsh33thD21 nu33 ZO nu33,你 生 你 下 时,你 生 下 来 时
157,R,5,U,"mp 33 ZO"""" 44 p""D h21 mb 33 mu33",母 生 父 拾 做,母 生父 来 抱
158,L,1,天,tsh133 ZO sur ni33 1031,生 下 三 天 满,出 生 满 三 天
158,L,2,出 生 满 三 天,Z4 WI,th21 ni33 me33 b121,人 名 给 一 日
158,L,3,Z4 WI,th21 ni33 me33 b121,人 名 给 一 日,给 你 取 名 日
158,L,4,分 Zm Z,me33 A33 tsi33 m8 33,儿 名 阿 支 取,男 名 取 阿 支
158,L,5,飞,33 Z03 phu² b121 nu me3,女 名 若 坡 取,女 名 取 若 坡
158,R,1,五 O 亏 W,ni33 ad 55 4D33 te33 dz.o²1,五 月 坐 立 稳,五 月 坐 姿 稳
158,R,2,三 O 全 7科 司,kh031 4D33 de21 1$0.33,六 月 周 圆 转,月 周 六 身 转
159,L,1,700 O 亏 了,si21 4D33 ni33 te33 Ve21,七 月 坐 立 旋,七 月 坐 身 灵
159,L,2,ZZ O 里,44 4D33 1031 nu ZO he31,你 长 八 月 满,长 到 八 月 满
159,L,3,ZZ O 小,he31 1D33 du²1 tce le31,八 月 挖 耙 手,齿 爬 手 似
159,L,4,O 州 火,kur's 4D33 hy31 tsh;33 tsa,九 月 站 脚 移,九 双 脚 移
159,L,5,Z4,Z.0 th21 qh031 1031 nu33,你 长 一 岁 满,你长 满 一 岁
159,R,1,答,tce33 kur's 14 1e33,滚 跑 会 线 团,跑 似 线 团 滚
159,R,2,语 声 蜂 鸣 似,nu33 Z.O 44 nu 33 Z.O 44 Ip33,你 长 你 长 啊,你 在 日 日 长
160,L,1,W OX,tshi33 tsiss tsess tess,麻 绩 母 脚 绊,母 绩 麻 绊 腿
160,L,2,牧 畜不 怕畜,Z.044 tsh33 44 q031,你 长 十 岁 五,你 满 十 五 岁
160,L,3,7:,tshi33 tsi33 te33 me21 nu33,妻 娶 你 家 立,该 娶 妻 立 家
160,R,1,写 to 田,enu Z.0 44 he3 mp21 bu33,你 人 房 不 有,你 有房 屋 没
160,R,2,专 九,ZO 44 kD33 bu33 33 ne,别人 人 庭 有 也,别 人 有 屋 庭
160,R,3,特 田强,Z.0 nu33 kD33 mD21 bu33,你 人 庭 不 有,你 没 有 屋 庭
160,R,4,不,S121 nu33 kD33 tsh044 20.S,你 庭筹 要 还,需筹建你 庭
161,L,1,百7 田,kD33 tsh044. Si44 21 mp 1303,庭筹 木 不 有,建 房 没 木 料
161,L,2,20 众,qe44 lh33 dz133 ZD21,家 根源 儿 强 来,家 中 N 英 郎
161,L,3,专 与,qe44 si33 ni²1,儿 强 主 二 人,英 郎 夫 妻 俩
161,L,4,米 分,hp3 1o21 Zi44 ZD1,郝 罗 硕 依 绕,郝 罗 硕 依 绕
161,R,1,百日 分,kD33 tsho44 1033 21 yD mu33,庭筹处 力 做,为 建房 出力
161,R,2,写 丑 每住,ne21 nu33 mu33 tsi33,你 人 美 的 合,你 们 美 婚 合
161,R,3,丑 每住 又,mu33 tsi3 tDSs zi33,美 的 合 搁 呢,已 经美 合 婚
161,R,4,已 经美 合 婚,21 h33 1D21 mx ab,此粮 这 食 找,如 今找 粮 食
161,R,5,去,qD33 2i33 1p21 tciss,粮食 找 的 呢,找粮正在时
162,L,1,专 田百,mp21 sh044 tc1s tso21 si33,找扶 别人 不筹,为 人筹 非 别
162,L,2,日古,tc1ss 1D33 Eenu 1033 tsh044,处筹 找 了 你,专 为 建 房筹
162,L,3,tQ 又 每,he33 ku33 kD33 tDss mu33,房 建 品 庭 搁 做,建 房 立 家 庭
162,L,4,7 日,si44 ne 21 ab h33 1033,木 良 哪 里 找,木 料 里找 哪
162,R,1,天 弯 日,tche33 ni33 1055 pu 1033,野 外 山 上 处,野外 之 山 上
162,R,2,为见 4,tho21 du $O 55 du21,青松 筒 嗑松 筒 大,青松 嗑 松 大
162,R,3,Z 田4,t1s ts02 h21 dz04,找扶 别人 田 沾,找木 非为 1人
163,L,1,特百下,kD3 tsh044 :44 b121 S1* mu33,庭筹 木 做 给,用 来 筹 建 房
163,L,2,住科 ZZ 安,tsi33 de21 m133 he31 Ve33,地 基 地 八 方,宅 方 基 地 八
163,L,3,口 特 众 m,kD33 d2133 m133 di5s lu33,庭 院 地 四,庭 院 墙 四 周
163,L,4,tQ 每,he33 ku33 kp33 mu b121,房 建 庭 做 给,用 来 建 房 屋
163,L,5,? 特百 ?,kD33 tsh044 10 44 pu 44 1044,石 翻 庭筹 石,翻石筹石头
163,R,1,每 么,kD33 t tsh044 1044 b121 mu3,庭 筹 石 做 给,用 作 房 基 石
163,R,2,包 特百包,niss ty4 kp33 tsh044 niss,土 撮 庭 筹 土,土 筹 泥 土
163,R,3,特百包 每,kD33 tsho44 niss mu33 b121,庭 筹 土 做 给,用 作 春 墙 土
163,R,4,包 74 包 五 司,niss de21 niss ku's tso3 33,土 打 土 九 转,春 土 转 九 板
163,R,5,7,si44 m6 33 dD21 12n6 1SD.33,树 枝 墙 筋 条,树枝做 墙筋
164,L,1,安,"ts""α*4 31 h44 he31 ze ts""a",栅 编 栅 八 方,栅 拦 围 八 方
164,L,2,Z,du² tche3niu3 t5i33 Sess,椽条 猪 牙 叉,橡交 似 猪 牙
164,L,3,W 蒸tr,tsiss yu2i he33 be4 ge31,麻 杆 房 产日 条 赶,麻 杆 做 铺 条
164,L,4,to 为,mp 33 he33 le31,竹 金 房 手 叉,蔑 片 固沿边
164,L,5,u,1p21 he33 tshi33 4u²1 G133,尖刀 草 房檐放,尖刀草屋檐
164,R,1,用 Ht 昆里,"si55 h33 he 33 bp"" p""u 21 h33 p""e""",草 灰 房 面 盖,灰 草 盖 两 面
164,R,2,用 to,si5s si33 he33 bu33,草 黄 房 脊 压,黄 草 压 房脊
164,R,3,与 本 OX,ni21 qD 33 tsess mu² 33 ku33,两 门 接 做 造,建 成 两 门 房
164,R,4,与 OX 九 开,ni21 33 tsess ne 33 qD De1,两 门 接 也 良,两 门 房 吉祥
164,R,5,3 每,33 ku3 SDSS qD SD3 mu33,三 门 舒 做 造,建成 三门房
165,L,1,tQ,he33 ku33 mb 33,房 大 造 成 完,建 盖 好 大 房
165,L,2,丑 住,nu33 ZO 44 mu33 tsi33,你 合 人 美 的,你 合 完 美 婚
165,L,3,WI,tsi33 th121 ni33 mu,良 的 合 一 日,合 美 婚 之 日
165,L,4,子 面,kho33 zi31 mu²1 kh033 m1 33,天 面 地 面 晶,天地 射 晶 光
165,R,1,子 安 W 米 开,33 2i14 33 mu 21 ob t5133 dzu,天 空 阳 影 齐,太 阳 光 辉 映
165,R,2,又,ph33 1D33 th121 zi44 tDSs,一 辈 压 了 搁,结 下 一 世 缘
165,R,3,O 专 Z: 77,4D33 si33 si33 dzu 33,月 主 齐 星 主,月 与 星 双 齐
165,R,4,了 专 专,te33 si33 hp33 si33 mzp 33,云 主 雨 主齐,云 与 雨 双 齐
165,R,5,mI Z 茶 又,th21 ph33 zi4 1D33 tDs,一 辈 压 了 搁,结 世缘 下 一
166,L,1,IM 又,th21 tgh121tsu33 1D33 tDss,一 世 商 了 搁,商 谈 过 一 世
166,L,2,专 ? 专,pu 33 si33 1044 si33 dzu,主 山 石 主 齐,山 与 石 双 齐
166,L,3,Z 又,th21 ph33 zi44 1D33 tDSs,一 世 压 了 搁,结 下 一 世 缘
166,L,4,用 7 ® 住,siss si44 1044 tsi33,草 木 石 大 合,草 合 木 石 相
166,L,5,7 IU 4 Z 住,si44 th121 ph33 tsi33,木 大 一 世 合,木 合 处 一 世
166,R,1,WI Z 又,"th21 ph33 zi44 1D33 tD,s",一 世 压 了 搁,结 缘 下 一 世
166,R,2,分 专 住,lu21 si33 tsi33,水 的 龙 主 合,水 与 龙 相 合
166,R,3,与 A,lp21 ni21 xw 44 fu21 lu21,陆 良 湖 白 龙,陆 湖 白 龙 良
166,R,4,丰 W ?,lur's xw 44 ni44 lu21,路 南 湖 青 龙,路 南 湖 青龙
167,L,1,Z 又,ph33 zi144 th21 1D33 tDss,一 世 压 了 搁,结 世 缘 下 一
167,L,2,A 3= 与,lu21 lu²1 tsh33 ni²1 lu21,鲁 鲁 十 二 鲁,鲁 神 十 二 类
167,L,3,A 又,lu21 ne 21 Zi44 1D33 tDss,鲁 神 压 了 搁,强 压 下 鲁 神
167,R,1,去 又 九,zi44 lu21 ne33 tDss ne 33,鲁 楠 压 搁 也,强 留 鲁 楠 神
167,R,2,丑 专 住 to,si33 tsi33 he33 3G 21 3G 55,别人 基 房 良 是,别 人 宅 基 吉
167,R,3,亏 tQ 田 丑,ni33 he33 21 nu33 ne,你 居 房 不 良,你 宅 基 不 吉
167,R,4,专 住 3 九,si33 33 33 tsj33 kD33 sD ne,别人 宅 过 舒 也,别 人 家 幸 福
167,R,5,Z出 住 特 田,nu33 tsi33 kD33 mp 21 sD 33,你 宅 过 不 舒,你家 幸 不 福
168,L,1,分 亏 特 # 住,YD ni33 kD33 sp 33 ne 33,次 日 路 边 迎,次 边 守 日 路
168,L,2,次 边 守 日 路,tQ 7 正 IM,he33 si21. tch33 th21 子1,房 主 那 一 家
168,L,3,tQ 7 正 IM,he33 si21. tch33 th21 子1,房 主 那 一 家,房 屋 N 主 人
168,L,4,田 力 专 女 每,21 si33 np 33 mp mu33,不 知 别人 问 做,不 知 问 别 人
168,L,5,专 不 每,si33 zi33 dzD” ku mu,别人 呢 召 祭 做,别 人多 祭 召 神
168,R,1,无不,"ne33 dz,D3 ku33 mu33",你 也 召 祭 做,你 神 也 召 祭
168,R,2,不丑 与,dz.D21 ne21 tsh33 ni21,召 神 十 二 样,召 神 十 二 种
168,R,3,不 住,"dz,D 33 ZE 21 tsi33 th121 ni33",召 大 迎 一 日,祭 召 神 之 日
168,R,4,系 #,"tsi33 44 4u31 ze dz,D 33",皮 熟 衍 尼 召,支 熟 衍 尼 召
169,L,1,专 不,"44 si33 33 ve31 ne bu²1 dz,D",文 乃 布 斯 召,文 乃 布 斯 召
169,L,2,电 不,"ni2l hp33 1033 ni44 dz,D 33",郝 罗 额 尼 召,郝 罗 额 尼 召
169,L,3,不 A,"lu33 lu21 bur33 dz,D 33 9033",鲁 郭 鲁 伯 召,鲁 郭 鲁 伯 召
169,L,4,特 茶,"kD33 ob 33 si21 lu²1 dz,D 33",高 郭 斯 鲁 召,高 郭 斯 鲁 召
169,L,5,e,"Ip²1 tche44 ne do44 dz,D 33",劳 乃 潜 夺 召,劳乃 潜夺
169,R,1,,33 33 si21 ku²dzD pu mu,伯 木 斯 库 召,伯 木 斯 库 召
169,R,2,伯 木 斯 库 召,ni²1 ni44 1p21 me44 dz.D 33,额 尼 劳 买 召,额 劳买 尼 召
169,R,3,了 3 列不,"te33 si21 ku²dz,D",当 诗 库 召 斯,当 诗 斯 库 召
169,R,4,不丑4 与,"dZ,D3 ne2i tsh33 ni21 toss",召 良 十 二 叠,叠 迎 十 二 召
169,R,5,不丹 住 &,"zi33 dz.D"" 33 21 tsi33 mb 33",召 神 迎 完 呢,迎 祭 完 召神
170,L,1,专 田 住 Z世 住,si33 mp 21 tsi3 siss tsi33,别人 不 迎 先 迎,先 于 他 人 迎
170,L,2,住 日,"p""u""""1 h、21 P""D nh21 yo 31 1033 tsi33",祖 先 际 处 迎,迎 祭 祖 先 灵
170,L,3,住 天,phu21 y031 tsi33 th121 ni33,祖 际 迎 一 日,迎 祭 祖 灵 日
170,L,4,亚u 7.0 ?,phu²l t tshi21 vu33 dlu33,青 栎 祖 灵 盒,青 栎 祖 灵 盒
170,L,5,甲,tho21 ni4 phu21 yo 31 Di'S,松 绿 祖 围 腰,腰 绿 松 祖 围
170,R,1,介 W 亏 分,kx5s 1x5s phu21 ni33 D3,竹节 草 祖 坐 处,竹 节 草 祖 坐
170,R,2,4 勾 白,"pu 33 no 44 phu21 ts""w h.33",绵羊 毛 祖 头 发,绵 羊 毛 祖 发
170,R,3,π 包,tche33 dzi²pu² dz.0² niss,丝 线 祖 腰 带,丝 线祖 腰 带
170,R,4,必 日,"44h33 pu21 vi31 lu33 md p""D""",绸 布 祖 衣 裳,绸 布 祖 衣 裳
171,L,1,3 亏 to,33 si33 phu21 mp ni33 hg33,竹 金 祖 住 房,金 竹 祖 居 房
171,L,2,灶 住,zi33 phu21 du33 tsi33 mb 33,祖 处 迎 完 后,迎 祭 完 祖 灵
171,L,3,日 年 3,ab h33 1033 pru21 np 21 SD 33,哪 落 舒 里 祖,哪 里 放 祖 灵
171,L,4,r,tche3 kur's be44 th121,九 条 一 根站,灵插第 九根
171,R,1,(μ),mu' 33 1D33 mu 1D33,高 了 高 了 像,过 于 置 高 了
171,R,2,700 川年,tche33 si21 be44 th121 np 21,七 条 一 根 落,第 冏七 根 处 插
171,R,3,田 每 田 3=,mu mp 21 ne33 ne33 mD21,不 高 不 低 低,不 高 又 不 低
171,R,4,日,be44 th21tc33 sur's 1033,三 条 二 根 处,第 冏三 条 处 插
171,R,5,单,phu21 hy31 dzi21 dz.i21,祖 站 汗,祖灵 活灵灵
172,L,1,W 赵电九,tsh133 tu 44 diss le4t me,孙 重孙 十 地 盛,后 代 万 业 盛
172,L,2,州 不 3=,phu21 hy31 33 S121,祖 站 笑 眯,祖 灵 笑 眯 眯
172,L,3,W 雪 鸟 田,4iss 4e44 ni31 mp21 dzi21,孙 重孙 饿 不 值,后 代 不 挨 饿
172,L,4,星司 亏,"pul p""D"" h21 tso 33 mu",祖 先 有 的 住,家 有 祖 先 佑
172,L,5,W 田 π,1iss 4e44 mp dzi21,孙 重孙 冷 不 值,后 代 不挨 冷
172,R,1,星洲星九 w,phu²1 hx²phu²1 ne lurs's,祖 站 祖 也 喜,祖 灵 心 喜 欢
172,R,2,电 九,pru21 hy31 tur3 ne 33 SD 33,祖 站 地 也 舒,祖 灵 心 舒 畅
172,R,3,电 九 3,phu21 qD 33 tur33. ne33 SD33,祖 玩 地 也 舒,祖 灵 玩 也 乐
172,R,4,灶 住,phu2l 33 2zi33 du33 tsi33 mb,祖 处 迎 完 呢,迎 祭 完 祖 灵
172,R,5,t t 亏,he33 ni33 he33 si21 pD21,房 住 房 主人,房屋 之主人
173,L,1,Z4 正,tch33 t4u33 V133 31 1D33,人 家 那 家 啊,房 中 那 家 人
173,L,2,日,su 55 bu33 ho33 1033 9021,三 次 梦 做 处,做 了 三 次 梦
173,L,3,DZ,duss mu 33 55 kD33 tur33 np,播 做 犁 过 地,在 那 田 野 上
173,L,4,专 特 m 日,si33 di5s 55 kD33 1033 np,别人 路 口 处 犁,别 人 地 界 犁
173,L,5,专 九,si33 aG 55 ne33 dzo²1 te33,别人 犁 也 属 着,犁 着 他 人 地
173,R,1,Z4,nu33 nD 55 ng33 dzo21 te33,你 犁 也 属 着,你 地 也 犁 着
173,R,2,U 77,21 VD mp 33 tsD's dzi21 b121,鸡 大 喂 献 给,献 鸡 牲 驱 除
173,R,3,用 日 3=,Ss 1021 phe31 sa 44 S0.44,草 处 叶 鲜 鲜,草 茂 树 枝 繁
174,L,1,Z K 又,th121 ph121 Zi44 1p33 tDSs,一 世 压 了 搁,强 留 住 世 一
174,L,2,级 专 专,tce 55 si33 fi33 si33 renI,汗 主 挥 主 鲁,勤 肢 健 体 鲁
174,L,3,發 飞E 發 U,33 bp21 mp 33 lu21,阿 爸 阿 妈 鲁,阿 爸 阿 妈 鲁
174,L,4,WI Z 又,th21 ph33 zi31 1D33 tpss,一 世 压 了 搁,强 留 下 一 世
174,L,5,强 留 下 一 世,"dz121 tcr"" dzp ob 21 lu21",畜 牧 粮 种 鲁,畜牧 鲁 种 粮
174,R,1,A 安 答 A,4u33 1e33 lu21 #06,银 金 圆 宝 鲁,银 金 圆 宝 鲁
174,R,2,Dz 丰,ni²1 dzi2l tsh044 ni44 lu21,葬 官 着 看 鲁,彝官 治 理 鲁
174,R,3,Z4 住 2.00,tsi33 si21 dzi31 lu²1 t4u33,人 宅 全 齐 鲁,家 庭 齐 全 鲁
174,R,4,台 4,si33 0.55 4u33 15133 lu²1,头 白 皮 黄 鲁,头白 鲁 皮 黄
175,L,1,A,php21 mp” dzu dzi31 lu²1,父 双 齐 鲁,父 母 双 齐 鲁
175,L,2,7当开 A,me21 Z.04 emzp dzi31 lu21,妻 人 双 齐 鲁,齐 鲁 夫 妻 双
175,L,3,分 飞 A,ZD 21 nu tu33 33 lu21,儿 女 直 笑 鲁,儿 女身 挺 鲁
175,L,4,W A,liss 4e44 tghg21 lu21,孙 重孙 聪 笑 鲁,后 孙 聪 明 鲁
175,L,5,A 去 与 A,tsh33 ni1 lu21 ng33 lu²1,鲁 楠 十 二 鲁,鲁楠神 十 二
175,R,1,Z 又,th21 ph33 1D33 tD$s,一 世 压 了 搁,强 留 下 一 世
175,R,2,田 3= 又,zi33 lur²1 lu²1 zi31 tDss,样 样 压 搁 呢,样 压 留 样 都
175,R,3,开 住 又,ne21 mu 33 tsi33 tDss zi33,美 的 合 搁 呢,吉 美 合 下 婚
176,L,1,平亚u 丑,kho21 21 1p33 ne,柯 兴 诗 安 啊,柯 兴 诗 安 啊
176,L,2,Z4 飞 tQ 日,V133 nu33 he33 1033,你 家 房 大 处,在 你 房 屋 中
176,L,3,学,ms 55 bu33 g0 44 h33 ho33,三 次 怕 来 梦,做 三 次 恶 梦
176,L,4,ZZ 万 分 勿,th121 he31 kh33 33 yD np²1,夜 它 的 落,夜 接 连 梦
176,R,1,7办 灶 面,55 si33 33 me4 du33 su pD,梦 处 三 样 参,梦 境 应 样 三
176,R,2,7办 丑 五 子,21 si33 me4 44 3G kur*'s ho33,梦 境 九 样 梦,梦中九样境
177,L,1,灶t 面 子,me du33 su pp 33,梦 处 三 样 参,梦 境 应 样 三
177,L,2,面 子 中,55 si33 qhD33 zi33 ho33 sw,三 样 怎 么 梦,三 样 梦 何 境
177,L,3,tQ W tQ U,21 33 he33 lur*'s hg33 mp,房 大 喜 房 大,主 家 大 房 子
177,L,4,W to 住 众 日,lurss hg33 tsi?3 dz133 1033,喜 房 院 坝 处,房前 院 坝 ！中
177,R,1,住 众 田,tsi3 dz133 pu 33 mp 21 te33,院 坝 山 不 立,院 坝 本 无 山
177,R,2,? ?,10 44 pu33 1044 1a31 me4,石 推 石 塌 倒,推 石 石 倒 塌
177,R,3,7 7 74,si44 si44 44 bur²1 1a31 me,树 倒 树 塌 梦,树 木 在 倾 倒
177,R,4,發 74,133 Zi33 me qhD33 ho33,这 样 梦 若 梦,梦 中境若 此
178,L,1,五 去,d121 A33 m133 tci sa$s,什 么 兆 知 的,它 征 兆 什 么
178,L,2,子 会 田,ttess mp²1 kuuss q033,天 中 鹰 不 过,天 空无 鹰 飞
178,L,3,△ 学,t4ess 4u33 t4u33 m133,鹰 白 飞 做 梦,梦 中 见 白 鹰
178,L,4,發,133 2i33 qD33 ho33 1D33,这 样 若 梦 啊,果这 如 1 样 梦
178,R,1,力,A33 m33 tc133 SSOS 133,什 么 兆 知 的,它 兆 征 什 么
178,R,2,金 张,"$0"" 33 P""D h33 tc1 33 dy31 .",孝 布 兆 影 着,征 兆 戴 孝 布
178,R,3,专 # 又,nu3 tc133 si33 tsiss tDss,你 兆 别人 前 搁,涉 你 先 他 人
178,R,4,专 # 又 3=,si33 1D33 tDss tD$s,别人 前 搁 搁 啊,先 涉 可 能 大
178,R,5,面 3= Z飞,sw dur33 VI mx 21,三 更 更 际 旁,分 三 更 夜 时
179,L,1,面 ZZ,sw ni33 kD33 su 55 he31,过 夜 三 日 三,三 昼 又 三 夜
179,L,2,w 住 日,V133 lur's tsi33 1033,主 家 宅 际 处,梦 主 宅 庭 里
179,L,3,M Z 田,e4 phu33 nis mp 21 pu33,公 鸡 嘴 不 鸣,公 鸡 鸟不打 鸣
179,R,1,系 W GZ,phu33 niss 04 4D33 4055,母 鸡 舌 嘴 涮,声 母 鸡 嘴 出
179,R,2,U 致,VD1 mp tciss pu 33 mu 33,鸡 母 尖 鸣 做,母 鸡 高 声 鸣
179,R,3,田,21 mp me4 th121 kh033 ho33,不 祥 一 样 梦,梦 不 祥 境 一
179,R,4,效,A33 m1 33 tc133 2144,什 么 兆 影 着,它 征 兆 什么
180,L,1,张,si33 tsho21 torss i4,死 扶 兆 影 着,征 兆 着 丧 事
180,L,2,3: 飞,V133 dur33 dur33,三 更 更 际 旁,分 三 更 夜 时
180,L,3,面 田效 飞 分,ms mp dur33 YD,更 际 处 三 不,三 更 夜 临 时
180,L,4,天 ZZ,kh031 ni33 tsh0²1kh031 he31,六 日 伴六 夜,六 昼 又 六 夜
180,R,1,★ 有 3,si33 gD 21 kDss lp21 pu33,上 堂 牛 黄 叫,堂 上 黄 牛 叫
180,R,2,發,"33 133 zi33 1p21 q""D h33 21 gD",这 样 若 闻 啊,听 到 此 般 声
180,R,3,听 到 此 般 声,A33 zi44 m13 tc133,什 么 兆 影 着,征 兆 着 什 么
180,R,4,7开 住 众,"21 dz,i21 tsi33 dzi33 dy31",铜 锣 兆 影 着,着 铜 锣 征 兆
181,L,1,,to 4 W tQ 日,he33 21 luyss he33 1033,房 大 主 房 处
181,L,2,to 4 W tQ 日,he33 21 luyss he33 1033,房 大 主 房 处,主 家 房 屋 里
181,L,3,W 飞,lur's V133 Ip21 4033 9033,主 家 牛 圈 中,主 家 牛 圈 中
181,L,4,面,ms 33 4u133 Ip21 ehd,三 更 牛 大 叫,三 更 大 牛 叫
181,L,5,能 74,tsi33 tsi33 44 me 44 pe3 XY,酒 瓶 酒 倒 梦,梦酒瓶 倒酒
181,R,1,米,A33 m133 tc133 2i4,什 么 兆 影 着,征 兆 着 什 么
181,R,2,% 米 光,ax 1021 tc133 dy31,肉 满 兆 影 着,征 兆 着 牲 肉
181,R,3,住 包 3=,tsi33 niss tshi21 bu 33,院 坝 土 粪 堆,院 坝 堆 冏土 粪
181,R,4,又 日,tshi21 bu33 tpss 8031 1033,粪堆 搁 际 处,堆粪院 坝 处
182,L,1,包 百 7科,ni44 tshi21 44 ni44 ty4 me,土 粪 土 撒 梦,梦 见 粪 土
182,L,2,张,si33 tsp 33 tcr' 33 reap,死 饭 兆 影 着,征 兆 着 丧 饭
182,L,3,住 众 田 送,tsi33 bu² Z133 mp21,院 坝 水 不 流,院 坝 本 无 水
182,L,4,效 企,"A33 m133 tc133 1,33 do44",什 么 兆 来 出,着 征 兆 什 么
182,R,1,2,"1,5 tse? tsi33 tc133 ID33",接 酒 兆 来 啊,征 兆 着 接 酒
182,R,2,-1= 了 A,mu21 903 te33 4u33 tsp's,天 中 云 白 发,天 空 结 白 云
182,R,3,7画 7,tg33 tspss ze 31 me 44,云 彩 发 做 梦,梦 中 见 云 团
182,R,4,效 介,A33 m133 1h33 1D33 tc133,什 么 兆 来 啊,征 兆 着 什 么
183,L,1,4 金 田,th33 t4u33 ni44 mp21,小 人 心 不 十分 死,心 中 实 不 甘
183,L,2,与 日,tsh33 ni²1 tee44 1033,十 二 寨 里 处,十 二 村 寨 中
183,L,3,田 44 专 水 女,mp 21 1y44 do21 np 33,别人 话 问 不 踏实,心 虑 问 别 人
183,L,4,ZZ,tche²11 h1²1 1h33 mu n1s,聪 的 分 来,圣 者 点 邪 孽
183,L,5,Z4,th21 do21 t4u33 gD 21,话 人 家 闻,句 告 家 人
183,R,1,7 3 7水,si44 do21 1p21 bu33,斯 诗 跌 牯 迈,牯 牛 斯 诗 跌?
183,R,2,万 永 罗路3,kh33 do21 tsu33 bur33 bu33,它 迈 对 有 有,它 走 可 成 对
183,R,3,罗田路 万 羽,kh33 do21 tsump²1 bur,它 迈 对 不 有,它 走 不 成 对
183,R,4,弯 引 3=,"4033 mp 1,33 tci44 tci44",硕 脱 来 欲 欲,硕 邪 欲 作 崇
183,R,5,ZI 3=,"1h,33 n1²1 to33 dlu²1 ni²1",夺 脱 来 连 连,夺 邪 狂 四 区
184,L,1,弯 的 去 7,"1,33 di21 4033 qe31 du²1",硕 赶 来 的 想,想 驱 赶 硕 邪
184,L,2,去 品,do33 dza31 133 iP du2!,夺 挥 来 的 想,想 打 走 夺 邪
184,L,3,不 丑 日,p133 qD33 Dei 1033 t3033,毕摩 圣 哪 里 有,何 处 有 毕 摩
184,L,4,不 丑,3G 21 ge31 do44 D13,毕摩 圣 赶 出 去,出 门 找 毕 摩
184,R,1,田 电 日,1033 tshi33 tsh;33,不 到 地 处 到,来 到 遥 远 地
184,R,2,不 目 电,p133 1$033 tur33,硕 乃 毕摩 有 地,摩 硕 乃 有 毕
184,R,3,不 口,pr 133 do44 lu33 SOs ne 44,毕摩 出 城 硕 乃,毕 出 硕 乃 城
184,R,4,不 π 企,hy31 kurs dzi21 p133 m133,毕摩 站 格 资 地,毕 在 格 资 处
184,R,5,飞 7,"kur's si21 h21 kur*s p""D",格 家 格 主 人,天 庭主 格资
185,L,1,Z 飞④ 3=,33 br21 ku's V33 aG b1²1,格 家 我 给 给,可 给 我 毕 摩
185,L,2,飞# 7,p²p21 kur's V133 kurss si2i,格 家 格 主 人,主 天 庭 格 资
185,L,3,IM 中 2,"th21 tch121 4055 do 44 1,33",句 涮 呢 一 出,应 答 了 一 句
185,L,4,不 丑 田,nu 33 21 b121 p133 mp,毕摩 圣 你 不 给,不 给 你 毕 摩
185,R,1,不 G,phu21 D133 b1²1 204 1D33,诵 价 给 要 啊,他 要 诵 经 钱
185,R,2,不,zi33 p133 phu21 Z044 1h33,诵 价 讨 来 呢,讨 钱 要 诵 经
185,R,3,Z % IM 签,niss b121 XD 21 th21,嘴 给 肉 一 条,诵 价 一 条 肉
185,R,4,不 不,ne 21 p133 phu21 b1²1 p13,毕摩 圣 诵 价 给,作 为 诵 经 酬
185,R,5,不 分,"p133 zi33 p""u h21 ZO 44 yD 33",诵 价 讨 得 呢,讨 到 了 酬 金
186,L,1,专 不 7,"ku's si33 si33 h21 D133 p""D",会 主 诵 主 人,圣 者 诵 经 师
186,L,2,不 5 π,p133 ne²l tsh133 ni²1 dzi21,诵 良 十 二 指,十 章 经 文 二
186,L,3,丑 不 日,30 21 1033 b121 D133 nu33,诵 良 你 处 给,经 文 诵 与 你
186,L,4,不,le31 dza D13,果诗 诵 手 周 挥,果 诗 舞手诵
186,R,1,又 不,A21 tDss D133,阿 细 火 搁 诵,阿 细 燃 火 诵
186,R,2,开限 致 不,A21 dzi21 bu²1 teiss,阿 哲 虫 尖 诵,阿 哲 鸣 诵 虫
186,R,3,不 驰 不,se' 44 siss $O 033 Eeld Eeld,汉 诵 字 识 诵,汉 人 读 书 诵
186,R,4,飞 九 与 不,tsh33 ni²1 p133 ku*'s V133,会 家 十 二 诵,毕 摩 十 二 诵
187,L,1,零,4033 qe31 to33 D'zp nu,硕 赶 夺 挥 做,为 驱 硕 夺 邪
187,L,2,飞WI 正 分 苗,tch133 th133t tch33 yD 33 33 as,他 一 请 得 难,圣 毕 摩 难 诵
187,L,3,专 Z 日 田,si33 VI33 1033 33 mu,别人 家 处 不 做,不 为 他 人 做
187,R,1,科 公会,de21 4033 t033 tD33 mu33,硕 打 夺 起 做,硕 夺 打 起 身
187,R,2,tQ 亏 专正,ni33 si21 tch.33 he33 好,房 居 主 那 口 家,房 屋 之 主 人
187,R,3,不 住 众,m 44 tsi33 dz133 ni33 p133,毕摩 叫 院 坝 坐,请 毕 摩 到 家
187,R,4,770 至 日 7.0,tshi21 1033 tshi21 2e31 4833,布 织 山 处 织,山 上 织 布 匹
188,L,1,70 开 ：,tghe33 031 tshi21,布 织 线 条 交,线 织 布 经 岔
188,L,2,to -二 忘,he3 ob 33 tless m,飞 房 中 鹰 白,屋 中 白 鹰 飞
188,L,3,有 U,"gD 21 kD,Ss VD21 mp 33 pu33",正 堂 鸡 母 啼,正 堂 母 鸡 啼
188,L,4,包 3 ZI 3=,1p21 si33 ni² n1²1 py33,牛 黄 叫 连 连,黄 牛 不 停 叫
188,R,1,女 系,su du33 ni²1 ni44 pu33,三 更 牛 红 叫,红 牛 三 更 叫
188,R,2,U 分,niu 33 niu33 dzD21 33 mp ZD,猪 母 猪 儿 吃,母 猪 吃 猪 崽
188,R,3,Z,mp 33 niss siss dze4 dze44,嘴 滴 母 血 滴,母 嘴 血 淋淋
189,L,1,住 众 田,tsi33 dz133 noss ne44 dz.8,院 坝 猴 黑,院 中 黑 猴
189,L,2,万 弯,kh33 zi33 4033 mu33 dlp3,它 呢 硕 的 成,此 景 是 硕 邪
189,L,3,亏 7科,tohe44 to33 mu 33 de21,村 中 夺 做 打,村 中 打 夺 邪
189,L,4,包 包 百,niss tshi21 44 niss ty4 me,土 粪 土 梦,梦粪堆攝粪
189,R,1,女亏,tche33 tsh121 ne44 he33 t 03,狗 黑 房 上 坐,黑 狗 蹲 房 顶
189,R,2,孔 口 口,dzD lu33 44 lu33 mu² 33 mG,骂 吠 哭 吠 做,吠 声 似 哭 骂
189,R,3,吠 声 似 哭 骂,tshi21 phi31 phi31 niss mu33,狗 」吐 嘴 吐 做,狗嘴在 呕 吐
190,L,1,子 -= 3 A,21 33 4u33 mu qo t033 tspss,天 中 云 白 发,天 空 结 白 云
190,L,2,7办,la31 pu 33 pu44 pu 33 me 44,山 推 山 塌 梦,推 山 山 倒 塌
190,L,3,7 ? 7 7办4,si44 bur²1 si44 la31 me 44,树 倒 树 塌 梦,大 树 在 倾 倒
190,L,4,住 众 田,tsi33 d2133 mp 21 bu²1,院 坝 水 不 流,院 前 本 无水
190,R,1,4 Z,thu33 mu”3 tch133 y31 V133,人 做 那 庭 家,人 间 庭 此 家
190,R,2,罗,"55 nh21 1p21 th21 tsu 33 p""D",三 父 牛 对 一,爷 仁 一 架 牛
190,R,3,天,do44 th121 ni33 qo21 mu33,播 出 做 一 日,去 播 种 N 日
190,R,4,Z WI,th21 nij33 duss tD33 mu 33,种 起 做 一 日,去种 地 之 日
191,L,1,4与 日,tsh133 ni21 kD3 1033,十 二 路 大 处,十 二 路 大 上
191,L,2,3 #号 3E,1D33 si33 kD3 dz031 da44,麻 蛇 路 腰 横,麻 蛇 横 路 中
191,L,3,旷大 空 田 里,1p21 enb dlDp33,大 牛 壹 脖 成,役 牛 脖 梗 壹
191,L,4,74 果 Z OX,44 de21 1n6 niss mx tsess,铁 打 犁 嘴 接,铁铧接犁头
191,R,1,3,niss si33 1n6 tche33 1g33,上廠 土 黄 犁 滚,生 土 犁 上 翻
191,R,2,企 办 甘,mi 33 aG 55 dp21 th033 484,地 犁 地 底 通,犁 地 陷 地 洞
191,R,3,万 九,"kh,33 ne33 4033 mu 33 dlp33",的 成 它 也 硕,此 状 成 硕 邪
191,R,4,此 状 成 硕 邪,tce44 mu de21 ob to33 33,村 中 夺 做 打,村中打夺邪
192,L,1,W X,tsiss thi21 ni33 tse-ss mu33,麻 绩 做 一 天,绩 麻 N 当 日
192,L,2,W XW 下卅,tsiss tsess tsiss mess thu3,麻 绩 麻 尾断,绩麻 线 头 断
192,L,3,WI 天,tGhe33 vuss mu33 thi21,线 纺 做 日 一,纺 线 之 当 日
192,L,4,田,tche33 mp dlp33 vu33 pur's,线纺 锭 不 成,纺 线 不成 锭
192,L,5,WI 天,"th21 ni33 tc""e""tce? h33",线煮 做 一 日,煮线之 当 日
192,R,1,,"h33 h33 55 dy31 tc""e""tce” tc""e"""" nx""",线煮 线糊 烧,煮线 线焦 糊
192,R,2,7²70 丞 WI 天,th121 Ze31 tshi21 mu33 ni33,布 织 做 一 日,织 N 当 日 布
192,R,3,770 子 720,Ze31 tshi21 mu21 tiss,布，织 苍 蝇 敲,织 布 夹 苍 蝇
192,R,4,子 3=,"2,133 mu21 si55 2821",苍 蝇 血 冒 冒,苍 蝇 血 渗渗
192,R,5,苍 蝇 血 渗渗,"si5s h33 ne 4 p""D ne 4 ho33",血 黑 布 黑 染,蝇 血染 白布
193,L,1,万 弯,kh33 4033 dlD33 mu33,它 也 硕 的 成,此 状 7 成 硕 邪
193,L,2,此 状 7 成 硕 邪,tehe44 do33 mu33 dza,村 中 夺 做 挥,村 中 驱 夺 邪
193,L,3,7科 &,to33 de21 33 to33 mb,夺 打 夺 完 呢,打 走 完 夺 邪
193,L,4,A 的 日,te33 4u33 qe31 1033,云 白 山 梁 处,白云 山 梁 冏上
193,R,1,了 3,si33 33 tche33 t033 md qe31,云 黄 山 梁 上,黄 云 山 梁 上
193,R,2,A 水 ZX,44 ku33 4u33 ku33 ne Ses's,做 白 做 黑 交叉,黑 白 云 交 汇
193,R,3,A 电,VD21 4u33 VD21 ni44 tur33,雪 白 雪 凌 地,白 雪 成 冰 凌
193,R,4,了 田 日,33 1033 t@33 me33 pur qe31,云 尾 山 梁 处,云 脚 冏山 梁 处
194,L,1,△ 系,Ze 44 44 i44 21 4u33 ze ni zu,鸡 白 鸡 红 使,红 白 鸡 祭 牲
194,L,2,田 3=,lu²1 lu²1 zu²1 1D33 D33,样 样 使 了 掉,法 事 全 做完
194,L,3,不 丑 3= 田,pi33 ne1 lu21 lu²1 Sess,毕摩 圣 个 个 降,圣 毕 摩 全 至
194,L,4,圣 毕 摩 全 至,mu²1 4u3t th33qh031t tshi33,天 白 它 年 到,天 时 至 年 关
194,L,5,企 正 O,tch133 tsh;33 m133 ne44 4D33,地 黑 它 月 到,地候 至月期
194,R,1,U,tDss tsh;33 33 33 VD ob mp,搁 到 雪 里 大,冰 雪 中 到 来
194,R,2,O 里 田,tho21 4D33 2144 pu21 lu²1,兔月 影 蓬 繁,兔 月 草 木 发
194,R,3,系 N. ZZ O,ne4 he31 4D33 tsh;33,鸡 黑 八 月 到,鸡 属 八 月 到
194,R,4,分 司 五 2,si21 lh33 t$033 do44,走 儿 转 出 来,游子车 转 回来
195,L,1,弯司,4033 do44 t$o 33 do 44 1h33,来 硕 夺 转 出,硕 夺 邪 转 至
195,L,2,万,"kh,33 zi33 do44 133",那 样 出 来 呢,此 般 转 回 来
195,L,3,W 飞 正,lurss V133 tch133 y8 44 Zi33,主 家 那 家 呢,人 房 屋 N 主
195,L,4,弯 74 弯 奖 每,4033 de21 4033 t4133 mu33,硕 打 硕 攀 做,打 硕 又 攀 硕
195,L,5,打 硕 又 攀 硕,de21 mu 33 to33 to33 tD33,夺 打 夺 起 做,打夺夺逃 飞身
195,R,1,弯 子 日 G,4033 t4133 mu²1 1033 Z0.33,讨 硕 攀 天 处,硕 邪 向 天 央
195,R,2,子 日,de21 44 to33 mu²1 1033 ZO,夺 打 天 处 讨,夺 邪 向 天 央
195,R,3,子 日 G 田 里,mu21 1033 2033 mp 21 p133,天 处 讨 不 成,央 求 天 不 成
195,R,4,弯 7科 司 每,4033 de21 1033 t$o 33 mu33,硕 打 转 做 硕,打 硕 硕 转 逃
195,R,5,亏 7科 司 每,de21 tso to33 t033 mu33,夺 打 夺 转 做,打夺 硕转逃
196,L,1,司 W O G,44 1D33 t5133 4D33 ZO,转 了 阳 月 讨,转 向 阳 月 央
196,L,2,W O 田 里,tsi33 4D33 204 mp 21 D13,阳 月 讨 不 成,成 央 阳 月 不
196,L,3,司 了 G,1p33 tce te33 204,转 了 星 云 讨,转 向 星 云 央
196,L,4,了 G 田 里,toe33 te33 204 mp 21 D3,星 云 讨 不 成,央 星 云 不 成
196,R,1,司 介,44 tsh;33 t$033 1D33 1m133 ne',转 了 地 黑 到,转 逃 至 黑 地
196,R,2,介 出3,"n133 ne4 2i44 p""u²p""u²",地 黑 影 蓬蓬,黑 茂 地 草 木
196,R,3,介 司 甘 张,m133 ku33 dp21 ve31 t 3.91 ch33,地 中 岛 文 上,地 神 岛 文 上
197,L,1,? 至 G,10 44 Y031 4e33 yo 31 204,石 际 林 际 讨,向 木 央 求 石
197,L,2,至 G 田 里,4e33 ZO 44 mp 21 Y031 Eeld,林 际 讨 不 成,向 木 央 未 成
197,R,1,司 用,t5033 1D3 Y031 Z033,转 了 草 际 讨,转 向 草 央 求
197,R,2,用 九 田,siss yo ne 33 mp 21 ax 33,草 际 也 不 完毕,求 草 亦 无 果
197,R,3,司 专 介 G,1p33 si33 t$033 m133 204,转 了 别人 地 讨,转 向 他 乡 央
197,R,4,司 G 3,t$033 ID3 tGhe44 ob 33 204,转 了 村 中 央,转 向 村 中 央
198,L,1,田 的 九,the44 ob 33 ne33 mp 21 XD 33,村 中 也 不 完毕,村 中 亦 无 果
198,L,2,弯 司 司 每,4033 t$033 4033 t$033 mu33,硕 转 硕 转 做,硕 邪 转 游 逃
198,L,3,司 司 每,t$033 to33 t033 3033 mu3,夺 转 夺 转 做,夺 邪 转 游 逃
198,L,4,万 司万 年 每,"kh,33 t$033 kh33 np21 mu 33",它 转 它 停 做,转 它 它歇 脚
198,L,5,田 年 电 年,mp 21 np21 tu33 th33,不 停 方 停 地,停 歇 在 一 处
198,R,1,tQ 年,nu33 VI133 he33 bu33 np,你 家 房 顶 停,停 你 家 房 顶
198,R,2,Z飞 tQ 日,Enu V133 he3 bu33 1033,你 家 房 顶 处,你 家 房 顶 上
198,R,3,t 弯 ￥,he33 1h3 si21 bu33 1033,房 顶 硕 来 走,房 顶 硕 邪 走
198,R,4,to N. 2,tsh;33 he33 to33 1h33 ve31,房 脚 夺 来 拱,房 脚 夺 邪 拱
198,R,5,弯 司 toi 7 又,4033 t$033 he33 bu33 tDss,硕 转 房 顶 搁,硕 转 停 房 顶
199,L,1,司 tQ 年,do33 t$033 he33 np 21,夺 转 房 中 歇,夺 转 房 中 歇
199,L,2,Z tQ 同 ?,nu33 he33 mb 33 dlu²1,你 家 房 標 条,你 家 房 条
199,L,3,同 ? Z,dlu21 tsh;44 si55 4,檸 条 断 像 样,標条 似 欲 断
199,L,4,同 ? 九 田铁,mp²l tsh;44 ng33,条 也 不 断,標 条 终 未 断
199,L,5,见不 安 分,tyss phe44 dle31 YD 33 dD33,承 中 坏 处 成,中 裂痕 承 有
199,R,1,见不铁 Z,tus phe44 tsh:44 siss ze4 44,承 中 断 像 样,承 中 似 欲 断
199,R,2,见 田铁 九,tu*s phe44 ne 33,承 中 也 不 断,承 中 终 未 断
199,R,3,A 九 田 全,21 p33 du33 mp SD,洞 耳 也 不 伤,洞 眼 终 未 崩
199,R,4,￥ 分 司,si21 tsh33 ZD 21 t$o 33 1D33,斯 儿 转 了 下,斯 下来 邪 转
200,L,1,焱 分 司,21 ZD t3033 1p33 tsh33,舍 儿 转 了 下,舍 邪 转 来 下
200,L,2,弯 分 司,4033 ZD 21 t$o* 33 1D33 dlDp33,硕 儿 转 了 成,硕 邪 转 而 至
200,L,3,分 司,to33 ZD 21 1p33 dlp33 t$033,夺 儿 转 了 成,夺 邪 转 而 至
200,L,4,tQ 山 号 Z,he33 ob 33 nu33 gu 21,房 中 你 睡 床,房 中 你 睡 床
200,R,1,Z4 号 飞= 台 日,Zzi31 055 nu33 m6 21 1033,你 睡 床 头 处,你 的 床 头 处
200,R,2,司 飞,si21 t$o 33 m6 21 055 tsh:33,斯 转 床 头 到,斯 邪 到 床 头
200,R,3,弯 司,"4033 t033 1p33 l,33 t$033",硕 夺 转 了 来,硕 夺 邪 临 至
200,R,4,7科 九 弯 田 里,de21 ne33 4033 mp 21 p133,打 也 硕 不 胜,打 硕 硕 不 降
201,L,1,去 Z 田,44 21 33 1D33 ng33 ne mp ne,春 鸟 不 是 啊,你虽不是 鸟
201,R,1,3 Z43 (2),tsh133tsh33 33 tu33 mu,醉 垂 垂 的 样,但 似 鸟 折 翅
201,R,2,去 田 国,ID33 ng33 dlp21 mp21 De33,春 蜂 不 是 啊,你 虽 非 春 蜂
201,R,3,3= 贝,ho33 dur21 dur²1 mu33 ze e44,昏 沉 沉 的 样,似 春 蜂 昏 沉
201,R,4,亚u 田,mp 21 1D33 6133 ve31,夏 猪 不 是 啊,你 虽 非 夏 猪
201,R,5,3=,qess tsi33 mu33,叉 牙 牙 的 样,像夏猪 者叉牙
202,L,1,? 田 国,33 1044 ne44 mp 21 ne 1D33,石 黑 不 是 啊,你 虽 非 石 头
202,L,2,卉 3= (Z,ti21 tu33 tu33 mu 33 Ze,重 沉 沉 的 样,你 身 似 石 沉
202,L,3,4MI 九 勿,tshu33th121 33 33 tohe33 ne np,发 一 根 也 疼,每 根 发 都 疼
202,L,4,7科4 f2 勿,mx de2i nie31 px 44 np 33,骨 打 肌 肉 疼,碰骨 肌 疼 肉
202,R,1,% WI 不 田 (),th21 si55 egib XD21 mp 21,肉 一 丝 不 剩,不 剩 一 丝 肉
202,R,2,面 田 3=,lu²1 lu²l tchi31 D33,甲 全 个 个 寒,手 脚 甲 都 寒
202,R,3,习 金 勿,1D33 1D33 nD33,叫 了 吟 了 疼,疼 得 叫 又 哼
203,L,1,住 # 专,33 21 21 tsi33 ts133 SI mu gD,宅 边 别人 老 告知,邻 居 老 者 语
203,L,2,庄# 专,"tsi33 ts133 si33 mu²1 1,33",宅 边 别人 老 来,邻 居 N 者 老
203,L,3,专 金 专,si33 mu 21 si33 ni44,别人 老 别人 心 诚,老 者 心 真 诚
203,L,4,日,th21 tch121 nu33 1033 du33,句 你 处 告诉,句 J人你 直
203,R,1,勿 田圣,"33 zi33 mp²1 k""p21 np",病 呢 看 不 效,探 视 无 济 病
203,R,2,去,ko21 ab h33 zi33 1D33,怎 么 的 了 效,如 何 才 有 效
203,R,3,勿,zi33 tshi21 tsi's khD21 nD33,病 呢 汤药 喝 效,病 要 喝 汤 药
204,L,1,,n1ss ku33 kD²1kD2 n1ss,孽 驱 孽 效效,法 事 可 有效
204,L,2,ZZL 勿,tshi21 qD33 tsiss nD33,药 喝 病 若 是,若 是 喝 药病
204,L,3,万 田 G,n15s khy4 ku33 mp 21 ZO 33,孽 它 驱 不 须,无 须 做 法
204,L,4,光希与,"niss qD33khD21 zw""""",文能 使 若效,法 事 若 有效
204,L,5,X 九希与,tshi21 kp²1 tsiss ng33 IeP,汤药 喝 也 效能,喝 汤药有效
204,R,1,,"21 tsiss 33 kp21 d31 m1 ne""",粉药 喝 也 效 能,喝 粉 药 有交 效
204,R,2,子 天,mu²1 h33 121 ni33 tsh:33,天 来 今 日 到,时 日 至 今 日
204,R,3,O 民 平u 住,bp33 4D33 tsi33 SOS Eelg,月 亮 硕 欣 树,月中 硕 欣 树
205,L,1,田,mp21 dzi21 nu33 133 $0'S,不幸你 来获,不幸降临你
205,L,2,冏日 宋 目,nu33 1033 nu33 $OSS tso 33,你处 你 获在,该你者你获
205,R,1,田不子Z,mp 21 dzi21 mu2l m33 h1²1,不幸天地挑,天地挑生死
205,R,2,I开 4,"33 1033 1h121 33 YD dz,i21 np",后处 一 章听,它事听另章
209,L,1,子,mu²l dzi²1 t q04 te33,天官云 帽戴,天神戴云帽
209,L,2,分,0.55 mi33 dzi²l tD33 ZD21,地 官蕨 儿 头 日,地神蕨当帽
209,L,3,V,q044 du3 YD33 q04 dz133,戴饰 市的戴物,冠帽之戴饰
209,R,1,#,thi²1 dzi2l ts133 tDSs 1D33,一 章剩搁呢,尚 遗 一 章经
209,R,2,尚 遗 一 章经,kho21 2133 si33 ne²i nu3,柯 兴 诗安 你,柯 J兴诗安你?
209,R,3,柯 J兴诗安你?,A21 bo33 tsiss dzD21 si33,阿 厂波 前 吃主,阿波前吃主
210,L,1,女,thaemu3 44 li33 1D33 np,醒 的 听 来 吧,聪 来 听 吧
210,L,2,7 九 效,A33 tsiss ne 33,前 吃 也 露 水,饭 食 靠 露 水
210,L,3,配 π 九 全,Ee!s dzi21 ng33 as 33 nos,夏 季 也 禾 茬,夏 收 留 荐 桩
210,R,1,举 # 效 A,si21 ne tsiss A33 lu21,刺 莓 露 阿 龙,阿 龙 吐 白 露
210,R,2,司,"z,133 ku33 li33 pu 44 ne44",水 中 深 的 翻,水 深 处 翻 腾
210,R,3,水 深 处 翻 腾,055 li33 44 be21 md,水 头 野鸭 来 翻,水 面 野 鸭 扑
210,R,4,年 nI 口 U 考,np 55 th33 lu33 mp 33 md 44,纳 提 城 大 反,纳 提 城 造 反
211,L,1,分,SsOb ZD21 th21 lu33 hu21,昆 明 一 城 闹,昆 城 城 喧 嚣
211,L,2,分 口,th21 lu33 44 SsOb ZD21 md,昆 明 一 城 反,昆 明 城 造 反
211,L,3,WI 口,th121 lu²1 dlp21 lu33 hur²1,澄 江 一 城 闹,澄 江 城 喧 器
211,L,4,日,lu21 blp21 th121 lu33,澄 江 一 城 反,澄 江 城 造 反
211,L,5,电州 IU 口,dur²1 pu? 33 th121 lu33 hu21,良 宜 一 城 闹,宜 良 城 喧 器
211,R,1,电州 Wi 日,du²1 pur33 thi21 lu33 pur 33,宜 良 一 城 反,宜 良 城 造 反
211,R,2,W 口,lu's d33 thj21 lu33 hu²,路 南 一 城 闹,路 南 城 喧 嚣
211,R,3,W 口,th21 lur's lu33 md 44,路 南 一 城 反,路 南 城 造 反
211,R,4,口 与 WI,1D21 ni²1 thi2i lu33 hu²,陆 良 一 城 闹,陆 良 城 喧 嚣
211,R,5,与 口,1p21 ni21 th21 lu33 md,陆 良 一 城 反,陆 良 城 造 反
212,L,1,子 口 WI 口,mu²1 lu33 th21 lu33 hu²,弥 勒 一 城 闹,弥 勒 城 喧 嚣
212,L,2,口 IM 口,mu² lu33 th12i lu33 44 md,弥 勒 一 城 反,弥 勒 城 造 反
212,L,3,π 必 习 九,tzi33 dzi21 ne3 A33 t5133,知 官 也 阿 支,州 官 之 阿 支
212,L,4,π 九 效 配,dzi21 A33 ne33 Dos,县 司 也 阿 哦,县官 之 阿 哦
212,R,1,驰 必 效,siss ne 44 05133 A33 lu33,书 看 司 阿 鲁,师 爷 N 阿 鲁
212,R,2,飞 面 π Z,V133 su 55 dzi21 si33,我 家 三 司 主,我 家 三 司 主
212,R,3,Z 省田,si33 kh33 thp21 mD 21 pu,别人 不 反 那 时,人 未 造 反 时
212,R,4,与 九,Z.0's V133 pu 44 ne33 reP,我 家 反 也 行,我 家 即 可 反
212,R,5,7 3 4 U,si44 si33 55 33 pu 33 np mp,黄 栗 箭 大 弓,黄 栗 木 做 弓
213,L,1,目弘,AS5 1i21 dze21 yu 33 mu33,麻 秆 梭标 杆 做,梭 杆 麻 秆 标
213,L,2,4 每,tho21 q044 le&p,张 戴 纸 帽 的,头上戴 纸 帽
213,R,1,弯,ZO's vi31 vi31 Z.OSS 12ab,我 穿 我 穿 披,自 我戴穿披
213,R,2,效 介 3,A55 ai2i dlu21 ky.ss,麻 秆 断 枝,麻 秆 断 成 叉
213,R,3,A 勾 3=,tho21 1212 dze31 no²1 no²1,纸 张 垂 细 细,成 条 纸 帽 破
213,R,4,7 3 24 口,si44 si33 np 55 21 dlu21 mX,黄 断 栗 箭 弓,黄栗 箭 奇弓断
213,R,5,4斑 %,A21 tce44 tshi44 nDSs,箭 麻 箭 弦 断,箭麻箭弦断
214,L,1,主,AS5 khD21 np 55 dlu21,蒿枝 箭 杆 断,蒿枝 箭 杆 断
214,L,2,T ?,q04 1044 fa44 khp21 44 ne,戴 帽 筛子 眼,帽 破 成 筛 眼
214,L,3,T 全 每,q044 q044 SD21 qe31 mu33,戴 找 戴 赶 做,赶程去寻 帽
214,R,1,田 电九,tsh;33 tur33 ng33 tshi33,不 到 地 也 到,到 处 去 访
214,R,2,效,A33 tsi33 tsh;33 lur33 kuuss,阿 勒 匠 院 到,寻 到 阿 勒 匠
214,R,3,效 司 飞 住 日,A33 lu33 ku's tsi33 1033,阿 勒 匠 院 处,阿 勒 工 匠 屋
214,R,4,Z ?,q044 1044 ku33 t tsh33,九十九 戴 帽,帽 子 九 十九
214,R,5,T A 田,q044 bu33 4u33 mp21,帽 顶 银 不 抹,帽顶没封银
215,L,1,3 田,q044 bD21 si33 mp21 dz133,帽 边 金 不 晃,帽 叶 没 上 金
215,L,2,T ? # 每,0yb 1044 dD33 ts133 mu,戴 帽 剩 的 成,制 帽 未 完 工
215,L,3,π 田,dzi21 pu q044 mD 3G 033,官 反 帽 不 是,不 官 帽 是 反
215,L,4,田,muss o.b h44 mp 21 33 ne,将 反 帽 不 是,不 是 反 将 帽
215,L,5,π 九 效 必,dzi21 A33 tsi33 tsi33,州 官 也 阿 支,州官之 阿 支
215,R,1,π 配,dzi21 A33 noss,13 哦 县 官 找 阿,县 官 品 N 阿 哦
215,R,2,琴 效 A,siss A33 lu21 ne4. tsj33,书 看 知 阿 鲁,师 爷 之 阿 鲁
215,R,3,7 面 π Z,si33 Z.0's V133 su's dzi21,我 家 三 官 主,我 们 官 人 三
215,R,4,田 与,q044 bp² mu33 21 di31 mp,帽 边 做 不 行,不 能 做 帽 叶
216,L,1,田,tshi33 tsi33 mD²1 zi33 De3,鹿 皮 是 不 呢,不 是 花 鹿 皮
216,L,2,田,1D33 tsi33 mp 21 De33,獐 皮 不 是 呢,不 是 獐 子 皮
216,L,3,田 T 7K,q044 na 31 tce mp 21 mu33,帽 缝 线 不 做,不 做 缝 帽 线
216,L,4,π 田 国,dzi21 33 Eend,豪猪 刺 不 是 呢,不 是 豪 猪 刺
216,R,1,7 20 田发,q0*4 na 31 mD21 mu33,帽 缝 针 不 做,不 做 缝 帽 针
216,R,2,π 效 配,dzi21 A33 S133,县 官 找 阿 哦,县 官 之 阿 哦
216,R,3,举 效,siss ne 44 tsi33 A33 lu21,书 看 知 阿 鲁,师 之 阿 鲁 父
216,R,4,必 π 九 效,tsi33 dzi21 nae A33 tsi33,州 官 也 阿 支,州 官 之 阿 支
216,R,5,面 π Z,Z.O 55 su 55 dzi21 si33 V33,我 家 三 司 主,我 们 三 官人
217,L,1,3 办 正 G 不,si33 tshi21 33 s121 as ZOSS,猎 狗 找 要 还,尚 需 寻 猎 狗
217,L,2,了 yf,si33 tshi21 SD 33 do44 l;33,猎 狗 找 出 来,出 门 寻 猎 狗
217,L,3,田 电 日,tsh;33 twr 1033 tsh;33,不 到 地 方 到,遍 地 去 寻 找
217,L,4,7 世庄 N.,tsi3 tsh;33 te33 304 tsur3,当 演者 资 到,到当演者资
217,R,1,7,"33 h21 t033 ms tsj33 p""D",当 演 者 资 帕,当 演 者 资 帕
217,R,2,开 2,tshi21 li33 ne²i nu33 ho33,狗 好 你 来 养,你 养 好 猎 狗
217,R,3,Z4 办 2,ni33 tshi21 np 33 li33 saG,你 狗 我 借 来,猎 狗 借 给 我
217,R,4,A 国,44 33 ne33 dzD21 pe ne33 3G,美 吃 伴 也 是,亦是美食伴
218,L,1,Z ZZL,si21 tsiss tsho21 33 3G,走 喝 伴 也 是,又 是 喝 酒 伴
218,L,2,住,"te33 ze 44 ms tsi33 p""D h21",当 演 者 资 帕,帕 原 演 者 资
218,L,3,用 年 WI 云,si5s th12i dzu33 np33 DDss,首 先 一 对 借,先 借 给 一 对
218,R,1,办 A 分 妙弘,tshi21 4u33 mzp 55 ZD aG,狗 白 小 对 借,借 一 对 白 狗
218,R,2,WI,th121 55 li33 mzp np do 44,一 对 借 出 来,借 得 — 对 来
218,R,3,了 目,te33 8031 te33 tche,山 脚 山 上 转,追 猎 山 林 间
218,R,4,号 3,he44 si33 he dzD² tsh21,兽 猎 狗 兽 吃,猎 获 便 吃 掉⑧
218,R,5,3 办 田,si33 tshi21 21 33 1D3 mp ne,猎 狗 不 是 啊,此非好 猎狗
219,L,1,Z 分,tsh121 phe33 niss ne 44 ZD1,狗 灰 嘴 黑 小,黑 嘴 灰 狗 毛
219,L,2,nI,th21 emzp np 55 do44 1i33,一 对 借 出 来,借 一 对 过 来
219,L,3,田 电 九,mp² tshi33 tur ne 33 tshi33,不 到 地 也 到,到 处 去 狩 猎
219,L,4,O,"31 h:33 mx 44 yo mx 44 3.51 h.33 ts""r",湖 边 湖 上 到,狩 猎 到 湖 边
219,R,1,3 D 严办,55 si33 dzp² tshj21 pp,蛙 猎 蛙 吃 狗,猎 狗 抓 蛙 吃
219,R,2,3 田 国,si33 tshi21 G33 mD21 De33,犀牛 猎 不 是 狗,此 非 猎 狗 犀
219,R,3,WI,th121 mzp 55 do44 1i33 np,一 对 借 出 来,借 过 一 对 来
219,R,4,办 开办 分,"tsh21 tsh;21 21 ,mG 21 ne 44 ZD",狗 好 狗 黑 小,对 俊 無黑 狗
220,L,1,九 了 办,"kh,33 si33 tshi21 33 ng33 ne",它 也 猎 狗 是,它 是 好 猎 狗
220,L,2,3 yf 国 九 分 日,tshi21 si33 ne 33 yD 33,猎 狗 借 也 得,猎 借 了 狗 到
220,L,3,必 π 九 效,t51j33 dzi²1 A33 ng33 6133,州 也 阿 支 官,州 官 之 阿 支
220,L,4,π 全 效 配,dzi21 SD 33 A33 Do's,县 官 找 阿 哦,县 官 之 阿 哦
220,L,5,驰 效,si55 tsi33 A33 lu²1,书 看 知 阿 鲁,师 爷之 阿 鲁
220,R,1,3 3 w,si33 44 si33 me he44 tsiss,猎 兵 猎 人 备,邀 约 猎 人 狗
220,R,2,A 日,VD? 21 4u33 tche33 1033 bu21,网 白 背 处 背,猎 网 背 上 背
220,R,3,卉 日 +,21 tu33 le31 1033 tu44 VD,网 桩 手 处 握,网 桩 手 中 拿
220,R,4,田 电 日,tsh;33 tsh;33 mp 21 tur33 1033,不 到 地 方 地,到 处 去狩 猎
221,L,1,h 至,"tsh,33 ni21 tsh:33 433",十 二 林 大 到,来 到 山 林 中
221,L,2,A,VD21 4u33 pho²1 1D33 te33,网 白 铺 了 支,铺 理 好 猎 网
221,L,3,卉号 了,VD 21 tu33 1D33 tg33,网 桩 钉 了 支,钉 稳 了 网 桩
221,L,4,4 &,4u33 33 1D33 q044 VD21 mb,网 白 拾 了 盖,猎 网 挂 网 桩
221,L,5,了 九科 毛,si33 tshi21 de21 433 t4ur33,猎狗 赶 林 人,吆狗人山林
221,R,1,3 九孔 ZI 3=,si33 tshi21 dzD 21 ni²1 n1i,猎 狗 吠,猎 狗 吠
221,R,2,3 □3=,si33 de5s qhu²lthu33 thu33,猎 伙子 声,猎 人 吆 喝 喝
221,R,3,77 ? 7科,dzj21 104 1044 de21,铜 锣 响 锣 打,敲 铜 锣 壮 声
221,R,4,70 分 采,tshi33 kha44 10 4 33 ne,枪 的 锡 锣 响,锡 锣 似 枪 响?
221,R,5,田 Z 九,si33 nae mD21 do44 33 do44,不 出 别人 也 出,兽物 J非全 出
222,L,1,分,"1D33 h33 21 dzu33 do 44 p""e ZD",獐 灰 小 对 出,出 一 对 灰 獐
222,L,2,日 年,pur tce 33 pu 1o21 kD33,山 梁 山 凹 过,獐 跑 山 梁 凹
222,L,3,日,pu33 thi21 tce 33 1033 1i33,山 处 梁 处 来,山 林 岭 梁 处
222,L,4,Z470 日,"tsh33 tsh:33 1033 h33 ts""D",网 十 张 处 擦,擦 过 十 张 网
222,L,5,WI 70 日 2,th121 tshi33 li33 li33 VD3,网 一 张 来 来,撞 上 一 张 网
222,R,1,飞WI 日,th12i tch33 no 4 1033,那 一 眼 处 通,独 一 网 眼 散
222,R,2,金 弯,k033 le31 dess li33 1033,快 手 伙子 来 拦,敏 捷 者 堵 拦
222,R,3,分 4 7科,21 21 dess 1i33 de21 XD,力 大 伙子 来 打,力 大 者 棒 打
222,R,4,科 开 与 ZX,ni21 de21 ne²l t133 SOS,打 具 两 轮 叉,棍 棒轮番举
223,L,1,7 开 与,Si4 ne21 ni²1 1e33 tshi33,木 好 二 圆 砧,佳 木 作 砧 板
223,L,2,正 Az,mo²l tch33 li33 ne4,老 请 美 来 看,请 老 者 主 持
223,L,3,3 3 办,si33 si55 si33 tshi21 to33,兽 血 猎 狗 喝,兽 血 喂 猎 狗
223,L,4,3 %,si33 XD1 si33 Z033 fi33,兽 肉 猎 人 分,兽 肉 分 猎 人
223,R,1,开 每 飞,tsh:33 tsi33 mu 33 VI33,麂子 皮 好 的 拿,拿 起 花 鹿 皮
223,R,2,π 九 效,tsi33 dzi21 A33 ne33,州 官 也 阿 支,州 官 N 阿 支
223,R,3,4 日,33 tchg1 VD 4u33 1033 bu21,网 白 背 处 背,猎 网 背 上 背
223,R,4,日 十,VD 21 tu33 le31 1033 tu44,网 桩 手 处 握,网 桩 手中 握
223,R,5,3 九73,"si33 tshi21 mb,mb 21",猎 狗 诱 惑 领,诱领 着猎 狗
224,L,1,,tsho21 si21 tsho21 mu33,伴 走 伴 走 做,结 伴 上 路 程
224,L,2,田 电九,"h:33 ng33 tsh:33 mp""ts""i 21",不 到 地 也 到,到 处 找 猎 场
224,L,3,ZZ 分,he31 1o21 ness tsh:33,八 凹 深 处 到,至 深 山 密 林
224,L,4,日 田,"33 4u33 h44 21 VD ts"""""" mp ne",网 白 插 不 是,猎网 二 难 自 支
224,L,5,卉生 又,VD 33 tsh844 tu33 ID33 tDSs,网 桩 插 了 搁,网桩插稳实
224,R,1,3 A W,4u133 qho21 1D33 tsh33 VD,网 白 铺 了 下,猪 网 铺 挂 上
224,R,2,3 办,tshi21 tho33 tsh33 1o21,猎 狗 底 下,猎 狗 人 山 阱
224,R,3,了 九孔 ZI 3=,tshi2! tSD21 ni²1 ni21,猎 狗 吠 汪 汪,猎 狗 吠 汪 汪
224,R,4,与#口3: 3,33 si33 deskhu33thu33thu33,伙子声 猎,猎 人 日 吆 喝 急
224,R,5,田 Z 九 五,21 si33 mp do44 ne33 do44,不 出 别人 也 也,野 子兽非全出
225,L,1,光 主 勿,nu 33 dlo21 tsu do44,野猎 小 对 出,出 一 对 野 猪
225,L,2,WI 日 2,pur33 thi33 tee 1033 li33,山 处 梁 处 来,处 追 至 岭 梁
225,L,3,子 田,"VD 33 tsh,33 33 mp 33 te33 $1",网 十 张 不 着,十 网 没 套 住
225,R,1,正 WI 日,tch33 thj21 1033 ne 44,那 一 眼 处 通,独 有 一 眼 散
225,R,2,金 奖,k033 1e31 dess li33 t4133,快 手 伙子 来 攀,敏 捷 追 者 围
225,R,3,分 7科,21 de5s l;33 de21 yD,力 大 伙子 来 打,力 大 者 来 打
225,R,4,7科 开 与 ZX,de21 ne21 ni²1 tci33 Ses's,打 具 二 边 交,棍 棒 两 边 打
226,L,1,7 开 与,si44 21 ni²1 1e33 tsh;33 3G,木 美 二 圆 砧,佳 木 做 砧 板
226,L,2,正 Az,tch33 li33 mo²1 2133 ne 4,老 请 美 来 看,请 老 者 分 配
226,L,3,光 % 3,nu33 XD 21 dess tsess,野猎 肉 猎 伙子 接,猪 肉 分 与 众
226,L,4,Z 办,nu 33 si5s si33 tshi21 to33,野猪 血 猎 狗 喝,猪 血 喂 猎 狗
226,L,5,π 九,tsi33 dzi2l A33 tsh:33 ne33,州 官 也 阿 支,州官之阿支
226,R,1,A 日,33 4u33 tohe33 1033 bu21 VD,网 白 背 处 背,猎 网 背 上 背
226,R,2,田 电,2.0SS mp21 tsh:33 tsh33,我 不 到 地 到,到 处 寻 猎 场
226,R,3,3 九7= ® 每,si33 tshi2l Irmb 21 33,狗诱 做 猎 领,诱 领 着 猎 狗
226,R,4,诱 领 着 猎 狗,tsh021 si33 tsho21 mu33,伴 走 伴 走 做,结伴把 路赶
227,L,1,田 电,mp tshi33 tu33 nae33 tshi33,到 不 地 也 到,到 处 猎 场
227,L,2,ZZ 日 分,he31 102i YD33 tsh:33 ness,八 凹 深 处 到,至 深 山 密 林
227,L,3,生 C 了,VD 33 tu33 tshx4 1p33 te33,网 桩 插 了 立,网 桩 实 插 稳
227,L,4,A 又,VD 33 4u33 1204b 1D33 tDs,网 白 铺 了 搁,猎 网 铺 理 开
227,L,5,3 A & Z,33 1p33 q044 VD? 4u33 Eemb,网 白 拾 了 盖,挂起 了 猎 网
227,R,1,了,tshi21 1o21 tho² tsh133,猎 狗 凹 底 下,猎 狗 人 山 阱
227,R,2,3 写 7m,Si33 ve* xzpx²zp,猎 人 吆 喝 喝,猎 人 吆 声 急
227,R,3,田 Z. 九,21 do44 si33 do 4 mp ng33,别人 出 不 出 也,野 物 非 全 出
227,R,4,野 物 非 全 出,33 phu21 dzu' 33 ZD²1 do44,犀牛 遇 一 对 出,出 一 对 犀牛
228,L,1,分 O,go$s ZD 21 Z033 tce33 mx 44,昆 明 滇 池 湖,昆 明 滇 池 湖
228,L,2,3 4 田,si33 tshi21 do44 nD's mo21,猎 狗 旁 不 出,不 现 猎 狗 旁
228,L,3,了 田,si33 2.04 yu²! mo21 do44,猎 人 前 不 出,不 现 猎 人前
228,R,1,3= 田,33 4u33 4u33 do44 VD mp,网 白 白 不 出,不 现 猎 网 前
228,R,2,举 4,"ku""$s tche33 si21 t4u33 pu3",走 人 棒 九 根,猎 人 棒九 根
228,R,3,Z4,"pu33 kuw""s tche33 te33",人 棒 九 根 立,手 柱 木 棒 守
228,R,4,3 分 & 3,si33 tshi21 33 33 33 yD mb SD,猎 狗 得 完 了,猎 狗 已 聚 毕
229,L,1,3 九科 Z,"tshi21 Z,133 de21 dlu33",猎 狗 打 水 人,吆 狗 人 水 中
229,L,2,亏,mX 21 ni33 do44 1i33 4033,头 天 出 来 等,头 天 来 等 候
229,L,3,亏 田,ni33 mp 21 do44 li33,头 天 不 出 来,头 天 没 现 身
229,L,4,会,md 44 ob 31 li33 tD33,返 回 看 来 起,再 返 身 守 望
229,R,1,(王) 7=,ZO 33 tce. mx 44 me's dlp33,滇 池 湖 边 岸,滇 池 湖 岸 边
229,R,2,办 每 每,tshi21 mu 33 33 mu 33 do44,狗 的 犀牛 的 出,狗 犀 浮 水 面
229,R,3,万 分 又 O,kh133 XD 33 pu 33 tDss 4D33,那 的 份 搁 吧,犀 肉 依 份 分
229,R,4,办 每 &,tshi21 33 33 133 mu mb do21,狗 的 拾 了 搁,安 放 死 猎 狗
229,R,5,% Z,V133 33 33 mu 33 mb 33 ID33,犀牛 的 拾 了 拿,牛肉 带 走 犀
230,L,1,考 π 九 效,tshi33 A33 dzi21 ne33 tsi33,州 官 楠 阿 支,州 官 楠 阿 支
230,L,2,π 全 效 配,G133 dzi21 SD 33 A33 D03,县 官 少 阿 哦,县 官 少 阿 哦
230,L,3,举 效,ne 44 tsi33 A33 lu21,书 看 支 阿 鲁,师 爷 支 阿 鲁
230,L,4,A 7科 办,4a33 tshi21 0.55 de21 4,银 打 狗 头 抵,银 锭 偿 狗 资
230,L,5,了 世,"t@33 Ze 44 ms 33 tsi? p""p :33h33",演 者 资 帕,当 演者资 帕
230,R,1,3 科办 4,si33 0.55 de21 tshi21 Zae 33,金 打 狗 头 大,金 锭 狗 头 大
230,R,2,Az,2i33 me 44 le31 1i31,巧 手 美 来 剥,巧 手 剥 犀 皮
230,R,3,%,Gae 33 tsj33 VI33 do44 lj33,犀牛 皮 拿 过 来,带 犀 皮 过 来
230,R,4,田 Z 九 Z,21 bi21 si33 bi21 mp,不 给 别人 也 给,非 人 人 皆 与
230,R,5,分,A33 1y44 ZD 21 bi21,阿 勒 匠 儿 给,专 给 阿 勒 匠
231,L,1,效 五 分 2,A33 1i3 1y44 ku ZD21,阿 勒 匠 儿 来,阿 勒 巧 匠 艺
231,L,2,%泌,tshi33 tsi33 q044 bu²1 tce44,麂 皮 帽 背 带,鹿 皮 做 帽 带
231,L,3,T 7个 %,1p33 tsi33 q044 na 31 ce 44,獐 皮 帽 缝 带,獐 皮 做 缝 线
231,L,4,7,pu 33 dzi21 q044 31 na,豪猪 刺 帽 缝 针,豪 猪 刺 做 针
231,L,5,光 7每,q”o4qu² niu33 tsi33 mu33,野猪 皮 帽边 做,猪皮做帽边
231,R,1,% 飞E,33 q044 33 tsi33 bp21,犀牛 皮 帽 壁 做,犀 皮 做 帽 叶
231,R,2,72 3,q044 si33 bu33 ne44 de31,帽 顶 金 眼 耀,帽 耀 眼 顶 金
231,R,3,飞E A 张E,q044 bp²1 lu21 zi14 do4,帽 龙 影 现 壁,帽 叶 绘 龙 图
231,R,4,A O 飞E,qho4th033 du33 4D33 bp21,帽 底 白 月 亮,帽 里 似 月 白
231,R,5,用 勿 WI N,phe31 th121 tyss,首 先 一 顶 戴,第 子 顶 帽
232,L,1,田 Z 九,bi21 bi21 mp² 21 si33 ne33,不 给 别人 也 给,并 非 人 皆 给
232,L,2,分,tshi21 dzi2l bi21,尺 克 资 若 给,给 尺 克 资 若?
232,L,3,田 3= π,lur²1 lu²1 dzi21 t5033 Di4,看 样 样 司 处,诸 般 须 问 她
232,L,4,Z ? 日,q04 1044 0.55 1033 q044,帽 子 头 处 戴,帽 子 头 上 戴
232,R,1,去 子光3,qD3 qhD33 ng33 mu²1,春 天 多 多 热,无 论 多 么 热
232,R,2,7世 子 正 了,ci33 mu si33 hp33 9D21,夏 天 黄 下雨,夏 雨 淋 黄 荞
232,R,3,Z 田 而,th044 si33 t144 dzi21 nD21,别人 淋 她 不 淋,淋人 淋 她 不
233,L,1,田 3= π 子,lur²1 lur²1 dzi21 ni4,样 样 她 守 看,万 般 须 询 她
233,L,2,2 每,li44 mos q044 mz 21,缠 教 帽 的 使,用 作 测 戴
233,L,3,分 勿 IU 晶,"yD 33 np"" 33 thi21 phe31 dyss",后 来 顶 戴 一,第 二 顶 帽 子
233,L,4,田 Z 九,21 bi21 si33 ne33 bi21 mp,不 给 别人 也 给,非 见 人 便 给
233,L,5,π 九 半 分,dzi33 ne 33 mu 55 ZD 21 bi21,官 也 将 儿 给,给予官 将 戴
233,R,1,万 事 靠 官 将,khp²1 t th031 q044 mu 33,拷 迈 帽 的 使,戴 审 案 驰 马
233,R,2,7 女 WI,du21 thi21 phe31,后 来 顶 戴 一,第 三 顶 帽 子
233,R,3,田 Z 九,21 bi21 si33 np 33 bi21 mp,不 给 别人 也 给,非 人 见 人 给
233,R,4,效 分,A21 lu33 ZD bi21,阿 勒 匠 儿 给,给 阿 勒 匠 人
234,L,1,田 3= 司,lu²1 lu²1 ku tso ni44,样 样 匠 处 看,器 物 皆 靠 匠
234,L,2,Az 光 每,q044 le31 mu3 dy31,手 巧 帽 的 戴,帽 给 巧 匠 戴
234,L,3,田 h 子 天,1x44 ku mD21,不 爽 匠 守 看,造 器 找 匠 人
234,L,4,7 女 晶,thi21 phe31 du33 nD33,后 来 一 顶 戴,第 四 顶 帽 子
234,L,5,田 Z 九,mp 21 bi21 ng33 bi21,不 给 别人 也 给,给 非 人 见 人
234,R,1,茶 不 分,44 bi21 mx 2.133 pj33 ZD21,铁 拿 毕摩 儿 给,给 摇 铃 毕 摩
234,R,2,田 3= 不 司 亏,lu² lu21 t$o Di'y,样 样 毕摩 处 看,万 般 须 靠 毕
234,R,3,光,n1ss thu31qh044 mu dy31,邪 点 中 帽 作 戴,作 法 时 戴
234,R,4,田 不 亏,21 ni44 mp pi33,不 爽 毕摩 守 看,患 疾 毕 作 法
234,R,5,7 日 IM,phe31 1033 th121 tyss,尾 处 — 顶 戴,后 顶 帽 最 一
235,L,1,田 Z 九,21 si33 bi21 mp bi21 ne33,不 给 别人 也 给,非 人 见 人 给
235,L,2,分,niss phu33 t4u44 ZD?1 bi21,阴 寨 人 儿 给,给 阴 间 亡 魂
235,L,3,去 飞,ne 33 55 4D33 V33 ku*'s ms,春 当 中 三 月,春 三 月 当 中
235,L,4,去 子 当3,ne? 33 qhD33 h33 mu ab Ss&G,春 天 多 多 热,无 论 天 多 热
235,R,1,Z4 台 田 了,21 te33 nu33 SS0 mp,你 头 热 不 着,你 头 晒 不 着
235,R,2,Z 台 了 九,si33 055 te33 ti44 ne3,别人 头 淋 着 也,他 人 头 受 淋
235,R,3,Z4 台 田 了,nu33 055 ti44 mp 21 t@33,你 头 淋 不 着,你 淋 雨 头 不
236,L,1,? 日 T,"q044 055 1033 h44 1044 o,b",帽 子 头 处 戴,帽 子 戴 头 上
236,L,2,7世 子 开,C133 si33 kho21 De21 nu33,柯 兴 诗 安 奴,柯 奴 兴 诗 安
236,L,3,T 每,q04 mu 33 bi21,帽 影 做 你 给,帽 子 备 与 你
236,L,4,米 7 W,si44 niss mx 44 12n6 tsess,铁 犁 木 嘴 接,木 犁 头 接铧
236,R,1,日 N. IV 亏,55 tsh;33 th121 ni33 np 1033,阴间 处 到 一 日,去 至 阴 间 日
236,R,2,介 九 子,aG 55 m133 ne33 mu²1 ny.'s,阴 间 也 天 热,阴 热 间 也 天
236,R,3,7世 子 开,kho21 g21 ne nu33 $03,柯 兴 诗 安 奴,柯 兴 诗 安 奴
237,L,1,? 日 T,q044 1044 055 1033 q044,帽 子 头 处 戴,帽 子 头 处
237,L,2,Az,55 h44 np teiss ob,阴 间 畜 牧 戴,阴 间 畜 牧 戴
237,L,3,介,np 55 mi3 SD33 405 q044,阴 间 耕 作戴,阴 间 耕 作 戴
237,L,4,介 70 T,55 ：33 tshi21 tshi33 q044 np mi,阴 间 男 娶 戴,阴 间 娶 媳 戴
237,L,5,介 21 T,55 33 tsiss q044 np mi33 nu,阴 间 女 嫁戴,阴间嫁女戴
237,R,1,光 7世 开,kho21 3G 21 nu33,柯 兴 诗 安 奴,柯 兴 诗 安 奴
237,R,2,九4 无,"ku33 tsh,33 phu2 nu33",九十 你 祖 世,九 冏十 代 你 祖
237,R,3,九 冏十 代 你 祖,"nu 33 phu21 q044 $0,'s",你 祖 帽 得 死,死 你 祖 获 帽
237,R,4,ZZ4,"he31 tsh33 33 h21 zi33 nu p""1",十 女祖 世 八 你,八 十 代 女 祖
237,R,5,子,ph121 q04 nu33 $OSS,你 女祖 帽 得 死,女祖 获 帽 死
238,L,1,200 tz 无,si21 pp2 ts133 nu33,七 十 你 父 世,七 十 你 父 世
238,L,2,U,kh031tsh33 nu33 mp 33,六十 世 你 母,六 十 你 母 世
238,R,1,兄 姐 获 帽 死,MI z4 N,tsh;33 th21tsh33 nu3 zi33,一 十 你 世 到
238,R,2,MI z4 N,tsh;33 th21tsh33 nu3 zi33,一 十 你 世 到,至 一 十 你 世
238,R,3,ZH 九 子,q044 $O 55 nu33 ne33,你 也 帽 得 死,你 亦 得 帽 死
238,R,4,7开 7开,dzi21 2133 si33 dzi21 Z.133,趋 去 魂 趋 去,前 去 魂 前 去
238,R,5,去 子 WI 开学,ne33 mu²i th12i dzi21,春 天 一 季 落,春 季 已 逝 一
239,L,1,,th21 kho33dzi2zi3 :33 1D33,样趋去 吧,路前去 吧
239,L,2,路前去 吧,A21 dz.0²1 d33 ni21 mi33,彝地 阿着底,彝乡阿着底
239,R,1,万日,kh33 1033 tsh33 33 zi3 1D33,那里到去 吧,魂归那里去
241,L,1,半科半,dze21 de21,梭 打,打 制
241,L,2,D4号田,n121 t4u33 0.55 mp21 tshi44,彝人头 不绝,彝人事 无尽
241,L,3,4住 田古,tsi3 mp21 tsh044,人处 不着 汉,汉人遍地 居
241,L,4,73 &,dzi2l dzi21 33 33 zi33 $0 mb,章章 诵 完 呢,各章经诵完
241,R,1,标 梭,qess Hu²1 tsi?3 do21,亲放 院 坝 掉,丧 亲 坝 至 院
241,R,2,住V田 电,tsi33 dz133 gess 133 1o21,院 坝 亲 来 满,戚站满院 亲
241,R,3,戚站满院 亲,n121 le31 phD33 da4 dzu,彝 手布裁余,彝手裁布长
242,L,1,张 Z,Se31 le21 bu²1 tci44 niss,汉 手 丝 扯 短,汉 手 扯 丝 短
242,L,2,非 不 遗 还 诵,qe44 33 qhe44 mu²1 mi tsi33,天 强 地 强 遇,强 天 配 强 地
242,L,3,企 X A 本,qhe44 tch121 mi 33 4u33 Ip21,地 强 白 犁 铧,犁 铧 胜地 强
242,R,1,开 # 又,"zi33 th21 dz,i21 tDss",一 章 剩 搁 呢,剩 下 此 章 经
242,R,2,ZX,le31 qe31 tche33 :44 ni,线 绕 手 赶 青,手 绕 青 色 线
242,R,3,④ 每 不,33 b121 S121 np mu nu33,我 做 你 给 还,经 文 诵 与 你
242,R,4,与 3=,ni21 1p21 np 55 ab 1p21,两 耳 伸 扇 扇,两 耳 如 扇 展
243,L,1,专每 女,tohe?( mu? 33 np 33 h33 1D33,聪 的 听 来 啊,耳 聪 来 听 经
243,L,2,不 科,ni4 dze21 de21 133 S121,梭 打 看 来 还,再 来 看 制 梭
243,L,3,科 正,133 33 dze21 de21 ne 4 qD,梭 打 着 来 啊,快 来 看 制 梭
243,L,4,田 # 7,mp bu tsiss si21 dZD21,不 饱 前 走 吃,不 饱 阴 间 吃
243,R,1,女,the?( mu3 np 33 1h3 goss,聪 的 听 来 要,定 要 耳 聪 听
243,R,2,五,hp33 1o21 tchi31 ku,郝 罗 奇 格 娓,郝 罗 奇 格 娓
243,R,3,3 专,"si33 si33 55 h21 90'5 ms p""D",郭 诗 他 三 父,郭 诗 冏三 父 子②
243,R,4,介 N 为#,m33 phe31 tsis khu33,我 地 叶 伸 丛,我 乡 木 叶 繁
243,R,5,3,m133 si33 nD's,我 地 猎 关 多,我 乡 猎 场 多
244,L,1,IM 天,dz121 th21 0i33,我 畜 牧 一 日,畜 我 牧 之 日
244,L,2,# 分,"dz121 tcr""s phe31 tsiss",畜 牧 叶 伸 处,放 牧 林 茂 处
244,L,3,Z WI 天,th21 ni33 duss 10b,我 耕 种 一 日,我 耕 种 之 日
244,L,4,特 3 ★,kD3 q021 si33 ne44 nDss,路 耕 猎 关 多,多 沿 路 猎 场
244,L,5,3,si33 ne4 4e33 dz121 90$5,猎 场 山 畜 野,猎 场 猎 野 物
244,R,1,WI 专,dzi21 th33 ob 55 ZD 21,铜 方 它 昆 明,产 铜 之 昆 明
244,R,2,中 分 专 口,ob 55 si33 th121 lu33 ZD21,昆 明 它 一 城,昆 明 之 一 城
244,R,3,口,lu33 su33 tsh133 tsD,城 放 三 十 道,通 街 三 十 道
244,R,4,飞 至,1p21 zu²1 tho² kuss 4e33,九 牛 使 松 林,牛 犁九 林 地
245,L,1,田 3=,zw 21 b121 mp21 xw 44 xw 44,使 给 不 勤 勤,给 牛 不 勤 犁
245,L,2,Y 田 3=,aG 55 qh031 mp21 44 xw 44,犁 还 不 勤 勤,还 牛 蹭 迟 迟
245,L,3,九 与,q021 Ip21 IeP ng33,耕 牛 使 得 也,得 到 耕 牛 使
245,R,1,了 专,goss si33 si33 ssms,郭 诗 他 三 父,郭 诗 三 父 子
245,R,2,特 G 不,S121 Z.OSs phu²1 kD33 ZO.Ss,我 价 加 要 还,尚 须 付 款 工
246,L,1,,"xw 44 z,133 bu²1 mu 33 z,133",铁 拿 拿 背 做,取 铁 用 背 背
246,L,2,包 包,niss 33 33 Di'Ss qD mu,土 掏 土 玩 做,挖 开 土 层 后
246,L,3,包 特 3=,niss ku33 bu bur3,土 中 铁 堆 堆,出 矿 露 铁 石
246,L,4,特 丑 万 日,44 kh13 33 mx ne21 1033 SD,铁 贵 那 里 找,那里找铁料
246,R,1,乱,"A33 kur's le31 1,33",阿 勒 会 手 来,人 阿 勒 匠 艺
246,R,2,飞丑 又 飞 专,ku*s ne 21 kur*s si33 tD.ss,匠 贵 走 搁 匠,来 请 其 打 梭
246,R,3,效 分,ku's le31 A33 1y44 ZD1,会 来 阿 勒 儿,阿勒之 工匠
247,L,1,飞考 田 日,ku's si33 mp 21 lu33 2133,匠 走 去 不 愿,工 匠 不 愿 去
247,L,2,飞2 五,kp33 ku si21 kur's pu',匠 路 返 九 走,反 复 请 九 次
247,L,3,飞2 专 不 田,"kur's si21 Z,133 mp 21 ne 33",匠 走 去 不 是,非 匠 不 前 去
247,L,4,飞# 田,kurss kD33 pu 44 mp 21 33 ne,路 是 匠 返 不,反复 非 为 别
247,L,5,飞( 司,ku*s phu21 204 t5033 2i33,匠价 讲 在 呢,在讨还 工廠 价
247,R,1,飞,"phu21 ku"" p 4u33 ku*s tshi33",匠 价 银 九 钱,工 钱 银 九 钱
247,R,2,飞,h21 h33 kw*s ph;21 ab,匠 粮九 价 板,再加
248,L,1,飞,ku*s phu21 33 du33 mb,匠 价 讲 完 后,工 价 讲 定 后
248,L,2,效 专 飞,A33 1y44 si33 kur*s V133,阿 勒 匠 主 家,阿 勒 工 匠 家
248,L,3,专 效,"kuu*s si33 A33 1x44 p""D h21",匠 主 阿 勒 帕,工 匠 阿 勒 帕
248,R,1,几 金 W,33 VD mp Di4,鸟 母 旋 心 粘,羽 毛 箱 中 翻
248,R,2,茶,php21 44 kur's tD33 mx,匠 父 起 铁 拿,铁匠夹铁块
249,L,1,7 A N.,du33 gu 21 4u33 tsh;33,低 头 床 白 到,低 腰 至 砧 桩
249,L,2,7科 3,tshi33 44 de21 ne 4e31,打 砧 黄 黑,砧 桩 发 光 亮
249,L,3,7科 效,de21 pu33 A33 ne 44,打 边 乌 鸦 嘴,砧 嘴 乌 鸦 喙
249,L,4,山 口 学,44 1i21 bu²1 lu33 xw t4u33,铁 屎 蝴 蝶 飞,铁屑亻 似 蝶 飞
249,R,1,科,fi33 de21 bu33 tD33 tche33,甩 打 肩 起 上,抢 锤 肩 N 上
249,R,2,面 43=,tsh33tsh33 sw de21 b133,锋 打 散 下 下,打 铁 铁 屑 飞
249,R,3,田 刀 致 3=,mp21 the4 1h33 tci44 tci4,不 利 来 恐 恐,唯 恐 不 锋 利
249,R,4,田 致 3=,"21 l,33 tci44 mp² gy31 tci4",不 咬 来 恐 恐,唯 恐 不锋利
250,L,1,田刀万 田 m,mp²1 the441 kh133 mD21,不 利 它 不 有,打 制 出 利 梭
250,L,2,田 m,mD21 diss tohe33 dg21,不 放 四 根 打,强 留 打 四 根
250,L,3,田,lu21 tho33 yu²l t mp21 13033,龙 把 底 不 有,没有龙骨柄
250,R,1,4M,tshu33 bu33 tsh33,发 扯 肩 上 下,解 发 披 垂 背
250,R,2,分,kw's dzi21 ZD21 tsu du²,格 资 儿 双 放,格 资 遣 双 儿
250,R,3,日 苗,1o33 qD 33 $D 55 do21,前 处 多 难 迈,行 艰 难 向 前
250,R,4,去,33 do21 di21 21 pu 33 qD gp,与 那 迈 的 闻,听 闻 何 处 行
250,R,5,7 了,dzD 90$5 Y031 8i33 ne4,吃 野 处 兽 黑,猛兽 叨 猎物
251,L,1,3,33 bu²1 renybrenyb bu²1 mb,拾 背 声声 背,猎 物背 上 嘶
251,L,2,了 7水,si33 do21 gD 21 ne 44 mb 33,猪 掉 食 物 捡,兽 死 捡 作 食
251,L,3,7世,4133 mu21 4u33,天 白 沾 茂 大,树高人云端
251,R,1,了 # 日 男,te33 mg33 ts133 10.33,云 尾 边 处 走,道路 伸 人 云
251,R,2,了 日 男,te33 th121 tsu 1033,云 处 桥 处 走,走过 云端 桥
251,R,3,苗 7水 3= 苗,"q""D h33 55 do21 SD 55 SD",多 迈 难 难 迈,艰 难 往 前 迈
251,R,4,46 永,lu33 m8 33 pu 33 do21,罗 平 舍 伯 迈,走罗 平舍 伯?
252,L,1,去,pu 33 gD,舍 伯 迈 的 闻,闻 在 舍 伯 走
252,L,2,至罗平舍伯,tho21 lexzp do21 ng33 eemd,青松 与 沙松 些 迈,青松 沙 松 林
252,L,3,飞,mG 33 ZO 44 te3 mzp.myb,沙松 长 云尾 齐,沙 高齐 云 松
252,R,1,强正田 国,lu21 yw²ltch33 mp 3G 33,龙 骨 它 不 是,不 是 龙 骨 柄
252,R,2,日 苗 7水,yu 1033 a.b h33 SD 55 do21,前 处 多 难 迈,艰 难 向 前 行
252,R,3,光苗 去,qD33 55 do21 di21 SD 9021,多 难 迈 的 闻,听 闻路 途 艰
252,R,4,WO 7m 永,dz.021 2133 A21 bu3 do21,阿 着 水 岸 边,阿 着水 边 行⑧
252,R,5,阿 着水 边 行⑧,L- A21 dzo²1 z133 bu33 tsh;33,阿 着 水 岸 到,川阿着水 到 边
253,L,1,日,phu21 1i44 do44 1033,祖 出 船 处 伴,亡 魂 上 渡 船
253,L,2,IM,1i44 phu21 th121 qho21,船 借 祖 处 铺,借 过 船 渡 水
253,L,3,田,"lu21 tgh33 mp 21 33 ,,mx ne",龙 是 骨 它 不,不 是 龙 骨 柄
253,L,4,苗 77,lu²1 qD33 55 do21 yw2 $D,龙 骨 多 难 迈,艰 寻 龙 骨 柄
253,L,5,光苗 去,"h33 21 q""D SD 55 do21 di21 gp",多 难 迈 的 闻,听 闻 路途 艰
253,R,1,,Ip21 kh033 ni21 ho33 do21,陆 良 匡 山 迈,走 陆 良 匡 山
253,R,2,与,tsh:33 Ip21 ni²1 kh033 ho33,陆 良 匡 山 到,到 陆 良 匡 山
253,R,3,田 专 日,qho21 si33 1033 pe44,他人 处 伴 不 铺,不 铺 与 人 共
253,R,4,田 WI,qho21 th133 124b tci44 mp,扯 铺 不 尽 铺,单 独 懒 不 铺?
253,R,5,强正 田,33 lu21 m8 21 1.31 h33 mp 21 3G,龙 骨 它 不 是,不 是龙骨 柄
254,L,1,苗,lu21 th33 55 SD do21,龙 骨它 难 迈,艰 寻龙 骨 柄
254,L,2,m 众 苗,"4i's dz133 SD"" tc""e ch44",希 津 劳 绍 村,希 津 劳 绍 村
254,L,3,万孟 去,kh3 yw di21 21 gD,它 前 迈 的 闻,听 闻 村 前 过
254,L,4,致 7 2,np 55 li31 1h33,鱼 叫 鳞 脱 来,脱 鳞 鱼 惨 叫
254,R,1,Z ?,q044 th121 niss 1044,伞 盖 一 中 午,撑 伞 在 中 午四
254,R,2,A 田 ?,lu21 yu²1 tch33 mp 33,龙 骨 它 不 是,龙 骨 柄 不 是
254,R,3,苗 永,tgh33 SD 55 do2i,龙 难 迈 骨 它,艰 寻 龙 骨 柄
254,R,4,苗 去,qD33 55 do21 di21 gD 21 as,多 难 迈 的 闻,听 闻 路 途 艰
255,L,1,笠 去,21 33 di21 21 g0 pu do21 gD,圭 山 迈 的 闻,听 闻 走 圭 山
255,L,2,子,mu² Y031 9021 pur33 tshi:33,天 际 主 黃山 到,天 台 圭 山 至
255,L,3,田,"lu21 mX 21 tc""r"" h33 mp 21 ne 33",龙 骨 它 不 是,不 是龙骨 柄
255,R,1,飞田 国,tgh.33 21 33 33 1D33 mp ne qD,它 不 是 因 啊,因 为 它 不是
255,R,2,7: W Z4,me dzi31 bu²1 tche33tsh33,尾 扯 虫线下,扯 尾 丝 脱 线
255,R,3,田 分 日,21 33 33 Ip21 lo21 mp yD qD,不 获 门 牛 满,未 获 满 门 牛
255,R,4,7HL,VI14 hp3 1o21 tch131 kur's,赫 罗 其 格 娓,赫 赤罗 其格娓
256,L,1,公会 N.,tsh:33 ku33 md 33 zi33,身 子 起 柱 脚,从 柱 脚 起 身
256,L,2,A,4u33 mb 33 1D33 bu21 VD33,网 白 身 了 背,猎 网 背 身 上
256,L,3,3 号 住,si33 he4 tsi33 1p33 do44,猎 狩 遇 了 出,邀 约 猎 伴 行
256,L,4,3 Z,si33 VI33 tshi21 Se21 1D33,猎 狗 领 了 拿,带 领 上 猎 狗
256,R,1,与,ni21 fe-ss bu33 3.31 h33 tsh:33,二 岩 肩 上 到,来 到 山 岩 头
256,R,2,A E,VD 33 4u33 ku33 1D33 da31,网 白 整 了 网,猎 网 张 开 套
256,R,3,TH C,tu33 ts44 te33 to4 Ip33,撑 具 插 了 立,网 桩 插 立 稳
256,R,4,3,si33 tshi21 1021 tsho21 dur²1,猎 狗 凹 冲 放,猎 狗 箐 放 山
257,L,1,与 工,si33 ni21 ts133 tche21 2.04,猎 人 二 十 排,猎 人 二 十 排
257,L,2,3 九孔 ZI 3=,"tshi21 dz,.D² n11",猎 狗 吵,猎 狗 吠 汪 汪
257,L,3,3 口,"si33 Z,033 yncnyb",猎 人声 沸 沸,猎 人 声 沸 沸
257,L,4,3 Z,"si33 si33 ms 55 h21 90S p""D",果 诗 他 三 父,果 诗 三 父 子
257,L,5,司 亏 公会,"1D33 1,33 t$033 nj33 tD33",转 了 日 来 起,连 日 转 山 中
257,R,1,面 米 至,zi31 1p5s do44 su 55 4e33,豹 虎 出 三 林,林 三 处 虎 豹
257,R,2,ZA 面 至,tsh:33 Ip33 do44 su 55 4833,麂 子 出 三 林,三 处 子 林
258,L,1,九 田 五,tsh;33 1D33 33 21 do 4 ne mp,子 也 不 出,子 没 出 现
258,L,2,田 九 田,ne 33 21 do44 noSs 9oss mp²,猴 野 也 不 出,猴 子 没 出 现
258,R,1,3 办 效 企 口,tshi21 A33 m133 lu33,猎 狗 什 么 吠,猎 狗 吠 什 么
258,R,2,电,44 A33 33 ZO m133 tw,猎 人 什 么 拦,猎 人 围 什 么
258,R,3,效 电 去,A33 m133 $033 di21,什 么 拦 在 的,正 在 围 什 么
258,R,4,甘 日 田,dD21 1033 tho31 21 tsh;33 mD,兜 拦 底 不 到,落 网 不 到 底
259,L,1,田 住,t1ss. tch33 th121 tsi33,-它 不 像 一 棵,遇 一 怪 异 木
259,L,2,万 日 又 米,kh33 1033 do21 tpss,那 里 掉 搁 着,生 长 在 那 里
259,L,3,九万配 3=,si33 tshi21kh13 nos,猎 狗 它 要 要,猎 狗 可 要 它
259,L,4,万 配 田 分,kh33 no 55 21 33 zi33 mp yD,它 要 不 得 呢,没 有 要 它 者
259,L,5,3 当万配H,si33 kh133 qhu21 Z04 no33,猎 人它 对 声,猎人大惊 呼
259,R,1,万廿 去,kh33 n033 qhu21 di2! ng33,它 对 声 的 也,惊 呼 声 过 去
259,R,2,7 又 GZ,tsiss SD21 tDss 4DSs D33,美 标 是 搁 呢,是 可 标 线 木
259,R,3,73,"tsiss 21 h33 SD""",、朴 美 标 品 灰 朴,树 杆 呈 灰 色
259,R,4,米,lu21 zi33 De33,龙 把 是 了 呢,找到 』了龙柄
260,L,1,飞 众 女,ob 31 bur44 ku's dz133 du33,回 返 匠 事 后,返 身 找 工 匠
260,L,2,飞2 众 效 Z#,ku dz133 A33 lu31 du33,匠 事 阿 勒 庭,阿 勒 工 匠 家
260,L,3,效 飞 分,A33 21 lur3 kur's le31 ZD,阿 勒 会 手 儿,阿 勒 工 匠 郎
260,R,1,效,ku 1i33 le31 A33 lur33,会 手 阿 勒 来,艺 高 郎 阿 勒
260,R,2,西 3E 科,dle31 xw 44 da 44 mx 44 de21,劈 铁 断 铁 打,打 劈 具 断 具
260,R,3,科,dzi44 44 44 de21 mx X021 xu,砍 铁 修 铁 打,打 砍 具 修 具
261,L,1,7 ? h,si44 dzi44 fess 1044 dza 31,树 砍 岩 石 甩,砍 声 如 砸 石
261,L,2,7 口 忘,si44 bu44 bu21 lu33 t4u33,木 屑 蝴 蝶 飞,飞 木 屑 似 蝶
261,L,3,7 子 灶,bu² tsoss mu²1 du2!,树 倒 春 雷 打,树 倒 若 春 雷
261,L,4,3E 每 又,da 44 tc1ss mu tDSs,些 断 些 做 搁,边 断 边 移 旁
261,R,1,IM 班专与,th121 thu3tche21 mi²1 ni²!,截破 二 块,筒 破 两 板 一
261,R,2,与 W,ni21 mi2l tch@21 diss mi²1,二 块 破 四 块,两 板 破 四 板
261,R,3,去 O 飞 日,ne 33 4D33 V133 1033,春 中 三 月 当,春 三 月 中
261,R,4,日 面 O,tsho211033 sur's 4D33,先 处 三 月 晒,先 晒 三 个 月
261,R,5,田 #,"tshu33 tc""E"" h33 33 mp tsiss",发 丝 大 不 裂,丝裂 纹 无 发
262,L,1,7世 子 面 O,G133 mu21 sms 4D33 t144,月 淋 夏 天 三,雨 淋 三 个 月
262,L,2,20 A 車田,"h33 1e88 mD21 ts""D”",针 眼 大 不 炸,无 针 眼 炸 缝
262,L,3,马 西 每,dzax SD21 mx 44 dle31 mu33,标 线 铁 劈 做,弹 线 直 劈
262,L,4,分 效,A33 lu33 kurss le31,阿 勒 会 手 儿,阿 勒 N 工 匠
262,R,1,用 勿 WI Y,siss np 33 th121 tche33 du²1,先 前 根 挖 一,选 一 掘 地 试
262,R,2,口 田,b121 lu33 dur2! mp 21,城 放 不 给 呢,打 城 门 不 开
263,L,1,光,nip33 nw 33 mu33 siss,头 处 湿 的 血,梭 尖 沾 湿 血
263,L,2,A 九 3,4u33 ng33 si33 t133 dlur33,银 与 金 装 进,金 银 来 歉 赎
263,L,3,田,zi33 mp 21 b121 b121,我 不 给 呢 给,宝 梭 选 人 给
263,L,4,y 分,tsh;33 q8.31 dzi21 ZD21 b121,衙 役 官 儿 给,给 官 府 衙 役
263,R,1,3= π 目,si33 si33 dzi²1 t$033 ni33,守 守 司 官 在 日,护 官 履 职 卫
263,R,2,π 分 G 西,dzi21 ZD21 fess ms 21 tD33,官 儿 案 电 起,官 电 案 N 日
263,R,3,G,fess fess muss dze21 su21,案 审 案 将 梭,护 电 案 行 刑
263,R,4,π WI 天,th21 ni33 dzi2l me31 do44,官 兵 出 一 日,官 府 出 兵 日
263,R,5,片 Z 半,si33 ob 44 phi21 Zu dze?,里 守 板 使 梭,护 衙 升 堂 梭
264,L,1,九4九 特,ku33 tsh133ku33 33 tca 55 gD,九 十九 仗 干,打 九 十 九 仗
264,L,2,九4九 司,kw33 tsh133 kw 33,九十九 冲 里,九 冏十九 山 冲
264,L,3,中 π,ku3 tsh12 ku*s mp33 dzi21,九 十九 个 指,戳 向九 十 九
264,L,4,π MI 田 光,th121 dzi21 mp dy31,刺 枝 果 不 结,刺 枝 不 结 果
264,L,5,π,dzi²1 le31 qhe44 1$133 VD 33,官 手 强 真 吗,官 果 武 艺 强
264,R,1,半H分 去,ITP dze²qu²1 YD tsi33,梭声 力 真 的,加 以 梭 锋 利
264,R,2,目 3= WI 每,1$03 15033 mu 33 th21 nij33,在 在 做 一 日,在 世 日 如 此
264,R,3,田 π 专,mp21 dzi21 si33 tshi33 tho33,不 幸 别人 脚 底,亡 日 人 脚 下
264,R,4,田 ZZ,21 44 mD md le31 eemp,不 反 手 魂 人,梭 标 不 易 手
264,R,5,田 π,mp 21 ob dzi2l 0i3,不 甘 官 死 日,官 不 幸 死 日
265,L,1,π 天,dzi21 55 33 th21 ni33 np gu,官 阴 进 一 日,官 人 阴 间 日
265,L,2,官 人 阴 间 日,thu33 dze21 1031,阴 戳 阴 梭 成,成为 戳 阴 梭
265,L,3,办4 WI %,tsh121 tsh33 th121 21 mX,十 狗 一 肉 骨,十 狗 争 一 骨
265,L,4,飞 飞田,ng33 tch133mp21 du33,我 也 它 不 碰,我不去碰
265,R,1,尔 女,tgh33thp21 33 nu33 ne33 np,你 也 它 莫 问,你 也 莫 问 它
265,R,2,分 九 IM,33 th121 tohe33 yD ng33 tu4,后 也 一 杆 握,后 来 抓 一 杆
265,R,3,已 众 十,ob 31 pu kurs dz133 tu4,回 返 匠 家 握,折 回 匠 家 拿
265,R,4,田 空,dla44 th121 tche33 mD21 !'2,不： 好 二 杆 拿,挑 一 杆 良 梭
266,L,1,口 ZZ,"ts4 1p33 lu33 2.,133 dlur'",插 了 城 水 进,挑 兵 城 河 人
266,L,2,专 日 田,mp 21 b121 si33 1033 b121,不 给 它 处 给,送 梭 不 给 别
266,L,3,7 九 半 分,du33 nge3 muss b121 ZD21,后 也 将 儿 给,此 梭 送 将 官
266,L,4,田 半 目 天,si33 ni33 mp 21 ssnu t5033,不 死 将 在 日,将 在 阳 间 日
266,R,1,将 官 行 刑 法,khD21 tsi33 kD²zu²1 dze2,拷 驮 拷 使 梭,行 刑 N 梭 标
266,R,2,半,me3 do44 th121 ni33,将 兵 出 一 日,将 率 兵 出 征
266,R,3,子,si33 ph121 mz dze? .,魂 守 板 使 梭,鼓 气 执 法 梭
266,R,4,700 工 O0L 半 7科,si21 si21 ts133 dze21 de33,七 十 七 梭 打,打七 十七 梭
267,L,1,工 200 X,si21 33 ts133 tcia 55 gD,七 十 七 仗 干,打 七 十 七 仗
267,L,2,700 200,si21 si21 ts133 2.04 dy31,七 十 七 人 戴,七 十 七 戴 帽
267,L,3,700 田,si21 ts133 0.55 be33 mD21,蓬 七 十 头 不,七 十 发 不 乱
267,L,4,ZW田 4,tshu33th121 tche33 1x44 mp,发 一 根 不 动,不 掉 一 根 发
267,L,5,半,qe44 mss le31 tsi33 VD 33,将 手 强 真 吗,将 果武 艺 强
267,R,1,半3 分 去,dze²qu21 21 yD t5i33,梭 声 力 真 的,加 以 梭 锐 利
267,R,2,目 3=,t$033 t$033 mu33 th121 ni33,在 在 的 一 日,在 世 日 如 此
267,R,3,田 π 柔,dzi21 zi33 tsh:33,底 不 幸 呢 脚,亡 日 人 脚 下
268,L,1,半 半,55 mu np gu dz8,将 死 阴 人 梭,梭 标 带 阴 间
268,L,2,3=,nu33 tshu33 055 be33 be33,你发 头 蓬 蓬,你发 乱 麻 麻
268,L,3,IM 分 九 万,th121 33 kh133 ku33 YD ne33,一 身 得 也 它,全 身 不 整 齐
268,L,4,万雨 女 分,thp21 nu33 kh33 np 33 yD 33,你 它 莫 问 得,你莫 探 问 它
268,R,1,勿 IM 不 小,33 33 th21 yD np xur²1 du33,后 来 一 次 挖,后 再 掘 试 梭
268,R,2,住 众 Y,md 44 tsi33 dz133 du21,回 返 院 坝 挖,返 回 院 坝 掘
268,R,3,口,lu33 du33 th121tche33 du²1,城 放 一 杆 挖,试 一 出 城 梭
268,R,4,Z W,si33 phe4 ne44 1iss nu 33,看 主 四 面 湿,兵 守 四 溅 血
269,L,1,分 国 ZZ,thu33 33 33 XD 3G Z133 dlur,刺 得 斜 水 人,刺 翻 城 池 中
269,L,2,田 专 日,mp 21 b121 si33 1033 b121,不 给 别人 处 给,选 梭 送 给 人
269,L,3,台 h,si21 0.55 4i33 dza31x 44 mx,果 头 风 摧 勤,木 梢 风 袭 勤
269,L,4,不 分,44 mx $OSS D133 ZD b121,赫 硕 毕 儿 给,给 赫 硕 毕 摩
269,R,1,不 HWI 天,"thw3 th121 ni33 p133 n1,s",毕 邪 点 一 日,做 法 事 之 日
269,R,2,不 不,qhe44 p133 ts133 p133 VD3,毕 强 毕 真 吗,毕 摩 法 术 高
269,R,3,不 Wi 田,th33 33 21 du33 mp mp,毕 处 母 不 误,法 事 皆 不 误
269,R,4,半列 分 去,dze²qhu21 yD 21 tsi33,梭 声 力 真 的,加 以 梭 锐 利
270,L,1,目 3= 每 WI,th21 t$033 $033 mu33 0i3,在 在 的 一 日,在 世 如 此 日
270,L,2,田 π 三,mD21 dzi²l tsh:33 tho33,幸 呢 脚 底 不,亡 日 人 脚 底
270,L,3,田 日 ZZ,21 44 le31 dur33 mp pu 1033,不 反 手 处 人,梭 标 不 易 手
270,L,4,不,p133 aG 55 $i33 dze,毕 死 阴 进 梭,将 梭 带 阴 间
270,R,1,4 WI 日,tsh33 kD33 th133 1033 vass,万 十 与 处 处,成 千 成 万 间
270,R,2,九 万 田,33 kh33 ng33 mD2l du33,我 也 它 不 碰,我 它 也 不 碰
270,R,3,Z4 九 女,nu33 ne33 kh33thD21 nD33,你 也 它 莫 问,你 也 莫 问 它
271,L,1,分 九,yD 33 ne33 th121t tChedze,杆梭 后 也 一,后 备 一 杆 梭
271,L,2,众 Z#,21 44 kurss dz133 du33 qo md,回 返 匠 房 处,返 回 工 匠 家
271,L,3,口,"z,133 lu33 dur33 th12i tche33",城 放 一 杆 拿,选 破 城 梭 一
271,L,4,Z 与,44 si33 phe31 33 ne ni21 nu,看 主 二 面 湿,守兵 二 溅 血
271,R,1,分,thu33 ka31 zi33 dlu3,刺 得 水 进 扛,刺 死 扛 甩 池
271,R,2,田,55 21 b121 zi33 b121 Z.O mp,我 不 给 呢 给,良 梭 送 与 人
271,R,3,灶 九 Z4 分,du²1 ne33 t4u33 ZD21 b121,阳 也 人 儿 给,送 给 间 人 阳
271,R,4,田 Z4 目 天,mp 21 t4u33 tS03 ni33,不 死 人 在 日,在 阳 世 之 人
271,R,5,在 阳 世 之 人,Z4 nI,een th21 ni33 m133 120b,人 地 耕 一 日
271,R,6,Z4 nI,een th21 ni33 m133 120b,人 地 耕 一 日,耕 地 N 时 日
272,L,1,4W 天,kD²1 th21 ni33 tsiss,人 地 遇 一 日,种 地 之 时 日
272,L,2,米 米,Zzi144 dz121 tsD33 2i44 dze21,畜 魂 粮 魂 梭,护 畜 护 梭 粮
272,L,3,护 畜 护 梭 粮,ni²1 b1²1 dza44 dle44 tD33,彝 散 贼 坏 起,匪 害 彝 乡 时
272,L,4,%,dza t4133 dza XD21 dze,贼 追 贼 杀 梭,追 贼 杀 贼 梭
272,R,1,tQ 日,55 he33 1033 np m133 ny33,阴 地 你 房 处,阴 间 之 你 房
272,R,2,阴 间 之 你 房,tQ A 正 Z4,nu33 he33 4u33 qD 33 du21,你 房 银 门 槛
272,R,3,tQ A 正 Z4,nu33 he33 4u33 qD 33 du21,你 房 银 门 槛,你 房 银 门 槛
272,R,4,3 Z4 日 A 女,4u33 du21 si33 du21 10 33,银 槛 金 槛 处,银 槛 与 金 槛
272,R,5,t 3,he33 33 p1ss dze qD,房 守 门 关 梭,看 家 护 院 梭
272,R,6,Z4 IU 天,th121 ni33 t4u33 me31 do44,人 兵 出 一 日,人 出兵 之 日
273,L,1,半,ph21 qo 33 toss dze 21,亲 护 板 使 梭,护 亲 执 法 梭
273,L,2,面,ms tsh133s tciass 33 gp,冏三 仗 三 十 干,打 三 十 三 仗
273,L,3,打 三 十 三 仗,tsh133 sw 3 su dze21 kD33,三 十 冏三 梭 过,过 三 十 三 招
273,L,4,面 田 (,tsh133 ms 33 mD21 du33,三 十 三 不 误,三 十 三 不 失
273,L,5,4 田,t4u44 th133 mD 33 mp du33,人 处 不 误,阳间 不失 母
273,R,1,Z4h,qe44 t4u33 le31 tsi33 VD 33,人 手 强 真 吗,人 果 武 艺 强
273,R,2,半工分 去,dze² qu21 YD tsi33 di21,梭 真 的 口 力,加 以 梭 锐 利
273,R,3,目 3= 每,th21 ni33 t$03 t$033 mu33,在 在 做 一 日,在 阳 世 N 日
273,R,4,Z,si33 thp21 h44 D_S,灵 牌 莫 旁过,灵 母 牌 不 及
273,R,5,子 专 日 ZZ,si33 si33 le31 1033 dur3,死 主 手 进 处,死 神 控 手 中国
274,L,1,田 Z4,mD²1 si33 t4u33 ni33,不 人 死 死 日,至 人 死 之 日
274,L,2,日 Z WI 天,th21 np 55 1033 m6 33 ni33,阴 处 进 一 日,人 阴 间 之 日
274,L,3,长 日,DD's thu33 aG 55 dze21 1031,阴 戳 阴 梭 成,成 为 戳 阴 梭
274,R,1,%,tshi21 tsh133 th121 XD² 21 2m8,狗 一 肉 骨 十,十 狗 争 一 骨
274,R,2,4 WI,nu3 tsu3 th33 33 pe mb,你 发 掉 处 完,你 发 会 揪 光
274,R,3,I 十,th21 Vass tsh33 kD33 tu33,万 十 加 一 千,成 千 与 成 万
274,R,4,飞 口,133 dZe nu 33 b121 D33,我 来 梭 你 给,我 给 你 梭 标
274,R,5,飞④ 必 Z4 日,33 du31 nu33 1033 b121 np,我 处 你 处 给,我 均 送 与 你
275,L,1,亏 田,phu21 ni33 mp tsur mp 21,祖 日 不 双 及,亡 灵 不 成 双
275,L,2,正 X 正,toh33 3G 33 tsiss qD 33,他 呢 是 独 因,他 独 一 人 行
275,L,3,3=,"z,133 bu33 du²1 lur33 lur33",水 肩 挖 在 在,用 梭 水 岸 掘
275,L,4,日 WI,tsh;33 th121 ni33 nD 55 1033,阴 处 到 一 日,至 阴 间 之 日
275,R,1,Z 7开 专,V133 1p33 dzi21 zi33 dZe2,拿 了 钱 主 梭,用 梭 护 钱 财
275,R,2,Z Z 卉,ID33 ob 21 si33 tu33,拿 了 耕 主 告,用 梭 护 庄 禾
275,R,3,T 日 WI 天,1033 Ze31 th121 ni33 1eOb,罩 处 下 一 日,盖 了 下 之 日
275,R,4,H WI,th21 ni33 to4 ID33,抵 了 下 一 日,抵 了 下 之 日
275,R,5,全 日 全 WI 天,de44 1033 de44 th121 ni33,上 处 上 一 日,往 冏上黃 登 之 日
276,L,1,日 IM全 天,si33 th121 1033 de44 ni33,死 处 上 一 日,登 亡 界 之 日
276,L,2,荟 π,"t4ess ne44 dzi21 le31 tG""e h33",鹰 黑 官 旁 上,黑 鹰 落 客官旁
276,L,3,w 每 W 70,"lu55 mu33 lur's z,i33 tshi21",喜 的 喜 去 吧,愉 快 往 前 去
276,L,4,7 州,si44 9031 t4ess ne 44 hy31,木 弯 鹰 黑 站,弯 树 鹰 立 黑
276,L,5,万 焱 日 单,"kh133 1033 hy31 2,133 A33",那 里 站 去 啊,去 那 里 栖 息
276,R,1,,XX3V,"si21 tsi""s thu33thu33 dz133",别人 遇 话 话 先
276,R,2,XX3V,"si21 tsi""s thu33thu33 dz133",别人 遇 话 话 先,先 前 N 故 话
276,R,3,Q Z,m133 tho21 2133 ne4,汉 地 纸 张 鸟,似 汉 地 纸 鸟
276,R,4,7开 日 学,th21 dz.i21 nu3 1033 t4ur33,一 章 你 处 飞,章 诵 与你
279,L,1,水,h44 pD du31,布 处,织 布
279,L,2,织 布,dlp²1 Z.u21 1044 tshi33 bu33,石脚拢 蜂 聚,蜂群聚崖巢②
279,L,3,九面子,tshi21 121 eems mu21 m133,户 夜天 今 夜,祭 奠之 今 夜
279,L,4,感 企 IM ZZ,121 m133 133 th121 he31,今 夜这 一 夜,节 今 夜这 时
279,R,1,溯 月源,A21 bo33 hx31 si33 DD33,故我站主 亡,人 亡 我主仪
279,R,2,Z 与 π,hy31 si33 33 ni21 np dzi21,站 主 我 两 官,司 仪 我 俩人
279,R,3,Dz,n1²1 le31 phD33 da4 dzD²,葬 手布裁须,彝裁布挂须
280,L,1,形E Q,le31 bu²1 da44 thw33 SO4,汉 手 断 绸 裁,汉 裁 绸 口 齐
280,L,2,田 # 田 #,21 ts133 21 33 mp mp ts133 mu,不 剩 不 剩 的,依 次 不 剩 诵
280,L,3,7开 #天 米,"th2 dz,i21 tDss 1Dss",一 章 剩 搁 着,递 次 诵 遗 经
280,L,4,递 次 诵 遗 经,kho21 1o21 $0.$5 2133 nu33,柯 兴 硕 日 奴,柯 兴 硕 日 奴
280,L,5,女,tche? mu3 33 33 1h33 1D33 np,聪 的 听 来 吧,耳 聪 来 听 吧
280,R,1,号 至次 至 Z:,433 0.55 si33 4e33 me33,林 尾 头 它 林,森 林 头 尾 接
280,R,2,3E 分 众,"h33 da44 33 h33 de133 p""D yD"" p""D",布 断 与 布 先,织 布 N 来 历
280,R,3,WI 7开 #,th121 si55 dzi21 1D33,一 章 剩 像 啊,尚 遗 此 章 经
280,R,4,3 Z,"9055 $i33 si33 sur's p""D h21",果 诗 他 三 父,果 诗 三 父 子
281,L,1,# 田,4e33 dzi44 xu 44 mp²1 t$033,林 砍 铁 不 有,砍 林 没 有 刀
281,L,2,子,renut yo 31 mx 44h33 dzo21,天 际 铁 灰 处,天 庭 冶 铁 处
281,L,3,X 全 万 日,kh133 1033 tsh;33 Z05,我 找 那 里 到,寻 铁 至 那 里
281,L,4,π 签,A21 1x44 kuss dzi21 ge31,阿 勒 匠 官 找,找 阿 勒 铁 匠
281,L,5,飞,tsh:33 kuss le31 m 44 1D33,会 手 叫 了 到,请来 了 铁 匠
281,R,1,至 每 科,4e33 mx mu dg21,林 砍 铁 做 打,打 制 砍 林 刀
281,R,2,至 苏 牛 九,1e33 dzi44 t$o 33 xw ne3,林 砍 铁 有 也,虽 已 有 砍 刀
281,R,3,至 田 m,4e33 d33 mp²1 13033,林 放 地 不 有,尚 无 火 地 种
281,R,4,中 Z,"si33 ob 55 ms 55 p""D h21",果 诗 他 三 父,子 果 诗三父
282,L,1,,ne31 tD33 tshi21 ku33 dzp²1,早 起 早饭 做 吃,饭 凌 晨 吃 早
282,L,2,众 用,t5033 dy21 eSs d2133 si55s,穿 戴 腋 夹 下,衣 帽 腋 下 夹
282,L,3,五 日 飞,le31 1033 V133 m1²1,腰 刀 手 处 拿,刀 具 手 上 拿
282,L,4,田 N. 电 九,mp tshi33 tu33 ne33 tsh;33,不 到 地 也 到,四 处 去 寻找
282,R,1,NI 分 N.,tsh;33 dzi21 th33 ZD 21,执 提 昆 明 到,明 至 执 提 昆
282,R,2,灶 至,ob 55 ne 44 du²1 de33 ZD21,昆 明 黑 黛 林,昆 明 黑 黛 林
282,R,3,田 万雨,tsh;33 kh33 thp2i Z.0.'s mp,我 不 到 以 前,我 未 至 之 前
282,R,4,万 九 田,kh33 33 ng.33 me do.5,也 名 不 出,此 名 声 地 无
282,R,5,举 A,tsho21 si21 lu²1 dlp21 tsh:33,行 走 澄 江 到,行 走 至 澄 江
283,L,1,? 弧至,lu²1 dlp21 4e33 1044,澄 江 石 丛 林,澄 江 石 丛 林
283,L,2,万 生,kh133 tsh:33 $0$s si21 SD33,我 年 它 找 到,寻 林 至 此 地
283,L,3,举 见州,tsho21 si21 du²1 tsh:33 pu,行 走 至 宜 良,行 走 至 宜 良
283,L,4,万 九 田,kh33 ng33 me 33 mp 21 do44,它 也 名 不 出,它亦 无名 气
283,R,1,W 又 众,tshp² dzp21 10.55 dz133 tDss,盐 吃 漱 院 搁,漱 口 吐 盐 水
283,R,2,众众 去,40.5 dz133 tshD21 niss ng33,漱 院 盐 嘴 美,嘴 尝 盐 味 美
283,R,3,去 介 中,33 tsh:33 m133 mp ho33,楠 密 玛 霍 到,到 楠 密 玛霍
284,L,1,全万 日,"kh,33 tsh;33 $D33 1033",我 找 到 那 里,寻 要 到 那 里
284,L,2,万 九 田,"ne33 kh,33 me 33 mp 21 do44",它 也 名 不 出,它 亦 不 出 名
284,L,3,田 电 日,tsh:33 tu33 1033 tsh:33 mD21,不 到 地 处 到,四 处 去 找
284,L,4,子 口 田,m21 lu33 tsh:33 noss VD21,弥 勒 诺 罔 到,至 弥 勒 诺 罔
284,L,5,万 九 芒,"kh,33 ng33 do44 be4",它 也 名 出 说,据 说 有 名 很
284,R,1,全,si21 kh133 33 tsh:33 as,我 们 它 找 到,寻 找 到 此 地
284,R,2,五 万 田,do44 kh33 mp 21 ne 33,名 出 它 不 是,却 也 无 名 声
284,R,3,却 也 无 名 声,tsh033 si21 tsh021 88 44 mu33,行 行 做 走 走,一 程 又 一 程
284,R,4,Z 米,kD31 si44 121 tsh:33,泸 西 虎 叫·到,泸 西 虎 啸 山
285,L,1,全,ne44 1p33 55 1D33 33 mG SD,看 了 望 了 找,一 路 远 眺 望
285,L,2,效 分,A33 pu33 1D33 mu33,哥 哥 与 老 木,哥 哥 老 木 哨
285,L,3,分 世,1p21 mu33 yD 33 ni44,老 木 与 宜 政,老 木 哨 宜 政
285,L,4,# 4 至,44 44 4i33 4e33 tsx mx,宜 寨 黑 舒 山,宜 寨 黑 舒 山
285,L,5,万 九 田,"kh,33 33 ne33 me mp²1 do4",它 也 名 不 出,它也无名声
285,R,1,益,tsh021 si21 33 44 mu33 t$D,行 走 找 走 做,一 路 去 寻 找
285,R,2,田 电,tsh:33 tsh33 Z0's mD21,我 不 到 地 到,四 处 去 寻 找
285,R,3,荟 至,t4ess 44 4833 ne44 tshi33,寨 黑 林 黑 到,寨 黑 黑 山 林
285,R,4,万 四,kh133 33 ng33 mg33 do4 ne,它 也 名 出 是,名声天下扬
286,L,1,3 Z,"si33 55 h21 p""D",果 诗 他 三 父,果 诗 三 父 子
286,L,2,女 WI 苏,th21 th21 mp33 1o21 dzi4,一 个 一 凹 砍,每 人 砍 → 凹
286,L,3,面,ms 55 phD²l ku*s 1o21 dlp33,三 父 九 凹 成,父 子 砍 三 凹
286,L,4,与 与 工 五,"ni²1 dz,033 ni²1 ts133",二 轮 二 十 五,二 轮 二 十 五
286,R,1,与 # 五 目 亏,ts133 55 kh031 ni33 np,二 十 五 六 天,二 十 五 六 天
286,R,2,司 万 日 #,kh33 t$033 1033 Di4,我 转 那 看,返 回 到 此 看
286,R,3,易 7 九,siss b121 si44 ne33 fe33,草 杂 木 也 干,树 木 杂 草 干
287,L,1,五π Z,kur*s si33 lu²1,格 资 神 龙 闪,格 资 闪 电 龙
287,L,2,M 住,phe21 ni4 tsi33,火 煽 火 红 迎,煽 火 火 苗 窜
287,L,3,万 日 7.0 分,kh133 1033 ID33 yD 33,那 里 借 了 获,其 处 借 来 火
287,L,4,亏 丑,ni33 4e33 ngss De,日 美 我 林 烧,择 吉 日 烧 林
287,L,5,WI 面 正,th21 mD33 55 t4D33 na 55 su,一 人 三 块 烧,每 人 烧 三 块
287,R,1,IM 里,kur's t4D33 th21 P nass,九 块 片 成 一,九 块 连 一 片
287,R,2,日,"EP 1033 pe3khD21 k""D21",地 处 灰朴 、朴,地 烧 成 灰 冏白
287,R,3,π 全,kur's dzi2l le31 kur*s,格 资 手 会 找,找来格 资 匠
288,L,1,T 74,du21 q04 de21 m33 mu33,地 挖 锄 做 打,打 制 挖 地 锄
288,L,2,企 九 T 分,q0* m33 du21 ng33 yD 33,地 挖 也 锄 获,挖 有 锄 头 地
288,L,3,nI 車 小 中 面,tsD33 th21 ms 55 du21,个 三 块 挖 一,一 人 挖 三 块
288,L,4,IM 分,phD²1 th121 d33 sw YD,三 父 一 片 获,三 人 挖 一 片
288,L,5,企 Y,Z0.5 m133 du21 1D33 mb,我 地 挖 了 完,耕地 挖完 毕
288,R,1,万 丑,21 kh133 1h3 siss ne ms,她 来 种 良 收,她 处 有 良 种
288,R,2,4,33 si5s 1D33 tsh33 ne2i,种 良 放 了 下,良 种 她 下 发
288,R,3,分 天,33 siss 33 siss yD,鸡嗦 种 与 嗑松 种,鸡 嗦 木 嗑 松
289,L,1,分 中,siss siss bu21 YD mp 33,野竹 种 与 金竹 种,野 种 竹 金 竹
289,L,2,分 W,zi33 YD 33 tsiss siss,大麦 种 与 麻 种,大 麦 与 麻 种
289,L,3,面 700 三 分,55 si21 kh031 33 ms YD,三 类 六 处 种,三 类 六 样 种
289,L,4,开 分,siss ne 21 YD 33 mb 33,种 良 我 获 完,良种齐 到 位
289,R,1,7 亏 丑,siss do21 Di33 ne21,种 点 日 吉 找,择 吉 日 播 种
289,R,2,中 面,tshD33 th121 mp 33 ms 55 do21,一 人 三 块 点,每 人 点 三 丘
289,R,3,西子介,"s 55h21 th121 p""D m13",父 地 片 三 一,父 子 三 连 片
289,R,4,父 子 三 连 片,siss do21 1D33 33 mb,我 种 点 了 完,良 种 点 完 毕
290,L,1,W # 田 不,S121 tsiss nu 21 ni44 mp 21,麻 长 绿 不 茵,麻 苗 不 茵 绿
290,L,2,效 7 去 田,A21 m33 dr²1 mp 21 sa 55,什 么 的 不 知,不 知 何 如 此
290,L,3,W A,tsiss 21 1h33 thi44 mu (SD33,麻 出 麻雀 来 扒,麻 雀 啄 麻 籽
290,L,4,中 3 Z,"si33 sw? p""D h21",果 诗 他 三 父,果 诗 父 子 仁
290,R,1,丑,VD 33 nei kus tshi33 tyss,网 良 _九 拢 织,织 出 九 张 网
290,R,2,必 # 企,ku33 ID33 ts133 m133 te33,做 了 边 地 支,网 支 麻 地 边
290,R,3,W 田 3= #,tsiss ne 33 lu²1 lu²1 ni44,麻 都 全 全 绿,麻 苗 绿 茵茵
290,R,4,A 目 200 面,"ms dz.o""3 su tsh133 si21",三 轮 三 十 七,三十七 三 轮
291,L,1,W A 不 3=,S121 tsiss S121,麻 长 笑 盈 盈,麻 苗 茁 而 壮
291,L,2,WI 面 車 际,"th21 h33 ts04 mp ms 55 ts""D”",一 人 三 丘 锄,一 人 锄 三 丘
291,R,1,7世 O Z 光,33 sss 4D33 VI33 nD,夏 三 月 当 中,夏 季 三 月 里
291,R,2,W #,"ni44 zi33 tsiss 1,33",我 麻 看 来 呢,来 地 里 看 麻
291,R,3,W #,tsiss ZO fe5s bu33 4021,麻 长 崖 肩 撩,麻 高 齐 崖 顶
291,R,4,W A 住 4 3=,tsiss 4u33 tsi33 t4u44 t4u44,麻 白 棵 密 密,秆 灰 白 密 密
292,L,1,3E 中 来,th121 mD33 kurss da 44,一 人 九 堆 砍,每 人 砍 九 堆
292,L,2,面 U W 3E,su 55 mD33 tsiss da4 33 mb,三 母 麻 砍 完,母 女 砍 完 麻
292,R,1,Z4 分 ZZ7 亏,ni33 du33 he31 kur's,后 来 八 九 天,往 后 八 九 天
292,R,2,W A,"phe33 k""p21 tsiss fe33 4u33",麻 秆 灰 白 淡,麻 秆 呈 灰 白
292,R,3,W 田,tsiss t14 xw mp 33,麻 泡 池 不 有,没 有 泡 麻 池
293,L,1,W 与 九,IeP Z0 55 tsiss t14,我 麻 泡 可 也,麻 干 已 能 泡
293,L,2,W 田,tsiss t144 mp bu33,麻 泡 池 不 有,但 没 泡 麻 池
293,L,3,O 去 万 200,"44 kh,33 si21 mx",池 良 的 那 些,要 寻 到 良 池
293,R,1,举 晃,tsho21 si21 tsho21 tshi33,行 走 行 走 到,路 来 一 奔 此
293,R,2,生 卡,"44 q0 31 thu31 z,133 md",反 复 找 出 去,再 次 去 找
293,R,3,日 去,h33 tsh33 IeP ab 1033 ts033,哪 里 到 的 在,寻 找 至 哪 里
294,L,1,去 W,di21 lurss tsh33,跨 的 路 南 到,急 奔 至 路 南
294,L,2,WI,g21 th21 me 33 30 mx 44 gD 21,名 美 一 池 闻,听 闻 名池 一
294,R,1,区 O,tsha21 44 ve31 tsx xu31 mx,维 则 长 湖 池,维 则 之 长 湖
294,R,2,W 九 社,tsiss t1. xw 44 tsa31 ne33,麻 泡 池 也 好,池 泡 麻 质 好
294,R,3,万 日 WI 76,kh133 1033 zi33 thi21 du21,那 里 水 一 池,这 一 池 池 水
294,R,4,ZZZ 零九吉,"tsh033 tsho33 tghe21 tsi'ss ne"" 33",人 喝 人 也,人 喝 人 聪 明
295,L,1,Z4 π 台 五,t4u33 dzi21 0.55 do44 tsiss,仆 喝 官 头 出,仆 人 变 官 样
295,L,2,万 九 丑,"kh,33 ne33 xu 44 ne1 3G 33",它 也 池 美 是,此 池 是 州 地
295,L,3,子 田 WI 亏 &,mu21 mp th21,天 不 完 一 日,天 不 崩 之 日
295,L,4,万 2,"33 do44 kh33 133 33 m8 ne""",名 出 它 来 是,盛 名 属 于 它
295,L,5,万 Z 面 U,"kh,33 si33 su 55 V33 mD33",她 家 她 三 母,她家 母 女 仁
295,R,1,全 万 分,"33 1p33 kh,33 33 tshi33 SD yD",找 了 它 的 到,终 于 寻 到 她
295,R,2,中 3 U 飞,mD33 nu 33 sur's,小 果 诗 女 三,果 诗 母 女 三
295,R,3,W 亏 开,Ss t144 tsh33 0i33,麻 泡 日 吉 到,泡 麻 之 吉 日
295,R,4,W 分,tsiss tsDSs dlu33 $OS5 ZD21,麻 桩 松 杆 儿,砍 来 松 树 杆
295,R,5,W,t144 tsiss tsDSs mu33 te33,麻 泡 村 做 钉,钉 做 泡 麻 桩
296,L,1,,th21 mp33 ku5 dzo21 t14,一 个 九 架 炮,人 泡 九 架 一
296,L,2,面 W,mD 33 tsiss t144 qu133,三 母 麻 泡 完,母 女 泡 完 麻
296,L,3,与,t144 di31 tsh:33 tD33,泡 得 捞 呢 起,要 将 麻 捞 起
296,L,4,您里又 田,q”o²1pu33 21 tDss mp t5033,铺盖 搁 没 有,无 垫 草 盖 草
296,R,1,又 灶 九万路,kh33 tDss du²1 ng33 bu,搁 处 也 它 有,捂 盖 好 麻 秆
296,R,2,女z 日 万WI 亏,du33 1033 kh133 th121 ni33,后 处 那 一 日,这 此 后 一 日
296,R,3,WI 见 特,"th121 mp33 ku""s du²1 1i31",一 人九 捆 剔,一 人 剔 九 捆
296,R,4,面 U W 特,ms 55 mp 33 tsiss 1i31 Eemb,三 母 麻 剔 完,母 女剔 完麻
297,L,1,,"dza4tho²1 mp"" tD33 dlu33",竹 竿 日日 松 棍 杆,竹 竿 松 木 条
297,L,2,W,tsiss tce44 dlu33 mu,麻 凉 竿 的 使,用 来 凉 晒 麻
297,L,3,五4五 IM,th21 mp33 k ku33 tsh33 ku?,人九十九,人 九 十九
297,L,4,W %,55 33 tsiss 33 su mp tce mb,三 母 麻 凉 完,母 女 凉 晒 完
297,R,1,W 44 W 正 每,33 mu² 33 tsiss 1y44 tsiss ab,麻 挽 麻 玩 做,将 麻 缠 挽 起
297,R,2,W X W 飞每,tsiss tshi21 tsiss dlx44 mu33,麻 洗 麻 踩 做,脚 踩 浆 洗 麻
297,R,3,W % W 每,tsiss tce44 tsiss fe33 mu33,做 麻 凉 麻 干,将 麻 凉 晒 干
297,R,4,分 天 W OX,ni33 tsiss D33 ZOSs tsess,后 天 我 麻 绩,次 日 来 绩 麻
297,R,5,WI ®,th121 33 the21 mp su33 tsh133,一 人 三 十 团,每 人 十团 冏三冏
298,L,1,@,kw3 tsh33 the21 ms 55 mp,三 母 九 十 团,母 九 十 团 女
298,L,2,重 田,"tGhe33 vu"" 33 ts""D"" h21 mp 21 t$o 33",线纺 车 不 有,纺 线 没 有 车
298,L,3,7.0 7 m H区,tsh:33 si44 diss m121 pe33,黄 栗 木 四 板,四 块 黄 栗 板
298,L,4,口 7科,A21 1y44 ku's 1h3 de21,阿 勒 匠 来 打,阿 勒 木 匠 制
298,L,5,重 分 九,"the33 vu""3 tshD21 ne? 33 切3",线 纺 车 也 获,纺 线车 有 了
298,R,1,Dz 开,"1,33 n121 3G 21 nu 33 vu33",彝 巧 女 来 纺,葬 家 女 纺 巧
298,R,2,亏,tche33 XY 44 mu 33 ni33 tshj21,线 扯 做 日 到,扯 理 线 N 日
298,R,3,女 3,"si33 Ch33 44 mp 33 tc""e"" 8X gess",竹 金 线 扯 架,金 竹 扯 线 架
298,R,4,IM W,th121 mp 33 XX 44 4i33 tsh33,一 人 扯 四 十,人 扯 四 十
299,L,1,U 与 #,ni²1 surss mp 33 hp33 ts133,三 母 百 二 十,母 女 百 二 一
299,L,2,母 女 百 二 一,tche33 tcess tche33tsh21 55 mu33,线煮 线洗 做,煮线 浆 洗 线
299,L,3,每,the3dzi31tc33 mu33,线拉 线 晒 做,拉 直 去 凉 晒
299,L,4,分,ni33 Z.0s tche33 kD33,后 天 我 线 绕,次 日 来 绕 线
299,L,5,WI 年 九,"th21 tsh,33 mp 33 kD33 sw 33",一 人 绕 三 十,每 人 三 绕 十
299,R,1,U 年4,ku33tsh133 su 55 mp kD33,三 母 绕 九天,母 女 绕 九 十
299,R,2,7画 3 灶,ni44 du21,我 线 顺 心 想,欲 顺 线 理 线
299,R,3,3 田 m,si33 tspss mp²1 tS033 31,线 顺 桩 不 有,尚 无 顺 线 桩
299,R,4,田 电 九,21 tsh;33 tsh33 mp tur33 ne33,不 到 地 也 到,四 处 去 寻 找
300,L,1,W 77,lur's d133 dzi21 ze: 31 tspss,路 南 铜 线 桩,路 南 铜 线 桩
300,R,1,万 九 田 丑,"kh,33 21 33 ng33 mp ne",它 也 不 美 是,非 宜 顺 线 场
300,R,2,正,tsho21 si21 tsho21 44 mu 33 y8,行 走 行 走 做,一 程 又 一 程
300,R,3,WI,tsh:33 lu²1 dlp21 th121 d133,澄 江 一 地 到,来 江 到 了 澄
301,L,1,全,th21 9031 pu d33,返 回 一 地 找,转 身 寻 场 地
301,L,2,万 九 田 丑,kh33 21 ne21 44 ng33 mp Ze,它 也 不 美 像,它 亦 不 适 宜
301,L,3,举 分 W,tsh021 si21 luss yD 33,行 走 之 路 南,快行 至 路 南
301,R,1,万 日 WI,"kh,33 1033 th121 #D3",那 里 一 地 找,那 找 场 地 里
301,R,2,九 万 田,me 33 kh33 mp 21 do44 ng33,各 也 它 不 出,此 地 名 不 扬
301,R,3,正 晃 不,si21 33 44 tsho21 tsD 8X,行 走 找 走 去,出 行 再 寻 找
302,L,1,Dz 介,"n1²1 m133 A21 dz,021 d133",葬 地 阿 着 底,彝 乡 阿 着 底
302,L,2,了 九,d133 ng33 tsa 31 31,线 顺 地 也 好,线 顺 场 如 意
302,L,3,3,th121 kho33 ms,人 三 珂 顺,一 人 顺 三 珂
302,L,4,面 U,sw 55 mp33 kwkh033 dlD33,三 母 九 珂 成,母 女 顺 九 珂
302,R,1,7² 70 W,tshi21 n1²1 2031 noss tsiss,织 布 工 具 制,准 备 织 布 具
302,R,2,勿,lu²1 dllp21 ne33t tshu2l 2aZ,澄 江 玉 梭 轴,澄 江 玉 梭 轴
302,R,3,w 7开7,lurss dzi21 ze 31 dly44,路 南 铜 踏 板,各南铜 板 路 踏
303,L,1,晏,tho²1 pe33 zi33 2031 mu²1,松 灰 织 天 柱,松 木 织 机 柱
303,L,2,7 3 答,si44 pur 55 1e33,黄 木 织 卷 滚,黄 杨 木 滚 轴
303,L,3,70 号 丑,tshi21 tsh:33 31 0i33 ne21,织 布 日 吉 到,至 织 布 吉 日
303,L,4,70 田 司,e31 tshi21 fe5s mp 21 1803,织 布 岩 不 有,岩 织 布 无 洞
303,R,1,本 全,tsho21 si21 33 44 33 SD mu,行 走 找 走 做,边 走 边 找
303,R,2,分 7,S0b ZD 21 ne 44 fu?! fess,昆 明 黑 暗 岩,昆 明 黑 暗 岩
303,R,3,见,pu? 33 zi21 dur²1 bu² fess,宜 良 水 流 岩,宜 良 地 河 岩
303,R,4,万 九 71 田,kh133 ne33 fess mp 21 De,它 也 岩 不 舒,些 岩 舒 这 不
304,L,1,70 田 社,2031 tsh121 fess mp21 tsa:1,织 布 岩 不 好,非 理 想 之 岩
304,L,2,7² 70 电 田,e31 tshi21 tur33 mp 21 SD 33,织 布 地 不 厂,非 如 意 织 室
304,L,3,举 晃 每,tsho21 si21 tsh021 4 mu33,行 走 行 走 做,一 程 又 一 程
304,L,4,司 ? 至 N,tche4 tsh33 t$033 1055 4833,李 箐 石 林 到,至 李 箐 石 林
304,L,5,万 日 丑,kh33 1033 th121 fess,那 里 岩 佳 一,那 有 一 佳 岩
304,R,1,? A 7画,1044 4u33 ab 33 ze 31 mo21,石 白 门 织 柱,白 岩 门 织 柱
304,R,2,? 70 272,10 44 31 tshi21 ne 44 ze dlx44,石 黑 织 布 踏,青 石 做 踏 板
305,L,1,用 年 WI7L70,siss 33 th121 tshi31 tshi21 np,先 前 一 次 织,第 一 次 织 布
305,L,2,第 一 次 织 布,tshi21 dzi2l phb33 mu33 b121,吏 官布 做 给,衙 吏 织 与 官
305,L,3,分,fe55 adms 55h33 mu 33 33 YD,审 案布 做 获,升 堂 有 官 服
305,L,4,田 3= π 目 亏,lu44 lu44 dzi21 tS033 nj33,健 康 官 在 日,官 吏 健 康 日
305,L,5,每 出,"fess ms 21 p""D h33 mu zW",审 案 布 做 使,用 来 制 」官 服 月
305,R,1,田 π 子 亏,21 dzi21 mp lur44 0i3,患 疾 官 死 日,患 疾 官 逝 日
305,R,2,患 疾 官 逝 日,phD33 du33 dz133 1031 133,布 处 源 成 来,成 布 为 治 丧
305,R,3,分 年 WI 7L 70,yD 33 np 33 th121 tshi31t tshi21,后 先 一 次 织,第 二 次 织 布
305,R,4,效 飞 分,A21 1x44 kurss b12! ZD21,阿 勒 匠 儿 给,给 阿 勒 工 匠
306,L,1,飞2 分 必,vi31 p²p33 kurss ZD21 ab,匠 儿 穿 戴 布,缝 制 工 匠 服
306,L,2,田 飞2 亏,mD21 1y44 ku*'s nj33,患 疾 匠 死 日,患 疾 匠 死 日
306,L,3,3E W,"p²D33 du²1 dz133 1031 1,33",布 成 来 处 源,成 为 治 丧 布
306,L,4,灶 年 WI7L70,du33 th21 tshi3l tshi21 nD33,后 来 一 次 织,第 冏三 次 织 布
306,L,5,3 开 不 分,n15s pi 33 b121,邪 点 毕 儿 给,给 驱 邪 毕 摩
306,R,1,不 分,thu33 niss ZD21 Zu²1,邪 点 毕 儿 使,祭 祀 驱 邪 用
306,R,2,田 h 不 亏,si33 1y4 ni33 D13,患 疾 毕 死 日,患 疾 毕 摩 死
306,R,3,3E 2,p²D33 da44 dz131 1031 133,布 处 成 来 源,成 为 治 丧 布
306,R,4,分 年 W7L 70,33 np 33 th121 tshi31 tshi21 YD,后 来 一 次 织,第 四 次 织 布
306,R,5,Dz 4 丑,phu21 b121 ni²1 tyu,葬 村 人 善 给,给彝村 世 人
307,L,1,田 3= 4 目 亏,lu144 lu44 t4u44 t$033 ni33,健 康 人 在 日,健 康 在 世 时
307,L,2,3,Huss pD3 mu33 SD33,种 地 布 做 使,缝 制 种 地 衣
307,L,3,年 年 晃,"si21 h33 kD33 kD33 yx""p""D 44",路 走 路 走 布,缝 制 盛 礼 装
307,L,4,y,"tshi21 ts""i?"" h:33 p""D"""" h33 mu zw 21",媳布 做 使,缝制新 郎 装
307,R,1,,pD33 nu 33 tsiss mu 33 Zu21,出 嫁 布 做 使,缝 制 新 娘 装
307,R,2,众,"ne 44 pu33 dz133 1031 1,33",眼 盖 源 成 来,成 为 盖 眼 布
307,R,3,? 众,lh33 dz133 1031,眼 蒙 源 成 来,成 为 盖 脸 布
308,L,1,成 为 诵 经 布,"thu'' be2i ttu xw 21 p""D h33",飞 鸭 飞 毡 布,成 招 魂 幡 布
308,L,2,7L 田 3= 3E,lur²1 lu²1 da 44 emb tshi44,样 样 断 完 毕,样样 都 裁 下
308,R,1,效 Z,si33 A21 bo33 tsiss dzD21,阿 波 知 枣 斯,斯 阿 波 知 枣
308,R,2,开 不 分,dzi2r phu33 21 33 D13 ZD np,执 普 毕 绕 我,执 普 毕 绕 我
308,R,3,九,thu3 ne? np 33 qur33 tshi21 33,我 说 完 可 也,我 可 诵 全 经
308,R,4,田X 女 &,nu33 np 33 mb mp21  tshi21,你 听 完 不 可,你 未 必 听 全
309,L,1,7 Z,si44 21 44 niss gu mx tses's,木 犁 铁 嘴 接,铁 铧 接 木 犁
309,L,2,包 3,si33 tche33 niss gu21 1e33,泥 黄 犁 上 滚,黄 压骤 泥 犁 上
309,L,3,亏 日 WI,55 1033 tshi21 th21 0i3,阴 处 到 日 一,你 到 阴 间 日
309,L,4,企 7世,55 mi 33 hp33 np G133 ne's,阴 地 夏 雨 深,阴 间 夏 雨 深
309,R,1,π 九,dzi21 0.55 te33 t144,官 头 淋 着 也,官 头 被 雨 淋
309,R,2,台 田,0.55 nu33 t144 mp21 te33,你 头 淋 不 着,你 淋 头 不 被
309,R,3,众 介,np 55 m133 tshi21 VD 21 ness,阴 地 冬 深 雪,阴 间 冬 雪 深
309,R,4,Z 中 九,si33 ku VD² 21 ho33 33 ne33,他 身 雪 落 也,他 人 雪 落 身
309,R,5,五 田,nu33 VD 21 mp 21 ho33,你 身 雪 不 落,你身 雪 不 沾
310,L,1,企 九 勺 Z,55 ne 33 4i33 a m133 dze 44,阴 地 也 风 寒,阴 间 冷 风 寒
310,L,2,Z 九 勺,si33 ku33 4i33 ng33 ho33,他 身 风 也 袭,他 人 身 风 袭
310,L,3,田,nu33 ku33 4133 mp 21 ho33,你 身 风 不 袭,你 身 不 遭 袭
310,L,4,不班,eemy1 phD33 p133 b121,毕 点 你 布 经,毕 摩 诵 布 经
310,L,5,Z4 九 Z 丑,nu33 ne? 33 ne 33 tsiss,你 也 他 善 先,人 你 位 他 前
310,R,1,3E 正 7开7,php33 tch133 th121 tshi21 da 44,布 处 那 一 章,织 布 一 章 经
310,R,2,日,ku33 tsh33 kur's tshi31 1033,九 十 九 辈 处,九 十 九 辈 时
310,R,3,效 逛,A21 siss nu33 phu21 zi33,过 去 你 祖 呢,那 时 之 你 祖
310,R,4,3= 九,"h33 si33 p""D $OS $OSS",布 获 获 也 死,得 到 布 也 死
311,L,1,,ZZ Z4ZZ 7L 日,he31 tsh33 he31 tshi31 1033,八 十 八 辈 处
311,L,2,ZZ Z4ZZ 7L 日,he31 tsh33 he31 tshi31 1033,八 十 八 辈 处,八 十 八 辈 时
311,L,3,效,A21 siss ph21 nu33,过 去 你 奶 呢,那 时 之 你 奶
311,L,4,3= 九,p²D33 $055 ng33 $0'S,布 获 获 也 死,得 到 布 也 死
311,L,5,200 # 7L 日,si21 si21 tshi31 1033 ts133,七 十 七 辈 处,七十七辈 时
311,R,1,,"A21 siss h21 zi33 nu²1 p""D",过 去 你 父 呢,那 时 之 你 父
311,R,2,3= 九,p²b33 $0S's ng33,布 获 获 也 死,得 到 布 也 死
311,R,3,三Z7 日,kh031 tsh33kh03tshi31 1033,六 十 六 辈 处,六 十 六 辈 时
311,R,4,U,A21 siss 33 zi33 nu33 mp,过 去 你 母 呢,那 时之 你 母
312,L,1,五 五 :7L 日,tsh33 tshi31 1033 DDSS,五 十 五 辈 处,五 十 五 辈 时
312,L,2,必,A21 siss vi31 zi33 nu33,过 去 你 兄 呢,那 时 之 你 兄
312,L,3,3= 九,p²D33 ne 33 si33 $0s's,布 获 获 也 死,得 到 」布 也 死
312,R,1,W W 7L 日,tsh33 tshi31 4i33 4i44 1033,四 十 四 辈 处,四 十 四 辈 时
312,R,2,效 Z4 用,A21 si5s Eenu 33 2i33,过 去 你 姊 呢,那 时 N 你 姊
312,R,3,田 九,phD33 21 mp $0.S5 ne33,布 不 获 也 死,不 得 布也 死
313,L,1,面 7L 日,tsh33 tsh31 1033,三 十 三 辈 处,三 十 三 辈 时
313,L,2,分,A21 siss nu ZD21,过 去 你 儿 呢,那 时 之 你 儿
313,L,3,3= 九,"p""D h33 $OS $OSS",布 获 获 也 死,得 到 布 也 死
313,L,4,田 九,"h33 21 33 si33 p""D"" mp SOs ne",布 不 获 也 死,不 得 布 也 死
313,L,5,与 # 与 7L 日,ni21 ni²1 tshi31 ts133 1033,二 十 二 辈 处,二 十 二 辈 时
313,R,1,逛 W,A²1 si55 nu33 4is5 zi33,过 去 你 孙 呢,那 时 之 你 孙
313,R,2,WI 7L 日,th12i tsh133 th12i tshi31 1033,十 辈 一 一 处,一 十 一 辈 时
313,R,3,Z 司,si33 ph33 tshi21 t5033 nu33,死 辈 转 你 到,死 期轮 至 你
314,L,1,九,"33 h33 55 nu33 ne"" p""D $O",你 也 布 获 死,你 死 已 获 布
314,L,2,平u 丑,kho21 S133 123G nu33,柯 兴 诗 安 奴,柯 兴 诗 安 奴
314,L,3,小 企,"p""Dtu33 du21 m133 b121",阳 地 布 点 给,阳 间 送 你 布
314,L,4,A,"phD33 4u33 p""D h33 44 b121 ne",布 白 布 黑 给,送 白 布 黑 布
314,L,5,企 配 w,55 np m133 D033 lur's,阴 地 你 向 喜,阴 间喜又 欢 你
314,R,1,3E # 不,"phD33 l,33 S121 da44 ni44",布 处 看 来 还,快 来 看 布 匹
314,R,2,与 3=,ni21 np 55 qD 21 Ip21 1D21,两 耳 煽 套,两 耳 扇 般 立
314,R,3,3E 女 O,"p²D33 da4 33 1,33 4D33 np",布 处 听 来 吧,来 倾 听 布 经
314,R,4,与 3=,ni21 le31 VD²,两 手 伸 抓 抓,两手 指 伸 展
315,L,1,3E OX 不,"phD33 da44 tsess l,33 S121",布 处 接 来 还,快 来 接 布 匹
315,L,2,与 飞 3=,tsh:33 tho31 21 21 m6 m6,两 脚 迈 急 急,两 脚 迈 步 急
315,L,3,3E 272 配,"phD33 da 44 d1x44 l,33 no's",布 处 踏 来 要,快 来 追 随 布
315,L,4,3E 红,"h33 da 44 nu33 33 33 p""p yD mb",布 你 完 处 得,布 给 诵 与 你
315,L,5,4,le31 33 tsi33 tsu3 bu 33 m8,手 指 双 合 口 数,伸双手数数
315,R,1,%& 与 九,33 33 mb 33 d131 ng33 np mX,我 数 完 能 也,我 能 够 数 完
315,R,2,7=3=,V133 np 33 1D33,醒 醒 听 来 拿,清 醒 记 心 间
315,R,3,Dz 企 丑,33 33 d133 m133 me ne,葬 地 名 盛 地,彝家 盛 名 地
315,R,4,7L3 7,tshi3ltshi31 do44 du²1 33 ne,辈辈 出 处 是,代代生于此
316,L,1,晃万 日年,q031 kh133 1033 np 21,走 回那 里 歇,转去那里住
316,L,2,转去那里住,mi 33 A21 dz.0²1 d133,彝地 阿着底,彝乡阿着底
316,R,1,子开学,mu²th2 dzi²t4u ng33,春天 1 季落,春季 已过完
316,R,2,春季 已过完,thi21 dzi21 t4133 nu 33 b1²1,章赶你 给 一,这章经诵完
319,L,1,?,1D21 z.i21 104 tsh;33 bu3,蜂 聚 石脚拢,群聚石崖 蜂
319,L,2,飞 日,te33 ph121 dze44 le31 1044,屋厦滴沟处,屋厦之檐下
319,R,1,3=,be44 si21 be44 de21 de21,说款款 说 诉,叽 叽 喳语
319,R,2,不3,1mxcmzpe3 bu33 xu²!,肩膀齐平平,俩人齐肩坐
320,L,1,3=,pD33 tche3tsw n033 n033,布 匹 齐 排 排,垫 布 对 排 放③
320,L,2,Dz 3E 7,phD33 n121 le31 da44 dzD21,彝 手 布 裁 毛,毛 葬 家 裁 布
320,L,3,毛 葬 家 裁 布,ce 44 le31 bu²1 da44 cemy1 ,断 汉 手 绸 裁,汉 家 裁 绸 齐
320,L,4,田 # 田 # 每,21 mp 21 mp ts133 ts133 mu33,不 剩 不 剩 的,诵 经 不 余 诵
320,R,1,Z,A21 si33 bo33 ts133 dZD21,阿 波 知 枣 斯,阿 波 知 枣斯
320,R,2,飞 田 正,tsi33 dzp²1 lu²1 tch33 4u33,知 枣 娄 青 舒,知 枣 娄 青 舒
320,R,3,子 开,kho21 3G 21 nu33,柯 奴 兴 诗 安,柯 兴 诗 安 奴
321,L,1,X,tshi21 tsiss emG mD3 tciss,家 母 狗 独 养,家母养 独狗
321,L,2,办 与,tshi2i ni21 qho21 1031,狗养 二 年 够,养狗 满 两 年
321,L,3,养狗 满 两 年,tshi21 tc1*s kh031 33 dlD33,狗养 六 群 成,繁殖成六群
321,R,1,九,tshi21 qh031 1031 sms,狗养 三 年 够,养狗 满 年
321,R,2,九九,tshi21 t tci*s kur 33 dlp33,狗 养 九 群 成,繁 殖 成九 群
321,R,3,开,tshi21 dless dzi21 mb,狗 群 吠 汪 汪,狗 群 吠 汪 汪
321,R,4,U Z 分,mG 33 si33 mp ZD21,家 母 她 儿 大,家 母 大 子 我
321,R,5,3,si33 dy31 ZO.'s le31 1e33,金 戴 我 手 腕,金饰戴手腕
322,L,1,田函,zi21 mp dzo21 1D33,我 不 属 的 啊,此 奢 不 属 我
322,L,2,办 77,tshi21 0.55 tce44 ne4 dzj21,狗 头 绳 黑 拴,皮 绳 拴 狗 头
322,L,3,% 台 3,tshi4 055 si33 ne44 de31,绳 头 金 黑 亮,绳 扣 金 光 亮
322,L,4,九开 答 日 7开7,tshi21 dzi21 1e33 1033 dzi21,狗 跳 滚 样 跳,狗 跳 翻 腾 跳
322,L,5,答 日 年 张 7开7,1e33 1033 kD33 Z1 j44 dzi21,滚 样 路 影 跳,着 自 跳 追 影
322,R,1,九开 ： 日开,"tshi21 dzi2ltchg33 1033 dz,i21",狗 跳 上 处 跳,狗 往 高 处 跳
322,R,2,日 分 7开7,the33 1033 YD 33 ku33 dz.i21,上 处 鞍 做 跳,上 跳 腾 过 架
322,R,3,分 Z,yD 33 ku33 t4ess ne 44 si5s,像 鞍 做 鹰 黑,上 腾 似 飞 鹰
322,R,4,7开 日 7开7,tshi21 1033 dzi21 dzi21 y031,狗 跳 崖 处 跳,狗 跳 跳 石 崖
322,R,5,日 公会 7开7,1033 tD33 dz.j21,崖 处 起 诱 跳,诱 着 跳 上崖
323,L,1,3=,tD33 biss,起 诱 抖 数 动,抖 数 跳 上 崖
323,L,2,7开7 7 日 77,"tshi21 dzi21 me 33 1033 dz,i21",狗 跳 埂 处 跳,狗 跳 跳 土 埂
323,L,3,U Z 分 4,33 33 si33 921 mG mp ZD21 3Z,家 母 她 儿 大,家 母 N 长 子
323,L,4,开 同 3,tshi21 dzi2 mb 33 SD 33,我 狗 跳 完 了,狗 跳 跳 完 了
323,R,1,开 办 正 每,tshi21 tshi21 33 mu 33 dzi21 qD,狗 跳 狗 玩 做,跳 狗 又 戏 狗
323,R,2,九 开 日 五,tshi21 dzi2l Ve21 1033 do4,狗 跳 野 处 出,狗 到 野 外 跳
323,R,3,3 口 学,bu²1 lu33 t4ur33 33 ze 44 SD,胡 像 蝶 飞 的,翻 腾 似 蝶 舞
323,R,4,九 开 7 日,tshi21 dzi21 du²1 tsh33 1033,狗 跳 洞 处 下,狗 跳 落 人 洞
323,R,5,用 ? 3,si33 thg1 le33 SD 33 304,草 团 滚 的 像,滚 如 团 草 一
324,L,1,九开 3,tshi21 dzi21 33 SD,狗 口 跳 起 的 像,拼 命 往 上 跳
324,L,2,九天 开九 每,tshi21 dzi21 tshi21 4e31,狗 跳 狗 喘 的,累 得 气 喘 喘
324,L,3,召飞田卡,tsh21 tD”q”u²n mp²1thu31,狗 起 口 不 出,跳 不 上 洞 口
324,L,4,y y 专 每,tshi21 tshi21 si33 mu33,狗 诱 狗 牵 的,诱 狗 又 拉 狗
324,L,5,九开 全 U 九,tshi21 dzi21 tD33 4021,狗 跳 起 顺 也,狗 终 上 洞 口
324,R,1,y 子 全 田,tshi21 si33 tD33 mp 21 4021,狗 死 起 不 顺,不 料 狗 气 绝
324,R,2,y 子 九,tsh21 si33 tsh21 mu? 33 tshi21,狗 死 狗 的 腐,狗 死 自 腐 烂
324,R,3,办 子 A 不 天,tshi21 tD33 bu33 D133,狗 死 蕨 草 丛,狗 死 蕨 草 丛
324,R,4,办 子 7 茶,tshi21 si33 tce 55 me Zu33,狗 死 绳 尾 拿,狗 死 拿 绳 索
325,L,1,X 面 O 飞 光,tshi2i 33 sur's 4D33 V133 nD,冬 三 月 当 中,冬 三 月 当 中
325,L,2,田 电 日 7,mp 21 do21 tu33 1033 do21,不 掉 地 处 掉,狗 尸 放 何 处
325,L,3,办 田,tshi21 0.55 bu21 4044,狗 头 虫 不,狗 头 不 生
325,R,1,田 U,tshi21 kw33 bu21 mp 21 4021,狗 身 虫 不 遇,狗 身 不 遇 虫
325,R,2,田,tshi21 ku33 bu²1 mp 21 hy31,狗 身 虫 不 站,狗 身 无 落 虫
325,R,3,去 O 飞 光,ne 33 ssms 4D33 V33 33 nD,春 三 月 当 中,春 三 月 当 中
325,R,4,田 电 日,1033 mD 21 do21 tur33 do21,不 掉 地 处 掉,狗 户 放 何 处
325,R,5,ZZ 电 分,he31 1o21 ne 44 yD 33 do21,八 凹 眼 处 掉,放 在 深 凹 里
326,L,1,,Z4A U,tshi21 0.55 bu²1 4044 4021,狗 头 虫 蛆 遇
326,L,2,台 田 Z4,tshi21 055 bu21 4044,狗 头 虫 不 蛆,狗 头 不 生 蛆
326,L,3,狗 头 不 生 蛆,tshi211 kw33 bu²i 4044 1021,狗 身 虫 蛆 遇,狗 身 生 蛆 否
326,L,4,九 田 Z4,tshi21 ku33 bu2i mp 1044,狗 身 虫 不,狗 身 不 生
326,L,5,7世 Z 光 O,S133 su 33 4D33 V33 np 33,夏 三 月 当 中,当 夏 三 月 中
326,R,1,田 7 电 日,do21 tu 33 1033 do21,不 掉 地 处 掉,狗 户 放 何 处
326,R,2,灶 分 与,du21 fess to5s do21 D33,洞 与 崖 层 掉,放 在 崖 洞 中
326,R,3,过 了 三 昼 夜,bu 44 ob 31 ne44 1h33 zi33,返 回 看 来 呢,回 头 去看 狗
327,L,1,九 3,tshi21 4133 055 bu21 ng33,狗 头虫 也 裹,狗 头 被 虫 叮
327,L,2,九,ne33 tshi21 kur33 bu²1 hy31,狗 身 虫 也 站,狗 身有 虫 爬
327,L,3,手 年 WI,siss thi21 tsu33 4a31 nD33,变 先 头 一 对,先 生 一 对 虫
327,L,4,IM,h33 th21 tsu334 4u²! tD33,一 对放 来 起,生成两 类虫
327,R,1,分 勿,33 thi21 YD nD33 tsu da31,后 来 一 对 变,后 来 生 一 对
327,R,2,IM 会,th121 tsu34u²1 133 tD33,一 对 放 来 起,生 成 两 类 虫
327,R,3,万 九 年,kh133 ng33 kp33 bu21 De33,它 也 路 虫 是,它 们 是 野 虫
327,R,4,Z 九,ne 133 m133 dze44 dur²1,拿 也 荒 野 放,放在 荒野里
328,L,1,7 日 IM,me 33 1033 thi21 tsw33 4a31,尾 处 一 对 变,最 后 生 对 一
328,L,2,A 分 3,bu21 4u33 yD 33 bu2!,虫 银 与 虫 金,银 虫 与 金 虫
328,L,3,具 分,bu²i dze31 33 bu21 YD,虫 花 与 虫 彩,花 虫 与 彩 虫
328,L,4,分,phe33 bu²1 ne4 YD bu21,虫 黑 与 虫 灰,黑 虫 与 灰 虫
328,L,5,面 又,ms tsu's ID33 tDss,三 对 放 了 搁,出 变 生 三 对
328,R,1,万九 w,kh33 33 ne33 lurss bu2i ne,它 也 喜 虫 是,它 们 是 喜 虫
328,R,2,灶 田 Z,du²1 mp 21 si33 bu21,箩 不 编 它 虫,未 装 N 虫
328,R,3,田 Z,fa44 si33 mp 21 ku33 bu21,簸 不 制 它 虫,未 人 簸 之 虫
328,R,4,Z4 46 效 7:,niss b121 yw 33 A21 me21,尼 比 额 阿 曼,尼 比 额 阿 曼
329,L,1,了 效 7:,eemy1 b121 tg33 A21,特 比 阿 曼,特 比 阿 曼
329,L,2,州 九,z.133 ng33 be33 le31,拿 也 衫 襟 兜,兜 在衣 襟 中
329,L,3,男 每,tsh021 si33 tsh021,行 走 行 走 的,一 程 又 一 程
329,L,4,田 电 日 N.,tsh;33 m1 1033 tsh:3 mp21,不 到 地 处 到,到 处 都 走 遍
329,L,5,77 WI 分,th33 tsh:33 tsi33 ZD1,执 提 昆 明 到,到执提 昆 明⑧
329,R,1,分 年 专 飞,55 21 kD33 si21 33 ob ZD nu,昆 明 路 走 女,遇 到 行 路 女
329,R,2,年 专 飞,si21 si21 kD33 di33,路 行 女 坝 走,平 坝 行 路 女
329,R,3,Z 开,th21 tch121 be44 do44 133,一 句 说 出 来,应 答 一 句 话
329,R,4,九4,ku tsh33 phu²1 zi33 Z.OSS,九 十 我 祖 呢,九 十 我 祖 父
329,R,5,田 子,si33 phu²i bu²1,我 祖 虫 不 绕,我祖 不 绕 丝
330,L,1,ZZ24,tsh133 ph121 zi33 he31 Z.OSs,八 十 我 奶 呢,八 十 我 奶 时
330,L,2,700 #,si21 ts133 phD21 Z.0.5,父 七 十 我 呢,七 十 我 之 父
330,L,3,田,po21 Z0.'s bu²1 mp²1 ho33,我 父 虫 不 养,我 父 不 养 蚕
330,L,4,三 U,zi33 kh031 tsh33 mp 33,六 十 我 母 呢,十之 母 六 我
330,R,1,与,zi33 ni21 tsh33 Z.0.S5 tsh:33,二 十 我 到 呢,二 十 之 我 辈
330,R,2,田,ng33 bu²1 mp²1 ho33,养 我 也 虫 不,我 也 不 养 蚕
330,R,3,金 全,ne 44 bu21 ni44 de44,我 看 虫 航 脏,我 看 蚕 恶 心
331,L,1,46 效 7:,21 A21 b121 yu me21,尼 比 额 阿 曼,尼 比 额 阿 曼
331,L,2,男 每,tsho21 si21 tsho21 mu33,行 走 行 走 的,又 一 程 一 程
331,L,3,田 电 九,tsh;33 tu 33 ne33 tsh:3,到 地 也 到 不,到 处 都 走 遍
331,L,4,A,si21 1p33 lu²1 dlp21 tsh;33,走 了 澄 江 到,走 到 了 澄 江
331,L,5,Z 飞,A33 33 lu21 dlD21 do31 nw,澄 江 阿 夺 女,澄江 阿 夺
331,R,1,7飞 中,"1,33 tD33 bu21 ho33",你 起 虫 养 来,请 你 来 养 蚕
331,R,2,田,Z.055 phu²1 bu²1 mp²1 ho33,我 祖 虫 不 养,我 祖 不 养 蚕
331,R,3,U 7 田 本,mp 33 bu21 mp 21 ho33,我 养 每 虫 不,我 不 养 蚕
331,R,4,田,php²1 bu²1 ho33 Z.0Ss mp21,我 父 虫 不 养,我 父 不 养 蚕
331,R,5,全,ni44 ne4 bu²1 de44,我 看 虫 航 脏,我 看蚕 恶 心
332,L,1,九 田,ne33 bu²1 mp²1 ho33,我 也 虫 不 养,我 养 蚕 也 不
332,L,2,Z4 46 效 7:,niss b121 yu 33 A21 me,尼 比 额 阿 曼,尼 比 额 阿 曼
332,L,3,举 电州,tsho21 si21 du²1 pur tsh:33,行 走 宜 良 到,行 走 到 宜 良
332,L,4,面 Z,ni33 33 si21 1i44 nur,船 坐 女 坝 走,坐 船 出 外 行
332,R,1,会,33 h233 1a33 nu tD3 bu²1,你 起 虫 养 来,请 你 来 养 蚕
332,R,2,2,"thi21 tchi2i be44 do4 1,33",一 句 说 出 来,应 句 话 回 一
332,R,3,田 700,"Z.O"" 55 p""D h21 bu21 mp 21",我 父 虫 不 绕,我 父 不 绕 丝
333,L,1,金 全,Z.0Ss ne4 bu2i ni44 de44,我 看 虫 航 脏,我 看蚕 恶 心
333,L,2,九限 配,Z0.'S bu21 D033 ne3 90%4,我 也 虫 害 怕,我 见 蚕 害 怕
333,L,3,九 田,bu²1 mD21 ho33 ne33,我 也 虫 不 养,我 也 不 养 蚕
333,L,4,46 效 7:,b121 A21 niss emx me21,尼 比 额 阿 曼,尼比额 阿曼
333,R,1,每,tsho21 si21 ts021 44 33 8X mu,行 走 行 走 的,一 程 又 一 程
333,R,2,举 W,tsho21 tsh:33 si21 lur's,行 走 路 南 到,行 走 路 南 至
333,R,3,7开 ￥,1p21 dzj21 nw33 d133 si21,劳 执 女 坝 走,劳 执 女 外 行
333,R,4,Z4 会,nu 33 tD33 bu²1 ho33 h33,你 起 虫 养 来,请 你 来 养 蚕
334,L,1,U 血 田 #,33 mp 21 tsiss mp,抽 我 每 处 不,我 母 不 巢 丝
334,L,2,金 全,bu²1 ni44 2.055 ne4 de44,我 看 虫 航 脏,我 看 蚕 恶 心
334,R,1,九 田,33 ne bu21 ho33,我 也 虫 不 养,我 也 不 养 蚕
334,R,2,Z出 46 7:,n1's b121 A21 me21,尼 比 额 阿 曼,曼 尼 比 额 阿
334,R,3,效 7:,ni's b121 A21 me² 21 $033,尼 索 阿 曼 比,尼 比 索 阿 曼
334,R,4,了 效 7:,thu33 b1²1 A21 me21 te33,特 比 当 阿 曼,特 比 阿 曼
335,L,1,男 每,tsho21 si21 tsho21 44 33 mu,行 走 行 走 的,程 又 一 程 一
335,L,2,田 电 九,mp21 tsh:33 tu33 ne33,不 到 地 也 到,走遍 到 处 都
335,L,3,： N.,hp33 1021 33 tche33t tshi33 md,郝 罗 山 上 到,走 到 郝 罗 山
335,L,4,4 亏 日 住,t4u44 nj33 106 1033 tsi33,人 居 地 处 遇,寻 访 到 村 寨
335,L,5,Z4 日 年,tho21 ni44 t4u4 1033 np 21,松 青 人 处 停,松 林 人家 家 歇
335,R,1,子 Wi 学 司,m²1 4u33 th12i ku33,天 白 一 片 下,整 个 天 底 下
335,R,2,介 WI 学,mi 33 thi21 3.01 h33 ne44,地 黑 疆 上 一,整 个 大 地 上
335,R,3,W 分 W 学,tsi33 do44 33 tlu 33 yD tsi33,东 方 与 西 方,从 东 走 到 西
335,R,4,200 光分,"si21 zi31 n,D 33 YD 33 331 33",南 方 与 北 方,从 南 走到 西
336,L,1,W 介 ZZ 安,liss mi 33 4021 he31 Ve33,四 面 地 八 方,四 面 与 八 方
336,L,2,举,"nu33 1,33 si21 t$033 zi33",你 来 走 在 呢,你 们 都 走 遍
336,L,3,飞 开 田 九,"kh,33 dzi21 mD 21 bu ne 33",请 钱 不 有 也,虽无 资 询 费
336,R,1,7水,33 do21 b121 $OSS 2j33 nu,我 呢 你 话 给,还 是 告 诉 你
336,R,2,田 田,mD no33 mp 2 tS033,我 不 见 不 有,见 没 有 我 不
336,R,3,WI 本,thj2i tchi21 133 be44 do4,一 句 说 出 来,回 应 一 句 话
337,L,1,Dz Z:,si33 55 33 ni²1 V33 su nu,彝 家 她 三 女,彝 家 冏三 姊 妹
337,L,2,分 司,"bu²1 ho33 kh,33 yD 33 1$033",虫 养 那 里 有,她 茧 们 养 日 蚕
337,L,3,Z4 46 7:,br21 mx 33 A21,尼 额 阿 曼 比,尼 比 额 阿 曼
337,L,4,Z 了 效 7:,thw33 b133 tg33 A21 me21,特 比 当 阿 曼,特 比 阿 曼
337,L,5,田 住 Z 九 住,21 tsi33 si33 mp tsi33,不 遇 她 也 遇,路 遇 许 多 人
337,R,1,Dz Z飞 飞 住,n1²1 V133 33 55 nu ms tsi33,彝 家 女 三 遇,遇 葬 家 仁 女
337,R,2,九,phu²1 ng33 bu²1 ho33,我 祖 也 虫 养,我 祖 也 养 蚕
337,R,3,72,Z.0'5 phD21 bu21 ho33 ne33,我 父 也 虫 蚕,我 父 也 养 蚕
337,R,4,U 血 九 #,33 mp 33 ne tsiss,我 母 处 也 抽,我 亦 巢 丝
338,L,1,国 N.,A21 33 55 tsh:33 3G ZO,现 在 我 辈 到,现 今 至 我 辈
338,L,2,九 飞,ZO'S ne33 bu²1 ho33 kur's,我 也 虫 养 会,蚕 我 ：也 会 养
338,L,3,九 配 w,bu21 no 33 lur*s Z.O ng33,我 虫 对 喜 也,见 蚕 我 喜 欢
338,L,4,九 配,bu²1 21 ng33 D033 gD,我 也 虫 对 爱,见 蚕 我 喜 爱
338,L,5,D2 飞 Z,ni²1 V133 si33 ms nu,葬 家 她 三 女,彝家之 三 女
338,R,1,,133 bu²1 zi33 ho33,我 来 虫 养 呢,我 们 来 养 蚕
338,R,2,金 田,bu²1 ni44 tsp33 mp t$033,蚕 蛹 饭 不 有,食 物 无 蚕 蛹
338,R,3,不 全 G,bu21 33 SD ZO.SS,虫 饭 找 要 还,尚 需 寻 蚕 食
338,R,4,田 电 九,tshi33 ne 33 tsh:33,不 到 地 也 到,四 处 均 走 遍
338,R,5,子 金 N,m²1 tsh:33 9021 pu33,天 际 山 到,至 天 台圭 山
339,L,1,甩中,phe44 33 9021 YD mp 33 4D21,圭山 半 处 竹 叶,半 山 长 竹 子
339,L,2,半 山 长 竹 子,th21 qess ky44 tsh33 13,一 枝 割 」下 来,割 冏下 竹枝 叶
339,L,3,& 田,ky4 ky44 qur33 mp21 qu33,割 完 不 割 完,不 管 割 完 否
339,L,4,Z w tQ,V133 1D33 lurss he33 ob 31,拿 了 自 家 回,拿 回 到 家 中
339,L,5,年岛 日,4u33 kp21 tho33 1033 tsh04,银 筛 底 处 落,撒在 银筛底
339,R,1,3 年 七日,si33 kp²1 tho33 1033 tsh33,金 筛 底 处 下,撒 在 筛 底 金
339,R,2,Z43=7 71,tsh133 tsh33 bu21 Y031 do21,下 下 虫 旁 落,竹 叶 落 蚕 旁
339,R,3,田召,bu21 0.55 tD33 smi mD²1,虫 头 摇 不 起,蚕 蛹 不 头
339,R,4,田,tsh:33 bu2i tSD33 hy31,虫 脚 找 不 站,蚕 不 爬 竹 叶
339,R,5,7飞 田 金,bu²1 ni44 tsp33 mD2l D33,虫 蛹 饭 不 是,蚕 不 吃竹 叶
340,L,1,生 五,bu²1 tsD33 SD 33 do44 1h3,虫 饭 找 出 来,外 食 出 找 蚕
340,L,2,田 N. 电 九,tsh:33 tw 33 ne 33 tsh;33,不 到 地 也 到,到 处 都 走 遍
340,L,3,办,tso 1021 tsh;33 VD.SS VD.SS,丛 周 林 处,走 到 罔 树 林
340,L,4,分 7世 N,phe31 YD 33 phe31,叶 与 栎 叶,树 树 栋 叶
340,R,1,矢 同田 文 同,XX 44 mb 33 mp XX mb 33,摘 完 不 摘 完,不 管 摘 完 否
340,R,2,tQ 矢 W,8x 44 ob 31 lurs he33 tsh:33,摘 回 自 家 到,摘 叶 回 家 中
340,R,3,A 年 日,"4u33 kD²1 tho33 1033 tsh,33",银 筛 底 处 下,撒 在 银 筛 底
340,R,4,3 年 日,kD33tho33 tsh33 1033,金 筛底 处 下,撒 金 筛 底 在
340,R,5,Z43 7,tsh133tsh33 bu² yo,下 下 虫 旁 落,撒 在蚕 蛹旁
341,L,1,台 荟 田 会,055 55 bu21 mG mp 21 tD33,虫 头 望 不 愿,蚕 蛹 不 愿 瞅
341,L,2,签 田,tsh;33 bu21 33 mp 21 hy31,虫 脚 找 不 站,蚕 蛹 不 爬 叶
341,L,3,金 田 国,bu21 tsD33 ni4 ne33,虫 蛹 饭 不 是,不 是 蚕 蛹 食
341,L,4,Z出 么 46 效 7:,b121 33 A21 yw? me,尼 比 额 阿 曼,尼 比 额 阿 曼
341,L,5,么 效 7:,n155 bi21 A21,尼 比 索 阿 曼,曼 尼 比 索 阿
341,R,1,Z 了 效 7:,thw33 A21 b1²1 tg33 me21,特 比 当 阿 曼,特 比 阿 曼
341,R,2,举 男,tsh021 tsho21 si33 mu3 好好,行 走 行 走 做,一 程 又 一 程
341,R,3,田 电 九,mp21 tsh;33 tur ne33 tsh:33,不 到 地 也 到,四 方 都 走 遍
341,R,4,Z 口 效 Az 住,si33 A33 no33 t4u44 tsi33,它 地 阿 人 遇,他 乡 遇 路 人
341,R,5,子 IU 子 7,"qo21 th121 m 21 Sa"" 44",天 际 天 鳞 铺,空 天 布 鳞 云
342,L,1,介 WI 企 4,th33 m133 m133 go's t4u44,地 际 地 头 叠,地 上 田 畴 连
342,L,2,Z 口 效 分 A,si33 no33 A33 t4u4 ZD 21,它 地 阿 人 儿,他 乡 行 路 人
342,L,3,飞开 田路 九,tch33dzi21 bu33 mp²1 ne33,请 钱 不 有 也,虽 无 资 讯 费
342,L,4,亏 文,th21 tsh33 kp²1,3 一 日 十 话 闻,日 闻 十 全 话
342,R,1,nI 本,"th121 1,33 to121 be44 do44",一 句 说 出 来,语 来 相 告 一
342,R,2,正 700 去,bu²1 tsp33 dr21 th33 si21,虫 饭 的 那,蚕 食那 桩
342,R,3,办 7 田 公会,qo21 tshi21 me 55 mp²1 tp33,耕 狗 尾 不 有,门 狗 尾 拉
342,R,4,子 办 7 3=,si33 tsh21 tp3 me 55 tD33,猎 狗 尾 直 直,猎 狗 尾 伸 直
343,L,1,日,b121 thu33 fess qe31 1033,河 水 崖 岸 处,河 岸 河 堤 上
343,L,2,住 万 日,xu 44 tsi33 kh133 1033 te33,桑 树 那 处 种,河 堤 长 桑 树
343,L,3,日,kh33 1033 $D 33 nu33,你 那 找 要 里,你 去 那 里 找
343,L,4,Z4 46 效 7:,b121 33 A21 niss yu me21,尼 比 额 阿 曼,尼 比 额 阿 曼
343,L,5,Z4 效 7:,n155 b121 $033 A21 me21,尼 比 索 阿 曼,尼 比 索 阿 曼
343,R,1,Z 46 7:,33 A21 b1²1 yw mg21,特 比 额 阿 曼,特 比 额 阿 曼
343,R,2,200 U 与,si21 4033 Ve21 d133 md 44,七 方 来 返,急 忙 转 过 身
343,R,3,W tQ,44 ob 31 lur?s he33 tsh33 md,返 回 自 家 到,返 回 到 家 中
343,R,4,返 回 到 家 中,tche44 0.55 tsho21 dess to.ss,村 头 青 伴 帮,村 头 N 伙 子
344,L,1,7 田 年,tche41 me lu²l t tsho1 toss,村 尾 少 伴 帮,村 尾 N 少 年
344,L,2,田 年 九,Z.O's mp21 kp33 su33 tsh133,我 不 加 三 十,不 加 我 十 三
344,L,3,年 面,kD33 sur33 tsh133 th21,我 加 三 十 一,加 我 三 十 一
344,L,4,会 7,tD33 tshi21 ku3 dzD21 ne31,早 起 早饭 做 吃,早 起 吃 早 饭
344,L,5,司 (μ) VV,siss t$033 dy31 33 tei33,转 戴 腋 下 夹,帽 饰 腋 下夹? 月
344,R,1,驾,dess qe44 21 bu²l,男 大 篮 大 背,伙 子 背 大 蓝
344,R,2,田 光光 72,qhe44 lu²! hass naSs bu2i,少 小 蓝 小 背,少 年 背 小 蓝
344,R,3,男 举 每,tsh021 si33 tsh021,行 走 行 走 的,一 程 又 一 程
344,R,4,田 电 九,tshi33 ne33 tsh33 tur33,不 到 地 也 到,八 方 都 走 遍
344,R,5,易,Z.133 b121 tsh;33 b121 pu33,河 水 河 岸 到,走到河岸 上
345,L,1,易 3=,b121 2.133 ne 33 X021 Xo21,河 水 叫 哗 哗,河 水 哗 哗 流
345,L,2,nI ￥ 万 日,th21 4D21 kh33 1033 bu2!,一 条 那 里 河,河 水 横 面 前
345,L,3,红 46 效 7:,"ni,s b121 mx 33 A21 me21",尼 比 额 阿 曼,尼 比 额 阿 曼
345,L,4,Z4 7:,n1ss A21 b121 $033,尼 比 索 阿 曼,尼 比 索 阿 曼
345,L,5,了 效 7:,b1²1 te33 A21 me21,特 比 当 阿 曼,特 比 当 阿 曼
345,R,1,7司 九 7,VI21 !Z mg33 t3033 ne 33,水 尾 转 也 远,绕 河 尾 路 远
345,R,2,九,"z,133 dz.031 m6 ne33 nes",水 腰 涉 也 深,涉 河 中 又 深
345,R,3,红 46 效 7:,33 A21 br21 m8 me 21,尼 比 额 阿 曼,彝 家 养 蚕 妇
345,R,4,效 7:,ssTu b21 $033 A21 me21,尼 比 索 阿 曼,尼 比 索 阿 曼
346,L,1,3 7:,A21 thu33 b1²1 te33 me21,特 比 当 阿 曼,特 比 当 阿 曼
346,L,2,举 男 每,tsO21 tsh021 si21 8X 44 mu33,行 走 行 走 的,一 程 又 一 程
346,L,3,举,"tsho21 si21 2.,133 0.55 tsh;33",行 走 水 头 到,到 达 了 河 头
346,L,4,田 住 Z 九 住,si33 mp 21 tsi33 tsi33,不 遇 它 也 遇,河 头 遇 到 它
346,L,5,分 住,"lu21 ne 44 ZD"" tsu tsis",龙 黑 儿 双 遇,龙 对 小 黑
346,R,1,A 分,44 lu21 ne ne33,龙 黑 儿 的 也,两 个 小 黑 龙
346,R,2,Z Z4 3=,bu33 si33 nu3 33 33,漂 主 你 是 是,你 俩 崩 公 否
346,R,3,Z 田 国,bu33 si33 Z.0$s mD21,漂 主 我 不 是,我 俩 非 崩 公
346,R,4,九 晏 Z,"z,133 si33 2.055 ne33 mo21",我 也 水 潜 主,我 是 潜 水 者
346,R,5,Z,si33 bu33 ! me t$o 33,漂 主 水 尾 在,崩 公 在 河 尾
347,L,1,举 ①,si21 tsh:33 tsho21 2.133 me33,行 走 水 尾 到,行 走 至 河 尾
347,L,2,Z 住 田 住 九,mp 21 ts133 si33 ne 33,不 遇 它 也 遇,遇 见 了 它 们
347,L,3,分 住,bD-s ni44 ZD21 tsu tsiss,蛙 绿 儿 对 遇,一 对 绿 青 蛙
347,L,4,分 去 九,bpss 21 Di ZD n033,蛙 绿 儿 的 也,你 俩 小 绿 蛙
347,L,5,Z Z出 3=,bu33 si33 np² 21 3G 33 30 33,漂 主 你 是 是,渡 河 崩 公 否
347,R,1,Z 田,si33 33 bu33 Z.0S5 mD 21 ne,漂 主 我 不 是,我 俩 非 崩 公
347,R,2,Z,bu33 si33 2131 dzo3r t$o 33,漂 主 水 腰 在,崩 公 在 河 腰
347,R,3,男,"1D33 z.,133 dzo31 t tshi33",走 了 水 腰 到,行 至 河 中 段
347,R,4,田 分 弘 住,noss ne 44 ZD²1 tsu tsi33,猴 黑 儿 双 遇,遇 一 对 黑 猴
348,L,1,Z m,bu33 si3 nes dzu,漂 是 主 我 呢,我 俩 是 崩 公
348,L,2,G 不,phu21 bu33 b121 20.5,漂 款给 要 还,但 须 付 渡 钱
348,L,3,无 田,bu33 pu21 mp b121 zi33,漂 款 不 给 呢,若 不 付 渡 钱
348,R,1,巧 田 年,33 bu33 nu33 mp 21 kD33,我 漂 你 不 过,不 渡 你 过 河
348,R,2,46 7:,b121 yu 33 A21 mg21 sslu,尼 比 额 阿 曼,尼 比 额 阿 曼
348,R,3,Z4 7:,b121 A21 n1ss $033 me?l,尼 比 索 阿 曼,尼 比 索 阿 曼
348,R,4,开 了 效 7:,thw33 A21 b121 te33,特 比 阿 曼,特 阿 曼 比
348,R,5,日 A 2,055 1033 4u33 q044 lu31,头 处 银 帽 脱,脱 下 白 银 帽
349,L,1,3 2,si33 ZD 33 le31 ku33 luss,右 手 金 镯 脱,右 腕 脱 日 金 镯
349,L,2,号 A 本 2,le31 4u33 ku33 lu31 Ve1,左 手 镯 脱 银,左 腕 脱 银 镯
349,L,3,日 2,ku33 1033 be33 lui31 S33,身 处 犀 衣 脱,脱 下 犀 皮 衣
349,L,4,去 田,dr²1 nos's Y031 do21,哗 的 猴 旁 落,哗 的 丢 猴 旁
349,R,1,田 田,"44 kh,33 noss ne mp 21 nos",猴 黑 它 不 要,猴 不 要 财 物
349,R,2,子 效 Z 万,A21 siss kh33 tD21,天 过 时 去 那,久 远 之 时 日
349,R,3,74,ku tsh133 phu² zi33,九 十 我 祖 辈,九 十 我 祖 辈
349,R,4,举 住,p*u21 si21 tsi33 203,我 祖 果 树 生,我 祖 树 上 生
350,L,1,效 ?,"A21 33 zi33 tsh,3 3G",现 在 我 辈 到,如 今 之 我 辈
350,L,2,至 庄,Z.0 44 4e33 tsi33 204,我 生 林 木 生,我 在 林 中 生
350,L,3,九 7 至,ni31 433 si21 dzp21 ne33,饿 也 林 果 吃,饿 了 吃 野 果
350,L,4,孔,si21 noss buss DeS,我 要 山 楂 是,要 的 是 山 楂
350,R,1,R,si21 dp21 33 3G,我 要 山 果 是,要 的 山 林 果
350,R,2,46 效 7:,A21 b121 yu 33 me21,尼 比 额 阿 曼,尼 额 阿 曼 比
350,R,3,Z 年 Z,A21 si55 Z.O kD33 ph33,我 们 自 过 世,你 我 同 世 生
350,R,4,U,si21 buss si21 dp21 mp 33,山 楂 林 果 大,山 楂 山 林 果
351,L,1,& 与 田,33 si21 21 33 mb TeP mp² 3G Ve21,完 的 果 不 是,山 果 要 不 完
351,L,2,号,si21 4021 Ve21 V133 pu 44 2033,七 面 的 返,身 立 马 转 折
351,L,3,特,ph33 tsh:33 md 44 ob 31 kD33,返 回 路 半 到,回走 至半 路
351,R,1,号 7 U,si44 le31 mp 33 X4,右 手 树 果 摘,右 手 摘 果 子
351,R,2,日,be33 le31 1033 thu3,美 衣 襟 处 兜,兜 日 在 衣 襟 中
351,R,3,易,b121 tsh33 md 44 9031 bu33,返 回 河 岸 到,返 回 至 河 堤
352,L,1,去 田,ms noss ne 44 b121,刷 地 猴 黑 给,刷 地 倒 给 猴
352,L,2,田 w,noss ne4 si21 D033 lurs's,猴 黑 果 见 喜,猴 黑 见 果 喜
352,L,3,田 7 田 每,noss dzD²1 noss bu44 mu 33,猴 吃 猴 饱 的,黑 猴 吃 饱 果
352,L,4,九 亏,bu33 niss ni33 tD33 ne33,起 也 船 头 坐,上 船 坐 船 尾
352,L,5,上 船 坐 船 尾,"phi21 t4e44 tsw""p""e h33",扁 板 齐 肩 摇,臂齐 划 桨 双
352,R,1,如 3 Z,44 si33 niss du33 1D33,划 处 蟒 蛇 头,划 波 纹 似 蛇
352,R,2,S,"2z,133 li44 tho21 phi21 pu 44",水 浪 松 板 翻,水 浪 浆 下 翻
352,R,3,田 N. 电 日,tshi33 tsh:33 mD21 tu33 loc,不 到 地 处 到,一 直 往 前 划
352,R,4,易 电,"tsh;33 b121 !'2 twr p""e",河 水 对 面 到,划 到 河 岸 对
353,L,1,易 日,"b121 z,133 fess qe31 1033",河 水 崖 壁 处,河 边 岩 石 上
353,L,2,河 边 岩 石 上,xw dzoku dzo²1 mu 33,桑 林 九 片 的,桑林 九 大 片
353,L,3,物AZZ 3,xw dzo²1 he31 1o21 D3,桑 树 八 凹 满,桑 树 满 八 凹
353,L,4,田 Z,ne 44 le31 mp me 33 D03,见 看 手 不 及,树 高 难 摘 叶
353,L,5,Z4 46 效 7:,n155 b121 yu 33 A21 me21,尼 比 额 阿 曼,尼比 额 阿曼
353,R,1,亏,ne turss phe44 0i3,我 看 对 面 着,朝 对 面 看 去
353,R,2,Zur 每 U,44 mu33 tsho21 si33 mp D33,韩 木 戳 诗 玛,韩 木 戳 诗 玛
353,R,3,住,kh33 tsi33 ob 31 ne 44 mG 31,她 院 钩 黑 林,铁 钩 多 如 林
353,R,4,Zur 每7 分,44 mu33 tshi31 xa t$i33 ZD21,韩 木 次 知 绕,韩木次知 绕
354,L,1,万函 3=,kh133 dzo21 21 21 m mG,他 店 黑 林 林,店 中 铁 钩 多
354,L,2,万 7±],"nu' kh,33 33 55 1h33 np np",你 它 我 借 来,你 将 它 借 我
354,L,3,Zu 每7L 分,44 tshi31 21 Xa mu33 ts133 ZD,韩 木 次 知 绕,韩 木 次 知 绕
354,L,4,韩 木 次 知 绕,"33 h33 55 nu33 9031 q""D np",你 钩 我 如 借,你若 借我 钩
354,R,1,Ztf 介 π 西,dzi21 33 np 33 mi 33 fu33 30,我 地 官 府 是,我 乡 有 官 府
354,R,2,飞± 介 π 台 每,np m133 dzi21 055 mu3,我 地 官 头 做,官 让 你 做 衙
354,R,3,±7 开 日,33 kh133 np be44 1033 fur33,我 说 那 里 告,我去打招 呼
355,L,1,凹7L 分,44 mu 33 tshi31 tsi33 21 px ZD,韩 木 次 知 绕,韩 木 次 知 绕
355,L,2,7:,me21 le31 fa44 bp21 2133,妻 手 箱 边 拿,妻子 扯 风 箱
355,L,3,住 7科 办 Z4,tshi21 4u33 tsi33 de21,狗 舌 水 响 打,狗 舔 水 声 般
355,L,4,Z Z4 住 中,ve31 4D33 tsi33 4055 2133,猪 舌 水 响 荡,猪 嘬 水 声 般
355,L,5,日 W,mx 44 eru 1033 tsiss,铁 夹 水 处 淬,铁钩 水 里淬
355,R,1,特 学 ± 口,mx 44 m121 bu²1 lu33 tu33,铁 屑 蝴 蝶 飞,铁 屑 似 蝶 飞
355,R,2,? 事,de21 khu21 44 1044 tsa 55 xu,打 声 铁 石 碰,锤 声 似 击 石
356,L,1,,33 44 4D21 tsi33 mu mx gess,树 高 桑 枝 叶,高拔 桑 树 叶
356,L,2,未 抹 下 及 全,dess 21 q²e44 21 dle33,伙 大 篮 大 满,伙 子 大 蓝 满
356,L,3,田 光,lu²1 55 qe44 55 dle33 na na,少 小 篮 小 满,少 年 小 篮 满
356,L,4,去,133 dlo21 d121 9031,跨 的 返 回 来,快步返身 跑
356,R,1,,44 31 b121 bu33 tsh33 md qo,返 回 到 河 边,返 回 到 河 边
356,R,2,HA,ne 44 ssm phe44 ni33,我 看 对 面 着,顺 河看 对 面
356,R,3,每 7,tho21 da 4 zi33 mu 33 te33,松 断 柱 做 栽,松 木 做 桥 柱
356,R,4,开,qo21 mG 334h33 m.1 pu 33 mu,沙松 筒 梁 做 铺,沙 松木 铺 面
357,L,1,,"Z.O""S tsu kD33 mu33",我 桥 我 过 的,我 桥 我 自 过
357,L,2,去 为,"dlo21 d121 kD33 9031 1,33",跨 的 走 回 来,回 快 步 跑 来
357,L,3,W .to,kD33 qo 31 Iu*s he33 tsh33,走 家 到 回 自,回 到自 家 屋
357,L,4,金Ω,4u33 kD²1 tho33 1a33 tce 44,银 筛底 来 凉,凉 在 银 筛 底
357,L,5,3 金,"si33 tho33 tsh,33 kD21 133",金 筛底 来 下,撒落金 筛底
357,R,1,Z437 7水,tsh33 tsh33 bu2 do21,下 下 虫 旁 落,桑 叶 落 蚕 间
357,R,2,九,0.55 bu21 ne33 tD33,虫 头 摇 也 起,动头 蚕 蛹 摆
357,R,3,N. 九,bu21 tsh:33 4D21 ne 33 hy31,蚕 脚 叶 也 站,蚕 蛹 爬 上 叶
357,R,4,鸟 九 目,bu²1 ni3! tsp33 ng33 t$033,蚕 饿 饭 也 有,蚕 饿 有 食 吃
357,R,5,号 田,zi31 tsh33 bu21 mp 21 13033,虫 睡 床 不 有,没有 作茧 床
358,L,1,,siss tsh:33 yo21 bu²1 ne44,菜 籽 虫 黑 窝,菜 籽 铺 作 床
358,L,2,特 WI π,kp33 thi21 kD33 dzi21 mo21,官老 路 边 路,路 旁 之 首物
358,L,3,去 中 特 π,"mo""s 4055 kD33 dzi21 mo21",高 梁 路 官老,高 梁 物 之首
358,L,4,中 全 &,405s yu² bu2i de44 kyss,梁 杆 虫 上 架,高粱杆 作架
358,R,1,A州A泌,bu²1 Hu3t the33,虫 白 线 白 抽,白 茧 扯 白 丝
358,R,2,州,tgh23 si33 bu21 ni :44 Di4,虫 红 线 红 抽,红 茧 抽 红 丝
358,R,3,3 子,bu21 si33 tche33,虫 金 线 金 抽,黄茧抽 黄 丝
358,R,4,子,bu²p²tcepe3,虫灰 线灰 抽,灰 茧 抽 灰 丝
358,R,5,子,bu²l tce h33 mb 33 SD 33,虫线 抽 完 了,茧 毕 丝 完
359,L,1,亏 开,ne² bu?! tch33 ni33 ob 33,日 吉 虫 线 拉,吉 昼 拉 蚕 丝
359,L,2,ZZ 开,"he31 30 21 ZO"" 55 tc""e""t""e h33h21",夜 吉 我 线 团,吉 夜 绕 丝 线
359,L,3,@,4u33 tcheku3t tsh133the21,白 线九 十 团,白 线九 十 团
359,L,4,3 4,si33 tch3kw33 tsh33the21,金 线九 十 团,黄 线 九 十 团
359,R,1,Dz Z,ni²1 VI33 si33 sur's nu? 33,彝 家 她 三 女,彝 家 三 姊 妹
359,R,2,3 田,si33 di33 mp21 t$033 031,挽 线 坝 不 有,挽 线 无 场 地
359,R,3,与 日,tsh33 SD33 1033 n1²1,十 二 坝 阔 处,十 二 场 坝 地
359,R,4,3 每 刀,si33 31 mu33 b121,挽 线 坝 做 给,作挽 线场 选
360,L,1,九4 3,ku3t tsh13ku5thu,九 十九 截 挽,挽 九 十 九 截
360,L,2,与 # 3,ni21 hp33 ts133 bur44,百 二 十 缎 挽,挽 百 二 十 缎
360,L,3,3,mb 33 e31 SD33,我 线 挽 完 了,把 线 挽 完 了
360,L,4,Dz Z,n1²1 V133 si33 55 su mu,家 她 三 女,彝 家 三 姊 妹
360,L,5,7.0 去 会会,tshi21 3 tD33,我 布 织 的 起,准 备 丝 布 织
360,R,1,画 分,tshu21 lu21 dp21 ze 31 ZD,澄 江 分 线 框,澄 江 分 线 框
360,R,2,见 A Z,du²i pur33 4u33 e31 niss,宜 良 银 布 轴,宜 良 银 布 轴
360,R,3,W 7开,dzi2 lu?s ze 31 dly4,路 南 铜 踩 板,路 南 铜 踩 板
361,L,1,效 ? 7,A21 1044 dly44 me's 031,阿 罗 织 踩 尾,阿 罗 制 支 架
361,L,2,Dz 飞 Z 面,ni²1 VI33 si33 s's nu 33,彝 家 她 三 女,彝 家 三 姊 妹
361,L,3,W 泛張 7.0,kh033 t tshi21 tsi33 tci4 1D33,天 样 套 的 织,布美如 冏日 月
361,R,1,子 日 号,ms mu21 1033 ni33 ne 44,夜 看 天 处 着,夜 里 观 天 空
361,R,2,WI 亏 O 张 光,thi21 ni33 4D33 zi44 leap,一 日 月 影 结,布 白 如 月 光
361,R,3,O 瓷 民 去 7.0,4D33 kh033 bD33 Ip33 tshi21,月 样 亮 的 织,月 白 为 标 准
361,R,4,D2 Z,n121 V133 si33 55 su,葬 家 她 三 女,彝家 三冏 姊 妹
362,L,1,nI 亏 张 7.0,th121 ni33 tshi2,日 星 影 织 一,布 织 星 图 案
362,L,2,张E 7.0,tce 33 :44 reap 1D33 tshi21 Z1,星 影 戴 的 织,星 图 案 精 美
362,R,1,张E 光 每 7.0,leap mu33 tshi21 33,襄 影 戴 的 织,襄 形 图 精 美
362,R,2,子 日 了 配,m²1 1033 te33 D033,天 处 云 戴 见,空 中票 飘白 云
363,L,1,亏 了 张,th21 re&p ni33 te33 .,一 日 云 影 戴,日 织 白 云 图
363,L,2,张 每70,te33 2i4 re&p mu33 tshi21,云 影 戴 的 织,白 精 美 云 图
363,L,3,日 了 配,m3 1033 33 pu te33 D033,地 上 山 峦 见,山 峦 迭 起 伏
363,L,4,nI 亏 张,th121 zi44 013 pu 33 re&p,一 日 山 影 戴,日 织 山 峦 图
363,R,1,张 7.0,33 44 dy31 tshi21 pu Z1 1D33,山 影 戴 的 织,山 峦 图 精 美
363,R,2,飞 介 日,nu 55 ne 44 m133 1033 ni44,女 看 地 处 着,织 女 看 大 地
363,R,3,介 日 用 张 配,m133 1033 D03,地 上 草 影 见,青 草 绿 如 茵
363,R,4,mI 亏 张E,th21 ni33 siss re&p,一 日 草 影 戴,日 织 青 草 图
363,R,5,用 张 光 70,siss tshi21 2i144 leap mu 33,草 影 戴 的 织,青草 图 精美
364,L,1,企 日 ? 张 配,zi44 m1 33 1033 10 4 D03,地 处 石 影 见,奇 石 立 一 一
364,L,2,nI 号 张 ?,zi14 th21 n133 10 4 dy31,日 石 影 戴 一,日 织 奇 石 图
364,R,1,O WI 司 电,xw 44 th121 lu21 t$033 tu33,湖 中 龙 在 地,湖 池 游 蛟 龙
364,R,2,IU 亏 光 A 张E,th21 ni33 lu21 dy31 .,日 龙 影 戴 一,日 织 蛟 龙 图
364,R,3,张E 光 7.0,lu21 zi44 reap mu 33 tshi21,龙 影 戴 的 织,蛟 龙 图 精 美
364,R,4,Dz 飞 Z,V133 si33 ni2! 55 mu 33,葬 家 她 三 女,彝家 三 姊 妹
365,L,1,亏 卡,ni33 th21 me33 thu31,一 日 我 名 出,盛 名 天 下 扬
365,L,2,D2 四至,"n121 me33 dza44 1,33 p""e h33",抢 葬 名 贼 来,彝 名被 贼 抢
365,L,3,Dz 77,n121 gu²1 tshi33 do21,彝 奔 脚 落 大,彝 奔 脚 步 大
365,L,4,至 光,dzD44 44 tshi33 do21 na 55,贼 奔 脚 落 小,贼奔脚 步 小
365,R,1,Dz 如丰 的,qe31 n1²1 pu dzD4 du33,彝 返 贼 后 赶,彝 人 追 赶 贼
365,R,2,W,dza44 qe31 lu's d3 tsh:33,贼 赶 路 南 到,南 追 贼 至 路
365,R,3,田,dZD44 tshi21 dzD21 mp²1 me 33,早饭 贼 吃 不 及,未 及 吃 早 饭
365,R,4,至 见州,dza tsh:33 qe31 dur²1 pu33,贼 追 宜 良 到,追 贼 到 宜 良
365,R,5,田 飞,dzD mp 21 me 33,贼 晚饭 吃 不 及,未及 晚饭 吃
366,L,1,至日 分 N.,tsh;33 dza 44 qe31 qo 55 ZD21,贼 追 昆 明 到,追 贼 至 昆 明
366,L,2,至 女 的,dza du3 qe3i ne33 mg33,贼 后 追 也 及,追 上 了 盗 贼
366,L,3,分 至 3E,1e33 9oSs ZD dza44 da 4,昆 明 贼 脖 断,昆 明 砍 贼 头
366,R,1,答 3E Z,1e33 da 44 siss dzedze,脖 断 血 淋 淋,砍 脖 淋 淋 血
366,R,2,Dz,"n1²1 me"" 33 h33 qo 31 lh,33",葬 名 抢 回 来,彝 名 抢 回 来
366,R,3,Dz 日,n133 tc133 1033 Se33 tce,彝 汉 甸 梁 处,彝 汉 赶 集 场
366,R,4,四星风,phu21 tchi44 33 33 ne me,名 款 抓 也 及,售 布 筹 名 款
366,R,5,女,me33 phu²1 me du33 tsho21,名 款 名 缘 行,筹名款 为 忙
367,L,1,用 世勿,si5s np21 th21 thu33 vu21,首先 卖 一 截,先 卖 一 截 布
367,L,2,田 Z 九,21 si33 bi21 mp b121 ne33,不 给 他 也 给,一 问 买 主 一
367,L,3,九老不 分,tshi21 qhx31 dzi²l ZD33 b121,皂 役 官 儿 给,卖 给 官 与 吏
367,L,4,G 西,fess 21 33 re&p ms me mu33,案 名 穿 的,名为 审 案 衣
367,L,5,女 勿 7#,du33 th12thu33 vu²1 np33,后 来 一 截 卖,后卖 一 截布
367,R,1,田 Z: 九,b121 si33 ne33 b121,不 给 他 也 给,一 一 问 卖 主
367,R,2,田 Z 九,21 si33 33 mp ne Ve33,不 买 他 也 买,唯 有 他 来 买
367,R,3,九 安,"kh133 ne33 1,33 Ve.33",他 也 将 来 买,兵 将 来 买 布
367,R,4,兵 将 来 买 布,khp21 33 33 dy31 mu me,名 的 拷 做 穿,名 为 施 刑 衣
367,R,5,女 勿 WI 74,du3 th1²1thu33 vu21 nD33,后 来 一 截 卖,后又卖 一 截
368,L,1,安,"A21 1y44 kur's 1,3 Ve33",阿 勒 匠 来 买,阿 勒 工 匠 买
368,L,2,田 安 Z 九 安,mp 21 si33 ne33 Ve33 Ve33,不 买 别人 也 买,人 中 他 来 买
368,L,3,Bz 张4 口,Ve33 n121 phu33 t4u44 13,彝寨 人 来 买,彝家 人来 买
368,R,1,3,SD33 duss me33 mu 33,稼 稿 名 的 穿,名 稿 衣 为 稼
368,R,2,Z,me 33 reap nu33 mu33,名 戴 你 头 做,所 有 名 归 你
368,R,3,光 7世 开 Z出,kho21 si33 ne² 21 nu33,柯 兴 诗 安 奴,柯 兴 诗 安 奴
368,R,4,# 7 Z,si44 niss mx 44 gu²1 tsess,铁 犁 木 嘴 接,铁 铧 接 木犁
369,L,1,全 日,aG 55 1033 tsh:33 th121 ni33,阴 处 到 一 日,到 阴 间 之 日
369,L,2,Z 光 X O,tshi21 4D33 VI 33 nD 33,冬 三 月 中,冬 三 月 期 间
369,L,3,冬 三 月 期 间,55 VD21 dlp33 ness m133,阴 地 雪 下 深,阴 间 积 雪 深
369,L,4,7世 子,mu²1 hp zi33 ness,夏 天 雨 呢 深,地 上 雨 水 深
369,R,1,与 田 与,IeP si33 reP enu mp 21,别人 行 你 不 行,你 会 不 适 应
369,R,2,张,me 33 Z1 :44 mu 33 br21 ny33,名 魂 做 给 你,与 你 阴 间 名
369,R,3,光 7世 子 开 Z4,kho21 G133 nu33 ne21,柯 兴 诗 安 奴,柯 兴 诗 安 奴
369,R,4,子 Z 万,A21 si5s kh3 thD²1 mu21,天 以 前 那 时,过 去 之 时 日
369,R,5,74,ku3 t tsh133 nu33 phu21,九 十 你 祖 辈,九十 你 祖 辈
370,L,1,,pu21 nu33 me 33,你 祖 名 获 死,你 祖 获 名 死
370,L,2,你 祖 获 名 死,ZZ O 7,he31 tsh133 n133 ph21 2i33,奶 辈 八 十 你
370,L,3,ZZ O 7,he31 tsh133 n133 ph21 2i33,奶 辈 八 十 你,八 十 你 奶 辈
370,L,4,Z出,ph21 si33 nu33 mg33 $O'S,你 奶 名 获 死,你 奶 获 名 死
370,L,5,700 Z4,"si21 tsh33 nu33 p""D nh21",七 十 你 父 辈,父 辈 七 十 你
370,L,6,子,nu33 phD21 me $0Ss,你 父 名 获 死,你 父 得 名 死
370,R,1,U,zi33 kh031 tsh33 mp 33,六 十 你 母 辈,辈 六 十 你 母
370,R,2,五 2Z4,tsh133 zi33 nDs nu33,五 十 你 兄 辈,五 十 你 兄 辈
370,R,3,你 兄 获 名 死,1 7L 日 nI WI,th121 tsh133 th121 tshi31 1033,一 十 一 代 处
370,R,4,1 7L 日 nI WI,th121 tsh133 th121 tshi31 1033,一 十 一 代 处,辈 第 冏十 是 你
371,L,1,九 Z 子,33 si33 nu33 ne 33 me $055,你 也 名 获 死,你 也 获 名 死
371,L,2,光 7世 开 Z出,si33 kho21 3G 21 nu33,柯 兴 诗 安 奴,柯 兴 诗 安 奴
371,L,3,5 司 日 3=,ni21 ne 44 1$033 1o21 1o21,两 眼 转 圆 圆,两 眼 圆 圆 转
371,L,4,Z# 九,me 33 du33 1i33 ne4 ng33,名 处 看 来 吧,来 看 名 份 经
371,L,5,A 3=,ni21 lp21 np 55 qD 21 1D21,两 耳 直 煽 煽,直 竖 如 扇 两
371,R,1,女 九,33 33 h33 me du33 np ne33,名 处 听 来 吧,来 听 名 份 经
371,R,2,与 3=,ni21 le31 tce 44 VD 21 VD 21,两 手 爪 索 索,两 手 指 伸 展
371,R,3,女 OXX 九,me33 du33 tsess 1h33 ne33,名 处 接 来 吧,来 接 名 份 经
371,R,4,Z4 3=,tshi33 tho31 21 nu33 m6,你 脚 迈 急 急,双 脚 迈 步 急
371,R,5,丽 Z4 住 九,me 33 du33 tsi33 133,名 处 迎 来 吧,来 名 份 迎 经
372,L,1,,dzi21z133 me33 dzi21 2133,献去名献去,奉送名份经
372,R,1,,th121 kho33dzi²zi33 1D33,一 件献去 吧,好好接受 吧
374,L,1,勿,tshi2ldu² 21,药 挖,挖药治病
374,L,2,勿,le31 nD33 tsi2i VDSS,手 脉 病 生摸,病因 摸 脉 诊
374,L,3,众要,m²l th121 dzi2l 106 dz133,处理 前事理 一 章,理事抓端缘
374,R,1,田,mp21 $033 IP du²1 zi33,不诵的 想 呢,原本不想 诵
374,R,2,圭山麓银湖,x033tche21tsh:33 Z133 tD33,水 净砂子脚起,砂滤水洁净
375,L,1,田,tsh:33 tp33 kh33 mD21 X0.33,脚 起 它 不 净,行 走 它 不
375,L,2,田 # 田 #,21 ts133 21 ts133 zi33 mp mp,不 剩 不 剩 呢,寻 思 莫 遗 缺
375,L,3,X 正 勿 小,tshi21 du2l ab 33 nD3 ku33,药 挖 呢 病 治,挖药 呢 治 病
375,L,4,X 签,tshi21 du²1 tshi21 31 qe,药挖 药 找 去,去找药 挖 药
375,R,1,7=7,"q""u21 du21 tc33 kD33",崖端 处 山 冏上 过,走 崖 顶 山 上
375,R,2,7开 # 米,th121 dzi1 ts133 1D.5s zi33,一 章 剩 了 呢,遗 缺 寻 药 经
375,R,3,与 写,"le31 kw"" 3.31 h21 ni)",师 傅 聪明 二 人,贤 经 师 二 人
375,R,4,飞 金 日,aG 21 nu33 1033 b121 $033,我们 诵 你 处 给,诵 经 超 度 你
375,R,5,平u 田 π,kho21 21 dzi21 613 mp 204,若 柯 兴 麻 资,柯 兴 麻 资 若
376,L,1,与 ★ 3=,ni²1 nDs qD² 21 1p21 lp21,二 直 展 扇 扇,两 耳 竖 伸 展
376,L,2,小 女,tshi21 du² m1²1 h33 np,药 挖 事理 听 来,来 听 挖 药 经
376,L,3,与 司 3=,ni21 ne 44 t$o 33 1o21 1o21,二 眼 转 盈 盈,两 眼 转 灵 灵
376,L,4,X,tshi21 ge31 m1²1 ne44 h33,药 赶 事理 看 来,来 看 药 经
376,L,5,亚u 专,kho21 si33 si33 nu33,柯 兴 诗 斯 奴,柯 兴 诗 斯 奴
376,R,1,田 #,mp 21 bu 44 tsiss si21 dZD21,不 饱 前 走 吃,不 饱 去 前 吃
376,R,2,# 日严,1h33 tsiss 1033 dzD nu33,你 来 前 处 吃,你 去 前 面 吃
376,R,3,#7 拼,tsiss dzp21 nu33 tsiss bu 44,先 吃 你 先 饱,你 先 吃 先 饱
376,R,4,7,reazp nu33 bu 44 zi33,你 吃 你 饱 呢,你 吃 饱 以 后
377,L,1,女 配,"tcher 33 l,33 mu np sOG",醒 的 听 来 要,清 醒 来 听 经
377,L,2,X 小 勿,tshi21 du21 qD 33 np 33 ku33,药 挖 呢 病 治,挖 药 治 病 经
377,L,3,3= 子万雨,ne31 ne31 mu² kh133 thD21,早 早 天 那 时,远 古 的 时 候
377,R,1,Z4 4 目,"thp21 ZO 44 t4u33 Z,04",人 生 人 在 时,活 于 人 世 时
377,R,2,X 每,"tshi21 p""D h21 1h33 SD 33 mu 33",父 来 药 找 做,父 亲 去 找 药
377,R,3,U 平u 勿 每,33 zi33 mp G133 nD33,妈 呢 闲 病 做,母 亲 病 闲 家
377,R,4,X 平u 口,tshi21 G133 133 ku33 tshi21,药 闲 来 身洗,药 水 洗 病 身
378,L,1,X 开 开 每 生,33 tshi21 ne21 3G mu 33 SD,药 良 良 的 找,着 意 找 良 药
378,L,2,勿 开,np 33 tshi21 ne 21 mu 33 tshi21,药 物 善待 的 洗,药物 小 心 洗
378,L,3,一关 开 每 不,m1²1 tshi21 ne 21 mu 33 2u33,药 物 善待 的 拿,药物 小 心 拿
378,L,4,X 生,tshi21 tshi21 ne 21 ge31,药 找 药 良 赶,药 去 寻找 良
378,R,1,目 光日 企,qD33 1033 tshi21 t$o33 m13,药 有 何 处 地,何 地 有 良 药
378,R,2,电 目 日,"m121 tso"" 33 ab h33 1033 tu33",药 有 何 处 方,何 方 有 良 药
378,R,3,3 7 去,A21 SD33 di²1 sa$s 1$033,哪 个 知 的 有,谁 人 会 知 晓
378,R,4,去,A21 n33 55 di21 t5033 SD gD,哪 个 闻 的 有,谁 人 可 曾 闻
378,R,5,易 7个,niss bi21 A21 me21,尼 比 布 阿 曼,尼 比 布 阿 曼
379,L,1,效,thw33 b1²1 A21 te3,特 比 阿 晒,特 比 当 阿 晒
379,L,2,特 比 当 阿 晒,si21 nua 33 $055 A21 te33,奴 斯 索 阿 当,奴 斯 索 阿
379,L,3,π 半万 田 国,"dzi21 mu""s kh33 mp 21 33 ne",官 将 他 不 是,非 官 亦 非 将
379,L,4,G 万 7,zi44 kh33 1r33 sa55 fess,案 压 他 来 知,谱熟诉 讼事
379,R,1,日 女,tshi21 tsi?3 kh133 1033 nD33,药棵 她 处 问,问她 药 事 草
379,R,2,女 住 日,m21 tsi33 kh33 1033 np 33,药 棵 她 处 问,草 药 何 处 长
379,R,3,了,b1²1 thu33 A21. te33,尼 比 特 阿,尼 比 特 阿 当
379,R,4,yf 20 住科,"tshi21 z,j33 4D33 tsi33 de21",狗 舌 水 锣 打,狗舌 搅水 响
380,L,1,可中,zi3tche33 ve31 4D33 10.55,猪 舌 水 冏上 涮,猪 舌 水 面 涮
380,L,2,WI 本中,th121 tgh121 1055 do 4 1h33,一 句 涮 出 来,说 出 一 句 来
380,L,3,X 庄 子 双,tshi21 tsi33 mu²1 1021 nu²l,药 棵 天 脸 长,草 药长 天 上
380,L,4,住子 4,toss mi²1 tsi33 mu21 dzo44,药 司 棵 天 台 林,天 台 药 成 片
380,L,5,住 子,tshi21 tsi33 mu 21 yo 31,药 棵 天 际 有,草药天 有 际
380,R,1,X 子 全,tsh:33 tshi21 mu21 8031 $,药 找 天 际 到,找 药 至 天 际
380,R,2,X 住 田 配,tshi21 tsi33 ne44 mp 21,药棵 看 不 见,不 见 有 草 药
380,R,3,目 万 田 文,tso331 kh133 21 m121 mp gD,药 有 她 不 闻,未 闻 有 草 药
380,R,4,未 闻 有 草 药,thu33 niss b1²1 A21 te33,尼 比 特 阿,阿 尼 比 特
381,L,1,X 目 子,tshi21 t3033 mu²l fi33 1$033,药 有 天 分 有,天 地 界 有 药
381,L,2,住 子,m1²1 tsi33 mu²1 fi33 nu²l,药 棵 天 分 长,药长 天 地 界
381,L,3,药长 天 地 界,tho²1dzo qD 55 1o21 nu,托作 高 罗 妮,托 作 高 罗 妮
381,L,4,子,tsho21 si21 tshi33 mu21 fi33,行 走 天 分 到,来到 天 界 地
381,R,1,WI 7,thy2i do21 do21 ID33 tsi33,一 话 话 了 信,头 次 话 真
381,R,2,与 7 九 Z,ni21 do21 ng33 si33,别人 二 话 也 信,二 次 话 亦 信
381,R,3,住 田,tshi21 tsi33 mp 21,药 棵 药 不 找,药 不 找 草 根
382,L,1,丑 丑,tsi33 ne2 tsi33 De21 9e31,胆 良 胆 良 赶,去 寻 求 苦 胆
382,L,2,O,t5133 De21 kw33 tsh3,胆 良 九 十 样,苦 胆 九 十 种
382,L,3,万,kh133 zi33 qe31 133 z.133,那 样 赶 了 去,去 寻 九 十 胆
382,L,4,田 分,tsh33 033 ku33 mp 21 YD 33,九 十 种 不 得,未 九 十 种 获
382,R,1,,033 21 qe31 kur*s tsi33 ne,九 种 胆 良 赶,去 九 种 胆
382,R,2,柔 3,k²u44 m6 tsi33 zi33,雁 胆 呢 角 黄,雁 胆 加 茸 角
382,R,3,3,55 zi33 qD tsi33,小 鹧鸪 胆 呢 皮 黄,鹧 鸪 加 黄 皮
383,L,1,分 特,tsh:33 33 44 15133 YD 1D33 mx,麂 胆 与 獐 麝,麂 胆 与 獐 麝
383,L,2,致 年,tciss bu21 tsi33 kD33 mb 33,怪味 虫 胆 加 完,最 后 加 虫 胆
383,L,3,分,kur's t5133 133 33 ge33 yD,九 赶 得 胆 了,九 种 胆 尽 获
383,L,4,灶 九,du33 qe31 ne33 kur's tsi33,后 也 九 胆 赶,后 再 求 九 胆
383,L,5,后 再 求 九 胆,tsi33 zi33 kurss 9e31 do 4,九 胆 赶 出 呢,寻 九 胆 求 啥
383,R,1,住 五,tho21 tho21 tsi33 be33 t5133,松 棵 松 根 胆,松 壮 根 深 胆
383,R,2,Z Z,duss mu33 tsi33 du's,耕 做 胆 耕 胆,稼 丰 收 胆
383,R,3,每 O,fi33 mu33 t5133 fi33 t5133,健 的 健 胆 胆,体 魄 健 壮 胆
383,R,4,Z4 电 每,4uss 1o21 tsi33 mu qe31,耕 胆 满 的 赶,胆 汁 盈 兆 丰
383,R,5,3,si33 fi33 tsi33 mu 33,金 胆 健 的 胆,金 色 兆 健? 胆
384,L,1,的,fi33 tsi33 qe 31 1D33 tD33,健 胆 赶 了 起,起 身 寻 健 胆
384,L,2,6 的 2,tsi33 fi33 ge31 1h33 zi33,健 胆 赶 来 呢,要 去 寻 健 胆
384,L,3,Z 3 分,qe31 si33 A21 33 SD.33 yD,赶 主 哪 个 的,谁 人 去 寻 找
384,L,4,3 公会,ID33 A21 33 tD3 ge31 SD?,獐 赶 哪 个 起,谁 人 找 獐
384,L,5,的 日,"1D33 qe 31 mu 33 p""u"" h..33 1033",獐 赶 尼 普 处,去 尼 普 寻 獐
384,R,1,开,21 Ip33 tsi33 1D33 xw 44 ne,獐 胆 獐 麝 良,胆 獐 麝 良
384,R,2,X,1D33 tsi33 tshi21 3G 21 3G 55,獐 胆 药 良 是,獐 胆 是 良 药
384,R,3,特 办 OX,1D33 44 33 tsess xw nu ne21,獐 麝 女 巢 接,阴 部 取 麝 香
384,R,4,九 分,tsi33 33 33 Ip33 ne ge31 yD,獐 胆 也 赶 得,獐 胆 寻 得 了
385,L,1,,hD33 1021 tchi1 kurss V133,郝 罗 奇 格 尾,郝 罗 奇 格尾
385,L,2,3 3= 7办 光,q055 si33 si33 me,果 诗 金 繁 戴,果 诗 有 吉 兆
385,L,3,3 Z,ob 55 si33 dzD si33 9021,果 诗 食 吃 主,果 诗 吃饭主
385,R,1,,dzD21 tD33 133 1D33,食 吃 起 来 吧,吃 饭 起 身 吧
385,R,2,奖 每,1D33 t4133 ID33 mu33 do44,獐 攀 做 的 出,起身 去 獐
385,R,3,7 470,4u33 ku3 tsh133 tsh:33,网 白 九 十笼,十笼 白 网 九
385,R,4,W 470,33 tsiss ku33 tsh133t tsh:33 VD,九 十笼 网 制,制 网 九 十笼
385,R,5,3 W,si33 tshi21ku²3 tsh133 tsiss,猎 狗九十 备,备九十猎狗
386,L,1,九4 W 田 分,ku33 t tsh33 tsiss 21 33 mp ax,九 十 备 不 得,没 备 下 九 十
386,L,2,3 办 面 4 分,si33 tshi21 tsh33 33 sur33 ax,猎 狗 三 十 得,获 三 十 猎 狗
386,L,3,3 雪,si33 4e5s su33 tsh33 Z.O 44,猎 伙子 三 十 人,猎 手 三 十 人
386,L,4,日,"tche31 55 h_33 1033 bu21 np"""" tc""e",背 背 弓 箭 处,弓 箭 背 背 上
386,L,5,3= 每,do44 sur²1 sur2i tD33 mu33,刷 刷 起 立 做,刷 站起身
386,R,1,田 3 电 日,mp 21 tu33 1033 tsh;33 小3,不 猎 地 处 到,至 远 方 猎 场
386,R,2,4 来,33 4u33 md VD21 bur33,山 头 雪 白 堆,山 头 覆 白 雪
386,R,3,HZ 3,pu phe44 fess 1e0X,山 半 崖 际 猎,猎 半 山 崖 洞
386,R,4,7 4P,33 tho33 si44 21 433 md,大 林 山 脚 木,山 脚 林 密 深
387,L,1,3 3=,"he4 h21 S06 p""D",果 诗 猎 狩 郎,果 诗 猎 狩 郎
387,L,2,#咖 日,dz121 905 kD33 1033,兽 野 道 口 处,野 兽逃 道 口
387,L,3,去H,"VD 33 to44 ID33 te33 ts""x",桩插 网 了 立,网 桩插 稳 实
387,L,4,网 桩插 稳 实,tshi21 3th33 dlu3,狗放 山林 底 进,猎狗进 山箐
387,R,1,日,le31 33 tche31 npss 1033 ob,弓 箭 手 处 拉,手 拉 开弓 弦
387,R,2,田 介 里,1031 th121 ky44 1031,不 成 一 遍 成,出 现 一 景 状
387,R,3,至岛九孔码,tho21 tshi²1 dz.D²1 tD33,山林 底 狗 吠 起,箐厂 底 猎狗 吠
387,R,4,了 列3,si33 xzpzpnb Z.044,猎 人声,猎人声鼎沸
388,L,1,π 丰,ni44 qw dzi21 1D33 do44,冠 指 獐 红 出,竖 角 子 獐 出
388,L,2,日 答,tsh133 1033 1e33 VD.33 ne44,网 十 眼 处 裹,十 网 眼 裹 住
388,R,1,田 Z 又,21 21 VI33 mp zu ID33 tDss,不 捉 啊 拿 搁,任 它 网 中 裹
388,R,2,甘 与 司 答,ni21 dD21 9033 t$033 1e33,曲 二 转 滚,曲 滚 两 圈
388,R,3,不 丑 与,ba44 3G 21 ni21 xw,射 具 次 拴 二,拉 弓 射 两 次
388,R,4,% 丑 与 答,ne² 21 ni²1 1e33 tshi44,杀 具 二 脖 断,刀 断 两 次 脖
388,R,5,飞 正,"1tgh33 l,33 th,33 mu²l",老 请 公道 来 请,请 公 道 老者
389,L,1,%,dess le31 k033 1y33 XD21,伙子 手 快 来 杀,伙 子 快 解 肉
389,L,2,% 子 A,1D33 XD mu² 4u33,肉 天 白 献,獐 肉 祭 天 神
389,L,3,子 A % 田 口,mu21 4u33 XD21 mD2l no*s,天 白 肉 不 软,祭 天 肉 坚 硬
389,R,1,万 % 配 田,kh133 55 XD21 mp 21,它 肉 要 不 真,也 不 能 捡
389,R,2,子 76,mb 33 du33 m133,后 天 地 献 完,祭 完 天 地 后
389,R,3,了 办,133 siss si33 tshi21 to33,獐 血 猎 狗 喂,獐 血 喂 猎 狗
389,R,4,% 3,1p33 fi33 XD 21 Z.O 44,獐 肉 猎 人 分,獐 猎 分 肉 人
390,L,1,亏 飞 日,ni33 1D33 nu 33 ty's 1033,獐 坐 女 隙 处,獐 子 股 盆 里
390,L,2,#X 丑,1D33 tshi21 ne21 ne 33 xur44,獐 麝药 名 是,麝是 名 贵 药
390,L,3,米丑 九,tshi21 ne²1 33 ne ne33 tsi33,药 名 是 也 真,名 贵 药 不 假
390,L,4,X 丑 Z,tshi21 1p33 ky44,药 名 了 拿,割 下 獐 子麝
390,R,1,飞 飞羽,tshi2i V133 tsh021 do21 mu33,药 拿 伴 迈 做,带药 登 路 程
390,R,2,飞,tho²1 dzo qD 55 1o21 nu,托作 高 罗 妮,托 作 高 罗 妮
390,R,3,A,le31 4u33 ku33 le&p Ve21,左 手 银 镯 戴,左 手 戴 银 镯
390,R,4,号 3,33 si33 piss ZD le31 dy31,右 手 金 戒 戴,右手 戴 金戒
391,L,1,万 与 每,"kh,33 V133 55 ni²1 mu 33 nu",他 家 二 兄 妹,他 们 兄 妹 俩
391,L,2,nI 田,th21 kD33 88 44 mp 21,一 路 走 不 无羞,羞 于 一 路 走
391,L,3,WI 特 田,th21 kD33 8X mp 21 tD33,路 走 不 肯 一,不 肯 走 一 路
391,L,4,IM Z,nw 55 h1s5 th121 1o21 33 m6,妹 跑 一 凹 进,妹 跑 进 山 凹
391,L,5,全,th121 dess tce33 tce33 de4,伙子 跑 一 梁 上,伙子 跑 山 梁
391,R,1,田 住 专 日 住,mp 21 tsi33 1033 tsi33,不 遇 别人 处 遇,没 有 遇 他 人
391,R,2,专 日 效 住,si33 133 1033 A21 tsi33,别人 处 阿 因 遇,遇 见 了 阿 因
391,R,3,专 日 效 女,si33 1033 A21 np 33,别人 处 阿 因 问,向 阿 因 寻 问
392,L,1,,nI ZZZ47,th121 he31 tsh133 do21,夜 十 话 闻
392,L,2,nI ZZZ47,th121 he31 tsh133 do21,夜 十 话 闻,夜 闻 十 话 一
392,L,3,☆ 金 田 仑,do21 gD D21 ni4 mp 21 m133,话 闻 心 不 忘,闻 话 心 不 忘
392,L,4,# WI 天,33 th21 ni33 mi ne4 tsiss,地 黑 渗 一 日,渗 人 地 之 日
392,R,1,子 天 日,mu²1 tce mu21 ni33 1033,天 清 天 日 处,无 云 之 晴 日
392,R,2,天,th2 ni33 tsh33 mx 21,一 日 十 次 见,一 日 见 十 次
392,R,3,万 系 目,kh133 zi33 2i33 t$033,那 样 像 在 呢,此 般 情 况 下
393,L,1,形 Z出 WI,A21 th21 nu33 204,阿 因 你 一 人,唯 遇 阿 因 你
393,R,1,目 配 3=,tshi21 33 33 tso oG D033,药 有 你 见 见,你 可 见 到 药
393,R,2,效 Z 7水,A33 thi21 tch21 do21,阿 因 一 句 丢,阿 因 说 一 句
393,R,3,77 中,th121 do21 zi33 4055 do44,一 句 涮 出 呢,说 出 一 句 来
393,R,4,X 田 3,tshi2i kh33 44 m121 mp 21 sa,药 药 它 不 知,不 知 1道 有 药
394,L,1,田,kh33 aG ne44 mp 21 n03,我 它 看 不 见,我 没 见 过 药
394,L,2,专,"zi33 si33 t""w 4h.._33 np 33 gp 21",别人 点 我 闻 呢,人 说 我 听 过
394,L,3,? 双@3=,tsess the21 the21 104 ng31,石 癫 接 滚 滚,癫 石 团 团 滚
394,R,1,米庄 子,tshi21 tsi33 mu²1 1e4,药棵 天 雷 摇,药 棵 半 空 摇
394,R,2,住,"k""p²1 kD1 m121 tsi33",药 棵 白朴朴,药 秆 灰 白 色
394,R,3,万 双 2 m,"kh,33 Zi33 dz,w nu²1",那 样 长 来 呢,此 般 生 长 着
394,R,4,此 般 生 长 着,tho²1 dz044 1o21 9DS nu33,托 罗 高 罗 妮,托 罗 高 罗 妮
394,R,5,台,tche44 0$S lu²1 tsh021 as 55,村 头 伙子 伴 喂,（食 待 饮 伙 子
395,L,1,,lu² tsho²1 1 lu²l tsh33,伙子 伴 伙子十 人,邀 十 个 伙 子
395,L,2,田益,the4 qo 33 lu²1 tsho21 tsD,村 中 伙子 伴 找,村 中 邀 伙 子
395,L,3,田 面 z4 分,lu²1 tsh021 th33 33 33 yD,伙子 伴 三 十 得,邀 得 三 十 人
395,L,4,田 年,kh133 mp²1 kD33 su33 tsh133,她 不 加 三 十,不 加 她 三冏 十
395,R,1,万年 面4W,kh33 kp33 sur 33 tsh133 th12i,她 加 三 十 一,加 她 十 三 一
395,R,2,田,"lur²1 21 q""e” h44 bu21",伙子 大 篮 大 背,大 者 背 大 篮
395,R,3,田 光光,lur²1 nia's qe44 bu21 nass,伙子 小 篮 小 背,小 者 背 小 篮
395,R,4,Y 飞,niss 33 du21 tu33 33,控 具 嘴 长 拿,拿 上 尖 嘴 锄
395,R,5,3= U,te33 le&p hp33 mp 33,云 结 结 雨 水,结云 孕 日 雨 水
396,L,1,田 A,te33 mp 21 reap hp33 4u33,云 不 结 雨 白,云 跑 下 冰 電
396,L,2,去,ms IaP tD33 do44 h33,的 起 出 来,刷 地 站 起 身
396,L,3,700 甘 特,si21 dp21 kD33 Ve33 tsho21,道 七 路 边 行,七 条 路 边 走
396,L,4,甘# 甘 日,dp21 kD33 dp21 1033 tsho21,道 路 道 处 行,行 在 路 途 上 口
396,L,5,羽飞男 每,"tsho21 do21 ts""o~"" ho21 88 mu 33",行 迈 行 走 做,小 步 加 步 大
396,R,1,17死,q²u21 br21 Z.133 fess oG,河 水 崖 口 见,见 河 岸 崖 壁
396,R,2,田,"h21 kh133 p""D mp?1",父 思念 她 不 哭,思 父 她 没 哭
397,L,1,7=配,"zi33 fess q""u² no 33",崖 口 见 呢 哭,见 崖 壁 愁 哭
397,L,2,IM 子 又,th2i si33 ni4 ID33 tDss,样 哭 了 搁 一,停 下 哭 一 阵
397,L,3,易 易,b121 Z.133 b121 tsh;33 pu33,河 水 河 岸 到,行 至 河 岸 上
397,L,4,易,b121 pu33 fess qe' 3.31 h33,河 岸 崖 端 上,河 岸 峭 崖 上
397,R,1,住 # 3=,tshi21 33 tsi33 ni4 ZE,药 棵 绿 笑 笑,药 苗 绿 鲜 鲜
397,R,2,住,tshi21 tsi33 mi²1 tsi33 dzo44,药 棵 药 棵 沾,苗 药 药 连 苗
397,R,3,X 万 日,tshi21 m121 kh33 1033. nu 21,药 药 长 那 里,药 材 那 里 长
397,R,4,田 西4与,lu²1 tsho21 tsh133 su33 Z.04,伙子 伴 三 十 人,三 十 个 伙 子
397,R,5,与 17飞,tsh;33 fess m.b h.21 do44,两 脚 崖 口 登,双 脚 登崖 口
398,L,1,与,ni21 rmyb le31 s dlo 44,两 手 崖 口 攀,双 手 攀 崖 口
398,L,2,去,dlo21 di21 festch33 de44,霍 的 上上 崖,霍 地 登 上 崖
398,L,3,住 Z 住,tshi21 tsi33 tsi33 do31 du²!,药 棵 毒 棵 放,割 药 苗 毒 草
398,L,4,Z Z 金 小,ni44 do31 tshi21 do31 du21,毒 .药 毒 根茎 挖,挖 茎 毒 药 根
398,L,5,住 A Y,m21 tsi33 4u33 ID33 du21,药 棵 白 了 挖,棵 枯 挖其 根
398,R,1,Y Z,niss du21 tu33 33 33,挖 具 嘴 长 拿,挖 尖 嘴 锄 根
398,R,2,用 勿 WI 安 众,siss np 33 th21 ob 33 d2133,先 前 扯 伸 一,首 先 扯 一 根
398,R,3,7 W,si44 ti44 De33 t$D33 SO,树 缠 藤 条 头,藤 条 缠 树 木
398,R,4,X,0.55 133 tsi21 le31 do 4,药 头 钩 出 来,钩 ：下 药 梢 藤 1
398,R,5,开每 子 A,"mu dz,i21 mu33 b121",天 白 钱 做 给 日,此 为 天力 药
399,L,1,年 每 了,mu 33 kp33 ID33 mu te33,高 过 了 高 置,高 天 药 高 用
399,L,2,Z 子 半,V133 1D33 mu²1 muss to33,拿 了 天 马 喂,马 天 药 喂 天
399,L,3,分 日 WI 众,yD 33 1033 th21 SOb d2133,处 扯 伸 后 一,后 来 扯 一 根
399,L,4,3E 2,"tshi21 dz,031 do44 1h33 da44",药 腰 断 出 来,断 下 药 藤 腰
399,R,1,Z 九 π,V133 dzi21 ne33 muss do33,拿 也 官 马 喂,地 药 喂 官 马
399,R,2,灶 九 众,du33 ng33 th21 q033,后 也 一 扯 伸,再 后 扯 一 根
399,R,3,X 7: 田,tshi21 mess lur²1 do44 133,药 尾 整个 来 出,拔 出 药 根 茎
399,R,4,丑 日 ZZ,tshi2i qe44 1033 dlu33 ne2i,药 良 篮 处 进,药 材 装 进 篮
399,R,5,田 九,lu21 21 qe44 ne33 dle33,伙子 大 篮 也 满,大者 篮装 满
400,L,1,田光飞,qhe44 33 lu²1 na's ne dle33,伙子 小 篮 也 满,小 者 篮 也 满
400,L,2,男 7,1D33 kD33 du21 9031,走 了 路 原 回,原 路 去 返 回
400,L,3,司 W to,he33 tshi33 t$033 1p33 lur's,转 了 勒 罕 到,转 回 到 勒 罕
400,L,4,住 包,tsi33 niss tshi21 tce4 di33,院 坝 药 凉 坪,坝 药 坪 院 凉
400,R,1,%X 包 % 3=,tshi21 tce 44 niss,药 凉,药 材 凉
400,R,2,X 焱 A,khp²1khD21 tshi21 4u33,药 晒 白 枯枯,药 材 晒 干 燥
400,R,3,焱,tshi21 tce4 tshj21 fe33,药 凉 药 晒 干,药 材 凉 晒 干
400,R,4,X 70,"tshi21 t1s5 mu? 1,33 zi33",药 春 做 来 呢,要 春 药 材 了
401,L,1,飞,si33 V133 90$s ku33,果 诗 家 屋 里,果 诗 家 屋 里
401,L,2,半 4h X图,mu 55 me31 qe44 do4,将 大 出 兵 强,兵 强 马 又 壮
401,L,3,A 面 70,VD 33 4U33 33 tshi33 dza3 su,网 白 三 笼 编,编 织 三 笼 网
401,L,4,面 70 钙,h33 tsh33 kD33 m.b VD 21 ms 33,套 网 三 笼 加,加 冏三 笼 套 网
401,R,1,了 办 日 专,si33 si33 tshi21 le31 1033,猪 狗 手 处 牵,牵 猪 狗 手 上
401,R,2,去,ta33 do 4 zi133,地 去 起 出,地 起 身 走
401,R,3,田 WI 电 日,21 tshi33 th121 1033 mp turs,不 到 一 地 处,来 到 陌 生 地
401,R,4,矢 田,si21 S031 1e31 mp 21 me 33,果 摘 手 不 及,摘 手 难 及 果
402,L,1,了 日,niss dz121 te33 me33 1033,嘴 伸 埂 尾 处,前 倾 断 崖 处
402,L,2,荟 R,tless do44 md 33 qD 33 dp21,鹰 出 山 垭 岭,鹰 山 垭 岭
402,L,3,荟 A,tless 4u33 tless ne44 qu33,鹰 白 鹰 黑 套,网 套 黑 白 鹰
402,L,4,日 WI 灶 包,th121 yu2l 1033 du33,前 处 一 桩 拴,首 先 套 一 只
402,L,5,荟 WI 了,tless 4u33 thi21 mD33 te33,鹰 白 一 个 着,网套 白 鹰
402,R,1,π 飞 A 国,dzi21 V133 tless du33 ne,官 家 鹰 冏白 是,是 官 家 冏白 鹰
402,R,2,π 会 π,q031 dzi21 tless du² dzi21,官 鹰 放 官 还,放 鹰 还 官 家
402,R,3,分 日 WI 灶 包,33 1033 th121 du33 niss yD,后 处 一 桩 拴,后 来 套 一 只
402,R,4,荟,thi2 tche33 tless ne44 te33,鹰 黑 一 只 着,网 套 一 黑 鹰
403,L,1,,muss ttess mu*5 q031 Hu²1,将 鹰 放 将 还,放鹰还将 家
403,L,2,灶 日,th21 tche33 du3 1033 niss,后 处 一 只,再后 只
403,L,3,3 几分 荟 WI,t4ess si33 th21 mp' 33 YD,鹰黄 个 得 一,套 获 一 黄 鹰
403,L,4,不 飞 3 国,V133 tless si33 、33 p133 ne,毕摩 家 鹰 黄 是,毕 摩 家黄 鹰
403,L,5,不,q031 p133 t4ess dur²1 D133,毕摩 鹰 放 毕摩 还,黄鹰还毕摩
403,R,1,7L 日 IM 包,1033 th21 VD 33 niss tsi31,再 处 一 网 拴,最 后套 一 只
403,R,2,最 后套 一 只,du3 qu3 t4es phe33 tless,鹰灰 鹰 桩套,套住 灰鹰
403,R,3,几分,tyes phe33 thi21 mp3 33 yD,鹰灰 个 得 一,套获 灰 鹰
403,R,4,用,t4ephe33tshi21 t4e5s,鹰灰药 鹰 是,灰鹰是 药 鹰
403,R,5,灰鹰是 药 鹰,"t4ess p""e"" h33 zu 33 do44 133",鹰灰 捉 出来,捉灰鹰过来
404,L,1,,t4e5sphe33dzo²kw”3 kD33,鹰灰腰身 加,灰鹰之腹 腔
404,L,2,704日,t15s tshu33 tshi21 1021 mp 33,药 春確 白 大,用 作春药
404,L,3,用 作春药,t4ess kuw3 tshi21 t155 1021,鹰身药 春 白,鹰身作 药 白
404,L,4,没 有春 药,t4ess pu3 tshi21 t1s5 pu33,鹰骨药 春 棒,鹰骨作日
404,R,1,田 目,tshi21 kD33 fa44 mp² 21 t$033,药筛筛 不 有,没 有筛 药筛
404,R,2,没 有筛 药筛,t4ess tu33 tshi21 kD3 fa44,鹰翅药筛 筛,鹰翅作 药 筛
404,R,3,米里卉 田,tshi21phu33 tu33 mp21 t$033,药盖具 不 有,没有药盖具
404,R,4,荟万米里卉,tshi21pw33 t4ess mess tu33,鹰尾药盖 具,鹰尾 作 盖 具
404,R,5,田,tshi21 tce5s tu33 mD 21 t$o 33,药煮具 不 有,没有煮药具
405,L,1,分 3 茶,"z,33 ZD21 si33 bu33",昆 明 金 罐 拿,昆 明 罐 拿 金
405,L,2,见州 A,dur21 pur33 4u33 bu33,宜 良 银 罐 拿,宜 良 拿 银 罐
405,L,3,国 茶,lu²1 dlp21 bu33 De33 213,澄 江 铵 罐 拿,澄 江 拿 铵 罐
405,L,4,半,h33 muss zu! bu33,还 是 将 使 罐,都 是将使 罐
405,R,1,W 77 茶,"lur's dz,i21 bu33 2133",路 南 铜 罐 拿,路 南 铜 罐 拿
405,R,2,九,A21 1y4 3G 33 bu33,阿 勒 也 使 罐,阿 勒 匠 用 罐
405,R,3,与 特 茶,1p21 ni²1 44 bu33 zu3 33 mx,陆 良 铁 罐 拿,陆 良拿 铁 罐
405,R,4,专 九万分,si33 kh33 33 ne33 YD,别人 也 它 的 使,别人使用它
406,L,1,考万九,si33 Zu² 21 kh33 ng33 Zu²1,别人 使 她 也 使,人 用 她 也 用
406,L,2,z4 3= 九 ZZ,tsh133 033 033 ng33 dlw,十 样 样 也 装,十 样 药 可 装
406,L,3,九么 九 分,ku's b121 Ve33 3U 33 yD 33,匠 给 买 也 得,从 匠 处 买 得
406,L,4,? 九 目,tshi21 tcess bu33 1303,药煮 罐 也 有,煮 药 罐 有 了
406,L,5,田,tshi21 tcess 2133 mp²1 t$033,药煮 水 不 有,没有煮药水
406,R,1,效,A33 tcess 133 m133,什 么煮 来 作,什 么煮 药 水
406,R,2,效 7,A33 m133 tshi21tcess si4,什 么药 煮 柴,么煮药 什 柴
406,R,3,7,t4ess yu²1 tshi2ltces,骨药 鹰 煮 柴,鹰骨煮 药 柴
406,R,4,田 m,tshi21 tcess tuss mp21 t3033,药煮 火 不有,煮药没有火
407,L,1,女 7 专,kur's VI33 si33,格资 家 知 主 问,问 格 资 圣 者
407,L,2,7 专,55 si33 th21 do21 b121 sa,知 主 一 话 给,圣 者 答 一 句
407,L,3,特子 3E,mx mu da44 mu33 b121,铁 火 镰 做 给,拿 来 铁 火 镰
407,R,1,3E ?,tchi31bx31 m1²1 d4 104,羊 蹄 火 燧 石,羊 蹄 取 火 石
407,R,2,日,te33 m8 tsh;33 1033 md,埂 尾 山 脚 处,山 脚 石 壁 下
407,R,3,效 α 3E,A33 mb 33 m121 dq44 tsp33,阿 格 引 火 草,阿 格 引 火 草
407,R,4,用 #,kD33 ts133 ka44 tsha44 si5s,路 边 卡查 草,路 边 卡 查 草
407,R,5,OX 出,tuss tsess 33 zu mu,水 接 饭 做 使,用 来 添火势
408,L,1,九,tshi2l t tcess tuss ne33,药 煮 火 也 有,煮 药 火 也 有
408,L,2,分 田,33 33 tuss tsD33 yD mp 21 mb,火 饭 得 不 完,柴 火 尚 不 够
408,L,3,住 住去,"tsi33 mu33 tsi""t tche3tc15s",棵 一的 棵 上找,树 木 枝 上 找
408,L,4,不,"tsi33 nu* p""e31 4D21",棵 找 沙松 叶 子,找树 找 沙 松
408,R,1,,mG 33 tsi33 4D21,沙 松 叶 结 厚,沙 松 针 叶 厚
408,R,2,住 飞比,tsi33 ness 4D21 dx31 bp²1,资 楠 叶 结 薄,资 楠 叶 子 稀
408,R,3,A 不 住 3=,tD33 D13 tsi33 tsi33 ne,蕨 草 棵 棵 矮,蕨 草 棵 低 矮
408,R,4,A 不 飞比,tD33 p133 4D21 dy31 bp21,蕨 草 叶 结 薄,蕨 草 叶 子 稀
408,R,5,茶 不,33 4D21 tD33 4D21 mG,沙松 叶 蕨 草 叶,沙 松 蕨 草 叶
409,L,1,开,33 tuss tsp33 kh133 ne,火 饭 它 也 良,添 火 势 极 好
409,L,2,每3: 电,33 pu mu33 mu33 kD33 tu33,山 高高 路 地,高 山 N 山 路
409,R,1,ZI 3=,tuss dy31 tD33 n1²1 ni²1,火 着 起 窜 窜,火 苗 向 上 窜
409,R,2,火 苗 向 上 窜,"z,133 tshi21 tcess tshi22 4e44",药煮药 水 开,煮 药水 滚 开
409,R,3,飞卉 田,tshi21qhu33 tu33 mD²1 t$033,药 盛 具 不 有,盛 药没 有具
409,R,4,荟 不 米飞Z,tshi21g²u*'3 siss t4ess,D3 鹰 肚 药 盛 碗,鹰 肚 作 药 碗
410,L,1,X 丑 % 又,tshi21 ne21 tcess 1D33 tDss,药 良 煮 了 搁,良 药 煮 好 了
410,L,2,X Z,"tshi21 do31 p""e h33 1D33 do 44",药 浓 灰 了 出,药 汤 浓 泛 灰
410,L,3,飞 田 目,tshi21 Z.0S5 mp21 t5033,药 勺 不 有,没有 药 勺
410,L,4,荟 飞曲,tshi21 qx31 t4es tu33,鹰 翅 药 勺,鹰 翅 作 药 勺
410,L,5,田,tshi21 to33 kh144 mp t$o,药 喂 角 不 有,没有 药 角 喂
410,R,1,,to33khu4 A33 m133 tshi2i,什 么药 喂角,啥 作 喂 药 角
410,R,2,荟 X,ku4 tless 0.$5 tsi21 to33,鹰 头 药 喂 角,鹰 头 喂 药 角
410,R,3,用 日 WI 用 飞,siss 1033  th21 Z.OS5 qhy31,先 处 一 勺 百,首 先 百 一 勺
410,R,4,Z卅 日,siss th21 khu4 1033 to33,先 处 一 角 喂,首 先 喂 一 角
410,R,5,子 A 日,mu²1 4u33 4D21 1033 to33,天 白 叶 处 喂,喂 天 赐 叶 汤
411,L,1,W,tshi21 to33 lur's mu 33 to33,药 喂 喜 喂 做,心 喜来 喂药
411,L,2,勿 红斋每,np 33 k155 k033 kD21 mu33,病 让 快 效 做,让 病 快 转好
411,L,3,X 日,tshi21 to33 055 1033 tsh:33,药 喂 头 处 到,药 喂 进 嘴
411,L,4,勿,np 33 zi33 ku33 mu 33 Ze31,病 呢身 下 做,病 从 身 冏上 除
411,L,5,X 杜 ZZZ 每,tshi21 h21 tsiss to33 ab mu33,药 喂 苦 喝 做,喂药 喝苦药
411,R,1,乘勿,ku33 33 k033 np dur1 mu33,身 病 -快效 做,病魔快脱身
411,R,2,X圣万 与光,tshi21 m1²1 kh133 ni21 kh033,汤药 面药 那 两 样,汤面 药 两 副
411,R,3,X 丑 九,tshi21 3G 21 33 ne 33 tsi33 ne,药良 是 也 真,确实是 良 药
411,R,4,十 勿万 X,kh133 133 tshj21 tu3 nD33,千 病 它 来 洗,千 病 它来 治
411,R,5,勿万希与,khD5s va 55 kh13,万 病 它效 可,万病它 可医?
412,L,1,X 开 IU 电 又,tshi2i th21 ne21 tu tDSs,药 良 一 地 搁,良 药 出 一 地
412,L,2,电,me 33 tu33 th33 do44,名 盛 地 处 出,盛 名 传 远 方
412,L,3,X 子 A,tshi2i to33 mu²1 4u33 to33,药 喂 喂 天 白,良 药 喂 天 神
412,L,4,子 A 田,4u33 to33 tshi21 mu²1,天 白 不 喂 药,喂 天 所 剩 药
412,L,5,X W π,tshi21 to33 tsi33 dzi21 to33,药 喂 太 阳 喂,拿来 太 阳 喂
412,R,1,W π 田,tshi21 tsi33 dzi21 mp21 to33,太 阳 不 喂 药,喂 阳 所 剩 药
412,R,2,面 了,tce33 zi31 te33 mw 21 to33,星 宿 云 老 喂,喂 星 星 云 彩
412,R,3,万 九 田 X,kh133 ne 33 to33 tshi21 mD21,它 也 不 喂 药,星 云 喂 剩 药
412,R,4,星 云 喂 剩 药,tshi21tcess th121 bu33 4e44,药煮 一 罐 开,煮 开 一 罐 药
412,R,5,分 日 MI,th21 si5s YD 33 1033 t033,后 处 一 碗 喂,后 来 喂 碗 一
413,L,1,π,4i33 dzi21 hp33 mu to33,风 生 雨 老 喂,喂 风 神 雨 神
413,L,2,每,tshi21 to33 055 to33 mu33,药 喂 头 喂 做,药 喂 喂 从 嘴
413,L,3,7L  日 IM 雪,tshi31 1033 th121 bu33 4e44,再 处 一 罐 开,再 煮 一 罐 药
413,R,1,70 日,tshi21 33 1033 tsh;33 ne,味美 甜 味美 处 到,味美 到 极 至
413,R,2,九老π 分,tshi21 tshx4 zi21 ZD21 to33,衙 役 官 儿 喂,喂 官 衙 役 员
413,R,3,用 日 nI,sss 1033 th121 bu33 tsp33,先 处 一 罐 熬,首 先 熬 一 罐
413,R,4,田 专 日 名,21 si33 mp to33 1033 to33,不 喂 别人 处 喂,另 外 喂 人
414,L,1,台,"tshj21 0.55 4i33 dza"" 44",药 梢 风 打 勤,药 梢 易 受 吹
414,L,2,灶 日 WI,du33 1033 th12i bu33,后 处 一 罐 熬,罐 后 来 熬 一
414,L,3,田 IM,21 to33 th21 ZO 44 mp t03,不 喂 一 人 喂,另 外 再 喂 人
414,L,4,% 飞,"p""u3tche4 33 m8 V133 t033",村寨 舅 家 喂,喂寨 中阿舅
414,R,1,开 圣 与,tshi21 ne 21 m1²1 ni2l kh033,汤药 良 面药 二 样,汤 面 两 副 药
414,R,2,W 7 天,tshD²1dzD²1 4033 tciss tDss,盐 吃 舌 找 搁,吃 盐 舌 找 味
414,R,3,日,ng33 133 ng33 1o33 tshi:33,味美 了 味美 处 到,味 美 到 极 至
414,R,4,包 不 包 口,niss dzi21 lu33 办3,土 诵 土 官 城,咒 土 土 成 城
415,L,1,7 不 7 C,si44 si44 1D33 hur2l D133,树 诵 树 了 熊,咒 树 树 燃 火
415,L,2,万 不 不,kh33 33 33 55 pr k04 pi ne,他 毕摩 邪 毕摩 是,他 是 邪 毕 摩
415,L,3,专 九 田,si33 ng33 kh133 mp 21 Zw 21,别人 也 他 不 使,他 别 人 不 请
415,L,4,不 π 田 3,k04 dzi1 au 21 33 D133 SD,邪 舒 诵 官 不,邪 咒 官 不 舒
415,L,5,日 N.,tc1's dz121 tsh:33 k044 1033,邪 找 畜 处 到,邪 咒 对牲畜
415,R,1,田,k044 tsp dzp²1 mp,邪 粮 吃 不 长,邪 粮 吃 不 长
415,R,2,用 不 用 特,siss p133 si5s 1p33 mx 44,草 诵 草 帽 铁,咒 草 铁 帽 成
415,R,3,专 九 万 田,si33 kh133 ng33 mp²1 zu2l,别人 也 他 不 使,别人不 请他
416,L,1,九万 田 出,nu 33 kh33 21 21 ne33 mp Zw,你 也 他 不 使,你 也 莫 请他
416,L,2,不 世,A21 tuss tD3 D13,阿 细 诵 火 起,阿 细 起 火 诵
416,L,3,不 答,44 ne 44 1e33 dzi21 ce p133,汉 诵 黑 色 指,汉 人 指 字 诵
416,R,1,万不卅 不 的,"kh,33 thw33 33 p133 pi qe31",他 毕摩 点 毕摩 赶,请 诵 经 毕 摩
416,R,2,九@米 分 年,the²1tshi21 tshi21 ZD21 kD33,巫 快 药 儿 参,巫 师 医 生 参图
416,R,3,不 住 众,qe 31 tsj33 dz133 tsh;33 Eeld,毕摩 赶 院 坝 到,毕 摩 请 至 院
416,R,4,住 众 来,tsi33 dz1 tshi21 bur33 Ze31,院 坝 轿 子 下,院 坝 下 轿 子
416,R,5,瓦,tshi21 ze tsi2i So21 md 44,轿 下 药 领 返,返 回 拾 医 生
417,L,1,全 飞,tshi21 33 tsD zi33 V133 SD,轿 架 桩 柱 拿,架 轿 扛 棒
417,L,2,不 住 众,p133 tsi33 dzi33 hy31,毕摩 走 院 坝 站,毕 坝 摩 站 院
417,R,1,目,si21 tsh021 si55 t033,走 行 在 样 像,马 动 似 散 步
417,R,2,不 日,"pi 33 ts""i""tc""e” h33 1033 hy31",毕摩 巫 上 处 站,毕 摩 巫 师 站
417,R,3,见 3E W Z,du²1 da44 si5s tsiss,捆 断 麻 样 像,如 同麻杆捆
418,L,1,办 住 孔,tshi21 tsi33 tspss Ze31,巫 迎 雨 引 下,巫 师 引 雨 下
418,L,2,办 又,tshi21 se31 niss au 33 tDss,巫 气 嘴 巴 搁,气 巫 师 喘 粗
418,L,3,不 年 住 全,kD33 tsi33 33 de44 nD,毕摩 过 院 处 上,毕 摩 登 台 诵
418,L,4,Z,ni2l hy31 siss Di4 4,牛 黄 站 样 像,像 一 条黄 牛
418,R,1,田,noss ne 4 siss,猴 黑 大 样 像,好 猴 像 大 黑
418,R,2,灶 4 M,np 4u33 DS h44 33 0,斑 鸠 栅 头 叫,斑 鸠 站 桩 头
418,R,3,州 Z,44 hy31 siss ze 44 tsi33 ne,秤 站 像 样,仿 佛 像 秤
419,L,1,飞岳九业,tsh;33 tsh133tsu33 21 D133 m6,十 毕摩 十 商 讨,十 毕摩商 讨
419,L,2,O 专 面,xw 44 th33 Si33 dzy31 surss,池 岸 别人 三 柴,池 边 三 堆 人
419,R,1,果 分,"ku's dzi21 p""e h33 ZD 21",格 资 虎灰 小,格 资 小 灰 虎
419,R,2,米,ku?s dzi21 1D5s phe33 qo21,格 备资 虎 灰 色,小 虎 毛 色 灰
419,R,3,田,"si21 th33 44 noss p""e h33 88",果 际 猴灰 走,灰猴 走果 林
420,L,1,张 U,m13 ku133 dp²1 ve31 mD3,地 中 岛 文 玛,地 文 玛 下 岛
420,L,2,甘 张,"dp21 ve31 dp21 p""e"" h33 8X 44",岛 文 岛 灰 走,岛 文 地 下 走
420,L,3,飞,phe33 V133 tshi3l ku? ssms,灰 家 冏三 次 进,三 次 人 黄 昏
420,L,4,三 次 人 黄 昏,zi31 dp21 bp33 tD33,地 亮 晶 先 起,启明星启 明
420,R,1,# A # Z#,phe33 4u33 tsiss m6 21,露 白 露 灰 蒙,黎 明 露 灰 蒙
420,R,2,# A,"tsiss 4u33 p""e"" h33 m6 21",露 白 灰 蒙 水,雾 露 灰 蒙 水
420,R,3,雾 露 灰 蒙 水,21 2.133 pe33 0.55 zi31 gu,蒙 水 灰 头 压,雾 露 压 黎 明
420,R,4,甘 π,bp33 phe33 dzi21 dp21 te33,地 亮灰 埂着,霞光投灰埂
421,L,1,田 开 I,mp 21 th121 kh033 dlp33 Do1,不 吉 一 桩 成,成 一 不 吉 像
421,L,2,田 目,33 pu33 tD33 pu mp21 $033,圈条 起 圈条 不 有,编 竹 没 圈 条
421,R,1,7 A &,kur VD.SS du33 4u33 eend 33,摸 处 白 圈条 搭,依 形 制 条 圈
421,R,2,天 #,VD 21 tsiss tsiss pu33,周 制 先 圈条 走,编 竹 先 砍 条
421,R,3,开 西 57L 安,phe33 21 tshi31 q033 e surs,灰 良 三 次 扯,灰 夜 砍 三 次
421,R,4,见 3E W,pu 33 qo 33 tur33 da44 tsiss,圈条 扯 地 砍 遇,遇 到 条 处 长
422,L,1,见 3E W 田,2m da44 tsiss mp21 t$033,捆 砍 节 不 有,无 节 条 捆 一
422,L,2,用 米 3,siss qD21 te33 dzi21 pu33,草 苦 圈 立 着,苦 草 做 箕 绳
422,L,3,π 安 74,21 VD Eend dzi21 q033 reOzp,雪 圈 生 弯 连,生 白 条 硬 握
422,L,4,π 开 Z00 3=,si21 dzi²1 9031 be 44 si21,生 弯 条 直 直,圈 直 弯 条 不
422,R,1,万开,kh33 be Se's 1h33 2i33,它 片 岔 来 呢,蔑 片 编 圈 上
422,R,2,田 开 田 开,21 1D33 Dei mp De33 mp2l,不 吉 啊 不 吉,不 吉 啊 不 吉
422,R,3,田 开 与,21 ni²1 kh033 mp 3G dlp33,不 吉 两 桩 成,现 二 不 吉 像
422,R,4,X 分,tsiss be33 yD 33 be33,栗 根 与 津 根,与 栗 根 津
423,L,1,7 X,qe44 si4 be33 yu 21 sur's,麻 栗 根 杆 使,麻 栗 根 替 代
423,L,2,Z 77 万,"V133 1p33 kh,33 Y031 do21",拿 了 它 际 搁,到 场 拿 编 竹
423,L,3,万 岗,kh33 hp33 tspSs Ze31,它 筋条 桩 百 下,百 桩 固 筋 条
423,L,4,万生 与 Z4,kh33 dlp33 ni! bp21 du33,它旁 两 面 动,蔑 片 编 纬 线
423,L,5,田 3= ZX,lu21 lu²1 hp33 S0g,个 个 百 眼 交叉,条条 编 百 纬
423,R,1,万 田,kh33 nu 33 qD 33 mD 21 pu33,它 你 跟 不 圈,圈 条 不 成 圈
423,R,2,田 开,mp 21 ne 21 ssms kh033 dlp33,吉 不 三 桩 成,现 三 不 吉 象
423,R,3,日 万 益,tche4 bu33 1033 kh133 tSD33,寨 顶 处 它 找,寨 头 去 找 条
423,R,4,日 田,tche4 21 bu33 1033 mp b121,寨 顶 处 不 给,寨头未 找 获
424,L,1,口 万益,33 tche44 me? 1033 kh133 t$D,寨 尾 处 它 找,寨 尾 找 圈 条
424,L,2,专 签星 田 又,si33 tSD33 phu21 mp21 tDss,别人 找 价 不 搁,求 人 不 付 钱
424,L,3,万 700 签 了 苗,kh33 si21 tsD 33 te33 as 55,它 们 找 着 难,难找 到 需 所
424,R,1,T 3=,q044 dy31 33 33,盖 戴 心 笑 笑,戴 帽 心 如 意
424,R,2,日 Z,"le31 1033 V33 dz,04 ne",锁 黑 手 处 拿,钥 匙 手 中 拿
425,L,1,不 住 众,33 tsh;33 pi tD3 tsi33 dz133,毕摩 起 院 坝 到,毕 摩 来 院 中
425,L,2,田 住 专 日 住,si33 mp 21 tsi33 1033 tsi33,不 遇 别人 处 遇,请 遇 到 迎 人
425,L,3,半,55 si33 q044 do44 dzi21 mu,马 金 盖 出 着,坐 骑 装 佩 好
425,R,1,A 日 70,"dz,044 ne 44 le31 1o33 tshi21",锁 黑 手 处 带,钥 拿 匙 手 中
425,R,2,住,"th21 tsi33 1h,33",人 迎 来 呢 一,一 人 来 迎 接
425,R,3,驰 3,siss si33 1D33 ni44 pu,字 书 压骤 了 看,翻 开 经 书 看
425,R,4,翻 开 经 书 看,21 si33 1D33 SD md 44 no 31,美 文 翻 了 纠缠,翻 典 籍 探 求
426,L,1,田 专,mp 21 do44 si33 d133 do 44,不 出 别人 地 出,去 到 远 方 地
426,L,2,住 包 科 又,tsi33 niss bu31 de21 tDss,院 坝 罐 置 搁,院 中 置 罐 子
426,L,3,WI Z# 女 分,th21 33 33 33 du33 np yD ne,一 桩 问 获 也,找 到 一 件 了
426,L,4,回 X 田,bu²1 ku3 tshi21 mp gu 33,罐 中 药 不 进,罐 中 未 装 药
426,R,1,Z,tshi21 SsOs ni4 mu33 b121,松 青 药 做 给,青 作 药 材 松
426,R,2,每,tho21 VD21 mu qho21,纸 张 雪 做 铺,纸 张 雪 白 铺
426,R,3,不 答,44 ne 44 1g33 dzi2! p133,汉 诵 黑 色 指,汉 诵 指 字 诵
426,R,4,金 3=,khu21 lur33 $033 lur33,香 绿 烟 畏 畏,燃 香 烟 畏 畏
427,L,1,效 D 同,55 44 tshi33 dz121 A33 pD xb,脚 伸 青 蛙 模样,青 蛙 样 曲 腿
427,L,2,茶 3=,O$S du21 tci44 tci4 #3,头 摇 冲 在 在,头 动 连 连 叩
427,L,3,头 动 连 连 叩,bu33 Ve33 th21 ni33 ku33,寺庙 客 一 日 做,佛 寺 去 进 香
427,L,4,专 斋,si33 zi33 ku33 khp21 $033,别人 呢 做效 在,别 人 有 效 果
427,R,1,7#,th21 du33 ku33 1D33 XD 33,一 桩 做 了 掉,做 过 了 一 样
427,R,2,X3= 勿 分,tshi2l tshi21 np 33 33 fa4 YD,药药 病 越 发,喂 药 病 愈 重
427,R,3,X3,tshi2l tshi21 bp33,药药 亮 黄 分,药效分 夜 昼
428,L,1,田圣！ 田圣,khD21 khD21 mp²1 1D33 mp21,不 效 啊 不 效,无 效 啊 无 效
428,L,2,田 h 田 h,1:44 mp 21 1y44 zi33 mp² 21,不 放心 呢 不 放心,心 甘 中 实 不
428,L,3,日,te33 si33 md 33 1033 ge31,黄 脚 处 云 山,黄 云 山 脚 下
428,L,4,7,si21 Ve33 th121 du33 do33,走 客 一 桩 出,路 遇 一 邪 魔
428,L,5,路 遇 一 邪 魔,W Z 3 tQ 日,si33 lur*s he33 1033,主 家 金 屋 处
428,L,6,W Z 3 tQ 日,si33 lur*s he33 1033,主 家 金 屋 处,主 人 家 屋 里
428,R,1,A 477,21 VD21 4u33 VD ni44 dzu 33,鸡 冏白 鸡 红 双,红 一 对 鸡
428,R,2,灶,Ve33 si21 th21 du33 ku33,走 客 一 桩 做,做 驱 邪 法 事
428,R,3,与 灶,du33 ku33 1D33 ax,桩 做 掉 二 了,二 次 做 法
428,R,4,3= m 分 4,ku33 ku33 si21 33 yD,做 做 走客 越 大,邪 魔 愈 加 凶
428,R,5,田 勿 田斋,"si21 khp21 ku33 np 33 mp"" 21",走客 做 病 不 效,驱 无 效 邪 病
429,L,1,不 不,1y33 khD21 33 p133 p133 mb,诵 来 诵 效 完,毕 摩 诵 有 效
429,L,2,专 九 专斋,si33 ne? 33 si33 khD² t$033,别人 也 别人 效 在,对 别 人 有效
429,L,3,不 九 不α,p133 khD21 33 ng33 p133 mb,诵 也 诵 效 完,别 人 病 全 愈
429,L,4,面 灶,du33 ku33 1D33 XD 33,三 桩 做 了 掉,做 三 次 法
429,R,1,分 A 灶,33 yw 21 yD su 55 du33 ku33,前 后 三 桩 做,前 后 三 法
429,R,2,面 灶 的,ku33 su's du33 XD ne 33,三 桩 做 掉 也,做 过 三 法
429,R,3,九 万 田斋,ku33 ne33 kh133 mp²1 khp21,不效 做 也 它,自 己 却 无效
430,L,1,X 勿 国,tsi21 to33 np 33 33 3G,药 样 喂 病 是,似 是 吃 药 病
430,L,2,不 飞 6 771,p133 V133 do21 4055 1D33,毕摩 家 涮 了 搁,毕 摩 说 一 句
430,L,3,Z,si33 mp 33 pe 44 le31,看 主 大 伴 手,同 者 询 N 伴
430,L,4,不 羽 720 每,p133 rop tsi21 t155 mu33,毕摩 话 药 春 做,依 话春药 材
430,R,1,勿 每 专,tshi21 to33 np 33 qe 31 mu 33,药 喂 病 赶 做,喂 药 赶 病 魔
430,R,2,Y,tshi21 du21 nu?3,高 妮 药 挖 女,高 妮挖 药 女
430,R,3,高 妮挖 药 女,tshi21 tcess t tshi21 bu31 4e4,药 煮药 罐 开,药汤 煮 水 开
430,R,4,X 每,tshi21 de4 tshi21 to33 mu33,药 开药 喂 做,煮开药 喂药
431,L,1,田 专 WI,21 si33 mp t033 th121,不 喂 别人 人,药 喂 个 人 一
431,L,2,光 平u Z4 开,kho21 t4u? 3G 21 to33 G133,柯 兴 安 喂,喂 柯 兴 安
431,L,3,全,tshj2i to33 055 de4 mu33,药 喂 头 起 做,喂 药 从 头 医
431,L,4,每,tshi33 to33 ko44 to33 mu3 33,药 喂 量 喂 做,喂 药 按 量 喂
431,R,1,勿,ko33 khp21 np 33 mu 33 to33,病 快 效 的 喂,效 唯 愿 快 起
431,R,2,X 勿 田,tshj21 to33 np 33 mp² dur2!,药 喂 效 病 不,药 未 能 驱 病
431,R,3,ZZZ 勿 田,m1² 21 tsi33 dlα44 nD33 mp,粉药 喝 病 不 淡,喝 粉 药 未 轻
431,R,4,田,"q044 tshi33 pu"" 33 mp 21 XO 033",既 盖 脚 不 净,盖 既 底 净 不
431,R,5,田圣 ZZZ,tshi21 m121 tsiss mp²l khD21,汤药 粉药 喝 不 效,汤 粉 药 无 效
432,L,1,田,tshi21 m1²1 mp 21 tsi33,汤药 粉药 良 不 真,不 是 药 物 良
432,L,2,勿 田,tshi21 to33 mp 21 np33 ge31,药 喂 病 不 赶,喂 药 不 驱 病
432,R,1,ZZZ,zi khp²1 si33 tshi21 tsiss,别人 药 喝 呢效,别 人 喝 药 愈
432,R,2,别 人 喝 减 疼,nu3 tshi2l to33 mp²1 khD21,你 药 喂 不 效,你 喝 药 无 效
432,R,3,Y,du21 m133 tshi21 to33 zi33,阳 间 汤药 喂 呢,药 阳 间 喂 汤
433,L,1,X Wi 见 3,tshi21 be33 th121 du2l dur21,药 根 一 捆 捆,药 根 捆 一 捆
433,L,2,Y 企 ZZZ,du²! m133 mi 21 tsiss thp21,阳 间 粉药 喝 时,阳 间 喝 粉 药
433,L,3,IM 3=,tsiss th121 V133 V33 m1²1,粉药 喝 — 背 背,粉 药 一 背 背
433,L,4,关圣 勿 的,tshi21 m²l tsiss np 33 qe31,汤药 粉药 喝 病 赶,药物 驱 病 魔
433,R,1,O 田圣,2zi14 mp²l khp21 4033,魂 魄 赎 不 效,留 不 住 魄 魂
433,R,2,田 A,np 55 si21 mD21 dur2i 3,细米 籽粒 大 不 效,未减 细 米 大
433,R,3,Z4 田 空,tsw*the33 dla44 333 mp21,毛线 大 不 淡,未 减 毛 发 粗
433,R,4,子 天,mu² 133 121 ni33 tsh:33,天 来 今 日 到,时 日 至 今 日
434,L,1,田 π,mp dzi21 nu33 133 ne 33,不 幸 你 来 是,不 幸 落 你 身
434,L,2,目 田 OX,tsp 33 mp 21 tsess Se31,饭 有 气 不 接,有 饭 不 接 气
434,L,3,7,np 55 tsp 33 nu 33 la33 dzp21,阴 饭 你 来 吃,你 去 吃 阴 饭
434,R,1,田 必,th33 nu3 mp21,你 死 不 情 愿,你 死 心 不 甘
434,R,2,子 必 年,nu3 tshi21 kD3 qo 55,你 死 药 与 愿,对 药 已 无 憾
434,R,3,魂 魄 进 阴 间,55 th121 np pur 33 te33,阴 地 山 一 梁,阴 间 一 山 梁
434,R,4,Z4 男,zi33 1h33 好为 133,你 来 走 来 呢,你 走 梁 阴 山
435,L,1,子 W 每,nu 33 lur's mu 33,你 死 你 喜 做,你 死 阴 间 乐
435,L,2,w 去 日,d21 si33 1033 33 lurss m6,喜 的 死 处 进,乐 着 进 阴 间
435,L,3,办 20 住 7科,tshi21 4D33 2133 tsi33 de21,狗 舌 水 锣 打,响 狗 舌 搅 水
435,L,4,GZ 多中,"ve31 4D33 2,133 tchg33 40.5",猪 水 上 舌 涮,猪舌 涮 水 面
435,R,1,关 灶 女,nu 33 tshi21 nu33 du33 np 33,你 药 你 处 听,你 来 听 药 经
435,R,2,灶 分,niss du33 niss VI33 33 yD,前 处 前 家 的,生 前 阳 间 家
435,R,3,Z4 勿 丑 配,tshi21 21 33 t4u33 ne oG,人 病 药 良 见,人 病 逢 良 药
435,R,4,3,pur 33 mu si33 VD33,山 高 金 鸟 些,高 山 金 贵 鸟
435,R,5,开 去 包 目,d121 niss t5033 siss Dei,良 的 前 在 血,血 良 如 阳 间
436,L,1,H子勿包,eenyb 1D33 np 33 ni's,声了 死病嘴,啼为死者病
436,L,2,不勺 子 勿 年,xu²1 ID33 np 33 kD33,倒了死病 加,倒人其药中
436,L,3,开么,33 1D33 dzi1 b121 gur,进 了 死奉献给,奉献给死者
436,R,1,开不七开不,dzi2l zi33 dzi21,奉献去死奉献去,献死者去吧
436,R,2,日 分,si33 dzi21 8133 1033 yD 33,死奉献死处获,奉献死者获
440,L,1,-=,"mx 44 q033 2,133 be21 ZD21",湖 中 水 野鸭 儿,湖中小野鸭
440,R,1,日,be2 tsiss be21 vi44 lu33,野鸭 美 野鸭 花 朵,野鸭美似 花
440,R,2,众2 效具 飞,V133 yx31 dz133 A33 dze31,额津 阿 厂节 尾,额津 阿节尾 ②
440,R,3,1与 交,A3dze31 np 21 ni21 dzi2i,丧家 我们 两 人,摩 丧家两 毕
441,L,1,田 7h 牵 7,mD 21 SD du3 Zu2i,不 知 老 处 跟,不 知 模 仿 老
441,L,2,4 茶田不 Z,th33mp21 dzi2l V133,人 间 不 幸 家,人世之丧家
441,R,1,田 π,21 dzi21 A33 dze31 33 mp qo,不 幸 丧 家 里,丧 家 N 屋 中
441,R,2,3E,ni²1 phD3 le31 da44 dz1²1,葬 手 布 断 线头,彝裁 布 散 线
441,R,3,U1,dy31 thpi mp thp21 ne 33,纯 季 果 季 是,结 果 果 熟 季
441,R,4,Z,le31 bu²1 tci 44 niss,汉 手 绸 扯 短,汉 扯 绸 布 短
441,R,5,田： # 田#,mp?1 ts133 mD21 ts133 zi33,不 剩 不 剩 呢,本 想不遗剩
442,L,1,下 开,A21 me21 tshi21 4D33,姑 娘 狗 舌 长,如 外 狗 舌 口
442,L,2,W 九,Ve21 tsiss ne Ve1 tc133,棺 制 与 棺 始,制 棺 N 原 始
442,L,3,7开 #,"th121 dz,i21 IDss zi33 ts133",一 章 剩 了 呢,剩 下 此 一 章
442,L,4,W 日 W,qD33 VE 21 tsiss 1033 tsiss,棺 制 那 里 制,何地制 棺材
442,R,1,,h33 tu tciss ab,棺 找 若 地 方,何 处 找 棺 材
442,R,2,至 日,tsh;33 Ve21 toIss 4e3 1033,棺 找 山林 处 到,找 棺 到 山 林
442,R,3,至 至号,"4033 0.55 4833 p""D nhn21 ni33",山 头 山 父 居,山 头 居 山 父
442,R,4,至 WI 分,4e33 dz.031 pu 33 th21,山 腰 蹄 一 小,山 腰 一 啼 鸟
443,L,1,W 无,Ve?1 tsiss Ve?1 t1ss,棺 制 呢 棺 始,制 棺 之 原 始
443,L,2,专,kho21 G133 si33 si33 nu3,柯 兴 诗 斯 奴,柯 兴 诗 斯 奴
443,L,3,W 女 2,V21 tsiss 33 133 1D33 np,棺 制 听 来 啊,来 听 制 棺 经
443,L,4,众 2,"l,33 Ve2 dz133 ne 4 noss",棺 始 看 来 吧,来看棺始 经
443,R,1,W 田分,V21 tsiss nu33 mp 21 33 yD,棺 制 你 不 得,你 不 得 棺 材
443,R,2,W 红 田,21 V21 tsiss nu33 mp,棺 制 你 不 获,你 不 获 棺 材
443,R,3,你 不 获 棺 材,Z4 WI,nu33 np 55 gur 21 th121 ni33,你 阴 进 一 日
443,R,4,Z4 WI,nu33 np 55 gur 21 th121 ni33,你 阴 进 一 日,你 进 阴 间 日
443,R,5,WI,33 th121 ni33 ne dzD21 mu33,美味 吃 做 一 日,吃美食 N 日
444,L,1,ZZZ WI 天,33 tsh;33 th21 ni33 ne,美味 喝 到 一 日,饮 美 味 之 日
444,L,2,to 田强,Ve33 tess he33 mp²1 2 bur33,客 待 房 不 有,没 有 待 客 房
444,L,3,Z 田,tsho21 pe44 qD 33 mp 21 l33,伙 伴 玩 来 不,没 有 朋 友 玩
444,L,4,7 正 W,Ve21 si44 di5s m1²1,棺 木 门 四 板,棺 木 四 块 板
444,L,5,棺 木 四 块 板,IP zi33 nu33 1h33 SOs,你 来 获 使 呢,你 要 获 得 它
444,R,1,日,qhD33 ne21 1033 t303,种 良 哪 里 有,哪 里 有 树 种
444,R,2,光灭 日 丑,q²D33 qD33 ne²1 $155 1033,若 撒 哪 里 好,哪 里 撒 种 好
444,R,3,日 3,ZO 44 tu33 ab h33 1033,长 哪 舒 地 里,哪 里 宜 树 长
444,R,4,Z出 飞 4 7:,v133thu33 A21 ni²1 mg21,尼 维 特 阿 曼,尼 维 特 阿 曼
444,R,5,飞 了,eemy1 VI33 A21 te33 dess,特 维 阿 晒,特 维 当 阿 晒
445,L,1,丑 万 田,siss ne21 kh33 YD 21 bur33,种 良 它 不 有,没 有 良 树 种
445,L,2,与,ni²l Sess bu dz.o3 dlp33,挎 包 腰 两 面,挎包挎 腰 要际
445,R,1,3 日,bu31 le31 1033 the31,金 罐 手 处 拾,陶 罐 手 上 拿
445,R,2,了 飞E 飞,tsh:33 tg33 bp21 dlo44,两 脚 崖 壁 登,两 脚 登 崖 壁
445,R,3,与 了 7=,ni²1 le31 te33 me 33 0031,两 手 崖 口 攀,两 手 攀 崖 顶
445,R,4,X# 田 71,niss th33 qhu21 21 me 33 mD,嘴 际 嗓 不 及,人 嘴 不 及 脖
445,R,5,专 子 日,dlo21 mu²1 1033 tsh;33,霍 地 天 处 到,霍地跃 上天
446,L,1,光,ku*s dzi21 nu V133,家 格 资 女 际,格 资 女 儿 家?
446,L,2,700 3=,siss si21 siss dzi31 dzi31,种 全 种 齐 齐,所 有 种 都 有
446,L,3,日,siss ne²i kh133 1033 tciss,种 良 那 里 找,那 种 找 良
446,R,1,九 74,siss ne 33 siss SSOs,嗑松 种 青栎 种 与,嗑松 青 栎 种
446,R,2,3 咖 日,si33 4033 l033 ms 33,金 柜 处 藏 银,藏 人 金银 柜
447,L,1,灶 7日 答 乱,du21 le31  Iemyb 1033 1e33,管 手 口 处 包,包 在 袖 管 口
447,L,2,7 分,si44 siss 33 mb 33 YD,棺 木 种 得 完,棺 木 种 找 全
447,L,3,7 WI 亏,th21 do21 0i33,种 良 点 一 日,点 良 种 之 日
447,L,4,子,mu21 055 do21 $031 9021,撒 天 际 圭 山,撒 圭 山 山 顶
447,R,1,金 台,bu33 9021 fess do21,圭山 头 岩 顶 撒,撒 圭 山 岩 顶
447,R,2,7世 ? 可,G133 dzo21 1044 9831 niss,青栎 林 石 丛 前,青 栋 撒 石 丛
447,R,3,茶,tho21 33 zi33 mG,青松 种 沙松 种 呢,青 松 与 沙 松
448,L,1,田,si21 tche31 le31 mp21 me 33,果摘 手 不 及,摘 果 手 难 及
448,L,2,摘 果 手 难 及,"1,55 pu33 tge33 rOp teiss",叽 哩 山 上 撒,撒 叽 哩 山 上@
448,L,3,7 永,Ve21 si44 siss,棺 木 种 撒 完,种 撒 完 棺 木
448,L,4,nI 天 WI,th21 ni33 1D33 th21 nij33,啊 一 日 一 日,一 日 又 一 日
448,L,5,面,33 1D33 th21 su 33 ms ness,夜 啊 一 夜 黎明,一 夜 一 黎 明
448,R,1,特 #,"ne31 mx 44 tsiss Z.,133 phu21",早 晨 露 水 遇,早 晨 露 水 润
448,R,2,包 左,niss 1044 1h33 dze44 hp3,中 午 雨 来 淋,中 午 雨 来 淋
448,R,3,7,hp33 dze Ve21 si44 nu²!,雨 淋 棺 木 长,芽 雨 淋 木 发
448,R,4,A # 不 3=,mu S121 S121 Di,青松 长 绿 茸 茸,青 松 芽 绿 茸
449,L,1,青松九片长,tho21 ni44 kuss Ve33 tsD,青松 绿 九 周边 萌发,青松 公九片萌
449,L,2,3,to²1 phe33 si21 33 SD 33,青松 灰 七 周边 舒,七 片 松 速 长
449,L,3,勺,tho21 055 1i33 133 33 mG,青松 头 风 来 摇,风摇青松 梢
449,L,4,风摇青松 梢,to²1 dz.031 4i33 133 tsho21,青松 腰 风 来伴,风抚青松杆
449,R,1,,tho21 tsh;33 hp33 1h33 amx,浇 青松 脚 雨 来,雨 浇青松 根
449,R,2,雨 浇青松 根,tho21 tho21 .21 Z033 dur²1,青松 长 青松 筒 大,青 松杆 围粗
449,R,3,青 松杆 围粗,tho21 qess ph3khD²1khD21,青松 枝灰朴朴,青松枝 白 灰
449,R,4,WI 开,tho²l pe3 nh33 th21 21 qo 31 ne,青松灰 良 回,砍回 — 灰松
449,R,5,砍回 — 灰松,tho21 th121 tc1ss ne44 q031,青松 黑 一 些 回,砍回 些 黑松
450,L,1,,tho21 44 tsh33 31 ne ob,青松 黑 三 十 回,砍 三 十 黑 松
450,L,2,砍 三 十 黑 松,"kh,33 Zi33 tho21 me 33 21",它 呢 青松 名 良,名 它 是 青 松
450,L,3,万 九 五,"kh,33 zi33 tho33 m8 33 do44",它 青松 出 也 名,此 松 名 声
450,L,4,册 3= 中,niss ha31 $0.S5 pu33 pu33,嗑松 果 果 嘴 张,嗑 松 果 鳞 张
450,R,1,住3,55 p²e3khD²1kD21 0.331 $O tsi33,嗑松 杆 灰 朴朴,嗑 松 杆 灰 白
450,R,2,四 7=,si21 Iemyb $0.Ss pu3,嗑松 籽 嗑松 果 口,含果 粒 鳞 口
450,R,3,W O A O,12041 4D33 lu21 4D33 tsess,兔 日 龙 月 接,龙 月 接 兔 月
450,R,4,去 74 与,ni2i thD²l1 ku?,夏 秋 二 季 里,夏 秋 两 季 雷
451,L,1,西 3=,si21 $055 pe33 ms 21 sur²1,嗑松 籽 掉 刷,松 子 掉
451,L,2,3 九 Z4,"p""u3 ph33 ph33 tsh33",山 半 半 也 下,半 山 冏上 也 落
451,R,1,3= 九 年,"h33 th:33 tsh;33 33 21 pu ts""r"" ne np",山 脚 脚 也 落,山 脚 下 也 落
451,R,2,200 Z WI,si21 th21 ms 55 ni21,三 七 二 十 一,三 七 二 十 一
451,R,3,半 π 700 企,mu 55 dzi21 si21 ni33 m13,马 生 七 天 地,骁 马 七 日 程
451,R,4,安 企 WI,a q021 th21 ni33 m133,蜂 采 地 一 日,蜂 采 日 飞 地
451,R,5,3:z4,si21 thg21 thg21 tsh33 $0SS,嗑松 籽 旋 旋 下,松子斜 飞落
452,L,1,#,44 4u33 phu21 ne's mx tsiss,早 晨 露 白 遇,早 晨 露 水 润
452,L,2,不 3=,nu ni*4 S121 S121 $OSS,嗑松 长 绿 茸 茸,嗑 绿 芽 绿 茸
452,L,3,天 3= 3=,ni33 ni33 33 33 44 s ms Z.O,昼 昼 夜 夜 长,昼 昼 夜 夜 长
452,L,4,写,$O's SOs dur²1,嗑松 长 嗑松 筒 大,嗑松 杆 围粗
452,R,1,勺,"dz.031 1133 1,33 tsh021 $0'5",嗑松 来伴 腰 风,风 抚嗑 松 杆
452,R,2,开,phe33 th12l $0'5 ne21,嗑松 灰 一 良 回,砍回 一 灰松
453,L,1,IM,ni44 $OS$s th21 tsh33 q031,嗑松 绿 一 十 回,松 砍 回 十 绿
453,L,2,万 丑,kh33 zi33 $O 55 m8 ne 21,它 呢 嗑松 名 良,它 是 名 嗑 松
453,L,3,万 九,"kh,33 55 me 33 d044 ng33 $O",它 呢 嗑松 名 出,此 松 名 声 显
453,R,1,茶 7= Z 4七,33 si21 emqb niss niy44 mG,沙松 籽 口 嘴 夹,果 籽 夹 鳞 口
453,R,2,与 O X,tho21 lu21 ni²1 4D33 tsess,兔龙 二 月 接,龙 月 接 兔 月
453,R,3,茶 子 Z,33 ph33 VeSs ml qess mu²1,沙松 枝 天 半 旋,枝 叶 半 空 舞
453,R,4,茶 丽 3:z4,si21 tsh.33 mG 33 ms 21 ms 21,沙松 籽 下,果 籽 刷 刷 落
454,L,1,田 至 # π,no 55 mb 55 4e33 dzi21,诺 格 山 露 生,诺 格 山 露 润
454,L,2,田 π,55 noSs mb 4e33 hp33 dzi21,诺 格 山 雨 生,诺 格 山 雨 润
454,L,3,# π,tsiss dzi21 hD33 1h33 dze4,露 生 雨 来 淋,露 润 雨 来 淋
454,R,1,# 不 3=,S121 33 nu 21 ni44 S121,沙松 长 绿 茸 茸,沙 松 芽 绿 茸
454,R,2,茶 3=,33 si21 vE 33 nu 21 mG V@33,沙松 七 周边 周边 长,七 片 沙 松 长
455,L,1,茶号 勺,1i33 133 tsh021 mG dzo'1,沙松 腰 风 来 伴,顺 风 沙 松 直
455,L,2,已茶尔巫,1i33 tsh021 nu33khu33 mu33,风 伴 沙松 挺 高,风 抚 沙 松 挺
455,L,3,茶,mG 33 tsh:33 hp33 133 dze44,沙松 脚 雨 来 淋,雨 淋 沙 松 根
455,L,4,茶万,33 kh33 mG mg33 De,沙松 大 宅 名 良,它是名沙松
455,R,1,茶万,kh33 me 33 do44 tsiss,沙松 美 它 名 出,沙 松 名 声 显
455,R,2,丽 3=,si21 $0$s pa31 ms 21 ams,刺 柏 籽,刺 柏 籽 刷
456,L,1,? ?,le31 tsh33 1044 tsy's 1044,石 缝 石 旁 下,落 石 缝 石 根
456,L,2,7分,fess bu33 mb YD 33 nu 21,崖 顶 口 处 落,崖 落 崖 顶 口
456,L,3,九 万 田 7,he44 ng33 kh133 mp²1 dzp21,鼠 也 它 不 吃,鼠 也 不 吃 它
456,R,1,# A A,4u33 phu21 tsiss 4u33 hp33,露 白 雨 白 遇,露 润 雨 浇 淋
456,R,2,7,31 VI21 si44 ne21 $O's pa,刺 柏 棺 木 良,刺 柏 棺 佳 木
456,R,3,7,si44 kh133 VO21 mg33 do44,棺 木 它 名 出,佳木名声 显
457,L,1,万,"kh,33 zi33 do21 tDss zi33",那 样 掉 搁 呢,佳木 已 长 成
457,L,2,专,si33 tsho3mu² the4 ob,村 中 别人人老,村 中 之 老 者
457,L,3,3= 3= W,1iss de44 1e44,亲 亲 孙 重孙 重孙,孙 辈 侄表亲
457,L,4,西 飞,dle31 dzi4 44 V133 mx xw,劈 铁 砍 铁 拿,带上和斧
457,R,1,,"hp33 1o21 h33 h:33 pu tc""e""ts""1",郝 罗 山 上到,到 郝 罗 山 上
457,R,2,子,44 mu² y031 t4ess ne veSs,天 际 鹰 黑 旋,空 中鹰盘旋
457,R,3,荟列 3= 国,t4e qhu2 ne hu² hu21,鹰声 h 沸 沸,鹰 叫 声 切 切
457,R,4,G 亏 6 亏,fess fe5s mu33 ni33 0i33,晴 日 晴 日 的,天 晴 空 无 云
457,R,5,7,si44 tsoss mu² du²1,木 砍春 雷 打,砍木声如雷
458,L,1,7 司 子开,si44 pu²l tso's mu²l dz.i21,树 倒 春 雷 轰,若 雷轰 树 倒
458,L,2,又 每,zp tDss mu33,找 找 做 搁 砍,选 好 再 砍 伐
458,L,3,色 3E,"dz,031 bu33 mu da44 ve21",腰 断 棺 帮 做,树 腰 做 棺 帮
458,L,4,飞 H,"21 gess +h.33 t""w 21 m6 dlD33",枝 断 棺 架 成,树枝 做 棺架
458,R,1,3E 每,055 da44 Ve21 tshi33 mu33,头 断 棺 垫 做,树 头 做 棺枕
458,R,2,与,ni21 tche33 fess bu33 1033,二 崖 顶 冏上 处,台 二 崖 顶 上
459,L,1,N. 苏 m 安,tsh:33 dzi44 4is5 55 tsp,根 砍 四 周 发,砍 树 根 发 芽
459,L,2,田L 每,Zzi44 qess Xo21 qess mu33,枝 修 枝 滑 做,修 滑 枝 木 光
459,L,3,74 田,31 le31 qe 55 D031,左 手 青栎 枝 拉,左 手 拉 树 枝
459,L,4,号 光,ZD 33 le31 re&p m11 903,右 手 腰 刀 抽,右手挥 腰 刀
459,R,1,扛 上 青 栎 木,du33 tsho21 q031 pu,回 还 走 处 行,走 在 返 程 上
459,R,2,去,tshi21 4021 Ve21 dr²1 pur4,狗 脸 旋 的 返,旋 转 狗 折 头
459,R,3,% 7,tce tce 44 thu33 me nD's,绳 尾 绳 扣 穿,绳 尾 穿 绳 扣
459,R,4,去,di21 1D33 ms pu44 9031,的 返 了 回,地 往 回走
460,L,1,司 众,Ip33 d2133 tsh:33 1$033 nu33,转 了 你 院 到,回 到 你 家 院
460,L,2,甩众 Z 日,niss dz13 tsi33 1033,你 院 宅 前 处,你 家 院 坝 里
460,L,3,7 万 m 住,Ve21 si44 kh133 tsi33,棺 木 那 四 棵,那 四 棵 棺 木
460,L,4,包 3= 分,niss 33 Ge33 eemg1 yD,短 短 的 长 断,依 需 断 长 短
460,L,5,马 3= 7,zi33 dle31 q1ss SD31 SD31,标 标 呢 劈 解,弹 线劈解木
460,R,1,7 W,si44 m121 4iss 1021,棺 木 样 四 面,棺 材 四 块 板
460,R,2,日 后 老 少 来,Z4 分 M WL,33 33 ci31 ne4 nu YD,你 的 棺 新 看
460,R,3,效,A.S5 phu²tshomu²1 hg33,阿 祖 1人老 房,祖制 川老人房
461,L,1,? 3=,ID33 33 10 4 ne4 ne44 m6,石 黑 黑 个 进,进 人 岩 般 棺
461,R,1,W 全,12nb 33 z.i33 SD nu33 $OSs,棺 找 你 获 去,你 去 把 住 它
461,R,2,? 3=,ne 44 44 1D33 tsh33 1044 ne,石 黑 黑 个 下,下 似 岩 棺 底
461,R,3,WL 九 M WL,Ve21 ci31 ne 33 1nb ci31,棺 新 与 枢 新,新 棺 材 置 之
461,R,4,to 出,"th21 he33 1,33 ny33",一 房 你 来 获,你 获 一 房 屋
461,R,5,分 效 Z4,33 A21 t4u33 toss yD $0.s,夺 敖 硕 阿,夺 敖 硕 阿
462,L,1,20 住,tshi21 4D33 33 tsi33,狗舌水 客 遇,狗舌遇 遇水客
462,L,2,九丑,33 tshil 4D33 VE tsi33,狗舌贵 客 遇,遇到了贵客
462,L,3,九分 W,Ve?1 tsiss VE 21 ne 33 yD 33,棺制棺 也 得,棺材 已 制 好
462,L,4,九 2,Ve21 1 Ve21 133 ng33,棺找 棺 也 来,棺材已备下
462,R,1,W 飞 田W,21 ve tsiss ad 33 mp 21 tsiss,棺 制 我 不 制,制棺不为我
462,R,2,Z 日,np 33 teiss nu33 1033 b121,我找 你 处 给,不制备 我 为 你
464,L,1,荟下每田 &,t4ess ba44 mu33 mp 21 mb 31,鹰 独处 做 （不完,不 唯鹰独处
464,L,2,下X3洲,VD21 ba44 tsi's tsi's hy31,鸡 独处 孤 孤 立,独 鸡孤 独 虫站
464,L,3,七 3= 丰,"z,j33 Z133 ni44 mu21 13",苍 蝇 静 静 看,苍蝇静静听②
464,R,1,A,4u33 ku33 si33 le44 piss,银 金 戒 指,银镯 金戒指
464,R,2,ZZL &,dzi31 tsiss ho33 33 SD33 mb,美吉 引人 完,吉美 经赠 完
464,R,3,DE7,1pD33 n1²1 le31 da44 dzD21,彝手布裁剩,彝人裁布长
465,L,1,Z,le31 bu²1 niss tci44,汉 手 绸 扯 短,汉 人 扯 布 短
465,L,2,田 # 田 # 每,mp 21 ts133 ts13 mu33,不 剩 不 剩 的,并 遗 缺 非 全
465,L,3,OX Wi 开#,tsess thi21 dzi21 ts133,光滑 接 一 章 剩,接 清 爽 一 章
465,L,4,I 7开7 # 天 米,thi21 dzi21 ts133 tDSs,一 章 剩 搁 着,缺 此 ：一 章 经
465,R,1,#,le31 31 h33 :44 qe 3.31 ni Sess,手 引赶 线 棉 绕,双 手 绕 棉 线
465,R,2,每 九,mp 33 mu nu33 bi21 ne33,把 它 经 给 也,我 诵 与 你 经
465,R,3,专 效 君,A21 bo21 tshi21 dzp21 si33,阿 波 尺 杂 斯,阿 波 尺 杂 斯③
465,R,4,专每 女 配,tche21 mu 33 33 li33 np Dos,清醒 的 听 来 要,耳 聪 来 听 起
465,R,5,7世,"kho21 si33 3G nu,33",柯 兴 诗 安 奴,柯 兴诗 安奴
466,L,1,灶 不,zi33 du33 S121,水 处 寻 还 要,还 需 寻 净 水
466,L,2,还 需 寻 净 水,Z.133 ne21 Z133,水 美 水 塘 大,湖 大 澈 水 清
466,L,3,Z 7科,thu21 ssIb de21,水 桶 拿 水 打,用 桶 去 挑 水
466,L,4,与,tsh133 ni21 bi21 mp 33 2133,十 二 河 水 大,至 十 二 大 河
466,L,5,男 3,si33 4133 z.133 m6 21,雁 走 蛇 游 水,河 中 雁 蛇 游
466,R,1,田,zi33 kh133 21 X033 mp 3G,水 净 它 不 是,其 非 洁 净 水
466,R,2,九 万 田,nD 33 ne33 kh1331 mp²1 tho31,我 也 它 不 涉,我 不去 涉 足 去
466,R,3,与 4,1p21 ni21 44 4u33 zi133 mx,陆 良 湖 白 水,陆 良 白 茫 湖
466,R,4,正,"ho33 z,133 be21 9D33 tC14",野鸭 戏 养 育 水,野 鸭湖 游栖
467,L,1,万 田 国,"z,133 kh133 33 X0.33 mp 21 e",水 净 它 不 是,它 非 洁 净 水
467,L,2,田Z 九,33 ng33 kh33 mp²1 tho31,我 也 它 不 涉,我 不去 涉 足
467,L,3,九万雨,nu3 nae33 kh133thD21 du33,你 也 它 不 碰,你 亦 莫 碰 它
467,L,4,?,:33 4D21 10 44 le31 z1,水 溪 石 手 水,丛 石 涧 溪 水
467,R,1,万 田 国,"z,133 X033 kh133 mD21",水 净 不 是,它 非 洁 净 水
467,R,2,飞④ 九万 田 Z8,33 kh33 du3 ng33,我 也 它 不 弄,我 不去 去 沾 它
467,R,3,我 不去 去 沾 它,enu ng33 kh133thD²1 th031,你 也 它 莫涉,你 亦 莫 涉
467,R,4,Z8,ho44 du²1 niss dze 44,拌 处 嘴 滴 水,兽滚 滴 口 水
468,L,1,田 国,"z,i33 kh133 21 33 X033 mp ne",水 净 它 不 是,它 非 洁 净 水
468,L,2,九 万 田 Z8,np 33 kh133 mp 21 du33 n033,我 也 “它 不 弄,我 不 去 沾 它·
468,L,3,九 万,nu33 ne33 kh133thp21,你 也 它莫 涉,你 亦 莫 涉 它
468,L,4,三 3 D,"ssad ness si33 4133 z,133",蛙 潜 蛇 滚 水,蛙 潜 蛇 滚 水
468,R,1,万 田 国,zi33 X0.33 kh133 mp21,水 净 它 不 是,它 非 洁 净 水
468,R,2,Z出 九 万,nu33 ne33 kh133thD21 du33,你 也 它 莫 弄,你 亦 莫 沾 它
468,R,3,毛W至,"dz,o²1 ae le31 z.i33",山 箐 山 边 水,水 深 冏山 箐底
469,L,1,N. 司 ZZZ,tshi33 duss 1D33 tsiss z133,麂 獐 喝 水 蘸,麂 浴 獐 喝 水
469,L,2,万 田,kh33 21 33 X033 mp ne,水 净 它 不 是,它 非 洁 净 水
469,L,3,7 日,te33 bu33 tche33 1033 ne 44,黑 处 云 顶 上,黑 云 之 顶 端
469,R,1,举 A IU,lu²1 ne 44 thi21 dza,龙 黑 下 甩 一,黑 龙 摆 甩 身
469,R,2,WI 2.C,lu²1 ku33 thi21 pa 44 4e33,龙 身 一 下 抖,黑 龙 身 抖 下
469,R,3,天 空 雷 声 震,A 7 IM,lu21 mess thi21 44 ps,龙 尾 一 下 摆
469,R,4,A 7 IM,lu21 mess thi21 44 ps,龙 尾 一 下 摆,龙摆 一 下月 尾
470,L,1,去4,33 21 di21 tsh33 hp33 mp ms,雨 水 地 下,雨 水 下
470,L,2,IM 灶,2.133 kh33 thi21 du21 X033,水 净 那 一 池,那 池 圣 洁 水
470,L,3,九 田 7,niss 1p21 ne mp 21 du33,牛 嘴 也 不 触,牛 嘴未 曾 触
470,R,1,Z 九 田X,33 33 tshi21 pu Di's ne,绵羊 嘴 也 不 涮,绵 羊 未 曾 涮
470,R,2,九 田,li5s niss nae? 33 mp21 dzo,山羊 嘴 也 不 沾,山 羊 不 曾 沾
470,R,3,飞 万 九 分,np 33 kh33 YD 33 to33 ne33,我 也 它 得 饮,我 饮 此 池 水
470,R,4,九 分 出,33 ne 33 kh33 33 np yD Zur21,我 也 它 得 用,我 用 此 池 水
470,R,5,Z4 面 用,li33 si55 t4u44 ms 33 do 44,人 夜 临 来 先,阳 世 夜先 临
471,L,1,用 年 MI #,33 thj21 np pi33,前 先 一 步 移,往 前 移 步 一
471,L,2,田 电 九,mp dlp33 tw ne 33 dlD33,不 成 地 也 成,此 水 移 何 地
471,L,3,π 光,kur's dzi²i tsi33 niu33 dlp33,格 资 院 坝 成,移 至 格 资 院
471,R,1,分 勿 万 雨,33 kh33 XD np 33 thi21 pi33,后 来 那 一 步,后 又 移 一 步
471,R,2,甘 ? 住光,dp²1 fuss tsi33 niu33 dlD33,岛 弗 院 坝 成,移 至 岛 弗 院?
471,R,3,甘 ? X,"z.33 tshi21 dp21 fu""s",水 净 岛 弗 洗,岛 弗 洗 净 水
471,R,4,甘 ? 司,"z,133 dp21 fuss 4021 ssp",岛 弗 脸 水,脸 岛 弗 水 抹
472,L,1,ZZ WL,tshi21 ci31 mo²1 he31 1031,老 洗 年 轻 成,老 脸 变 少 颜
472,L,2,田 九,"mp"" dlp33 ne 33 dlD33",成 不 成 地 也,此 水 移 何 地
472,L,3,π 飞 住,dzi21 V133 niu33 dlp33 tsi33,官 家 院 坝 成,移 至 官 家 院
472,L,4,田 3= 分 ZZZ 雨,lu21 tsiss thD21 lu²i YD 33,样 样 得 唱 时,得 水 喝 N 日
472,R,1,西乍 不,zj33 fu33 thu31 nu33 4e33,嫁 出 你 夫 去,你 夫 出 嫁 随
472,R,2,九 住 众,"$03 tsi33 dz,133 do44 ne33",转 也 院 坝 出,走 出 娘 家 院
472,R,3,N,tshi33 tshi21 Z133 le31,脚 洗 手 腋 水,用 以 洗 手 脚
473,L,1,号 田 π,mp 1y44 dzi21 ni33,官 死 不 爽 日,患 疾 官 死 日
473,L,2,π 田 WI 必,si33 dzi21 mp21 thi21 go's,官 死 不 太 情愿,官 不 情 愿 死
473,L,3,分 年 万 雨,"33 44 kh,33 thj21 pi33 yD np",后 来 那 一 步,后再移 一 步
473,R,1,电 田,mp²1 dlp33 tu ne 33 a,不 也 成 成 地,此 水 移 何 地
473,R,2,半 飞 住 光,niu33 dlp33 sshu tsi33,将 家 院 坝 成,移 至 将 家 院
473,R,3,田 3= 半 目 亏,ni33 lu²1 lur²1 mu t5033,样 样 将 处 看,万 事 靠 将 帮
473,R,4,目 九 住 众,t5033 ne 33 tsi33 dz133 do4,转 也 院 坝 出,转 移出 院 坝
473,R,5,西乍万,"fu33thu31kh33 dess 2z,133",嫁 出 她 夫 去,出女 嫁随夫去
474,L,1,3,V131 tshi21khp33 SD 33 2133,穿 洗最 美 水,洗 衣 最 清 水
474,L,2,半 子 田 WI 必,si33 mp²1 thi2i,将 死 不 太 情愿,将 不 情 愿 死
474,L,3,半 子 米 OX 必,si33 zi44 tse 55 55 muss Z1 ob,将 死 清爽 接 情愿,但 喜接清爽
474,R,1,分 勿 WI 雨 #,33 thj21 pi33 tsiss XD nD33,后 来 一 步 移,再 前 移 一 步
474,R,2,田 电 九,33 mD21 dlp33 tu ne dlp33,不 成 地 也 成,前 移 至 何 地
474,R,3,不 灶 住光,pi33 du21 tsi33 niu33 dlp33,毕摩 处 院 坝 成,移至 毕 摩 处
475,L,1,3= 不 目,lur²1 lur²1 pi33 15033 ni33,样 样 毕摩 有 日,有 毕 摩 N 时
475,L,2,西卡,fu33 thu31 33 nu 4ess,嫁 出 你 夫 去,出 嫁 随 夫 去
475,L,3,目 九 住 众 五,t$033 ng33 tsi33 dz133 do44,转 也 院 坝 出,转 移 出 院 坝
475,L,4,必 X,vi31 tshi21 qD 21 tshi2,穿 洗 披 洗 水,清 洗 衣 服 水
475,L,5,三 三,tsh;33 duss le31 duss 2133,脚 蘸 手 蘸 水,洗手洗脚水
475,R,1,田 4 分,1y21 t4u33 ni33,不 爽 人 死 日,患 疾 人 死 日
475,R,2,Z4h 田WI 必,t4u44 si33 mp21 th;33 q055,人 死 不 太 情愿,人 不 情 愿 死
475,R,3,人 不 情 愿 死,Z4h 子 OX,t4u33 :44 tse 55 Z1,人 死 清爽 接 情愿
475,R,4,小 企,du21 zi44 khD33 mi33 tsiss,阳 间 清爽 怎 接,清爽 怎样接
476,L,1,,7 Z OX,si44 44 12n6 xw niss tsess,木 犁 铁 嘴 接
476,L,2,7 Z OX,si44 44 12n6 xw niss tsess,木 犁 铁 嘴 接,木 犁 接 铁 铧
476,L,3,口 IU 亏,ni33 np 55 1033 tsh:33 thi21,阴 处 到 一 日,去 阴 间 之 日
476,L,4,Z Z出 田,si33 fe33 nu33 mp21 fe33,他 渴 你 不 渴,人 渴 你 不 渴
476,L,5,万 九 丑,"kh,33 nu33 De1",它 也 你 遗 物,水 是 你 遗 物
476,R,1,7L3= 女 Z,tshi3ltshi31 V133 np 33 1D33,全全 听 了 拿,细 细 听 清 楚
476,R,2,7开 每 OX,dzi21 mu3 bi21,清爽 接 钱 的 给,水 即 赠 爽 钱
476,R,3,7开 日 分,dzi21 bi21 nu 1033 33 yD,钱 给 你 处 得,给 钱 你 收 到
476,R,4,X 3= 7.0,z133 1i33 tshi2! tsess tsess,清爽 接 接 的 吧,接 守 住 清 爽
476,R,5,田 OX 田,"np"" tsess mD 21 $OS",不 接 你 不 得,无 爽 不 接 清
477,L,1,与,2i44 tses nu33 $0S5 di31,清爽接你 得的,你已获清爽
477,R,1,子开学,mu² thi21 dzi² tlu ne33,春天 一 季落,如同春去也
477,R,2,W开学m,thj21dzi²t4u33 m'zp eemb,章落完了,此经已诵完
479,L,1,见》,thi33tche33du²1 pu3,地上德 布 儿,地边德布 儿
479,L,2,O 山 WL 飞,mp imb. mx nu 33,湖 月口冏 德 希 女,湖岸德希
479,L,3,正,kh133 zi33 #33 tsiss,那 样是 遇 啊,如此遇佳配
479,R,1,子了档,mu²1 hp33 te33 si33 tsDs 55,下 雨 云黄结,雨孕于黄云
479,R,2,雨孕于黄云,le31 the33 s3 m821,妻手线事找,纺线经妻手
479,R,3,纺线经妻手,831 ZD21 133 mu33,家始 台儿来做,家庭夫来立
480,L,1,下: % 田 与,A21 21 me 55 mp 21 d31,姑 娘 留 不 得,姑 娘 留 不 住
480,L,2,4 九 目,n033 si21 4i33 1$033,大 也 走 风 转,长 大 如 风 转
480,L,3,4 Y 4 O,qh031 21 4D33 2133,繁殖 大 年 呢 大,大 年 大 繁 殖
480,L,4,Z4 效 下:,b121 yu 33 A21 me21,奴 比 额 阿 曼,奴 比 额 阿 曼
480,L,5,效 雪,thu33 b1²1 te33 A21 dess,特 比 当 阿 晒,特 比 当 阿 晒③
480,R,1,万飞 去 女,kh33 mu 21 du21,他 牲 使 的 想,他 想 用 祭 牲
480,R,2,万光去 去,qD33 kh33 teiss di21 du21,他 粮 找 的 想,他 想 找 粮 食
480,R,3,万 每 去 如,"kh,33 ni's mu3 di21",他 做 的 想,他 想 做 法
480,R,4,万 安 去 女,kh3 Ve33 du2! tess,他 客 待 的 想,他 想 要 待 客
481,L,1,四,tess h33 21 VO3 ab mp,客 待 粮 不 有,待 客没 有 粮
481,L,2,田 m,thu? n1*5 p133 mp ts033,点 毕摩 不 有,驱 邪 无 毕 摩
481,L,3,不 开 不 开,ne g21 ne 21 ge31 eeld,毕摩 良 毕摩 良 赶,寻 找 贤 毕 摩
481,L,4,不 住 亏,tsi33 tsi33 ni33 Eeld,毕摩 叫 桌 子 坐,毕 摩坐桌边
481,R,1,光田,qhD33 m8 tD33 mp t$033,前 起 粮 不 有,起 身 食 无 粮
481,R,2,至 光每,"4033 si21 q""D"" h33 mu33 kD33",山 果 粮 做 筛,山 果 粮 筛
481,R,3,光年 每,kD33 hp33 33 ab mu Ze31,粮 筛 雨 做 下,筛 粮 似 雨 下
481,R,4,与 7,qD33 dlp33 ni21 4021 do21,粮 降 两 面 掉,粮降筛两边
482,L,1,田 日,21 th33 1033 mD kD33 kD33,不 过 地 处 过,从 远 方 经 过
482,L,2,系 π 特,ze 44 pu33 dzi21 9033 kD33,鸡 鸣 碰 里 过,鸡 过 鸣 五 更
482,L,3,飞,33 th33 niss leyb pur V@33,山 处 口 周 百,山 林 周 边 百
482,L,4,茶 电 飞c,zi133 th33 lexyb tur33,水 处 地 周 百,湖河 岸边 显
482,R,1,与 飞又,ni21 du33 h31 33 8_b ab,两 样 留 搁 啊,两 次 百 果 粮
482,R,2,亏 必,th121 ni33 nu33 V133 ku33,一 日 你 家 做法,日 做 法 年 一
482,R,3,尔 WI 亏,ny33 V133 ku33 th121 ni33,你 家 做法 一 日,你 家 法 日
482,R,4,本 田,tD33 ku33 yu mp t$033,前 起 神枝 不 有,没 有 祭 场 枝
482,R,5,A 不 本 每了,te33 tD33 p133 ku33 mu33,蕨 草 神枝 做 立,蕨草做神枝
483,L,1,X3= 每,tshi21tshi21 VD? 33 qho21 mu33,茨茨 网 做 铺,茨茨 当 网 支国
483,L,2,田 目,yu tD33 mw²1 mp21 $033,前 起 牲 不 有,祭 祀 无 牺 牲
483,L,3,日 田 亏,ku33 1033 sis5 ni33 mD21,身处 血 不 蓄,身体没有 血
483,R,1,π 田#,"niss z,i33 dzi21 mD21 ts133",口 水 生 不 滴,嘴 无 口 水 滴
483,R,2,38 3 田斋,mp² khp²1 n1ss ku33 n1ss,孽 做 孽 不 效,驱 邪 不 起 效
483,R,3,分 亏 WI 安,ax ni33 thi21 Ve3 33 ku3,后 日 一 客 做,次 日 做 法
483,R,4,效 企 本,A33 ku33 le31 lur33,什 么 神枝 手 伸,什 么 做 祭 枝
483,R,5,了,4D²1 te33 dle31 ku33 mu33,牙齿 草叶神枝 做 立,牙齿草做枝
484,L,1,祭 场 无 拦 网,qD²p phu33 VD33 mu 33,考 普 网 做 铺,考 普 当 网 支
484,L,2,? 7,1044 A33 qu' 33 33 na31 mp,石 附 螺 蛳 大,附 石 N 螺 蛳
484,L,3,效 每,A33 qu33 mu mu Zur²1,螺 蛳 牲 做 使,螺 蛳 当祭 牲
484,R,1,Z π 田 #,ni33 Z.i33 dzi21 mp21 ts133,口 水 生 不 滴,嘴 水 滴 无 口
484,R,2,与 灶 %,du3 ku33 1D33 ax 33 Di,二 样 做 了 掉,法 事 做 两 场
484,R,3,九 万 田斋,ku33 ne 33 kh33 mp²l khp²1,做 也 他 不 效,法 事 不 起 效
484,R,4,田 W,n1ss ku33 n1s5 mp²1 dz.021,做 孽 不 驯,驱 邪 邪 不 乖
485,L,1,么 46 7:,nu33 b121 yu33 A21 mg21,奴 比 额 阿 曼,奴 比 额 阿 曼
485,L,2,开 雪,thu33 br²1 t@33 A21 dess,特 阿 晒 比,特 比 阿 晒
485,L,3,红 72 闲,133 ne 33 dzp21 nu33 4e55,你 来 美味 吃 时,该 你 美 食 时
485,L,4,当开 田,"ab h33 dz,i21 mp 21 b121",你 粮 钱 不 给,何故 不 奉 粮
485,R,1,Z出 2ZZ,133 33 thp21 nu33 ne tsi's,你 来 美味 喝 时,该 你 美 饮 时
485,R,2,光去 田,qD33 nu33 dr21 mp21 pD 33,你 为 何 不 参,为 场 何 不 在
485,R,3,飞= 去,dzi21 d131 zi33,你 二 人 的 呢,你 夫 妻 二 人
486,L,1,Z出 Z 田 目,55 nu V33 np mp 21 t$033,你 家 借 不 有,向 你 借 你 无
486,L,2,W 每,"nu33 q""D° h33 nu33 lur's mu3",你 粮 你 喜 做,你 粮 仅 度 你
486,L,3,W 飞 住 V 日,lur's V133 tsi33 dz133 1033,主 家 院 坝 里,主 家 院 坝 里
486,L,4,米子 3=,tshi²lmu² d dze4 the21 the21,冬 天 冷 嗖 嗖,冬 日 冷 嗖 嗖
486,L,5,X,tshi21 dlD3 VD 21 ni's 4u133,冬 降 雪 下巴 白,雪飘 胡 须 白
486,R,1,九 不,21 nu33 ZE ne33 nu 33,你 大 与 你 小,长 辈 与 小 辈
486,R,2,4 目 3 众,t$033 A21 SD33 dz133,大 有 哪 个 根,老 者 居 何 处
486,R,3,光 目 又,A21 nas t$033 SD3 tD's,小 有 哪 个 搁,幼 者 住 何 处
486,R,4,子 住 7z,q033 mu21 fe5s tsi33 de21,天 中 崖 锣 打,雷 似 岩 中 锣
487,L,1,至 独万 配 目,dz121 kh33 33 4e33 ol 1$033,野 兽 它 见 在,岩 间 现 野 兽
487,L,2,小,mi33 th33 du21 ni4 dle33,地 面 堵 尼 多,荒 野 堵 尼 多
487,L,3,小 分 -1=,du21 ZD tsu 33 qo 33 Dia,堵 尼 儿 中 双,结 对 堵 尼 群
487,L,4,4 众 万,"21 dz133 kh133 l1,33 33 3G",大 根 它 来 是,与 老 有 缘
487,L,5,小 配 w,ni44 du21 D033 lur*'s,堵 尼 大 对 喜,堵 尼 喜 老者
487,R,1,小 O,ni44 du21 aG 55 4D33 9031,堵 尼 阴 魂 回,堵 魂 尼 陪 阴
487,R,2,4 众 万 日 会,dz13 kh33 1033 tD33,大 根 那 起 雷,大 N 根 源 此
487,R,3,7限 3 每,bu21 si33 tshi21 mu 33 SsOb,蝶 黄 狗 的 野,黄 蝶 逗 狗 要
488,L,1,,bu²1 4u33 khw*qD33 dy31,蝶 白角若 长,白 蝶 长 触 角
488,L,2,九荟 3E,vi14 tshi21 tsD33 1p21 da44,狗 找 牛 拦 花,牧 戏 它 牛 狗
488,L,3,男 甘,ms 55 dp21 kD33 21,三 道 路 大 走,三 条 道 上 行
488,L,4,日,9033 phu33 mu33 1033 kD33,亲寨 高 处 过,寨边高处过
488,R,1,州,33 0.55 hx31 tGe33 ozp pu,星 沾 山 头 站,站 连 星 山 头
488,R,2,星 山 头 上 连,VD 21 dlp33 kuss tx44 thu33,雪 降 九 层 厚,积 雪 九 层 厚
488,R,3,ZZ 日,33 dlp33 he31 1021 ness,霜 降 八 凹 深,霜 落 八 凹 深
488,R,4,希万,khD²1 dzo² kh133 133 mu33,效属它 来 做,此地有物靠
489,L,1,U 3=,si21 mp3 tsh121 sur2l 1ams,果 子 下 沙 沙,熟 沙 沙 掉 果
489,L,2,面 亏,VD tchi31 ms 55 4y55,鸟 寒 天 晒 三,鸟 寒 晒 三 日
489,R,1,200 甘 特 男,si21 dp21 kD33 4u33 好为,七 道 路 白 走,走 大 路 七 条
489,R,2,ZZ 甘,"he31 dp21 kD3 ts""o' ho21",八 道 路 岔 伴,经 八 个 岔 口
489,R,3,Z 日,niss 1033 tshi21 4i3 do33,嘴 处 冬 风 咽,嘴 吸 冬 寒 风
490,L,1,4 九 的,21 Z8 ne33 qe31,大 也 大 赶 去,去 找 大 者
490,L,2,4 众 3,"dz,133 A21 SD33 SD 33",大 根 哪 个 起,大 者 是 何 人
490,L,3,效 nI,A21 ne 44 th121 dzu VD21,鸟 乌 鸦 一 对,一 对 黑 乌 鸦
490,L,4,子 勺 WI 学 司,th21 m²1 4u33 加 ku33,天 白 一 片 里,宽阔 天 空里
490,R,1,万 亏 分,"ni33 pu 33 niss kh,33 yD 33",山 侧 它 住 处,侧 处 山 它 住
490,R,2,Z 72,tshi2ts 33 niss dzD²! md,早饭 晚饭 侧 吃 山,山 侧 早 晚 餐
490,R,3,介,A33 33 tshi2lt tsu33qD33 mi,什 么 早饭 饭 粮,何 物 做 餐 食
490,R,4,U万 罗罗,"si21 kh33 ts""i""ts""u h:21h33",果 子 它 早饭 晚饭,果 子做 餐食
491,L,1,,si21 kh33 133 mg33 Se31,果 熟 它 来 摘,果 熟 它 来 摘
491,L,2,Z4 7:,nu 33 br21 yu²! A21 me21,奴 比 额 阿 曼,奴 比 额 阿 曼
491,L,3,奴 比 额 阿 曼,thuw33 b121 te33 A21 4e55,特 比 阿 晒,特 比 当 阿 晒
491,L,4,7,"si21 4u33 dzD21 ts""wr"" mu",果 白 晚饭 做 吃,白 莓 晚 饭
491,L,5,￥ 3 U,0.55 si33 33 pur 33 si21 mp,山 头 果 黄 大,山 头黄刺莓
491,R,1,司 3=,si21 vi44 33 vi14 t$o,果 花 转 转 开,花 朵 四 面 开
491,R,2,U 3= 光,si21 mp 33 VE 33 V@33 dy31,果 子 周 周 结,果 冏子 周 团 结
491,R,3,了 U 7,t@33 eng si21 ne je44 mp 33,埂 子 果 黑 子,田 爬 黑 莓
491,R,4,7,"si21 qD3 dzD² ne ts""wr""”",果 黑 晚饭 粮 吃,黑 莓 当 晚 饭
491,R,5,九 Z 与,ni21 pu33 ne33 duss,奉 与 经 二 样,奉与 经 两 样
492,L,1,希 Z 万 与 台,"kh,33 ni21 033 pu33 4u33",奉 经 那 二 桩,奉 经 此 二 件
492,L,2,4 灶 众 每,du33 b1²1 dz133 mu3,大 处 给 先 做,先 奉 给 大 者
492,L,3,男 面 甘,ms 44 dp21 kD33 21 好为,三 道 路 大 走,走 三 条 大 路
492,L,4,700 光 4 Z,si21 33 2j33 gu nD,南 方 水 大 蹭,南 方 水 大
492,L,5,片 特,pru33 0.55 9033 pu 33 kD33,亲 寨 山 头 过,寨边 山 头过
492,R,1,,ozp 33 de44 tce33 pu 3.1,星 沾 山 上 上,登 连 星 山 头
492,R,2,4@3,VD 21 4u33 tsh33 th@21the21,雪 白 下 旋 旋,白 雪 旋 纷 纷
492,R,3,4 日,dzo4 1o21 1033 c391 pu,星 沾 山 凹 处,连 星 山 凹 里
492,R,4,333 来 ZZ 安 3,he31 Ve33 办3,霜 堆 八 方 样,八方堆积霜
493,L,1,来 包，分,33 VD21 bu niss yD 4y.ss,雪 堆 午 处 晒,午 日 化 雪 堆
493,L,2,面 日 三,VD21 tchi31 su 1033 tchi31,雪 寒 夜 处 寒,余 雪 夜 间 寒
493,L,3,雪 冻 果 子 落,33 33 tce4khD²khp21 mp pe,果 掉 疏 条条,果 掉 枝 条 疏
493,L,4,灶 面,VD1 du33 SD 55 d133,雪 后 三 地 晒,雪 域 日 晒 三
494,L,1,田 分 九,33 do21 mp21 YD do21,掉 不 获 也 掉,不 获 舍 下 它
494,L,2,羽 九 田,"do21 ne33 mp 21 m133 1h,33",掉 也 不 忘 来,舍 下 难 遗 忘
494,L,3,7 又,"kh,33 zi33 do21 1D33 tDss",那 样 掉 了 搁,难 忘 亦 舍 下
494,L,4,与 至 日,"tsh,33 ni21 1033 4e33",十 二 林 大 处,十 二 大 山 林
494,L,5,十 二 大 山 林,bu²1 SsOs bu²1 dzD21 VD 21,虫 获 虫 吃 鸟,食林 虫 鸟 中
494,R,1,,s0²ku²z²khu²1 ness,松 气大 气 深,松 林 雾 盒
494,R,2,包 46,"k""u4 tD33 niss mX 4u133",气 起 雾 气 白,雾 腾 雾 冏白 茫
494,R,3,荟 7 亏,si44 ni33 t4ess mu pu4,鹰 老 树 洞 住,老 鹰 住 树 洞
494,R,4,半 7 4,kuw3 p*u? me'ss thu33,马 尾 人 身 盖,尾 做 铺盖 马
495,L,1,勾 每,ni2i1 44 no te33 mu33,牛 毛 柱 立 做,牛 毛 柱 立
495,L,2,Z 勾 女 & 全,33 ve31 no 44 du21 qu tD33,猪 毛 梁 条 上,当 猪 毛 梁 条
495,L,3,系 勾 易,Ze 44 no kh33 b11 q021,鸡 散 铺 毛 它,鸡 毛 铺 坝 场
495,L,4,日 面,si21 4u33 nu 33 su 33 b121,莓 白 你 三 给,白 莓 给 你 三
495,R,1,# 3= 了 3=,si33 si33 bi²1 ni44 ni4,绿 绿 黄 黄 给,给 黄 果 绿 果
495,R,2,700 甘,si21 dp21 kD33 21,七 道 路 大 走,走 七 条 大 路
495,R,3,田 片,tsh;33 phu33 tshi33 q033,不 到 亲 寨 到,走 到 远 方 寨
496,L,1,W 3=,VD21 tch133 tsi33 ms 21 surl,雪 米 细 沙 沙,细 米 雪 沙 沙
496,L,2,采不3,dzi²1 kha4 kha4 n133 kha4,霜 凌 刺 」尖 尖,霜 凌 柱 刺 尖
496,L,3,电 面 分,hp33 1021 zi31 phe33 ZD21,郝 罗 豹 灰 小,郝 罗 小 灰 豹?
496,L,4,亏,"th21 ni33 ku""s tce? pu33",一 日 山 九 梁,日 跑 九 梁 一
496,L,5,万 万 日 安,"kh33 1a33 kh,33 1033 dle44",它 来 它 处 觅食,山上 食 它 觅
496,R,1,万密万 日 77,kh33 dle44 kh133 1o33 do21,它 觅食 那 里 掉,觅 食 歇 山 上
496,R,2,WI 五 ZZ,th2i he31 fess kur's t44,夜 岩 九 层 一,一 夜 九 层 岩
496,R,3,万 号,"kh,33 13 fe5s ty44 zi31",它 来 岩 层 睡,它 在 岩 中 睡
496,R,4,4 7L万 田,tshi31 kh133 mp 21 30 33 33,大 代 它 不 是,它非 大 但 者
497,L,1,效 斋电至,A33 kD2 VD21 tu 4e33,禽 鸟 蒿 地 林,禽 鸟 栖 蒿 地
497,L,2,Z 至 日,ne 44 tsiss 433 vi44 lu33,鸟 美 山 花 朵,美 鸟 林 花 山
497,L,3,美 鸟 林 花 山,ZN 3 ZN,ne 44 gD 21 dzD21,鸟 金 鸟 食 吃
497,L,4,至 卫 米 目 电,433 ness 1D5s t$033 tur33,林 深 虎 在 地,林深虎 栖地
497,R,1,米 Z卅,bu21 siss bu²1 dzD 1o5s,虫 类 虫 吃 虎,虎 吃 野 虫 兽
497,R,2,全 7,kh33 qhD33kh33 33 SD mu33,它 粮 它 找 吃,食 物 自 找 吃
497,R,3,小 又每,tghi4 du21 le31 du²1 mu33,挖 手 挖掏 做,脚 」爪 掏地 果
498,L,1,小 每,niss du21 qur33 mb,挖 捡 嘴 捡 做,用 嘴 捡 地 果
498,L,2,Z 每,niss mb 33 niss dZD21 mu 33,嘴 捡 嘴 做 吃,嘴 捡 又 嘴 吃
498,L,3,专 Z4,kho21 si33 si33 G133 nu33,柯 兴 诗 斯 奴,柯 兴 诗 斯 奴
498,L,4,4 灶 全 目,zi33 du33 $D 33 t$o 33,大 处 找 在 呢,正 在 找大 者
498,R,1,台 日 3= IM,0.55 4u33 4u33 th21 204,头 白 冏白 一 人,有 一 白 发 人
498,R,2,4 众,1 dz133 kh33 3G 33 zi33,大 是 呢 根 它,是 长 者 始 祖
498,R,3,# A 每,2133 to33 tsiss 4u33 mu,露 白 水 做 咽,白 露 水 喝
498,R,4,A 飞= # 日 特,m6 21 ts133 1033 kD33,银 床 边 处 过,走 过 银 床 边
499,L,1,W 每 tQ,lurss mu33 kD33 he33 tshi33,喜 的 过 房 到,喜 悦 进 家 屋
499,L,2,弯 10Z WI,4033 4033 th21 4Dss vi31,白 衣 一 件 穿,穿 一 件 白 衣
499,L,3,子 了 3=,mu 21 bp33 lu3 lu33,天 黄 亮 明 明,霞 光 射 天 空
499,L,4,W 每 万 日,tsh33 luss kh33 1033,喜 的 那 里 到,喜 悦 到 那 里
499,R,1,4 分 4 飞 WL,ci31 t4u44 ZD 21 tlu44,人 儿 人 女 新,人 N 儿 女 新
499,R,2,W 九 7,055 ne 44 ci31 ne33 8Q33,头 黑 新 也 鲜,黑 头 青 年 鲜
499,R,3,Z 日 WL,ci31 ssnp dz121 1033,播 耕 畜 处 新,耕 播 役 牛 新
500,L,1,特 九 W,ci31 pur 33 Z.133 kD33 ne33,山 水 路 也 新,山 水 道 路 新
500,L,2,住专 4 九,t4u 44 tsi33 3.31 h.33 ne 33 33,人 遇 聪 也 爽,降 生 婴 聪 爽
500,L,3,WL 九 WL,ci1 ne33 ci31 33 tDss mb,新 也 新 搁 完,全 部 都 青 春
500,L,4,X 子 田,tshi21 21 mu2l VD mp 21 dlD33,冬 天 雪 不 降,冬 天 不 降 雪
500,L,5,白 会 田穴,tshi2i 4i33 tD33 mp² phu²,冬 风 起 不 疾,劲疾 冬 风 不
500,R,1,X 九 田,tshi21 ne 33 mD21 dur²! 013,冬 霜 也 不 放,冬 霜 也 不 降
500,R,2,700 子 3= 司 日,si21 mu kur33 10.33,七 天 天 里 处,七 重 天 空 中
500,R,3,A 云,0.55 4u33 nis tshu33,头 白 胡 须 白,白 发 白 胡 须
500,R,4,专 WI,si33 th121 mu 21 ZO h33,别人 老 一 人 来,一 陌 生 老 人
500,R,5,桂区,Ve21 le31 dzo tu33 si33,左 手 锁 具 守,左手 握 住 锁
501,L,1,号,33 le31 phu33 ZD tu33,右 手 开 具 拿,右 手 拿 钥 匙
501,L,2,专 晏五不面,"pD21 si33 mu² ku""s dzi²l",别人 老 格 资 帕,老者 格 资 帕
501,L,3,π 正决 W,kur's dzi21 tsi33 ab phu33,格 资 日 门 开,格 资 开 日 门
501,L,4,水 去 秋,do²1 d1²1 33 nu33 XD 2i33,掉 的 开 了 呢,天门开启 毕
501,R,1,700 子 3=,si21 33 33 mu21,七 天 亮 笑 笑,天 际 亮 堂 堂
501,R,2,日 W 显 3二,1021 zi21 tsi33 zi21 do44,太 阳 晶 晶 出,太 阳 晃 晃 出
501,R,3,甘 日,dp21 ve31 m133 t tche33 1033,岛 文 地 冏上 处,岛 文 N 地 上
501,R,4,3=,niss ecmy1 lu33 lur33 VD21,鸡 嘴 叫 连 连,雄 鸡 连 啼 鸣
501,R,5,W 子 民,tsi33 do44 mu²1 bD33,东方 天 门 亮,东方天门亮
502,L,1,# 西 3=,"tsiss z,133 h33 21 21 p""e ms ms",露 水 灰 盈 盈,露 水 珠 盈 盈
502,L,2,特 专科 3=,kD33 tche1 de21 de21,路 黑 清 明 明,路 面 清 明 明
502,L,3,飞 九 Z,siss 33 kD33 tsj33 ne V33,酒 碗 也 拿 也,酒 碗 也 带 上
502,L,4,九 Z 年,1D21 V133 ne33 1D33 kD3,茶 也 拿 了 与,茶 叶 也 带 上
502,R,1,,tsD33 kuss du33 V133,饭 献 九 样 拿,祭 粮 带 九 份
502,R,2,% 五,21 the31 XD S133 kur?s du33,肉 献 九 样 拾,祭 肉拾 九 份
502,R,3,# 去,ts44 tho21 ni44 kurss the44,松 绿 九 片插,松 枝 插 九 片
502,R,4,州,tge33 do 4 pu33 0.55 hy31,星 出 山 头 站,星出 山顶 上
503,L,1,f2 来 A,VD bur33 4u33 $03 ne31,香 灰 雪 堆 白,香 灰 似 雪 堆
503,L,2,九泌 电,bu21 tshu33tsh;33 31 qo tur33,蚊子 脚 曲 折,蚊 子 脚 拐 曲
503,L,3,D 同,tsh;33 A33 44 dz121 pDs xb,脚 伸 青 蛙 模,蛙伸腿前扑
503,R,1,W ZZ 企,4021 diss he31 Ve33 mj33,四 面 八 方 地,四 面 八 方地
503,R,2,茶 Z43= 小,0.55 du²1 tsh133tsh133,头 摇 冲 下 下,头 动 往 下
503,R,3,MI W,th121 kh033 do44 15133,献 一 桩 日 出,一 祭 祭 日 出
503,R,4,W 九 3升,do44 Z133 t133 t4Dss ne33,日 出 霞 也 射,日 出霞光 射
504,L,1,,"t4Dss Z133 tc""e"" h33 33 33 ne",霞 射 清 也 爽,霞射 天 晴 爽
504,L,2,O,th121 kh033 4D33 do44,一 桩 月 出 献,祭 祭 月 出 口
504,L,3,O 民 九 司,4D.33 do44 bD33 ne 33 lur33,月 出 亮 也 明,月 出 明 又 亮
504,L,4,IM,th121 kh033 tce' 33 31 yo,献 桩 星 际,祭 祭 星 宿
504,L,5,品 民 九 业,zi21 tce 33 do44 bp33 ng33,星 也 亮 也 晶,星出亮 晶 晶
504,R,1,SC 系,33 du33 th21 pu33 ms 4,三 更 鸡 一 叫,三 更 一 鸡 鸣
504,R,2,# 子罗,tsi33 a mu²l tsu 3G 33,露 降 天 光 斜,黄 露 降 昏 时
504,R,3,333 雨,"dl33 44 pu 33 th21 t""D D13 ze",降 鸡 叫 时 霜,露 降 鸡 鸣 时
504,R,4,# 3=,tsiss 1a13 S121 133 du21,霜 露 放 密 密,霜露密密 降
505,L,1,# 正 天 飞E A,dlp33 tsiss md bp21 4u33,露 降 山 坡 白,露 降 山 坡 白
505,L,2,33 州X 日,dlD pur² th121 1o21 013,霜 降 山 一 凹,降 霜 满 山 凹
505,L,3,金 W 每,nu 33 lur's ni4,你 心 你 喜 做,你 心 暗 自 喜
505,L,4,田 N. 电 日,"tsh:33 tu""3 1033 tshi33 mp",不 到 地 处 到,来 到 陌 生 地
505,L,5,W 子 飞 住,lur*s V133 mu21 tsi33 d2133,喜 天 家 院 坝,天 庭家 院 坝
505,R,1,住 众,tsh;33 h33 2i33 tsi33 dz1,院 坝 到 来 呢,来 到 院 坝 呢
505,R,2,田 配,mp D03 th2i 204 D033,不 见 一 人 见,见 人 一 陌 生
505,R,3,A X,055 4u33 tshi21 dlp33 VD 21,头 冬 雪 白 降,头 如 冬雪 白
505,R,4,九4万,ku3 tsh133kw5kh133,九十九 他 大,九 十 九 他 大
505,R,5,4 π,kh33 ku' 55 dzi21 ne 33,他 大 格 资 是,他 是格 各资 资神
506,L,1,九 田,33 33 kh33 mp² q031 aG ne,我 也 他 不 应,我 不 应 他 话
506,L,2,九 万雨 女,kh33thD21 nu33 ne33 np D33,你 也 他 莫 问,你 他 也 莫 问
506,L,3,4 配 700 工,si21 ts133 si21,七 十 七 大 见,见 七 十 七 大
506,L,4,甘 ? 700,dp21 fuss si21 ts133,岛 弗 七 十 大,七 十 岛 弗 大
506,L,5,700 甘 ?,si21 ts133 dp21 fuss,七 十 大 岛 弗,七 十大 岛弗
506,R,1,九万 田,"33 kh,33 qho31 aG ne33 mp²1",我 也 他 不 应,我 不 应 他 话
506,R,2,九 万雨 女,kh33thD² nu33 ne33,你 也 他 莫 问,他 你 也 莫 问
506,R,3,面 4 配,tsh33 55 21 su33 ms,三 大 见 十 三,见 三 十 三 大
506,R,4,见 三 十 三 大,tshi33tshx44 tsh33 s3,衙 役 三 十大,衙 役 三 十 大
506,R,5,九 万 田 4,"kh,33 21 np 33 ne33 mp 21",我 也 他 不 应,我 不 应 他 话
507,L,1,Z4 九万雨 女,kh33 thD21 33 nu 33 ng33 np,你 也 他 莫 问,你 亦 莫 问 他
507,L,2,与 工 与,EEOGi ni21 ts133 ni21,二 十 二 大 见,大 见 二 十 二
507,L,3,与 工 4,ni2i ts133 zi33,呢 二 十 你 大,二 十 你
507,L,4,二 十 你,"33 1,33 kh33q031 np tD.ss",我 来 他 应 搁,我 应 他 的 话
507,L,5,女 m,"kh33 nu3 np 33 no"" dz,w",你 他 问 要 可,你亦 问 他 可
507,R,1,九 女,kh33 33 nu33 np tDSs,你 也 他 问 搁,你 应 问 下 他
507,R,2,子要 日,mu2tghe33 Ve33t1 1033,天 上客 伴 处,天 上 众 客 中
507,R,3,天 上 众 客 中,kw33 tsh133ku5s 18033 1202,九十九 大 有,有 九 十 九 大
507,R,4,子 π 易 日,q033 fu33 b121 1033 mu,天 中 嫁 处,天 中 众 夫 妻
507,R,5,700 工 200 4,si21 si21 ts133 1$03,七 十 七 大 有,有 七 十 七大
508,L,1,子 刀,mu²1 ku33 m133,天 下 地 面 上,天 底 地 面 上
508,L,2,九思 亏 面,"ms 33 tsh,33 ms 55 21 ni33",三 十 三 大 住,住 三 十 三 大
508,L,3,子子 A 4,mu²1tche33 4u33 mu²,天 上 天 白 大,天 上 白 天 大
508,L,4,子 子 A,mu²l mu2l 4u33 1e31,天 大 天 白 阔,天 大 天 穹 罩
508,R,1,企 ZZ 3,m133 ne 44 he31 Ve33 SD,地 黑 八 方 舒,黑 地 八 方
508,R,2,ZZ 与,"tsh,33 he31 Vg33 ni21",八 方 十 二 域,八 方 十 二 域
508,R,3,效 46 专,A33 44 si33 m8 1,阿 舅 大 成 主,舅 舅 成 大 主
508,R,4,4 专 3=,si33 dlp33 mG mG,大 成 主 将 将,已 有 成 主 样
509,L,1,亏 孔 田,yu² ni33 Ze31 mp 21 XD3,前 日 下 不 掉,头 没 下 成 日
509,L,2,分 亏 田,yD 33 ni33 g21 mp 21 ze? e31,后 日 大 不 下,次 日 大 不 下
509,L,3,分 O 田,33 21 yD 1D33 mp 21 Ze31,后 月 大 不 下,次 月 大 不 下
509,R,1,与 O 田,ni21 21 4033 mp Ze31,二 月 大 不 下,两 月 大 不 下
509,R,2,A O 4,su' 55 4D33 1 Ze31 XD33,三 月 大 下 掉,三 月 才 来 下
509,R,3,田,mx qh31 ZE 21 mD,前 年 大 不 下,头 年 大 不 下
509,R,4,亏,33 qh031 YD Ze31 XD33,后 年 大 下 掉,次 年 大 下 去
510,L,1,与 4h 瓦,qh031 ni²1 Ze31 XD33,两 年 一 大 下 去,两 年 大 下： 去
510,L,2,4 田,Ze31 133 mp 21 tD33,大 下 来 不 肯,大 不 肯 下 来
510,R,1,Z 7 亏,niss du21 ni33 204,土 黑 生 处 住,黑 土 筑 巢 孵
510,R,2,黑 土 筑 巢 孵,44 1i33 tshp2i 4u”3 kh033 ZO,生 来 盐 白 样,生 得 白 盐 样
510,R,3,W 4 日 3=,tshD21 si55 siss 4u33 1033,盐 白 处 像 像,像盐 — 样白
511,L,1,ZI 3=,tshD²1 t1ss 133 ni21 ni21,盐 春 来 连 连,春 盐 声 不 断
511,L,2,W W A,tshp21 t1s5 tshp21 4u33 120ub,盐 春 盐 白 尘,春 盐 盐 成 粉
511,L,3,W 4 4 日,tshp21 4u33 1033 tsD 55,盐 白 大 处 喂,白 盐 喂 大 者
511,L,4,W 3=,tshD21 tSD 55 lu33 lur33,大 盐 喂 在 在,正 喂 大 冏白 盐
511,L,5,W A & 灶,tshp21 4u33 55 33 du3 as mb,盐 白 喂 完 后,喂 完 白 盐 后
511,R,1,3=,kw33 tD33 ms 21 sur²,大身 起,大 身 地 起
511,R,2,会 住 众,1h33 dz133 hy31 tD33 ts133,起 来 院 坝 站,起 身 院 中 站
511,R,3,田 年 年,mp 21 np tu33 th133 nD21,不 歇 地 方 歇,陌 歇 生 地 方
511,R,4,子 口,mu²1 lu33 44 tsh:33 xw Y031,天 城 湖 际 到,到天 城湖 岸
512,L,1,与 A 九,ni21 ku33 4u33 ze 44 ne33,两 身 白 也 如,两 个 身 躯 白
512,L,2,与 3 九,ni²1 le31 si33 Ze 44 ne33,两 手 黄 也 如,两 个 手 肤 黄
512,L,3,与 3 九,ni21 tsh33 ne33,两 脚 黄 也 如,两 个 脚 肤 黄
512,R,1,效 田 7h,A33 m133 kh133 mp21,什 么 它 不 知,不 知 是 何 物
512,R,2,Z 田 飞 马 WI,si33 mp 21 si5s th121 dzu,别人 不 像 一 对,异 它 者 一 对
512,R,3,7,"du33 1031. do44 1h,33",大 处 成 出 来,欲 成 为 大 者
512,R,4,专 灶 3=,si33 dlp33 du33 Ve44 ve4,别人 旁 处,在 一 旁
513,L,1,学 与,1D33 ni21 tu33 br21,攀 了 二 地 散,攀 散 到 二 地
513,L,2,与 电 %,1D33 ni21 33 33 qe31 tur XD,赶 了 二 地 掉,驱 赶 到 二 地
513,L,3,专 田 了,thp21 si33 ku33 mD 21 te33,别人 整 不 着 时,别 及 人 尚 不
513,L,4,Z # 了,nu3 si33 tsiss ku33 te33,你 别人 前 整 着,你 先 别 人 做
513,L,5,Z 田,1e84 VD21 mp21 pu33,别人 家 鸡 不 hu,别 家 鸡 不 鸣
513,R,1,用 7 # 日,siss si44 tsiss 1033 VD1,草 木 鸡 前 处,草 丛 鸡 窝 前
513,R,2,Z 田,si33 zi33 21 b121 pu33 mD,叫 主 呢 不 给,不 给 鸣 更 鸡
513,R,3,用 7 # 日,si44 kh33 tsiss 1l033,草 木 它 前 处,草 前 丛 鸡 窝
514,L,1,# 住 U,tsi31 tsiss dlp33 Y031 mp 33,支 召 资 窝 玛,支 召 资 窝 玛?
514,L,2,田 里里,mD 21 1031 kh133 1031 2i33,不 成 它 成 呢,不 成 也 成 了
514,L,3,Z 分 里,pu33 duss ZD21 tsw33 1031,hu 具 儿 双 成,成 一 对鸣 鸡
514,R,1,分 口 无,tsu33 1031 1h33 zi33,儿 双 成 来 呢,成 为 一 对 呢
514,R,2,分,qD33 1031 ZD21 tsu3,儿 对 若 成 去,一 旦 成 鸣 鸡
514,R,3,万 九 7儿L,kh133 ne? 33 pe 44 S16,它 也 大 离 伴,就 是 离 大 伴
514,R,4,π 半 每 亏,dzi21 mu 55 mu33 th21 ni33,将 做 一 官 日,官 将 N 日
514,R,5,口 每 IM 亏,lu33 qe3 31 mu33 th121 ni33,城 赶 做 一 日,进 城这 日
515,L,1,田年电 年,21 21 th33 21 mp np tu33 np,不 落 地 黃方 落,陌 生 地 落 脚
515,L,2,落木 木 额 比,mu21 muss b121 tsh:33,木 额 木 比 到,到 木 额 木 比
515,L,3,每,tc133 da44 tciss tp mu33,鸡嗦 木砍鸡嗦 木起 做,砍伐鸡嗦 木
515,R,1,,tc13 tshi33tshD21 t1s5 1o21,鸡嗦木根 盐 槽 春,木根 做盐
515,R,2,木根 做盐,tc13 21 hy3 tsh:33,鸡嗦木腰 大 站 桩,木 腰 大 站 桩
515,R,3,无田 h,tc133 gess 01 bD² tsh844,鸡嗦 木枝 大 旁插,木 枝 大 旁 插
515,R,4,749分 口,tc133 thu33 JD21,鸡嗦 木头 大 力 量,木梢 量 大力
515,R,5,W7 ZI 3=,tshp21 t1s5 h33 ni²1 ni²1,盐 春 来 连 连,春盐声不断
516,L,1,AW,tshp21 t1's tshD21 4u33 qo21,盐 春 盐 白 尘,盐 巴 春 成 粉
516,L,2,4 日 亏,tshD21 4u33 1033 tSD's,盐 白 大 处 喂,白 盐 喂 大 者
516,L,3,3=,tshp21 tSDSS lu33 lur33,大 盐 喂 在 在,正 在 喂 大 盐
516,L,4,让 公会,ku33 sur?! dr21,大 身 地 起,大身 地起
516,R,1,HI 开,th121 eemzp do44 1h33 tD33,对起 一 出 来,一 对 大 起 身
516,R,2,# 住 U,31 33 tsiss EaIP tsi33 yo mp,支 召 资 窝 玛,支 召 资 窝 玛
516,R,3,田 Z WI,mp²1 1031 si33 th121 1031,不 成 别人 一 成,不 成 成 一 物
516,R,4,7L 工 勿,tshi21 ts133 ms 1031,N 后 儿 对 成,之 后 成 一 对
516,R,5,万,"kh,33 qD33 1031 1D33 2i33",那 样 若 成 啊,若果是那 样
517,L,1,万九 7儿L,kh133 ne33 221 qISs pe4,它 也 大 罩 伴,它 是 大 离 伴
517,L,2,π 半 分,dzi21 mu 33 q”D33 XD mu33,官 将 得 若 做,若 能 做 官 将
517,L,3,品 口 亏,fess ms lu33 ni33,审 案 城 赶 日,进 城 案 日 电
517,L,4,田 年 电 年,mp² 21 np21 th121 tur33 np 21,不 落 地 落,落脚 地 方
517,R,1,子 亚u 易 年,mu21 yw 21 G133 b121 np 21,木 额 兴 比 落,落 木 额 兴 比
517,R,2,子 平u 易,m8 21 br21 tshi33,木 额 兴 比 到,到 木 额 兴 比
517,R,3,子 会 u 易,mu21 yu 21 b121 tp33 13,木 额 兴 比 起,从 兴 比 起 身
518,L,1,子司介,mu21 kur33 m13 th21 d33,天 下 地 一 片,天 底 一 片 地
518,L,2,茶 电 去,tche33tsh:33 h33 mG 55 tce 33 m1 33,额 江 地 上 到,到 额 江 地 面
518,L,3,田,mp21 1031 th2dzw33 1031,成 不 一 对 成,成 了 一 对 物
518,R,1,半 开,sshu ZD21 dzu33 1031 ni4,马 红 儿 对 成,成 一 对 红 马
518,R,2,茶 电马,tce tutche33 tD33 ssmG,额 江 地 冏·上 起,从 额 江 起 身
518,R,3,电 年,tho21 th33 21 b1²1 tur33 au,托 比 地 黃方 落,落 托 比 地 面
518,R,4,落 托 比 地 面,tho21 b121 tw3tche33tsh:33,托 比 地 上 到,到 托 比 地 面
519,L,1,子 公公,tho21 b121 tD33 yu,木 托 起 额 比,从 托 比 起 身
519,L,2,田 年 电 年,th121 mp21 nD2l tu33,不 落 一 地 落,落 到 了 一 地
519,L,3,易 MI 电 年,55 th21 qD b121 np 21,高 比 一 地 落,落 高 比 地 面
519,L,4,日 易 电,ab 55 br21 tu33 th.33 1033,高 比 地 方 处,高比 地 面 上
519,R,1,分,1o21 bo21 ZD tsw 33 1031,劳 波 儿 对 成,波 成 一 对 劳
519,R,2,配,1p21 bo21 1031 2133,劳 波 去 吧 成,去 成 劳 波 吧
519,R,3,万 九 7儿L,"kh,33 sTb kurss ng33",它 也 大 离 会,它 会 与 大 离
519,R,4,易 电 会,55 qD br21 tD33,高 比 高 地 起,从 高 起 身 比
519,R,5,从 高 起 身 比,"hp33 1o21 pu tce"" tsh;33",郝 罗 山 上 到,到 郝 罗 山 上②
520,L,1,,bp²l tce3 hp33 1031 pur 33 h33,郝 罗 山 坡 上,郝 罗 半 山 上
520,L,2,包 铁 口,niss tshi2i lu33 tsu 33,泥 土 墙 做 垒,泥 土 垒 做 墙
520,L,3,?,·1044 pu zi33 tshi33 noss,石 翻 柱 脚 垫,压骤 石 垫 柱 脚
520,L,4,# 住 U,tsiss dlp33 tsi33 yo 31 mp 33,支 召 资 窝 玛,支 资 窝 玛 召
520,R,1,西 电介,fu33 b121 tsh:33 tur33 m133,夫 比 方 地 到,到 夫 比 地 面
520,R,2,3 半 九4,"siss kw33 tsh,33 1p21",金 马 牛 九十,金 九 马 牛
520,R,3,3= 专 3=,si33 si33 1p21 1p21  be33,牵 牵 牛 牛 根,藤木 根牵黄牛
521,L,1,SSS 3= 茶,t4i44 t4i44 1D21 mG 33 tsD 33,缠 缠 劳 额 条,拴 牛 劳 额 藤
521,L,2,茶 专 %,1D21 33 1p21 si33 44 mG tce,劳 额 牛 牵 绳,劳 额 牵 牛 绳
521,L,3,专 20,ID21 si33 Ip21 mu 33,牛 牵 牛 走 做,牵 牛 行 去 出
521,L,4,子 田 天,mu21 mp 21 D$ 31 ni 33 tsh33,不 好 到 天 日,正 值 阴 雨 天
521,L,5,U 西 3=,hp33 33 su²1 tsh133 mp,雨 水 下,雨水 刷 刷 下
521,R,1,X 子 正 W,tshi21 mu²1 VD21 tch133 tsi33,雪米 冬 天 细,冬 天 细 米 雪
521,R,2,正 W 3=,"21 tch33 21 VD"""" 15i33 ms su²!",雪 米 细 沙 沙,细 米 雪 沙 沙
521,R,3,3=,ms 21 ms 21 S033 z.133 dlD33,沙 沙 长 水 成,沙 水 沙 雪 化
521,R,4,沙 水 沙 雪 化,dlp33 ce 44 m1 tsh;33 21,大 到 成 汉 地,大 者 至 汉 地
521,R,5,住 企,44 dlp33 ni²1 tsi33 ce m33,汉 旁 彝 接 地,汉 与彝地连
522,L,1,# 住 U,dlp 33 33 tsiss yo mp,支 召 资 窝 玛,支 召 资 窝 玛
522,L,2,Dz 企 电 日,ni21 Ce4 44 m1 33 tur33 1033,彝 汉 地 方 处,彝 汉 交 界 地
522,L,3,口 庄,tsi33 lu33 vi14,棵 上 花 朵 开,树 上 花 朵 开
522,L,4,田 U 田,mD 21 vi33 33 dy31 mp,不 开 果 不 结,不 开 不 结 果
522,L,5,不 开 不 结 果,133 1n33 1031 1D33 1031,成 来 啊 成 来,赶 快 来 成 吧
522,R,1,光 平u 子 Z,kho21 si33 nu33,柯 兴 诗 斯 奴,柯 兴 诗 斯 奴
522,R,2,效 飞 WI,A21 siss yu² th121 ni33,从 前 前 日 一,从 前 之 时 日
522,R,3,目,th33 nu thp21 yur²1 t$033,过去 你 在 时,过 去 你 活 时
522,R,4,目 fAz,ni21 nu33 1$033 qo21,你 在 顺 耕 牛,活 时 顺 耕 牛
523,L,1,目 3 Z 去,t$033 duss Iez! SD33,你 在 舒 播 牛,活 时 舒 播 牛
523,L,2,科 专,106 de21 si33 qho21 1i33,轰 打 主 灰 尘,打 场 扬 灰 尘国
523,L,3,Z4 子 又,A21 33 si33 ne nu33 tDss,在 现 你 死 搁,现 在 你 死 亡
523,L,4,公会 X Z,tsiss Z.133 tD33,起 独 水 大 蹭,独自 大水
523,R,1,小 弯,du²1 m133 nu33 4033 ni2l,阳 间 你 奠 牛,阳 间 祭 奠 牛
523,R,2,弯 众,133 1033 Di213 dz133 1031,奠 牛 根 成 来,成 祭 奠 你 牛
523,R,3,不 去 灶 3=,"z,133 d121 du²1 lu33 lur33",去 的 想 在 在,你 心 正 想 去
523,R,4,日 N. WI 亏,55 1033 tsh;33 th121 ad nj33,阴 处 到 一 日,到 阴 间 之 日
523,R,5,号 用,th121 ni33 si5s be21 sur's,一 日 草 三 捆,日 三 捆 草
524,L,1,用 5十,thi21 be21 tu44 S su's,一 捆 草 三 把,一 捆 草 三 把
524,L,2,十 用 IM,55 siss th21 ms tu4 be21,三 把 草 一 捆,三 把 一 捆 草
524,L,3,万,nu33 kh133 zi33 kh133khpss,你 那 样 它靠,如 此 饲 养 它
524,L,4,希不 柔 配,"kh,33 zi33 khDs no 55",那 样 靠 去 吧,如 此 去 靠 它
524,L,5,万 万当斋,kh133 zi33 kh133 q”D3khD55,那 样 它 若靠,若此般靠它
524,R,1,与,sms q031 ni2i tsh133 ZD?1,下 三 年 儿 二,三 年 下 两 崽
524,R,2,亚u #,phe33 thD21 tsiss z133,夏 季 露 水 灰,水 夏 日 灰 露
524,R,3,# #,1p33 tsiss 1D33 dl33 tsi's,露 了 降 露 了,露 水 连 连 降
524,R,4,4 住 Q 企,dlD33 tsi33 m133,大 迎 汉 地 旁,汉 界迎大者
525,L,1,Q,44 m133 tu33 tsh:33,旁 方 到 汉 地,来 到 汉 地 界
525,L,2,# 住 U,dlp33 31 33 tsi33 yo mD,支 召 资 窝 玛,支 召 资 窝 玛
525,L,3,田 Z 日,mp21 1031 si33 1033 1031,不 成 别人 处 成,成 物 不 成 一
525,L,4,开 A,kur3 4u33 b1²1 dzu33 1031,自 白 成 给 双,成 一 对 祭 牲
525,R,1,四,yu²1 th33 nu33 t$033 thp21,从 前 你 在 时,从 前 你 活 时
525,R,2,Z4 目,nu33 tS033 V@33 tess mu,你 在 客 待 牲,庆 牲 典 待 客
525,R,3,田 π,A21 3G 33 mp 21 dzi21,在 你 不 幸 现,现 在 你 亡 故
526,L,1,小,du21 m133 ny33,阳 间 你 渥 日,阳 间 之 渥 日
526,L,2,①,du3 khDss vu33 !2 nu33,渥 日 你 处 靠,渥 日 你 依 靠
526,L,3,日,55 1033 qD33 tsh;33 zi33 nD,阴 处 若 到 呢,若到 “了 阴 间
526,R,1,九,33 ni33 hp33 ni33 06 ng33,雨 天 晴 天 也,无 论 阴 晴 日
526,R,2,号 5果 面,kha31 th121 ni33 phe31,日 叶 三 扛 一,一 日 三 扛 叶
526,R,3,万 万 3,"kh,33 zi33 kh,33 as 55 2133",那 样 它 喂 去,如 此 饲 养
526,R,4,万 配,kh133 zi33 tsDSs 2133,那 样 喂 去 吧,如 此 喂去 吧
527,L,1,分,kh133 zi33 YD 33 ab h33 tsD's,若 喂 那 样 得,若 得 如 此 喂
527,L,2,分,"th21 qh031 th121 tsh,33 ZD1",一 年 儿 一 下,年 下 一 崽
527,L,3,万 丑 与,kh133 ne1 nu b1²1 di31,它 佳 你 给 能,你 牲 可 为 添
527,L,4,目 雨,"1,33 1Dss thp21 nu33 t$033",你 来 在 着 时,你活着之 时
527,R,1,分 安 政,nu3 33 tess mu 21 YD,你 牲 的 客 待,是 你 待 客 牲
527,R,2,分 全,33 1e21 de44 mw 21 ny33 yD,你 的 狮 起 牲,你 的 舞 狮 牲
527,R,3,Z4 分 工,nu33 yD 33 ts133 mu 21,你 的 襄 旁 牲,你 襄 牲 的 祭
527,R,4,金 77 Z,1206 de21 si33 qho21 1i33,轰 打 主 灰 尘,打 场 起 灰 尘
527,R,5,GZ,bu21 p1ss qo214D33 4031,虫 子 灰 土 裹,虫 子裹灰 尘
528,L,1,田,A21 33 nu 33 21 dzi21 mp,现 在 你 不 幸,现 在 你 亡 故
528,L,2,小 企 不,du21 m133 nu 33 vu33,阳 间 你 渥 日,阳 间 渥 日 牲
528,L,3,7 W,si44 mx 44 niss tsess gu²1,木 犁 铁 口 接,木 犁 接 铁 铧
528,L,4,口 WI 亏,thi21 th121 ni33 1033,阴 处 到 一 日,到 阴间 之 日
528,R,1,企 用,55 siss phe31 dle33 np m133,阴 间 草 叶 多,阴 间 草 木 多
528,R,2,用 W 7,i44 phe31 ci31 44 ni' DS,草 绿 叶 新 鲜,草 绿 木 叶 鲜
528,R,3,hI 亏 用,th21 ni33 siss tch121,一 日 草 三 口,草 一 日 三 口
528,R,4,# WL 40,si55 phe31 ci31 10-s ni4,草 绿 牧 叶 新,放 牧 绿 草 山
528,R,5,万 万,"kh,33 zi33 kh133 z,j33 105s",那 样 它 牧 去,那 样去牧 它
529,L,1,万 配,kh33 zi33 10.55,那 样 牧 去 吧,那 样 去 牧 吧
529,L,2,万,kh133 zi33 kh133 qD33 1055,那 样 若 牧 它,若 能 那 样 牧
529,L,3,WI 与 tz,"th21 q”031ZD² ni21 tsh,33",一 年 儿 二 下,年 下 两 崽 一
529,R,1,去 去 W 3=,ci31 ne 33 ne 33 ci31 ge31,美味 美味 新 新 赶,春 找 美 食 青
529,R,2,春 找 美 食 青,qe31 1D33 qe31 1D33,赶 赶 了 走 了,边 找 “边 行 走
529,R,3,4 企,44 44 tsh:33 88 ce m133,大 走 汉 地 到,大 者 到 汉 地
529,R,4,Dz 介,ce 44 m1 33 tsi33 m133,汉 地 葬 近 地,彝 界 处 汉 交
529,R,5,#,tsiss 1p33 tsiss 1D33 dlp33,前 了 前 了 成,先 前 成 一 物
530,L,1,分 8,niu33 dz133 thi21 tsu 33,猪 旁 儿 一 对,成 一 对 小 猪
530,L,2,田 π 雨,mp²1 dzi21 t$033 thp21,时 不 幸 你 在,亡 者 你 活 时
530,L,3,飞 安 晏,V133 21 nu33 V033 tess mu,你 家 客 待 牲,你 家 待 客 牲
530,L,4,弯 晏,lu21 1033 kh33 mu²1 zw 21,龙 祭 它 牲 使,牲 用 作 祭 龙
530,L,5,田 π,A21 De33 nu 33 mp21 dzi21,现 在 你 不 幸,现 在 你 亡 故
530,R,1,日 WI 天,55 1033 tshi33 th121 ni33 np,阴 处 到 一 日,到 阴 间 之 日
530,R,2,700,si21 ni4 $021 dzi31,菜 七 菜 全 绿,喂 所 有 绿 菜
530,R,3,WI 天,th21 ni33 tchg21 su fa44,日 糠 三 槽 一,日 三 槽 糠
531,L,1,万 万,kh133 2i33 kh133 as 55 2133,那 样 它 喂 去,那 样 去 喂 它
531,L,2,万 配,"kh,33 zi33 z,133 tsD's Dos",那 样 喂 去 吧,那 样 去 喂 吧
531,L,3,万 分 3,kh133 yD 33 ab h33 as 55,那 样 得 若 喂,若 能 那 样 喂
531,L,4,WI 与,th121 q031 ZD² ni21 tsp33,一 年 儿 二 窝,一 年 二 窝 崽
531,L,5,万 开 Z4 与,"kh,3 21 b121 dr21 ny33",它 佳 你 给 能,能 给 你 添 畜
531,R,1,WL 的,tsh031  si21 Gi31 qe31,行 走 新 赶 去,启 程 去 找 新
531,R,2,启 程 去 找 新,pultsu 33 VD pu33 VD21,鸡 公 鸡 母 对,一 对 公 母 司品 鸡
531,R,3,田 π 目 雨,tD21 mp21 dzi21 t$o*,不 幸 你 在 时,亡 者 你 活 时
531,R,4,飞,nu33 V133 VD21 pu3 mw 21,你 家 鸡 叫 牲,你 家 打 鸣 鸡
531,R,5,每 O,4D33 44 mu 21 mu33 m,孽 做 魂 叫 牲,驱 孽 招 魂 牲
532,L,1,田 π,21 A21 3G 33 nu 33 mp dzi21,现 在 你 不 幸,现 在 你 亡 故
532,L,2,Z4 田 π 口,nu33 mp21 dzi21 ni33 1033,处 你 不 幸 日,你 亡 故 N 日
532,L,3,7 m,Ve21 si44 kh33 diss m121,棺 木 那 四 块,棺 木 四 块 板
532,L,4,W 日 分,"qu21 q""u21 Y031 yD 33 1033",棺 口 际 的 处,棺 材 N 沿 口
532,R,1,W 单,#b hyss tsD 33 mb 33 mu 21,棺 站 粮 捡 牲,鸡 棺 头 啄 食
532,R,2,W ZV,qu21 the31 dz13s mu 1031,棺抬根 牲 成,成 为 葬 棺 鸡
532,R,3,WI,kho21 si33 th21 Eelg 2.04,柯 兴 诗 一 人,柯 兴 诗 N 人
532,R,4,田 3=,nu33 noSs lu²1 lu²1 mu2,你 要 样 样 牲,禽畜 你 要
533,L,1,W 小 企 司 ZZ,33 9021 du2i m133 ku dlur33,棺 挖 地 里 装,棺 埋 人 地 下
533,L,2,棺 埋 人 地 下,nu ness m133 ne 44 ness,你 失 地 黑 失,你 失 黑 地 里
533,L,3,介,55 m133 qD33 tsh33 zi33 np,阴 间 若 到 呢,若 到 达 阴 间
533,R,1,nI 亏 面 十,th21 ni33 si21 sur's tu4,粒 把 一 日 三,一 日 三 把 食
533,R,2,万 万 3,"kh,33 zi33 kh,33",那 样 它 喂 去,那 样 去 喂 它
533,R,3,万 3 配,"kh,33 zi33 tSD's z,133 nos",那 样 喂 去 吧,那 样 去 喂 吧
533,R,4,万,"kh,33 zi33 kh33 qD33 n55",那 样 若 喂 它,若 能 那 样 喂
534,L,1,O 分,th121 4D33 ZD21 th121 tsp 33,月 儿 一 窝 一,一 月 一 窝
534,L,2,万 开 分 与,kh33 33 di31 3G nu33 yD,它 佳 你 得 能,能 为 你 添 禽
534,L,3,W 每 W %,luur's mu lur's XD 33,喜 的 喜 过 去,欢 子 乐 过 日
534,L,4,w 每 W,lur's mu33 lurss kp33 z.133,喜 的 喜 过 去,快 乐 地 生 活
534,L,5,光 u 子 Z Z4,kho21 si33 si33 G133 nu33,柯 兴 诗 斯 奴,柯兴 诗斯 奴
534,R,1,7= 勿,du21 pu33 ZD² 21 xu44 q021,德 布 儿 湖 口,德 布 居 湖 口
534,R,2,九 4 O,e1 q031 ne 33 4D33,大 年 与 大 繁殖,大 年 大 繁 殖
534,R,3,开 日,th11 dzi21 nu33 1033 b121,一 章 你 处 给,章 诵 与 你
539,L,1,罗面子张,tshi21 su33 Zi5s mi33 mu²i,亡者夜天残 夜,天崩之丧夜
539,L,2,九公,siss tsh33 $033 pu 44 ID33,经 牛 了 冏下,逐页诵经文
539,R,1,万与,s03 tsho1 kh33 ni21 dzi21,诵伴那 二 官,诵经两 毕 摩
539,R,2,诵经两 毕 摩,bu²tcha3dzwxu²1 xu²,肩膀齐崭崭,并肩端而立
540,L,1,面,phD33 nu le31 sw 55 dur²!,女 手 布 三 匹,孝 女 三 匹 布
540,L,2,4 7水1 众,"p""D h33 4u33 le31 dz,133 do21",布 冏白 手 伸 量,手 臂量 量 白 布③
540,L,3,7开73 每 7L,dzi²r dzi21 mu tshi44 eemb,章 章 做 完 绝,盛 礼 行 完 仪
540,L,4,田 # 田 # 每,21 mp ts133 mD21 ts133 mu33,不 剩 不 剩 的,尽 量 无 余 漏
540,R,1,W Z 了 日,si33 31 lur's V33 yo 1033,勒 娓 死 处 处,勒 娓 之 丧 仪
540,R,2,WL 7开 #,si33 th21 dz.i21,死 睡 — 章 剩,缺 “亡 魂 人 眠”
540,R,3,7开 # 天,th121 dzi21 ts133 1p33 tDSs,一 章 剩 了 摘,尚 未 行 该 仪
540,R,4,74 子 开,kho21 si33 21 3G ny33,柯 兴 诗 安 奴,柯 兴 诗 安 奴
540,R,5,飞E # Z,si33 A21 bo33 dzi31,没 有 前 吃 主,亡 饭 故 吃 阴
541,L,1,,dzi31 dzp²1u²tch33 4u33,前 吃 你 米 白,阴 间 吃 白 米
541,L,2,专每 女,h21 mu 33 np 33 1h33 1D33,清醒 的 听 来 啊,聪 醒 来 听 诵
541,L,3,每 不,ad 33 mu 33 nu 33 b121 S121,我 做 你 给 再,我 再 诵 与 你
541,L,4,π Z 分 4,kurss dzi21 ZD zae,格 资 他 儿 大,格 资 N 长 子0
541,L,5,m 科,thg33 mx 44 1iss de21,铁 柱 四 根 打,柱 锤 打 四 铁
541,R,1,甘 ? Z 4,dp21 fuss si3 nu 33,岛 弗 他 女 大,岛 弗 N 长
541,R,2,田 目 正,mp 21 t3033 dzo21 qD 33 1D33,没 有 值 因 啊,值 身 空 无 物?
541,R,3,7开7 国,dzi2 t tce 44 tce 44,铜 绳 响 绳 拿,带 上 铜 链 子
541,R,4,田 亏 电 九 号,21 ni33 33 ni33 mD tu33 ne,不 坐 地 也 坐,到 屋 基 地
542,L,1,,A to 3 to,4u33 he33 $i33 he33 ku33,银 房 金 房 造
542,L,2,A to 3 to,4u33 he33 $i33 he33 ku33,银 房 金 房 造,建 造 金 银 屋
542,L,3,开t女o 国 tQ,dzi21 hg33 3G 33 he33 ku33,铜 房 响 房 造,建 造 铜 房 屋
542,L,4,70 女采 to,tshi33 he33 kha44 he33 ku33,枪 房 锡 房 造,建造 屋 锡 易房
542,R,1,.tQ 7- to,niss he33 si44 he33 ku33,土 房 木 房 造,建 造 土 木 房
542,R,2,700 子,si21 mu²1 pu 33 ab 33 ku33,七 天 界 门 内,天 地 两 界 间
542,R,3,tQ tQ,hg33 ku33 hg33,房 造 房 成 时,有 房 屋 N 初
542,R,4,九 企 与 百,mu²1 ng33 m133 ni21 ty4,天 与 地 两 层,天 地 分 两 界
543,L,1,牡子 不,mu²1 th121 xu21 tch:31 t4u44,人 天 一 次 黑,地 界 一 人 夜
543,L,2,ZZ 飞E 日 勿 3=,he31 bp21 1033 np² 21 np²1,八 方 静 悄 悄,悄 八 方 静 悄
543,L,3,3 日,te33 si33 md 33 qe 1033,黄 山 坡 处 云,云 霞 天 际 处
543,L,4,九 号,"ku"" dzi²lthu²1 zi31 mu",格 资 同 蜷 睡,格 资 息 蜷 睡
543,L,5,了 日,ne44 md 33 mu33 10 33,黑 云 山 高 处,黑 云天 际 处
543,R,1,田 π 日 号,dzi21 55 zi31 noss 1021 mu,猴 司 够 蜷 睡,猴 神 累 蜷 睡
543,R,2,π 号,zi31 4i33 dzi21 hass mu 55,风 司 哈欠 蜷 睡,风 神 哈 欠 睡
543,R,3,4 π 46 九 号,dzi21 mx nae 33,人 司 舅 也 睡,尊 者 舅 也 睡
543,R,4,中 3百 不 号,si33 tsho31 p1 33 zi33,果 诗搓 毕摩 睡,果 诗 毕 摩 睡
543,R,5,子 九企 与 百,ni21 mu21 ng33 m133 ty4,天 与 地 两 层,天 地 两 界 间
544,L,1,Z4 号 五 200,si21 t4u4 zi31 ku? hp33,人 睡 九 百 姓,人 间 九 百 姓
544,L,2,3= 7L 田 号,zi21 tshi44 lur²l lu²1 mb 33,个 个 睡 完 绝,世 人 皆 人 睡
544,L,3,号 田 号,33 zi31 su 33 mp 21 Zi31 sw,深夜 睡 深夜 不 睡,深 夜 不 人 眠
544,L,4,司 田 号,21 ku33 nu33 mD,深夜 里 你 不 眠,深 夜 你 不 眠
544,L,5,74 子 日,mu ccob 33 3.91 h33 1033 G133,夏 季 里 上 间,季天 夏 时 面
544,R,1,效 企 田 号,zi'1 A33 m133 1p33 mD21,什 么 呢 不 睡,什 么 不 睡 觉
544,R,2,Z4 号 X 闲 亏,nu 33 zi31 tsiss thp21 ni33,你 睡 独 莫 坐,莫 独 坐 不 睡
544,R,3,Z Z 分 A 3=,si33 si5s 21 YD np nD's,像 别人 力 歇 歇,应 如 众 者 歇
544,R,4,nI 号 2 九,th21 ps 44 li31 ne 33,一 下 睡 来 吧,快 觉 来 睡 一
545,L,1,O 飞 光,tshi21 4D33 33 nd,冬 三 月 当 中,冬 季 三 月 间
545,L,2,效 日 田 号,A33 2i21 m133 1033 mp 21,什 么 呢 不 睡,什 么 不 睡 觉
545,L,3,九 Z 田 号 O,4D33 ng33 si33 mp 21 zi31,月 也 它 不 睡,月 亮 不 睡 觉
545,L,4,月 亮 不 睡 觉,WI ZZ 3=,th21 he31 bp33 lu33 lu3,夜 亮 晃 晃
545,L,5,WI ZZ 3=,th21 he31 bp33 lu33 lu3,夜 亮 晃 晃,夜 亮晃 晃
545,R,1,4 九 X ZZ 号,thu 44 ne 33 tsiss he31 nj3,人 也 逢 睡 日,人 逢 睡 眠 时
545,R,2,4 4 去 号,di21 re!z t4u4 mD33 t4u4,人 每 人 的 睡,女 祖 亦 人 眠
545,R,3,4 效,t4u4 pD21 ttu44 A21 4e44,人 父 人 重 孙,男 祖 及 子 孙
545,R,4,Z4 Z4 效 m,t4u44 mp t4u44 A21 diss,人 母 人 孙 子,女 祖 及 子 孙
546,L,1,Z4 田 3= 号,t4u4 lu²! lur21 zi31 3,人 是 个 睡 个,世 人 皆 人 睡
546,L,2,如 田 号,ienp ni4 ms 33 mp 21 zi31,堵 尼 深夜 不 睡,堵 尼 夜 不 睡
546,L,3,亏 甘 用 3,ni33 dp2r siss 33 as,白 天 草 找 守,白 天 藏 草 丛
546,R,1,面 甘 特,su 33 dp21 kD33 4u3t tsho²1,夜 晚 路 白走,夜 间 到 处 游
546,R,2,子 田,mu 33 ni33 1031 mp²1 khy33,白 天 累 不 活力,白 天 无 神
546,R,3,Z4 亏,nu33 ne4 ni²l thD21 ni33,你 看 牛 莫 着,莫 与 牛 作 比
546,R,4,安 7 勿,bu21 dle44 si44 21 ZD,虫 觅食 树 小 头,虫 觅 食 树 梢
547,L,1,3 Z 两,si33 dle44 phe33 tsh:33 h33 Di's,蛇 觅食 土 灰 脚,蛇 觅 食 泥 土
547,L,2,Z 3= 分 3=,si33 si33 33 $033 yD $0.33,别人 它 的 学 学,它 们 互 学 否
547,L,3,IU 号,th21 sa 44 Zi31 133 1D33,一 下 睡 来 吧,快 来 睡 一 觉
547,L,4,九 X ZZ 亏,VD 21 33 tsiss he31 nj33 ne,鸟 也 逢 睡 日,鸟 亦 逢 睡 时
547,R,1,π,dzi21 t4ess ne 44 mp 33,鸟 头领 鹰 黑 大,鹰 鸟 王 大 黑
547,R,2,田 3= 号 7L,lu²1 lu²i 2i31 qu²3 tshi44,完绝 个 个 睡,全 部 都 人 睡
547,R,3,学 田 号,m VD21 su 33 Zi31,蝙 蝠 夜 不 睡,蝙 蝠 夜 不 睡
547,R,4,亏 年 3,np 33 fess as n33 Di33,白 安逸 守 天 崖,白 天 藏 崖 洞
548,L,1,灶 九,33 dle du²1 P ne33 ms,觅食 深夜 想 的 也,夜间 去 觅 食
548,L,2,丑 面 号 每,si33 nae ms 33 2i31 mu33,死 善 深夜 睡 做,亡 魂 你 须 睡
548,L,3,号 Z 雨,nu33 si33 tp² ne44,你 睡 别人 莫 看,你 睡 莫 管 它
548,L,4,号 电开,fess zi31 thD21 dzi2l tu33,崖 睡 蜷 莫 要,睡 崖莫蜷 身
548,R,1,WI 号,th21 44 133 1p33 sa,一 下 睡 来 吧,快 来 睡 一 觉
548,R,2,婴 号 面 田 号,ms 33 2i31 su 33 mD 21 2i31,深夜 睡 深夜 不 睡,何 者 夜 不 睡
548,R,3,亏 九 X ZZ,si21 ne33 tsiss he31 ni33,果 也 逢 睡 日,树 果 逢 睡 时
549,L,1,同 茶,si21 mw33 tho²1 33 4u33 m,果 含 松 白 动,啄 果 松 树 动
549,L,2,易 A,au3 si21 tho21 b121,果 收 松 白 散,摘 果 松 果 落
549,L,3,田 3=,si21 si21 lur²1 lu²1,果 是 果 个 个,所 有 N 松 子
549,L,4,号 田 号,su 33 zi31 sw 33 mp 21 Zi31,深夜 睡 深夜 不 睡,何 者 夜 不 睡
549,R,1,面 田 号,55 21 zi21 1p21 ob sw 33 mp,牛 野 深夜 不 睡,野 牛 夜 不 睡
549,R,2,日 ?,eayb tsh044 1044 tho31 1033,石 粉 举蹄 处 落,蹄 落 砂 石 处
549,R,3,Y 日百,fess kD33 du²i 1033 tsh044,落 崖 过 洞 处,跌 崖 陷 落 洞
550,L,1,Z4 年廿70,t4u44 np 21 qhu33thD21 tsh:33,人 歇 迷 茫 莫,人 歇 莫 迷 茫
550,L,2,开 号,"fess ty4 thp21 dz,i21",岩洞 睡 层 莫 粘染,睡 岩 莫 倒 时
550,L,3,ZZ 号 2,thy21 TeIZ 1h33 1D33 he21,一 夜 睡 来 吧,快 来 睡 觉 一
550,R,1,用 X ZZ 号,tsiss ne33 he31 ni33,野鸡 逢 也 睡 日,野 鸡 逢 时 睡
550,R,2,田 号,fess pu 33 ms 33 mp 21,干 啼 深夜 不 睡,干 啼 夜 不 睡
550,R,3,Z,fess pu3 si33 fu33 33 ne,干 啼 别人 夫 叫,替 它 夫 干 啼
550,R,4,7=,fess du21 amb dzo21,洞 口 崖 口 处,上 原 又 受 骗
550,R,5,3= 九 7,1i33 133 133 nae 33 si31,风 来 来 也 渴,渴 凉 风 吹 也
551,L,1,田 2 九 7,133 si31 1i33 mp21 ne33,风 不 来 也 渴,无 凉 风 更 渴
551,L,2,Z4 号 Z 闲 亏,zi31 tp21 ni33 nu33 si33,你 睡 别人 莫 着,你 睡 莫 管 它
551,L,3,九 hI 号,"th21 ps 44 1h33 ne"" 33",下 睡 来 吧 一,快 来 睡 一 觉
551,L,4,面 号 面 田 号,33 zi31 33 21 zi31 ms s mD,深夜 睡 深夜 不 睡,何 者 夜 不 睡
551,L,5,九 X ZZ 号,z.133 ni33 tsiss he31,水 也 逢 睡 日,水 逢该 睡 时
551,R,1,天 ? 面 日,ni33 bu²1 su 33 1033 tsh:33,日 流 夜 间 到,昼 夜 不 息 流
551,R,2,面 亏 日,ms 33 bur²1 ni33 1033 tsh:33,深夜 流 间 到 日,由 夜 流 到 昼
551,R,3,Z4 号 Z,nu? 33 Zzi31 si33 thp21 ne 44,你 睡 别人 莫 看,你 睡 莫 管 它
551,R,4,HI 号,th21 44 zi31 133 ps 1D33,一 下 睡 来 吧,快 来 睡 觉 一
552,L,1,4 九 Z ZZ 亏,si33 ni33 ty4u4 ne 33 he31,人 也 别人 睡 看,人 间 他 人 睡
552,L,2,Z4 国 田 3= 号,ttu ne 33 lu²1 lu²1 zi1,人 是 个 个 睡,世 人 皆 人 睡
552,L,3,3 田 号,si33 le31 33 zi31 sw mp,守 灵 深夜 不 睡,守 灵 夜 不 睡
552,L,4,口 田,lurss le31 lu33 mp²1 khu44,丧 家 磨 不 推,丧家 不 推 磨
552,R,1,号,33 zi31 theku A33 mr,什 么 睡 眠推,如 何 催 人 眠
552,R,2,4 年,t4u44 np 21 qhu33 thD21 dzi21,人 歇 缠莫 住,缠 睡 歇 时 莫
552,R,3,号 电开,fe5s zi31 tur3 thD33 dzi2,崖 睡 阻拦 莫 住,睡 洞 莫 阻 拦@
552,R,4,MI 号 又,th21 1D33 ps Zi31 tDSs,一 下 睡 搁 吧,快 快 躺 身 睡
552,R,5,名 田 名,si33 tso 33 to mp 21 t04,生 撑 死 不 撑,死 无 法 抗 拒
553,L,1,,A21 55 t04 33 m6 mu tD33,等 会 撑 的起,到时推 你起
553,L,2,九子川开学,ne 33 mu²1 th²1 dzi21 t433,春 天 一 章赶,诵 章 新经
553,L,3,WI 开学,th21 dz.i21 t4133 nu 33 bi33,章赶 你 给,新 经诵与你
553,R,1,7=3= 飞,b 33 np 1D33 V133,抖擞 听 了 拿,抖擞精神 申听
556,L,1,Z4至 田 發引,tshw3343 12 khu21 noss,松林 猴 啼声,猴 子蹄 帝山林
556,L,2,猴 子蹄 帝山林,tshi21 eems mu²1 q121 m133,死夜天离地,丧夜天地离②
556,L,3,丧夜天地离②,bu²1 tshi33 pD33 niss tsess,脚布嘴接 绸,丝绸接棉布
556,R,1,荟下田,t4ess ba44 mu33 mp21,鹰打 做不完,射鹰未及捡
556,R,2,下@3,ba4 tse5s the21 the21 VD?1,接旋旋 鸟 打,射鸟 二连 三
557,L,1,田4 r,be21 tD33 2133 mp²l tsh121,野鸡 起 水 不 下,鸭 起 不 滴 水
557,L,2,z4 子 子 7儿 企,tsh133 mu21 121b m133,下 死 天 离 地,悼 亡 离 天 地
557,L,3,司 田 A,th21 t$033 ID33 mp pe 44,轮 呢 不 伴,轮 离 众 人 一
557,L,4,司 与 X,ni21 t$033 1D33 thu33 nes's,二 转 呢 厚 深,二 轮 病 根 深
557,L,5,面 司 C X 3,33 33 1p33 tshi21 ms t$o,三 轮 呢 药 良,三 轮 以 药救
557,R,1,九 每,aG 33 t$033 mu 33 nu33 ne3,我 在 做 你 也,我 均 护 理 你
557,R,2,列,44 le31 bu21 tsi33 khu21 ce,汉 手 绸 皮声,汉 人 裁 丝 绸
557,R,3,Dz 3E #,n121 phD33 le31 da 44 ts133,葬 冏手 布 断 剩,彝 人 裁 布 剩
557,R,4,田 # 田 #,ts133 mp ts133 mu33,不 剩 不 剩 做,经 文 不 遗 诵
557,R,5,X 正 电,tshi21 bg21 33 xu14 qD tur,湖 洗 野鸭 玩 地,湖 面 鸭 戏 场
558,L,1,7儿L 71L,zi33 kD33 q121,家 离 呢 庭,瞬 间 离 家 群
558,L,2,至又,mp 33 th33 tD-ss,果 结 林 上 搁,果 子 藏 山 林
558,L,3,WI 77 # 又,th21 dzi21 ts133 tDSs zi33,一 章 剩 搁 呢,剩 下 一 章 经
558,L,4,7世,le31 qe1 tce3 44 ci31 ni,手 赶 线 棉 新,及 时 纺 新 线
558,L,5,每 口,np 33 mu33 nu33 1033 b121,我 做 你 处 给,遗经 诵与 你③
558,R,1,与 A 3=,ni21 Ip21 1p21 qD,二 直 伸 扇 扇,两 直 伸 展 直
558,R,2,与 司 日 3=,ni21 ne 44 tS033 1o21 1o21,二 眼 转 满 满,两 眼 转 盈 盈
558,R,3,正 不,tch33 44 133 S121 ne,你 它 看 来 再,仔 细 来 看 吧
558,R,4,田 # 7,si21 np 21 bu tsiss dzD21,不 饱 前 走 吃,未 饱 前 乞食
559,L,1,π 效 金 口,dzi1 ne4 A55 1206 lu33,资 乃 阿 郭 鲁,资 乃 阿 郭 鲁
559,L,2,Z 与 世 Z,A21 siss ni21 si33,我 们 二 真 主,我 们 这 俩 人
559,L,3,正,"si33 p""D h21 mD 33 qD 33",父 母 死 早 因,因 父 母 早 逝
559,R,1,世 Z 雨 #,33 si33 thD21 m$ ts133 tsess,真 主 一 莫 剩 接,真 心 不 弃 连
559,R,2,W,ob 44 tsi33 kD33 tsiss,里 是 皮 与 遇,皮 与 肉 相 连
559,R,3,Z 与,A21 siss ni21 44 Z.0 ni4,我 们 呢 俩 人,我 们 俩 人 啊
559,R,4,我 们 俩 人 啊,si21 bur? ob 33 tsho21 qess,走 聚 亲 戚 伴,结 亲 依 相 伴
559,R,5,子 本 3= 九寻,mu2l ku33 ku33 kur*s,天 做 做 九 在,天 高高九 重
560,L,1,Z 住 不,ph33 th21 t$033 si21 1D33,一 世 遇 还 吧,再 结 世 姻 一
560,L,2,子 7儿L,1h33 zi33 m133 1216,天 来 呢 地 离,天 地 欲 相 罩
560,L,3,每,ni44 tce mu 33 pu33,13 霜 青 绳 做 绞,青霜 绞 交成 绳
560,R,1,子 企 7儿L 田,"mi 33 q121 mu21 mp21 dz,j33",天 地 不 真,天 地 不 70
560,R,2,71儿L 田 %每 又,"q121 mp²1 dz,i33 mu33 tDss",离 不 真 的 搁,作 罢 离 不 了
560,R,3,W O 7儿L,4D33 133 zi33 5133 1216,日 月 离 来 呢,日 月 欲 相 罩
560,R,4,每 SS,si21 ni33 tce 33 mu va31,走 日 绳 做 搓,行 日 搓 做 绳
560,R,5,焱 天 每,ni33 tce mu pu33,晒 日 绳 做 绞,晒 日 绞 做 绳
561,L,1,W O 7儿L 田,Ialb t5133 4D33 mp² dzi,日 月 离 不 真,日 月 离 不 了
561,L,2,7儿L 田 % 又,q121 mp² dz133 mu tDss,离 不 真 的 搁,不 了 作 罢
561,L,3,# A 每 SS,4u33 mu tsiss tce 33 Vq31,露 白 绳 做 搓,白 露 搓 作 绳
561,L,4,A 每,33 hp33 4u33 tce 44 mu 33 pu,雨 白 绳 做 绞,白 绞 作 绳 雨
561,R,1,了 田 7儿 %,"q121 te33 tce 33 dz,133",云 星 不 离 真,云 星 离 不 了
561,R,2,田 7儿L % 又,mp aib dz.j33 mu 33 tDss,不 离 真 做 搁,离 不 了 作 罢
561,R,3,7儿L,"4i33 hp33 1,33 1216",风 雨 离 来 呢,风 雨 欲 相 离
561,R,4,Z 飞 每 SSS,niss nu 33 Va31 tce4 mu 33,雾 露 绳 做 搓,雾 露 搓 作 绳
561,R,5,Z,niss mu 33 tce 44 mu 33 py33,雾 露 绳 做 绞,雾露 作 绳 绞
562,L,1,7儿L 田 %6,"4i33 hp33 121b mp dz,133",风 雨 不 真,风 雨 离 不 了
562,L,2,7儿L 田 又,ralb mp21 dzj33 mu 33 tDss,离 不 真 做 搁,罩 不 了 作
562,L,3,勿 日 70,ne 33 33 1033 tsh;33 np ng33,美 味 美 处 甜,味 美 牛 如 意
562,L,4,7儿L,1i33 zi33 pur 33 10 4,92 山 石 离 来 呢,山 分 罩 石 要
562,R,1,A 每,10 44 4u33 tce 44 mu 33 pu33,石 白 绳 做 绞,白 石 绞 做 绳
562,R,2,7儿L 田 % 又,q121 dz133 tpss mp² mu,不 真 的 搁,不 离 维 原 状
562,R,3,7儿L m,"mx 44 lu21 q121 1,33 dz,w",池 龙 罩 来 欲,池 龙欲 相 离
563,L,1,天 SSS,ni33 4a31 tce4 mu 33 va 31,浴 日 绳 做 搓,浴 作 日 搓 绳
563,L,2,每,nes's tce mu 33 pu 33 3,潜 做 绞 日 绳,潜 日 绞 作 绳
563,L,3,O 7儿L 田 %,44 lu21 mp²1 dzj33 xw,池 龙 罩 不 真,池 龙 离 不 了
563,L,4,7儿L 田 每 又,"q155 mp²1 dz,133 mu 33 tDss",离 不 真 做 搁,不 离 维 状 原
563,L,5,π 口 7儿L 致,dzi21 lu33 q121 1h33 tci44,官 城 离 来 欲,官 城 欲 相 离
563,R,1,每 SS,khp21 tce 44 mu 33 va Di33,拷 日 绳 做 搓,刑 作 绳 日 搓
563,R,2,6 每,fess ni33 tce mu 33 pu33,电 做 绞 日 绳,电 日 绞 作 绳
563,R,3,π 口 7儿L 田 %,"dzi21 1u33 q121 dz,j33 mp²1",官 城 不 真,官 城 离 不 了
563,R,4,7儿L 田% 每 又,mD²1 dzi33 mu? 33 tDss,离 不 真 做 搁,不 状 离 维 原
563,R,5,半斋 7儿,mu*s khp21 q121 133 2i33,将 征 离 来 呢,将 战 欲 相 离
564,L,1,半斋 7儿L 田 %,"kD21 muss dz,j33",1216 将征 离 不 真,将 战 离 不开
564,L,2,7儿L 田 %每 又,q121 mp²1 dzi33 mu 33 tDSs,离 不 真 做 搁,不 离 维 原 状
564,L,3,不 3 7儿,h33 zi33 D13 912,毕摩 法事 离 来 呢,毕与 法 事
564,R,1,SS,"dz,044 ne 1e44 tce 44 mu 33 Va 31",锁 黑 绳 做 搓,黑 锁 搓 作 绳
564,R,2,A # 每,dzo 44 tce mu pu33,做 锁 青 绳 绞,青 锁 绞 作 绳
564,R,3,7儿,"kur*s n21 1,33 zi33 SD 1216",匠 线 离 来 呢,匠 线 欲 相 离
565,L,1,子搓 作 绳,SD31 tche3stce mu pu 33,标线绳 做 绞,墨线 绞 作 绳
565,L,2,7儿L 田%每 又,q121 mp²1 dzi33 mu 33 tDSs,离 不 真 做 搁,难离维 原 状
565,L,3,难离维 原 状,"pu33tche44 q121 h,33 zi33",村寨 来 呢,村寨欲 相 离
565,R,1,开星%每 SS,dzi2 phu2 tce44 mu 33 va 31,铜价 绳 做 搓,线 搓作 铜 绳
565,R,2,A 3 米,4u33 $i33 tce mu eend,做 银 金 绳 绞,金银 绞 作 绳
565,R,3,秋儿 田%,"h33h44 21 p""u""tc""e” q1 mp dzj33",村寨 离 不 真,村寨 离不 了
565,R,4,7儿 田%每 又,q121 mp²l dzi33 mu 33 tDss,离 不 真 做 搁,难离 维原状
565,R,5,W 飞 3 to,lu's V133 si33 he33 kur33,丧家 房 内 金,丧家 金房 内
566,L,1,专 目 A 目,si33 t$033 lu²1 h33 t$033,神 在 鲁 来 在,鲁 神 来 护 佑?
566,L,2,2 亏,ob 33 as 55 lu21 h33 tsD's,亲 喂 鲁 来 喂,饮 食 鲁 神 赐
566,L,3,3 71L 致,"lu21 n1*s q121 l,33 tci4",鲁 神 离 来 欲,鲁 神 欲 相
566,L,4,捉 猪 搓 作 绳,ze 44 Z.u33 tce mu pu33,鸡 捉 绳 做 绞,捉 鸡绞 作绳
566,R,1,7儿L 田 %,q121 lu²1 n1ss mD21 dz.j33,鲁 神 离 不 真,鲁 神 离 不 了
566,R,2,7儿L 田% 又 每,mp²1 dzi33 mu tDSs,离 不 真 做 搁,难离 维 原 状
566,R,3,to 年 7儿L 致,"he33 kD33 q121 1,33 tci44",房 庭 离 来 欲,房家 欲 相 罩
566,R,4,每,2.133 tge33 tce mu 33 pu33,水 清 绳 做 绞,清水 绞 作 绳
567,L,1,年 田% tQ 7儿L,hg33 kD33 mp21 dzi,房 庭 不 真,房家 了 不
567,L,2,7I儿L 田 %每 又,q121 mp²1 dzi33 mu tDSs,离 不 真 做 搁,难 离 维 原 状
567,L,3,AM 您 SSS,tshp21 Ju33 tce mu 33 Va31,盐 白 绳 做 搓,白 盐 搓 作 绳
567,L,4,A,Ip21 4u33 tce4 pu33,茶 白 绞 绳 做,白 茶绞 作 绳
567,R,1,7IL 田%每 又,q121 mp²1 dzi33 tD-ss mu33,罩 不 真 做 搁,难 离 维 原 状
567,R,2,A 天 每 SSS,4u33 ni33 tce 44 mu 33 va.31,银 日 绳 做 搓,作 银 日 搓 绳
567,R,3,3 天 每,ni33 tce 44 mu 33 pu33,金 绳 做 绞 日,金 日 绞 作 绳
568,L,1,7儿L 田 %每 又,q121 mp21 dzi33 mu tDSs,离 不 真 做 搁,难 离 维 原 状
568,L,2,7: 7儿,21 44 1h33 zi33 me ZO 12,妻 夫 离 来 呢,夫 妻 欲 相 离
568,L,3,w % 每,q021 ci31 tce4 mu 33 va31,耕 新 绳 做 搓,新 地 搓 作 绳
568,L,4,W 每,h33 tce4 mu 33 ab Eend,粮 新 做 绞 绳,新 粮 绞 作 绳
568,R,1,田 下: 写 7儿,me21 Z0 44 q121 mp²1 dzi',妻 夫 离 不 真,夫 妻 离 不 了
568,R,2,7儿L 田 每 又,"q121 mp dz,i33 tDss m3",离 不 真 做 搁,难 离 维 原 状
568,R,3,7 3= 田 7儿L,phe44 q121 Sa 44 Sa 44 mp 21,叶 密 密 不 罩,叶 密 密 不 离
568,R,4,π 九,dzi21 ne4 A21 ne 33 9021,官 府 阿 郭 也,府 衙 N 阿
569,L,1,口 企 效,133 A21 lu33 m133 9021,城 地 来 阿 郭,城 地 之 阿 郭
569,L,2,万 700 与 世 Z,si33 k133 si21 ni²1 ems,他 们 两 真 主,事 他 们 俩 主
569,L,3,yf π 3=,tshi21 dzi²1 the21 thg21 tce3,役 官 线 团 团,官 兵 搁 呼 行
569,L,4,Z出 # 目 Z,ph33 nu33 ts133 1303 1D5s,你 剩 在 着 世,你 生 阳 世 时
569,R,1,田 电 日,tshi33 mD21 tshi33 tur33 1033,不 到 地 处 到,程 一 程 又 一
569,R,2,子 了 日 至,mu21 1033 1e33 si33 tsh33,天 处 林 金 到,去 天 垠 金 林
569,R,3,田 子,tsh;33 mu²l tchi31 mp²1,黑 走 不 到 天,未 至 天 已 黑
569,R,4,nI ZZ 至 年,th2 4e33 he31 Y031,一 夜 林 旁 歇,夜 宿 山 林 边
570,L,1,至 至子号,pD21 4e33 0.55 nj33,林 头 林 父 居,林 头 林 父 居
570,L,2,至费至分 亏,4e33 dz.031 433 ZD1 ni33,林 腰 林 儿 居,林 居 腰 林 儿
570,L,3,至 田 专 π,4833 me 33 si33 dzi21 noss,林 尾 猴 主 管,林 尾 归 猴 管
570,L,4,WI ZZ 至 年,th21 he31 4833 Y031 nD21,二 夜 林 旁 歇,夜 宿 山 林 边
570,L,5,7,"si21 h21 44 do21 p""D ni",主 子 心 平 放,山 林 主 心平
570,R,1,田 每,tsh:33 tshi33 33 Z.433 mp21 mu,麂 捉 麂 不 做,捕 不 为 别
570,R,2,C 每 O,tsh;33 Zu33 1D33 mu33 4D3,麂 捉 了 做,捕 肉 麂 吃 鹿
570,R,3,ZA 每,"tshi33 ne 21 z,u3 33 t$i33 mu",麂 皮 贵 的 拿,皮 珍 贵 拿
571,L,1,π 7羽,"1,33 dzi21 do21 mu do44",生 迈 做 出 来,强 走 硬 行 来
571,L,2,田 电,mp 21 tshi33 m1 33 tsh;33,我 不 到 地 到,一 程 又 一 程
571,L,3,日,mu Y031 fe5s 1033 tsh:33,天 处 岩 处 到,来 天 垠 石 岩
571,L,4,男 田 子,tsh;33 mu2l tchi31 好 mp 21,走 不 到 天 黑,未 至 便 天 黑
571,L,5,ZZ 年,th121 he31 fess ob 33 nD?1,一 夜 岩 中 歇,夜 宿 石 岩 中
571,R,1,台,fess 0.55 php21 fess ni33,岩 头 岩 父 居,岩 头 岩 父 居
571,R,2,分 亏 绝,"fess dz,031 fess 0i3",岩 腰 岩 儿 居,岩 腰 岩 儿 居
571,R,3,号,fess mess ni33 nu33 9033,岩 尾 你 中 住,岩 尾 你 歇 宿
571,R,4,WI ZZ 年,th21 21 he31 fe5ss J031 np,一 夜 岩 旁 歇,夜 宿 岩 旁 一
571,R,5,效 7:,fess th33 $0Ss A33 me21,岩 上 硕 阿 曼,岩 女 硕 阿 曼
572,L,1,效 下: 金,ni44 fess A33 me 21,岩 姑 娘 心 平,岩 姑 娘 心 平
572,L,2,米 田,1D55 zu 33 IDss mp21 mu33,虎 虎 做 捉 不,捕 虎 不 为 别
572,L,3,米 茶 每 O,2u33 1D33 4D33 IDss mu33,虎 捉 了 做,捕 虎 吃 虎 肉
572,R,1,田 电 N.,Z0 55 mp tsh;33 tu? tsh;33,我 到 不 到 地,一 程 又 一 程
572,R,2,子,fess khx44 tsh;33 mu21 Y031,天 旁 崖 丛 到,来 天 垠 崖 脚
572,R,3,男 田 子,tshi33 44 mD²1 mu²l t tchi31,走 不 到 天 黑,未 黑 至 天 已
572,R,4,年 nI ZZ,th21 he31 fess 9033 nD 21,一 夜 崖 里 歇,夜 宿 崖 壁 下
573,L,1,飞= 茶 每 O,21 33 m6 zu ID33 mu33 4D33,雁 捉 了 做 着,崖 上 捕 大 雁
573,L,2,% 每 吧,gu XD21 ID33 mu33 dzD21,雁 肉 啦 做 吃,做 吃 大 雁 肉
573,L,3,Z 丑 每 茶,"21 ne2i mu 33 z,j33 gu t5133",雁 皮 贵 做 拿,雁皮珍贵拿
573,R,1,π 羽,dzi21 do21 mu do44 z.33,生 迈 的 出 去,强 走 硬 行 去
573,R,2,田 电,tsh;33 tsh:33 mp²1 m1,我 不 到 地 到,一 程 又 程 一
573,R,3,#,mx 44 yo 31 xu 44 ts13 tshi33,湖 旁 湖 边 到,至 湖 池 N 畔
573,R,4,# @=,mx 44 44 h21 tshi33 ts133 xw mb,湖 湖 边 口 至,至 湖 池 崖 边
573,R,5,mI ZZ 7= 年,th21 he31 qhu21 xu44 nD21,一 夜 湖 口 歇,湖 月池岸边 歇
574,L,1,男 田 子,tshi33 mu²1 tchi31,走 不 到 天 黑,未 至 天 已 黑
574,L,2,O 亏,"44 055 nh21 ni33 mx xw 44 p""D",湖 头 湖 父 居,湖 头 居 湖 父
574,L,3,分 亏 O,"mx dz,031 mx ZD1 ni33",湖 腰 湖 儿 居,湖 儿 腰 居 湖
574,L,4,亏,44 33 1h33 mx me nu33,湖 尾 你 来 住,你 宿 湖 池 尾
574,L,5,ZZ Z 年,th121 he31 44 33 21 xw me np,一 夜 湖 尾 歇,湖 尾 宿 夜
574,R,1,A 效 7:,44 me 33 lu²1 A21 me21 mx,湖 尾 龙 姑 娘,湖 尾 龙 姑 娘
574,R,2,7: 金,A21 lu21 me21 ni4,龙 姑 娘 心 平,龙 姑 娘 心 平
574,R,3,茶 每 O,"ms 33 2,133 1p33 mu 33 4D33",獭 捉 了 做 着,湖 獭 中 捉 水
574,R,4,台 丑 每 茶,"33 055 mu z,33 ms ne21",獭 头 贵 做 拿,獭头珍 贵 拿
575,L,1,飞,tsh:33 ne 21 mu 33 VI133 su33,獭 脚 贵 做 拿,獭 脚 珍 贵 拿
575,L,2,3 与 号 去,si33 4031 Ve21 dr21 pur4,猎 脸 旋 的 返,猎 人 返 折 身
575,L,3,A 号 西,tce 44 55 1h3 eeny np VeR1,绳 扣 旋 来 穿,绳尾 回穿扣
575,R,1,W 去,luss P pu 44 ob 31 l33,喜 的 回 来 返,如 愿 返 折 来
575,R,2,74 8 田 每,niu33 de21 21 mp,野猪 打 野猪 不 做,打 野 猎 非 别
575,R,3,7科 电,niu33 de21 tho21 ne 44,野猪 打 松 黑 地,松 林 打 野 猪
575,R,4,8 74 8 %,niu33 de21 niu33 XD 21 dzD21,野猪 打 野猪 肉 吃,打 野 猪 吃 肉
576,L,1,08 丑 每 飞,VI33 niu33 tsi33 mu? 33,野猪 皮 贵 做 拿,皮 子 珍 贵 拿
576,R,1,3 致,gu?! tu33 yu 21 g0 44 tei44,雁 翅 杆 写 记,雁 翎 杆 作 笔
576,R,2,飞 妄 H,m6 21 tsi33 06 44 t4D33 zu,雁 皮 写 块 使,雁 皮 纸 用
576,R,3,效 Z 与 专,A21 siss ni21 msy 33 si33.,我 们 俩 真 主,我 们 俩 主
576,R,4,3 九 了,siss si33 ne33 1208,字 文 与 标 文,经书 与美文
577,L,1,驰 3 与,si5s si33 tsh133 ni21 pur21,字 文 十 二 本,经 书 十 二 本
577,L,2,3 与,SD1 si33 tsh33 ni21 purl,标 文 十 二 本,本 美 文 十 二
577,L,3,万 妄,"kh,33 zi33 go 44 133 zi33",那 样 写 来 呢,如 此 来 写 下
577,L,4,田 71 电 日,mp 21 do21 tu33 1033 do21,不 掉 地 处 掉,放 在新 地 方
577,R,1,子 九 介 水,33 33 33 do21 mu21 ne mr qD,天 与 地 门 掉,放 天 地 门 处
577,R,2,九 刀,the44 D033 ne33 1h33 n033,见 也 锐 来 见,眼 锐 者 发 现
577,R,3,金 X,mb 33 zi33 k033 1h33 mb 33,捡 快 来 捡 呢,手 疾 者 捡 获
577,R,4,学 识 渊 者 看,siss zu?l V?1 le31 bu33,左 手 书 肩 使,左 手把 书脊
578,L,1,号 驰,siss phu33 ZD 33 le31 tx44,右 手 书 层 开,右 手 翻 书 页
578,L,2,子 企 7儿 田 口,mu² m13 mp 21 lu33 9,天 地 不 愿,天 地 不 愿 离
578,L,3,7I儿L 田 口 又,q121 mp21 lu33 mu33 tDss,离 不 愿 的 搁,不 离 维 原 状
578,L,4,刀 去,21 the44 di21 tshi44 VD tce 44,雪 绳 利 的 断,利 器 断 雪 绳
578,L,5,去,ni 33 tce 4 the21 d121 b121,霜 绳 瞬 的 散,散 霜 绳 瞬 间
578,R,1,子 W 去 7儿L,q121 mu21 m133 lurss,天 地 喜 的 离,天 地 喜 相 离
579,L,1,,m²1 t thetho21 VD²1khu,天 上托 罔克,天 上 托 克
579,L,2,O 子尔羽,tho21 4D33 mu²1 khu44,托 少 木克掉,放 托 少 木 克
579,L,3,W,tsh;33 op t4p's tci mp 33,东 方 霞 光 大,东方 日 射 霞
579,L,4,O,V133 4D33 do44 bp33 lu33,月 出 光 亮 家,月 出 映 光 辉
579,L,5,W 九 O 7,9133 ne 33 4D33 qD 33 do21,日 与 月 相 舍,与 月 日 相 舍
579,R,1,万 7水 田 口,kh33 Zi33 do21 mp 21 lu33,那 样 舍 不 愿,虽 然 不 愿 舍
579,R,2,田 口 田斋,kD² do21 lu33 mp,舍 不 愿 不 效,不 能 不 相 舍
579,R,3,X 去,tshi2l tce44 the44 d1²1 tshi44,冬 绳 利 的 断,利 器 断 冬 绳
579,R,4,@ 去,# tce4the21 b121,闪 绳 瞬 的 散,电 绳 瞬 间 散
579,R,5,W O 去 7儿L,q121 15133 4D33 luss di²1,日 月 喜 的 离,月 喜悦 离 日
580,L,1,W 去 71L 又,ralb lur's tD's ax 33,喜 的 离 搁 掉,喜 离 舍 悦 相
580,L,2,田 电 日 永,mp 21 do21 cm 1033 do21,不 掉 地 处 掉,放 置 新 地 方
580,L,3,分 3 正,te33 te33 qD 33 do21,星 小 云 门 掉,星 与 云 间 门
580,L,4,面 Z,tce 33 do44 tce 33 zi31 V133,星 出 星 晶 家,出星 星 晶 亮
580,R,1,子 3 A,vi44 mu21 te33 4u33,天 花 云 白 结,天 戴 花 白 云
580,R,2,万 正 田 口,kh33 qD 33 do21 mD 21 lu33,它 相 舍 不 愿,两 者 不 愿 舍
580,R,3,田 口 田圣,do21 mD²1 lu33 khD21 mp21,舍 不 愿 不 效,不 愿 舍 无 济
580,R,4,分 了 4,tce 33 ZD te33 4u33 do21,星 小 云 白 舍,星 与 终 舍 云
580,R,5,W 去 又 7,lur's do31 ID33 tDss,喜 的 舍 了 搁,喜 悦 相 舍 离
581,L,1,号 驰,le31 siss bu33 Ve21 zw,左 手 书 肩 使,左 手 把 书 脊
581,L,2,号 驰,siss phu33 ZD 33 le31 ty44,右 手 书 层 开,右 手 翻 书 页
581,L,3,7 日,du33 1033 th21 pu 21 g0 44,尾 处 一 本 写,最 后 写 一 本
581,L,4,田 7 电 九 永,mp 21 do21 ne 33 do21 tur3,不 掉 地 也 掉,放 置 新 地 方
581,L,5,九 左,4u33 ne33 hp33 ab 33 do21,风 与 雨 门 掉,风 与 雨 间 门
581,R,1,万 正 水 田 口,kh33 33 do21 21 lu33 qD mp,它 相 舍 不 愿,两 者 不 愿 舍
581,R,2,田 口 田圣,mp²1khD21 Op mp 21 lu33,舍 不 愿 不 效,不 愿 济 舍 无
581,R,3,7儿L 田 田斋 口,mp²l khp21 mp 21 lu33,92 离 不 愿 不 效,不 愿 离 无 济
581,R,4,W 去,1133 hp33 lur's khp21,风 雨 喜 的 罩,风 雨 喜 相 罩
581,R,5,W 去 7儿 又,lurss dr21 q121 1D33 tDss,喜 的 离 了 搁,喜悦 相离 舍
582,L,1,D2 卡 (①),ni²1 tshp²dzp² Se44,彝 牛 汉 盐 吃,彝 牛 吃 汉 盐
582,L,2,W GZ 云 又,tshp21 dzD 4D33 t133 tDss,盐 吃 舌 面 搁,吃 盐 舌 尝 味
582,L,3,云 π 日,4D33 toi's ne 33 dzi21 1033,舌 面 美 管 处,美 味 舌 来 辨
582,L,4,日 70,1D33 1033 tsh33 ne33 ne33,美 了 美 处 甜,美 味 美 鲜 甜
582,L,5,驰 3 与,siss tsh;33 ni21 md 21,字 文 十 二 本,经 牛 十 本 二
582,R,1,3 与,tsh133 ni²1 SD21 si33 pu²1,标 文 十 二 本,美 文 十 二 本
582,R,2,用 勿 目,siss zi33 nD g0 44 t$03,先 前 写 有 呢,先 前 已 写 下@
582,R,3,田 7 电 IU  永,do21 tu33 th33 do21,不 掉 地 方 掉,放 置 新 地 方
583,L,1,专 ? 专 X,33 si33 si33 qe44 pu 1044,山 神 石 神 强,山 神 石 神 强
583,L,2,? 田 口,pur 33 1044 do21 mp²1 lu33,山 石 舍 不 愿,山 舍 石 不 愿
583,L,3,田条 田,mp²0 kp²21 do21 lu33,舍 不 愿 不 效,不 愿 舍 无 济
583,L,4,? 去,1044 tce4 the44 di21 tshi44,石 绳 利 的 断,利 器 断 石 绳
583,L,5,7 去,si44 the21 dr21 tce44 br21,木 绳 瞬 的 散,木 绳瞬 间 ]散
583,R,1,? w 去 7儿,di21 q121 pu 10 44 lur's,山 石 喜 的 离,山 石 喜 悦 离
583,R,2,W 去 7儿L 又,lu33 d121 q121 tDss XD,喜 的 离 搁 掉,喜 悦 相 离 舍
583,R,3,九 WI,yu 21 th21 pu 21 g0 44 ng33,前 也 本 写 一,先 前 写 一 本
583,R,4,田 电 IM 7,do21 th133 do21 mp21 tur33,不 掉 地 方 掉,放 置 新 地 方
583,R,5,771,"z,133 mx 44 lu21 do21",水 池 龙 门 掉,湖 池 N 龙 门
584,L,1,C 米,33 lu21 SD 2133 ID5s dlu33,龙 畅 水 浪 涌,龙 游 水 浪 涌
584,L,2,米 田 号 面,z.133 1D5s mp zi31 su33,水 浪 不 睡 夜,水 浪 夜 不 眠
584,L,3,年,mu²ltce”tce kp33 do21,天 ：上 星 与,天 空 无 星 时
584,L,4,O 万 分,44 lu²1 kh33 33 mx YD tsiss,湖 龙 那 里 美,湖 龙 仍 呈 美
584,L,5,O 田 口,mx 44 lu²1 do21 mD 21 lu33,湖 龙 活 不 愿,湖 不 情 愿 龙
584,R,1,田 口 田圣,21 mp²l khp21 do21 mp lu33,活 不 愿 不 济,不 情 愿 不 济
584,R,2,W 去然,tshi44 hp33 tce luss di21,雨 绳 喜 的 断,断 雨 绳 喜 中
584,R,3,去,55 tce4 the21 b121 np,瞬 的 散 阴 绳,阴 绳 瞬 间 散
584,R,4,A W 去 7儿,44 lu²1 lurs di21 q121 mx,湖 龙 喜 的,湖 与 龙 相 离
584,R,5,W 去 71L 又,q121 lurss di21 tDSs ax 33,喜 的 离 搁 掉,喜悦 相 离舍
585,L,1,田 77 电 hI,mp do21 tur33 th33 do21,不 掉 地 方 掉,放 方 置 新 地
585,L,2,九 π 口,dzi21 ng33 lu33 qD 33 do21,官 与 城 门 掉,官 与城 门 间
585,L,3,π T,dzi21 055 1D33 44 q044 mx,官 头 帽 铁 戴,官 头 戴 铁 帽
585,L,4,π 分 6,nij33 dzi2l fgss ms 21,官 儿 电 案 日,衙官审 案 日
585,R,1,# 国 3=,"q""u33 phi21 33 ne hu²1 hur²1",惊 木 响 亮 亮,惊 堂 木 声 响
585,R,2,半 九 分 羽,muss YD 33 qD 33 do21,马 与 鞍 相 舍,马 舍 与 鞍 相
585,R,3,马 舍 与 鞍 相,tsh33 hu4 tsh:33 le&p,马 铁 脚 长 脚,马 蹄 钉 铁 掌
585,R,4,半 会,khD² tsh:33 tD33 mu ZD²1,马 小 拷 驮 起,马 背 驮 刑 事
586,L,1,G 去,fess tce44 the44 d1²1 tshi44,案 绳 利 的 断,利 器 断 案 绳
586,L,2,去,khD21 tce 44 thg21 dr21 b121,拷 绳 瞬 的 散,刑 绳 舜 间 散
586,L,3,田 7儿L 田X 羽,q121 mp²lkhD²1 do21 mp21,不 离 不 效 舍,不 离 舍 不 行
586,L,4,W 去 7儿L 又 的,33 lur's tDss mx,喜 的 离 搁 掉,愉 快 相 离 舍
586,L,5,灶 日 WI,du33 1033 th21 pu 21 g0 44,后 处 一 本 写,后 来 写 一 本
586,R,1,田 7 电 WI,do21 mp tur33 th133,不 掉 地 方 掉,放 置 新 地 方
586,R,2,不面 不 A,pp21 p133 055 4u33 p133,毕摩 父 毕摩 头 白,皓 首 毕 圣 祖
587,L,1,3=圣 九,lu²1 lu² 1 khD21 mb 33 ne33,样 样 效 完 也,样 样 都 起 效
587,L,2,田,si33 khp21 n1*s mD 21 mb 33,死 邪 效 不 完,不 能 驱 死 邪
587,L,3,π 女 四 企,dzi21 do44 m133 nD33,官 出 脑 特 米,官 出 脑 特 米
587,L,4,半 了 ?,mus do44 te33 le31 fuss,将 出 当 来 弗,将 出 来 弗
587,R,1,? 不 ? 效 米,10 44 p133 10 44 A33 1Dss,石 诵 石 阿 虎,诵 石 石 变 虎
587,R,2,7 不 7 C,si44 si44 1D33 hur²1,木 诵 木 了 焰,诵 木 木 熊 燃
587,R,3,不 口,mp 33 mD² 21 bu²1 lu33 p133,竹 诵 竹 蝴 蝶,诵 竹 变 蝴 蝶
587,R,4,不 开 了,p133 thu3 dlp21 3G 33,诵 说 蜂 黄 鸣,诵声 似 黄 蜂
588,L,1,π 半 不 田,pr 33 dzi21 mu 55 mD21 do21,官 将 诵 不 舍,诵 不 离 官 将
588,L,2,田 去 田圣,khp21 mp 21 do21 mD21,不 舍 的 不 效,不 相 离 无 济
588,L,3,刀 去,$133 tce the44 di²1 tshi44,棕 绳 利 的 断,利 器 断 棕 绳
588,L,4,用,siss the21 di21 tce44 b121,草 绳 瞬 的 散,草 绳 瞬 间 散
588,R,1,W 去 7儿L,q121 lur's d21 1D33 XD33,喜 的 了 掉,愉 悦 相 离 舍
588,R,2,7L 日 WI,tshi31 1033 th21 pu 06 44,终 处 一 本 写,写 最 终 一 本
588,R,3,田 7 电 WI,do21 tur33 th33 do21 mp21,不 掉 地 方 掉,放 置 新 地 方
589,L,1,效 飞2 Z,A21 1x44 ku V33,阿 勒 匠 魂 家,阿 勒 匠 世 家
589,L,2,勿 飞2 田 与,kur's IeP moss ZD21 mp21,教 儿 会 不 得,靠 教 难 获 艺
589,L,3,3= 飞 九,lu²1 lu²1 ku*stshi4,样 样 会 绝 也,万 般 皆 能 会
589,L,4,田 去 田,mp 21 dh21 mp21 kur's,不 死 的 不 会,唯 死 不 能 阻
589,R,1,田 去 田斋,21 P mp²1 khD21 mD do21,不 舍 的 不 效,抵 不 住 舍
589,R,2,去,tshi44 dz.04 tce4 the44 di21,铁 链 利 的 断,利 器 断 铁 链
589,R,3,W @% 去,tsiss tce4the2 di²1 b121,散 麻 绳 瞬 地,麻 绳 瞬 间 散
589,R,4,司 7儿L,A21 1x44 Zzi14 kuss,912 阿 勒 匠 魂 离,阿 勒 匠 魂 罩
589,R,5,W 去 7儿L 又,q121 lurss ID33 tDss,喜 的 离 了 搁,相离舍 愉 悦
590,L,1,田 电,mp21 do21 tur 33 rOp ne33,不 掉 掉 地 也,放 置 新 地 方
590,L,2,71,phu33 ne33 tghe44 33 do21 qD,村 与寨 门 掉,村与寨 间 门
590,L,3,必 M,"p""utce4p²D² vi31 h44h21 3G 33",村寨 父 兄 弟,村 族 亲 寨 之
590,L,4,九 w 叉3,nw 21 ne33 Ci31 dzu”dzu²,老 与 新齐齐,老老 与少 少
590,R,1,田 口 九 田圣,mp lu33 ne 33 mp²1 khD21,不 愿 不效 也,不 愿舍无 济
590,R,2,开%,dzi21 tce44the44 d121 tshi44,铜 绳 利 的 断,利 器 断 铜 绳
590,R,3,去,D33 tge4the21 di21 b121,藤绳 瞬 的 散,藤绳 散 瞬 间
590,R,4,沃W 去 71L,"p""utce44 lurss di21 q121",村寨 喜 的 罩,村寨愉悦离
591,L,1,W 去 7儿L 又,di21 q121 lurss 1D33 tDss,喜 的 离 了 搁,愉 悦 相 离 舍
591,L,2,田 电 日 71,mp 21 Op tur33 1033 do21,不 掉 处 掉 地,放 置 新 地 方
591,L,3,九 3 永,lu²1 ng33 33 do21 qD,鲁 与 尼 间 掉,鲁 与 尼 间 门四
591,L,4,去,tsh;44 tce4 the4 di21,猪 绳 利 的 断,利 器 断 猪 者绳
591,R,1,去,44 the21 b121 ze tce,鸡 绳 瞬 的 散,鸡 绳 瞬 间 散
591,R,2,A 3 W 去 7儿L,q121 lu²1 n15s luuss di21,鲁 尼 喜 的 离,鲁 尼 愉 悦 离
591,R,3,7 日 WI 英,du33 1033 th21 g0 44,后 处 本 写 一,后 来 写 一 本
591,R,4,放 置 新 地 方,"nil dz.D"" 33 ZO 33 dzD do21",尼 召 若 召 舍,尼 召 若 召舍?
592,L,1,去铁,tshi44 tshp21tce44 the44,盐 绳 利 的 断,利 器 断 盐 绳
592,L,2,去,1D21 tce4 the21 di21 b121,茶 绳 瞬 的 散,茶绳 瞬 间 散
592,L,3,不丑 去 7儿L,"dz,D²1 ne2i lu's di21 q121",召 吉 喜 的 罩,召 神 愉 悦 离
592,L,4,w 去 7儿 又,luss dr21 1D33 tDss,喜 的 罩 了 搁,愉 悦 相 离 舍
592,L,5,7L 日 mI 关 妄,tshi31 1033 th21 pu 21 go 44,尾 处 一 本 写,最 后 本 写 一
592,R,1,t 九 正,he33 ne 33 kD33 qD 33 do21,房 与 庭 门 掉,房 与 家 庭 门
592,R,2,tQ 田 口,he33 kD33 do21 mp21 lu33,房 庭 舍 不 愿,房 家 不 愿 舍
592,R,3,水 田 口 田X,lu33 mp²l khp21 do21 mp21,舍 不 愿 不 效,不 愿 舍 无 济
592,R,4,去,tshi44 kD21 tce the4 P,路 绳 利 的 断,利 器 路 各绳 断
593,L,1,? 去,the21 b121 tce,水 绳 口 瞬 的 散,水 绳 瞬 间 散
593,L,2,tQ 特 w 去 71L,he33 kD33 lurss di21 q121,房 庭 喜 的 离,离 房 家 愉 悦
593,L,3,又 W 去 7儿L,lurss q121 tDss XD 33,喜 的 离 搁 掉,愉 悦 相 离 舍
593,L,4,田 WI,th21 033 mp 21 do21 do21,不 掉 一 样 掉,放 置 在 新 地
593,R,1,分 永 田 口,ZD 21 nu 33 do21 mD21 lu33,儿 女 舍 不 愿 品,儿 女 不 愿
593,R,2,田 羽 田 口,do21 mp21 lu33 mp² khb21,舍 效 不 愿 不,不 愿 离 无 济
593,R,3,3 去,si33 the44 d121 tshi44 tce44,金 绳 利 的 断,利 器 断 金 绳
593,R,4,A 去,thg21 di31 b121 4u33 tce44,白 绳 瞬 的 散,白 绳 瞬间 散
594,L,1,3 又 O π,si33 tDss 4D33 dzi21 ne 4,死 搁 月 管 看,亡 者 观 星 宿
594,L,2,π 金,"dzi21 1,33 A33 106",管 看 来 阿 郭,观 星 者 阿 郭
594,L,3,效 金 半,1h33 A33 g021 t5i33 sshu,来 阿 郭 马,阿 郭 牵 驮 马
594,L,4,半,"q031 h33 tsi33 m133 p""D",驮 马 还 地 布,驮 回 布 匹 来
594,L,5,与 #,"ze? 31 ob 31 p""D h33 ts133",下 返 布 二 十,取 下 二 十 匹
594,R,1,与 # %,ni21 p²D33 ts133 nu33 VD21,二 十 你 裹 布,二 十 匹 裹 你
594,R,2,π 效 金,dzi21 ne4 1.33 A33 106,管 看 来 阿 郭,观 星 者 阿 郭
594,R,3,半 效 金,fi33 A33 106 b121,郭 给 马 分 阿,分 马 给 阿 郭
594,R,4,半 奖 日,t4133 d133 1033 do21,马 呢 坪 处 掉,马 闲 放 草 坪
595,L,1,效 金 44,A33 21 33 90² 1o55 pu,阿 郭 牛 牧 山,阿 郭 去 牧 牛
595,L,2,金 田 配,ni2l n055 A33 g021 mp 21,阿 郭 牛 不 要,牛 阿 郭 不 要
595,L,3,效 金,tsj33 fi33 A21 1206 bi21,皮 分 郭 给 阿,分 皮 给 阿 郭
595,L,4,效 金 分,A33 90² 21 10.5s ZD 33 ZD21,阿 郭 绵羊 牧 儿,阿 郭 牧 绵 羊
595,L,5,至 分,th21 21 4e33 pu33 10.5 ZD,山 方 绵羊 牧 儿,山 坡 牧 绵 羊
595,R,1,效 金,33 A33 pu 9021 b121,绵羊 分 阿 郭 给,分 绵 羊 给 他
595,R,2,2 效 金,"fi33 A33 1,ss b121",山羊 分 阿 郭 给,分 山 羊 给 他
596,L,1,效 金,ve31 fi33 A33 106 br21,猪 分 阿 郭 给,分 猪 给 阿 郭
596,L,2,开 2,"si33 21 1,33 3G nu33 go$s",死 贵 你 来 值,你 死 你 值 当
596,L,3,你 死 你 值 当,zi33 nu33 nu 33,你 死 你 值 呢,你 死 你 遂 愿
596,R,1,Z Z to 日,si33 nu33 he33 1033,死 主 你 房 处,亡 者 阳 世 家
596,R,2,分 日 W # 永1,YD 1033 tsi33 1044 do21,后 处 衙 丢 掉,丢 身 后 城 衙
596,R,3,W w 全 7.0,tsi33 ci31 33 Z133 tshi21 SD,衙 府 找 去 吧,去 找 新 府 衙
596,R,4,分 日 GZ,phu33 YD 33 1033 1044 do21,后 处 村 丢 掉,后村 丢 掉 身
597,L,1,日 w 全,ci31 33 yu² 1033 phu33 as,前 处 村 新 找,阴 间 找 新 村
597,L,2,分 Z日,1o3 t tche441 1044 do21,后 处 寨 丢 掉,丢掉 身 后 寨
597,L,3,W 全,tche44 SD 33 tshi21 lely,寨 新 找 去 吧,去找 寨 新 吧
597,R,1,分 日 to Z,yD 33 1033 he33 1044 do21,后 处 一房 丢 掉,丢 掉 身 后 房 一
597,R,2,to w,"he33 ci21 SD 33 z,i33 tshi21",房 新 找 去 吧,去 找 新 房 吧
597,R,3,分 日 介 GZ,mx 21 1033 m133 10 4 do21,后 处 地 丢 掉,丢 掉 身 后 地
598,L,1,w 全,ci31 m1 33 as 33 120b 2j33,地 新 找 耕 去,去 找 新 地 耕
598,L,2,分 7水 日,yD 33 1033 dz121 1044 do21,后 处 畜 丢 掉,丢掉 身 后 畜
598,L,3,日 w 全,1033 dz121 ci31 33 remx SD,前 处 畜 新 找,阴 间 找 新 畜
598,L,4,分 7水 日 特,yD 33 1033 kD33 1044 do21,后 处 路 丢 掉,丢掉 身后 路
598,R,1,日 w,ci31 33 yur² 1033 kD33 SD,前 处 路 新 找,阴 间 找 新 路
598,R,2,分 日 GZ 7水,33 1033 tsp33 1044 do21 YD3,后 处 饭 丢 掉,丢 掉 身 后 饭
599,R,1,见 w 分 7=三,Ci144 qhu21 du21 ZD21,德 希 儿 湖 岸,德 希 湖 岸 儿
599,R,2,万 日 生 与,"kh,33 te33 reP 1033 SD",那 里 找 着 得,那 里 找 得到
600,L,1,7儿 分 7儿L,33 q121 121b yD kD33,家 离 与 庭 离,与 家 庭 离 别
600,L,2,20 特 7儿L 田 口,q121 kD33 mp2 lu33,家 庭 离 不 愿,家 庭 不 愿
600,L,3,7儿L 田 D 田斋,mo² kp21 lu33,离 效 不 愿 不,不 愿 离 无 济
600,L,4,WI 用 3=,tsho33mu² th121,人做 一 辈 辈,人 生 一 辈 子
600,L,5,企 3=,zi33 zi33 m13 ne 44 mx 21,地 黑 永 世 世,大 地 存 永 远
600,R,1,nI Z卅 目 国,th12i siss t$033 t5i33 De's,一 辈 在 真 是,可 活 一 辈 子
600,R,2,田,tsi33 zi33 13033 mp 21,永 世 在 不 真,不 可 活 永 世
600,R,3,# 子 国,tsiss dlp33 mu²l tsu 33 e,侧 斜 露 成 天,露 生 黄 昏 时
600,R,4,系,dlp33 44 thp21 n133 ze pu33,霜 成 鸡 鸣 时,霜 降 鸡 鸣 更
600,R,5,A 7:,21 tD21 tsh;33,自 己 我 时 到,物 皆 从 已 时
601,L,1,田 不子,mp21 dzi²l1 mu²1 m133 h121,不 幸 天 地 挑,不 挑 幸 天 地
601,L,2,子介,m33 h33 hr²1 1303,天 地 来 挑 在,被 天 地 挑 上
601,L,3,开,kho21 G133 123G ID33,柯 兴 诗 安 啊,柯 兴 诗 安 啊图
601,L,4,金 飞雨 苗,ni44 tch33 thD21 55 nu33 $D,你 心 它莫 伤,你莫要伤 心
601,R,1,2 X 田路,"1,55 bu' nu33 tsiss mp",你 只 独 不 有,非 你 独 如 此
601,R,2,π 九 目,si33 dzi21 Z04 ng33 tS033,官 生 也 死 在,官 者 照 例 死
601,R,3,思 苗 田斋,mp²l khD21 $DS ne33 $DSS,不效 伤 也 伤,伤 心 不济
605,L,1,wt WI,luus he33 1i3 vi33 th21,吉屋来家 一,有 一户人 家
605,L,2,Z4,t4u44 mu? si33 tch133 53,木斯 浸额,木斯 斤浸 额?
605,L,3,W,qo3 phu33 tc1s tsi33 lu*s,房院寨 帮 喜,盖房靠村帮③
605,R,1,4生,t4u4 noss t84 the44,人 找 活迭 上,添 丁 绊活 计
605,R,2,每又,tsi33 1i33 tpss V133 mu33,房来 做搁 拿,建起 了家 庭
605,R,3,住,si33 tsi33 tsi33 lu²1 1i33,主 家 鲁来 家,家庭靠鲁建
606,L,1,A 7科,4u133 de21 lu33 bu33 hyss,银 打 墙 壁 立,银 铸 墙 壁 高
606,L,2,3 全,si33 de21 lu33 9033 as 33,金 打 墙 内 找,金 饰 堂 房 室
606,L,3,住 2,tsi33 bu33 lu21 133 hy31,屋 顶 鲁 来 立,屋 脊 鲁 守 护
606,L,4,住 7:,lu21 133 tsi33 1$03,屋 尾 鲁 来 转,房院鲁 巡 游
606,R,1,w 女,Zzi33 lurss 055 33 kur's np,吉 喜 头 听 会,家 人 聪 而 明
606,R,2,W 面,SD33 luur's pD21 mp 33 qD 33,福 喜 父 母 玩,父 对 母 乐 而
606,R,3,又 Z 面 每 住,ms mu 33 tsi33 tDss 3,夜 的 接 近 拿,夜 间 相 婚 配
606,R,4,3 光,33 44 bo33 ob 33 ty21 ZO,生 有 金 中 结,怀 孕 金 身 中⑧
606,R,5,Z 住 A 住,si33 1h21 tsi33 lu²1 tsi33,主 房 鲁 来 房,建 屋鲁来 建
607,L,1,Z 3,si33 lu²1 133 te33 t@33,主 立 鲁 来 立,立 家 鲁 来 立
607,L,2,A,lu²1 l33 dz121 tc1s tc1ss,畜 牧 鲁 来 牧,畜 牧 鲁 来 护
607,L,3,π,tsp33 pD 21 dzi21 li33 pD n21,粮 保 神 来 保,稼 鲁 来 佑
607,L,4,W 光,php21 li44 SD33 lur's,福 喜帕 缠 身,病缠帕躯 体
607,R,1,每 住 又 Z,33 33 tsi33 VI33 ms mu tDS,夜 的 遇 搁 拿,夜 间 患 顽 疾
607,R,2,田 与,phu33 mp d31 1D33,祖 不 行 的 死,不 敌 而 亡 逝
607,R,3,Z4 目 级 π 九,"nu 33 t$o33 tce"" dzi21 ne33",你 生 汗 冒 也,你 生 颜 冒 汗
607,R,4,Z4 级 田,si33 eenu tce'ss mp dzi21,你 死 汗 不 冒,你 死 汗孔闭
608,L,1,目 π 九,lu²1 dzi21 ne 33 t$033,你 生 鲁 管 也,你 生 鲁 护 佑
608,L,2,Z出 子 田,si33 nu33 lu21 mp2l,你 死 鲁 不 死,你 亡 鲁 不 亡
608,L,3,小 分,du21 XD 33 np 55 tsess m133,处 阴 间 接 阳,阴 阳 两 界 连
608,L,4,子 Z 孔,si33 si33 b121 Ze31 mb,死 主 下 给 完,阴 物 降 亡 者
608,L,5,级 分,tho31 du21 lu21 331 55 yD,后 跟 鲁 汗 得,阴 汗 与 阴 鲁
608,R,1,子 级 分,si33 33 siss tce 55 yD,死 汗 与 死 碗,阴 汗 与 器 血
608,R,2,分 去,khp33 si5s lu21 XD 33 ne 33,那 鲁 与 饮 碗,阴 间 盛 汤 碗
608,R,3,分,khD33 yD 33 ZO 33 si55,那 与 绵羊 碗 牛,绵 羊 牛 肉 碗
608,R,4,分 正,33 khD33 lu21 yD tch33 si5s,那 鲁 与 米 碗,阴 间 盛 饭 碗
609,L,1,Z4 与 九,1h33 kD33 reP no33,你 来 过 行 也,你 从 线 路 去
609,L,2,又 分 了 3,33 tche33 tDss yD te33,搁 处 诗羌,留 守 诗羌
609,R,1,年 与 九,li33 kD33 d131 ne33 Enu,你 来 过 行 也,你 可 前 行 去
609,R,2,年 田 与,fi33 1i33 kD33 mD21 IeP,强 体 来过 不 行,强 体 不 前 去
609,R,3,Z 分 又 m,niss 33 tDss 1D3s dzu YD,前 处 搁 置 吧,储 置 阳 界 家
609,R,4,W tQ 子 飞,lur's hae33 33 V33 m6,勒 罕 诗 娓 格,勒 罕 诗 尾 格
610,L,1,Z: 3 3,si33 si33 lu21 133 si33,神 守 鲁 来 守,鲁 神 在 守 护
610,L,2,A 田 分,lu²1 li33 kp33 mp 21 yD 33,鲁 来 过 不 处,鲁 神 不 前 往
610,R,1,分 又 米 m,33 dz yD tDss 1D5s DiS,前 处 搁 置 吧,留 守 阳 间 屋
610,R,2,目 不,niss do44 niss t$033 Z.133,前 出 前 处 去,界 离 了 阳 间
610,R,3,零列两3,tsh033qhu²thu21thu21,阴 人声 曬,阴 月间声
611,L,1,口 3=,55 tsh;21 lu33 tsx 44 np tsy44,阴 狗 吠 汪 汪,阴 狗 汪 汪 吠
611,L,2,特 分 九,nu33 1i33 kD33 ax 33 ne33,你 来 过 处 也,你 声 前 去 寻
611,R,1,分 m nI 丑,21 4iss th21 2i33 ZD,儿 孙 一 吉 祥,儿 孙 得 吉 顺
611,R,2,儿 孙 得 吉 顺,1o21 mp 33 bu²1 be33,托 罗 茅 竹 根,托 罗 茅 竹 根
611,R,3,W 分 O 田,tsi33 33 4D33 mp 21 yD,阳 与 月 不 失,日 月 不 失 明
611,R,4,介 R W,ze 44 dp21 tsiss tsiss,地 鸡 地 露 喝,鸡 饮 地 露 水
612,L,1,了 A,"tae33 4u33 pur33 tghe33 n,D 33",舒 伯 羌 扭,当 舒 羌 伯 扭
612,L,2,孔里3,tshi21 1i33 mdmd.a 33h21h21,冬 风 起 朴朴,寒 风 阵 阵 起
612,L,3,7科 田 #,si21 de21 lu²1 mp 21 ts133,颗 打 龙 不 剩,不 留 降 電 龙
612,L,4,米 田 又,1D55 dlu33 ve31 mp 21 tDss,浪 翻 猪 不 留,不 留 湖 浪 猪
612,R,1,,w tQ 3,luy's he33 小3,勒 罕 诗 娓 格
612,R,2,4,t4u44 me33 mp21 Ss,人 死 名 不 失,人 死 名 不 失
612,R,3,子 Z 田,si33 si33 lu²1 mp21 tsh;33,死 神 鲁 不 到,死 不 及 鲁 身
612,R,4,效 去 天,A21 siss phu21 Di33,从 前 祖 畜 日,过 去 祖 养 牛
612,R,5,3,1p21 n1ss mu33 tDss mzp,牛 神 做 搁 的,用来 做奠 牲
613,L,1,效 逛孕子,A21 siss phD²1 33 tc1 tsp,从 前 父 种 粮,过 去 父 种 粮
613,L,2,过 去 父 种 粮,"kD3 1p33 VE tsD""? 55 ab h33",筛 了 客 吃 面,用 来 做 丧 饭
613,L,3,Z4 分 九,h33 qD33 33 nu33 XD,你 来 如 得 也,你 若 得 此 居
613,R,1,分 又 m,"niss yD 33 tDss 1Dss dz,u",前 处 搁 置 吧,宅 返 居 阳 故
613,R,2,与,tsh33 ni21 dze4kD21 tsh;33,十 荒凉 到 二,十 二 荒 野 上
613,R,3,半 3=,lu21 si21 khD²1kD21 mu's,鲁 马 行 过隐,鲁 骑 马 背 驰
613,R,4,Z: 十妄 九,si21 si33 g0 44 tc8 55 ne 33,行 主 吓 染 也,受 声 惊 吓 怪
614,L,1,2 2,31 h33 h33 ob lu²1 9031,回 来 鲁 回 来,归 兮 鲁 归 来
614,L,2,级,133 1a33 q031 tess 1eOb,回 来 浆 回 来,归 兮 浆 归 来
614,R,1,Z4 2,133 fi33 1h33 9031,回 来 沸 回 来,归 兮 沸 归 来
614,R,2,子 九 与 百,mu21 ne 33 m1 33 ni21 ty4,天 与 地 二 层,天 与 地 之 间
614,R,3,田 Z 与 百,si33 si33 ni²1 mp 21 ty4,不 死 它 二 层,天 地 神 不 死
615,L,1,日 出办 公,niss 1033 nu33 fi33,前 处 你 属 沸,生 前 佑 你 沸
615,L,2,Z 日 去,niss 1033 nu33 zi33 ng33,前 处 你 柱 楠,生前你柱 楠
615,R,1,Z 又,"si33 si21 h44 1p33 tDss p""u",它 走 返 了 搁,招 呼 使 其 返
615,R,2,7办4 X3 每,thu44 thu44 me 33 1p33,繁 荣 讲 讲 做,言 封 得 繁 荣
615,R,3,WI 一X 女,th12i thu44 np33 133 qD 33,一 句 听 来 呀,语 务 必 听 赠
619,L,1,茶X3V,thussthuss tge33 zi31 dz133,繁 星说说故事,话题繁星般
619,L,2,话题繁星般,thuss dz133thu5s S121 ne33,说故事说 还 也,话语道不尽
619,L,3,话语道不尽,mp2l thuss pi44 ss!u np D21,说 毕摩 听 不 嘴,话停听毕念②
619,R,1,Dz,n1²1 mi33 A²1 dz.0²1 d33,彝 地 阿着底,彝居阿着底
619,R,2,日,A33 dze31 tsi33 dz133 1033,丧家院坝 处,丧家院落中
620,L,1,子,kh021 1021 $OS5 nu33,柯 罗 硕 诗 奴,柯 罗 硕 诗 奴
620,L,2,司 W 田 w,t$033 luss mp21 luss,生 喜 死 不 喜,愿 生 不 愿 死
620,L,3,Z4 田 WI 必,si33 thj21 enu mp21 g05,你 死 不 大 愿,你 不 情 愿 死
620,L,4,7开 & 九,"dz,i21 bi21 mb 33",超度 给 你 完 也,超 度 经 念 完
620,R,1,?,"tche33 m1²1 1044 Z.,133",佩 刀 石 上 磨,刀 子 石 上 磨
620,R,2,子 亏 面,tshi21 ms mu2l 121 ni33,尸 夜 天 今 天,今 日 守 灵 夜
620,R,3,4 3,le31 4u33 ku33 D'S,银 镯 金 戒 指,银 镯 金 戒 指
621,L,1,田 # 开#,mp 21 ts1s5 thi2i dz.i2i,不 剩 一 段 剩,尚 欠 仪 经 一
621,L,2,万 7开7 IM,"mo 21 suk""ur ti21 dz.j21",莫 舍 那 一 段,莫 舍 一 仪 经
621,L,3,每 Z,aG 33 mu 33 nu33 bi21 9033,我 做 你 给 啦,我 诵 经 与 你
621,L,4,ZX,le31 tche33 qe31 ni3 CeSs,手 赶 线 棉 交叉,如 同 手 裹 线
621,L,5,众 Z# G 不,dzi33 du²1 bo33 ZOSs S121,起 头 有 还 要,必 先理 头 绪
621,R,1,众 女,dzi33 du²1 mp21 bo33 2i33,起 头 不 有 呢,若 无 福 禄 源
621,R,2,九,nu33 dz121 tois ne 33,你 家 畜 牧 也,你家 养 畜 禽
622,L,1,4 住,nu3 V133 t4uss tsi33 ne33,你 家 人 遇 也,你 家 添 丁 口
622,L,2,A 住 田,tsi33 si21 dzi31 t4u44,人 遇 不 称,添 丁 不 称 意
622,L,3,Z出 7开 U,nu dzi21 mp² 21 Y031 tsh:33,你 附 母 身 到,你 至 生 下
622,L,4,分 7儿L 田,ssib dzj21,儿 离 真 哭 不,儿 哭 每 不 弃
622,L,5,女 Z N,44 niss tsh:33 ne !2 nD33,泪 水 鼻 嘴 到,泪 流鼻 嘴边
622,R,1,7070,tshi2l tchath3 bu21,自己 织 线 织 背,自 织 背 单 背
622,R,2,Z4 每 亏,nu 33 1e88 mu3 thi21 ni33,你 家 做 一 日,你 后 成 家 之
622,R,3,九,nu33 1e88 dz121 ne 33,你 家 畜 牧 也,你 家 的畜 禽
622,R,4,又 九,dz121 tD?s dz121 4021 ne33,畜养 畜 也 顺,畜禽满圈 拦
623,L,1,你 家 种 庄 稼,"tsh,33 tsp3 1o21 tsi33 toss",粮 满 楼 板 下,粮 满 漫 下 楼
623,L,2,4 住 九,nu 33 t4u44 tsi33 ne g33,你 家 也 人 遇,你 家 添 丁 口
623,L,3,Az 住 700 九 W,t4u33 si21 dzi31 tsi3 ne33,人 遇 也 齐,添 丁 口 如 意
623,R,1,分 70 3=,tsh:33 bu²1 bu²1 ZD21 0.55,儿 孝 头 蓬 蓬,孝 子 发 蓬 蓬
623,R,2,70 3=,nu33 tsh:33 be33 be33 SO,女 孝 头 乱 乱,孝 女 发 乱 乱
623,R,3,W 雪 3=,4iss 4e44 055 tce44 tce 44,孙 重孙 僵 头 僵,孝 孙 发 僵 僵
623,R,4,承他 效 D,tshi33 dz121 pD 55 buss A33,脚 伸 青 蛙 缩,脚 缩 似 青 蛙
623,R,5,开 住 众 日,si33 e 21 tsi31 1033,死 善 院 坝 处,故 （人屋 院 中
624,L,1,众 区 九,ZO d2133 Z.0SS ne 33 tD33,先 生 我 也 起,先 者 自 起 生
624,L,2,万 Wi 开,"cems kh133 thi21 dz,i21 mo21",莫 舍 那 一 章,莫 舍 一 章 经
624,L,3,每,A33 33 m33 mo21 ms,什 么 牲 做 收,什 么 作 祭 牲
624,L,4,田 亏,kD33 eend siss mp nj33,蚂 蚱 血 不 存,蚂 蚱 无 血 液
624,R,1,每,kD33 pu33 mo21 mu 33 ms 33,蚂 蚱 牲 做 收,蚂 蚱 作 祭 牲
624,R,2,湖 岸 无 鱼 游,A33 ku33 Ip21 mb 55 np 55,螺 蛳 蚌 壳 多,螺 蛳 蚌 壳 多
624,R,3,每,ID21 mb mo21 mu 33 ms 33,螺 蛳 牲 做 收,螺 蛳 作 祭 牲
625,L,1,子 又,A²nae nu33 tDSs,现 在 你 死 搁,现 在 你 亡 故
625,L,2,众,4033 nu²i d2133 1031 l;33,奠 牛 先 成 来,先 与 祭 奠 牛
625,L,3,A,1031 1i33 4u33 bi21 mzp,成 来 银 给 齐,银 两 购 而 得
625,L,4,日 WI 号,55 1033 tsh:33 thi21 ni33 aG,阴间 处 到 一 日,去 至 阴 间 时
625,L,5,用,"siss tsh.33 tSD"" cob h.31",草 喂 年 小 下,仔 喂 草 年 冏下
625,R,1,万 开 不,kh44 bi21 ne1 nu 33 2133,它 好 你 给 去,良 牛 给 与 你
625,R,2,2 分 WI,ZD21 li44 bu33 thi21,羊 赠 小 一 对,赠 对 小 山 羊
625,R,3,安 ?,1e4 ne 44 1044 mo21 V04,游 牲 走 黑 色,善 奔 黑 色 牲
625,R,4,Dz 住 每,44 ni²1 tsi33 ce t4D33 mu33,汉 旁 葬 宅 做,汉 家 傍 葬 宅
626,L,1,兴 O 晏,VD 4D33 m 44 mo21 py3,鸡 公 魂 叫 牲,公 鸡 招 魂 牲
626,L,2,7L3又,mo su3 t tshi3ltshi31 tDSs,全全 牲 收 搁,祭 牲 都 收 全
626,L,3,Z,a si33 mu? pu3 dlp33 33,驯 成 牵 成 做,用 何 有 何 物
626,L,4,效,V133 A33 1844 vae33,阿 勒 客 家 牲,阿 勒 待 客牲
626,R,1,效 % 7亩 晏,A33 1y44 lae33 ze 31 mo21,阿 勒 奠 吊 牲,阿 勒 奠 吊 牲
626,R,2,效 ?,A33 dze31 q044 10 4 mo21,丧 家 顶 牲,丧 家 盖 头 牲
626,R,3,O 3 每,4D33 n1ss mu 33 mo21,招 魂 驱 邪 牲,招 魂 驱 邪 牲
626,R,4,招 魂 驱 邪 牲,ow mzpemzp li33 1031,齐齐 牲 成 来,全 部 成 福 牲
626,R,5,罗3 又,ow cmzp emz tD$s 1i3,齐齐 牲 搁 来,全部 吉牲 成
627,L,1,又 九 U,1D1 tDss 1p21 ne33 4021,顺 牛 养 牛 也,养 牛 牛 兴 旺
627,L,2,700 飞E,33 si21 bD21 ne 4 pu,牛 黑 山 七 坡,黑 牛 满 七 坡
627,L,3,U,tchi3! tDSs tchi31 ne33 4021,山羊 养 山羊 也 顺,养羊 羊 兴 旺
627,L,4,天 ZZ,tohi31 ne4 pu 33 he31 dlD3,山羊 黑 山 八 面,羊 满 山 八 面
627,R,1,(王 A,2.033 4u33 pu33 kur's lo21,绵羊 白 山 九 凹,绵羊 九 山 凹
627,R,2,又 九 U,ve31 tDss ve31 ng33 4021,猪 养 猪 也 顺,养 猪 猪 兴 旺
627,R,3,养 猪 猪 兴 旺,ve31 ne 44 tsi33 ku” tyss,猪 黑 屋九 巷,养 九 猪 满 巷
627,R,4,系,dle4 tsh33 de21 tce33 4,鸡 觅食 七 坝 场,鸡 满 七 坝 场
628,L,1,万 田,kh33 21 du21 mi33 mp $O.s,阳 间 他 不 得,阳 间 未 得 者
628,L,2,万 日 与,"kh,33 1033 ni33 reP $OS",那 里 你 得 行,那 里 你 定 得
628,L,3,开 与 九,si33 33 ne1 tD33 IeP 3U,死 善 起 行 也,亡 魂 可 起 身
628,R,1,开 万 公会,kh133thD21 lu²1 ne21 tD33,鲁 神 它 莫 起,鲁 神莫 离去
628,R,2,去 开万雨召,kh33thD21 ne2i tD33,楠 神 它莫 起,楠 神 莫
628,R,3,张,dzi21 tsp? 33 thp21 14 tD33,畜 粮 魂 莫 起,畜 粮 魂 莫 罩
628,R,4,分 张,21 33 thD21 ZD mu 2i44 tD33,儿 女 魂莫 起,儿 女 魂 莫 离
629,L,1,2.00,si21 4021 di21 44 V21 pu,神脸 急 的 返,诸神返面 回
629,L,2,如么 日,tghg33 du33 1033 kD33,金 线 随 处 过,沿金线 回 返
629,L,3,日,4u33 tc”a” h33 du33 1033 9031,银 线 随 处 返,沿银线回返
629,R,1,田 3= 2,lur21 lur²1 44 31 li33 md ob,个 个 返 回 来,全都 ：返 回 来
632,L,1,,bu*4 dz121 x03,体 津,钵 本津
632,L,2,钵 本津,ku*s dzi²l tche31 1044 bur33,各资潜罗伯 格,格资潜罗伯②
632,L,3,Z卅,si5s 1033 tche31 1a31 mu 33,先处簸塌做,先前石欲崩
632,L,4,先前石欲崩,tche31 1044 kh133mD² lα31,簸石它不 塌,石动终没崩
632,R,1,霍,kurs dzi21 V133 ZD21,格资家儿大,格资之大 儿
632,R,2,Z W 3=,IeOyb si33 kh kua kua,年主 他管管,可 司管年轮
632,R,3,Z田 W,qh031 si33 kh33 mp²kua,年 主 他 不管,司管年轮 不
633,L,1,O Z万 W 3=,si33 kh133 kual 4D33 kua,月 主 他 管 管,可 司管 月 份
633,L,2,O Z 万 田 W,4D.33 si33 kh33 mp²1 kua,月 主 他 不 管,不 司 管 月 份
633,L,3,Z 每 去 司,si33 mu 33 d121 1303 9021,耕 主 做 的 在,可 司 管 稼
633,L,4,Z 九 田 每,si33 ne 33 21 qo21 mD mu33,耕 主 也 不 做,不 司 管 稼 稿
633,L,5,去 司,h33 ab ms 33 mu33 d121 1803,怎 样 做 的 在,他 要 干 什 么
633,R,1,# 口 7,si21 tsiss lu33 te33 mu33,桃 移 院 种 做,移 桃 栽 院 中
633,R,2,每 7 Z,si21 si33 Z.0Ss mu33 te33,我 做 桃 种 主,要 做 桃 者 种
633,R,3,π Z: 分,ku's dzi21 si33 ZD 21 4i44,格 资 别人 儿 次,格 资 N 次 儿
633,R,4,Z: 万每 3=,hp33 si33 kh33 mu mu33,雨 主 他 做 做,可 执 掌 播 雨
633,R,5,Z 万 田 W,"si33 kh,33 hD33 mD21 kua 31",雨 主 他 不 管,不 执 掌播 雨
634,L,1,Z万 W 3=,si33 kh3kua3kua,晒 主 他 管 管,可 执 掌 晴 晒
634,L,2,Z 每 万 田,si33 4yss kh33 mp,晒 主 他 不 做,不 执 掌 晴 晒
634,L,3,去 司,qD33 mu33 di21 tS03 su33,怎 样 做 的 在,他 想 干 什 么
634,L,4,包 住,niss ts044 si21 tsi33 bur33,土 铲 桃 棵 堆,铲 土 堆 桃 根
634,L,5,nI 包,"th21 ness niss ms 55 t$""o h44",早 土 三 铲,晨 铲 冏三 堆
634,R,1,面 卫,sms ness niss kw*s tsh044,三 早 土 九 铲,三 晨 九 堆 土
634,R,2,行 来 住,ts04 ID33 si21 tsi33,铲 了 桃 棵 堆,腐 冏土 堆 桃 根
634,R,3,万 每 去 司,"kh,33 zi33 mu33 di21 t$033",那 样 做 的 在,想 的 是 这
634,R,4,π Z 分 光,si33 55 kuuss dzi21 ZD na,格 资 别人 儿 小,格 资 N 幼 子
634,R,5,Z4 Z 每 去 司,si33 dze 44 mu33 tS033,寒 主 做 的 在,管 寒 可 司 阴
635,L,1,3 Z 每 去 目,si33 SD 33 mu33 dr21 t$033,晴 主 做 的 在,可 司 管 阳 暖
635,L,2,Z 每 去 司,si33 qo21 mu33 t$033,耕 主 做 的 在,可 司 管 耕 耘
635,L,3,Z 田 每,si33 q021 mp 21 mu 33,耕 主 我 不 做,不 司 管耕 耘
635,R,1,Z Z 每 去 司,si33 di21 duss mu33 1803,播 主 做 的 在,可 司 管 播 种
635,R,2,Z Z 每 田 与,si33 duss mu33 mp21 d131,播 主 做 不 行,不 司 管 种 播
635,R,3,WI,thi21 ness 2133 ms 55 ve31,一 早 水 三 挑,一 晨 三 担 水
635,R,4,张 WI 不,th21 ms 55 ve31 ness xu 21,三 挑 一 早 浇,早 挑 浇 三
636,L,1,面,z.i33 ms 33 ness ku*'s ve31,三 早 水 九 挑,三 晨 九 担 水
636,L,2,张 不 面,kuuss ve31 ms 33 ness mx,九 挑 三 早 浇,三 早 浇 九 挑
636,L,3,住 不,ve31 lD33 si21 tsi33 xu²1,挑 了 桃 棵 浇,挑 水 浇 桃 树
636,L,4,住 每,44 33 tsi33 ZO tsi33 ZO 44 mu,棵 长 棵 长 做,桃 树 长 得 快
636,L,5,住 子,tsi33 Z0 44 mu qo 33 le31,棵 长 天 中 攀,桃 树高 参 天
636,R,1,了 里,"4D21 exp te33 ne 44 p""u h33",叶 结 云 黑 朵,树 叶 繁 若 云
636,R,2,7世 面 O 飞 光,G133 sus 4D33 V33 nD,夏 三 月 N 中,夏 三 月 之 时
636,R,3,光 O Z 光,ts044 su' 4D33 V33 au 33,秋 三 月 N 中,秋 三 月 N 时
637,L,1,光 3 % 答,le33 mp leap tce4,果 结 黄 生 爽,果 黄爽 桃 树
637,L,2,面 O,tshi21thD2 ms 55 4D33 nD 33,冬 月 中 季 三,冬 三 月 之 时
637,L,3,田,qe 55 si21 mp 21 le31 Pe33,枝 手 果 不 掉,果 子 不 脱 蒂
637,L,4,X 码里3,tshi21 h21h21 4i33 tD mdmd,冬 风 起 呼 呼,冬 风 呼 呼 吹
637,R,1,去 公会 3=,33 4i33 44 ne tD33 ce Se4,春 风 起 习 习,春 风 习 习 刮
637,R,2,π 男 住,88 tshi33 dzi21 si21 tsi33,官 走 桃 棵 到,官 桃 树 走 近
637,R,3,半 男 住 年,88 x44 si21 tsi33 nD 21,将 走 桃 棵 歇,将 站 立 树 下
637,R,4,田,si21 qess dzi21 mp 21 no 33,桃 枝 官 不 攀,官 不 攀 树 枝
637,R,5,半 田,si21 4D21 muss mp 21 Se3,桃 叶 将 不 摘,将不 采 树 叶
638,L,1,田7,si21 kh33 mD33 mp21 dzD,桃 子 他 不 吃,他 们 不 吃 桃
638,L,2,平u 子 丑,si33 kho21 G133 ne21 nu33,阔 兴 诗 安 奴,阔 兴 诗 安 奴
638,L,3,半 田 7,dzi21 mu's si21 mp²1 dzp21,官 将 果 不 吃,官 将 不 吃 果
638,L,4,π 半 田,si21 dzi21 ssnu mp 21 no 55,官 将 果 不 要,官将 不 要 果
638,R,1,九万雨,kh33thD21 nu33 ne33,你 也 它莫 吃,你 亦 不 要 吃
638,R,2,平亚u 子 开,C133 ge21 kho21 nu33,阔 兴 诗 安 奴,阔 兴 奴 诗 安
638,R,3,男 住,nu u33 88 tsi33 tsh;33,你 走 桃 棵 到,你 至 桃 树 旁
638,R,4,田 正,si21 qess tch133thp21 no 31,桃 枝 它莫,莫 去 攀 桃 枝
638,R,5,飞飞雨,si21 tch33 33th21 4D2i S03,桃 叶 它莫 摘,莫去采桃 叶
639,L,1,本几正雨#,si21 mp33 tch133thp21 dzp21,它莫 桃 果 吃,莫 要 吃 桃 果
639,L,2,与 雨田,ni21 thp33 dur² ty4,二 层 一 不 触,两 界 皆 不 触
639,L,3,Z4,55 qhD33 si21 qe nu 33,桃 枝 你 若 攀,如 若 攀 枝 了
639,L,4,如 若 攀 枝 了,si21 4D21 nu 33 h33 ab,桃 你 若 摘 叶,如 若 采 了 叶
639,L,5,光7,si21 mp 33 qD33 dzD² nu33,桃 果 你 若 吃,如若 吃 了果 果
639,R,1,光,dzD21 1D33 bu44 ab h33 1031,了 吃 钵 若 成,吃 了 变 成 钵
639,R,2,Y 田 的,du²1 21 m133 bu44 mD noss,阳 间 钵 不 要,阳 间 不 要 钵
639,R,3,介 G,np 55 bu X033 Z033,阴 间 钵 净 须,间 除 钵 阴 要
639,R,4,间 除 钵 阴 要,si21 33 dzD` 21 h33 t033 mp ab,桃 果 若 着 吃,若 吃 那 桃 果
640,L,1,,"ku"" dzu bu44 t4e33 1031",钵 脓 成 来 呢,就 会 流 钵 脓
640,L,2,口 m,bu44 t tshi33 1031 133 dzu,钵 油 成 来 呢,就 会 长 钵 油
640,L,3,阳 间 界 门 处,"m1"" 33 h33 mD33 1e&zp",地 上 果 子 些,世 上 的果 子
640,R,1,田,2 si21 mp33 kh133 mp²1 dzD,果 子 它 不 吃,果 唯 不 吃 那
640,R,2,W 不 分,lurss phu33 133 D133,勒 普 毕 绕 来,勒 普 毕 绕 啊
640,R,3,不,S121 bu4 X033 ZO.'S,钵 津 净 须 还,我 来 除 钵 津
641,L,1,企 田 W,np 55 m133 zi33 mp 21 lur3,阴 间 呢 不 喜,阴 间 不 欢 迎
641,L,2,Z 日 田 7,niss 1033 h33 ab mD21,嘴 处 面 不 吃,口 中 不 进 食
641,L,3,田 G,qhD33 bu X033 mp 21 ZO33,面 钵 净 不 须,不 用 钵 除 食
641,L,4,日 田,"q""u21 1033 z.133 mp 21 to33",喉 处 水 不 咽,脖 子 不 咽 水
641,L,5,田 G,bu 4 21 X0.33 mp Z0.33,水 钵 净 不 须,不 用 除水 钵
641,R,1,效 日,A33 m133 ne 4 1033 X033,什 么 眼 处 净,什 么 除 眼 体
641,R,2,区 日,dz.04 44 ne 1033 X0.33,乃 卓 眼 处 净,乃 卓 除 眼
641,R,3,效 介 日,A33 m133 le31 1033 X033,什 么 手 处 净,什 钵 么 除 手
641,R,4,田 3= 日,nos's le31 le31 1033 EOx,猴 手 手 处 净,猴 肢 除 手 钵
641,R,5,X 每,A33 tsis m133 mu3 X033,什 么 节 的 净,啥除关 节 钵
642,L,1,W 每,tsiss m8 tsi's,麻 秆 节 的 净,麻 秆 除 关 节
642,L,2,效 介,A33 m133 bu siss X033,什 么 钵 血 净,什 钵 么 除 血
642,L,3,逛,si21 ne4 bu 44 siss XO 33,苗 黑 体 净 血,黑 莓 除 体 血
642,L,4,分,si21 qD33 33 ne44 YD,莓 黑 哪 里 找,黑 草 莓 哪 寻
642,L,5,田 司 不,si21 s121 ne4 mp 21 1303,莓 黑 不 有 还,还 没 有 黑 莓
642,R,1,7,"si21 dz,D te33 sshnd",埂 子 莓 黑 藤,埂 爬 草 莓 藤
642,R,2,7 来,te33 pu's si21 ne44 bo33,埂 子 莓 黑 有,埂 莓 上 有 草
642,R,3,埂 莓 上 有 草,si21 ne 44 ters 33 ax,莓 黑 找 得 呢,找 回 黑 草 莓
642,R,4,找 回 黑 草 莓,si21 ne 44 bu siss X033,莓 黑 钵 血 净,黑 莓 除 钵 血
642,R,5,黑 莓 除 钵 血,tsh33 X033 1D33 te33 mgss,净 了 硬 尾 下,血 钵 除埂 下
643,L,1,逛 念,bu44 si5s 33 du33 X033 mb,钵 血 净 完 后,清 除 完 钵 血
643,L,2,G 不,zi55 S121 bu t4e33 X033,钵 脓 净 要 还,尚 要 除 钵 脓
643,L,3,尚 要 除 钵 脓,eayb zi33 X0.33,净 呢 什么 拿 净,什 么 除 钵 脓
643,L,4,A,si21 4u33 bu4 t4e33 X033,莓 白 钵 脓 净,白 草 莓 除 脓
643,L,5,A 当分,"si21 h33 4u33 q""D ax 33",莓 白 哪 里 找,白草莓 哪有
643,R,1,企 A,si2i d133 m133 4u33,地 荒 莓 白 坪,荒 地 长 白 莓
643,R,2,A 云 分,33 si21 4u33 ter's YD zi33,莓 冏白 找 得 呢,到 白 草 莓
643,R,3,A,si21 du33 bu44 t4e33 X033,莓 白 钵 脓 净,白 草 莓 除 脓
643,R,4,724,Ip33 X033 te33 mess tsh33,净 了 尾 下,钵脓除 余下埂
644,L,1,,33 33 bu44 t4e33 XO mb du33,体 脓 净 完 后,清除 了 钵 脓
644,L,2,不,S121 bu44 tshi33 X033 ZO.Ss,钵油 净 要 还,尚需除钵 油
644,L,3,尚需除钵 油,A33 m33 bu44 tsh:33,什 么 钵油 净,什么限 除钵 油
644,L,4,3,tshi2tshi21 bu4 tshi33 X0.33,茨茨钵 油 净,茨茨劳 葆 除
644,L,5,米3当分去,"tshi2ltshi21 h33 q""D YD 33 13",茨茨 哪 里 找,茨茨哪里找
644,R,1,了 3,tshi2ltshi2l 33 te33 pu's,埂 子茨茨 条,埂爬茨茨藤
644,R,2,米3=,tshi2ltshi2i ne dze31 tsD,茨茨 滕 串条,茨茨根盘串
644,R,3,茨茨根盘串,tshi21 tshi21 bu44 tshi33,茨茨钵 油 净,茨茨 除 钵 油
644,R,4,7 724,1D33 te33 me55 tsh33 X033,净 埂 尾 下,钵油除 下埂
644,R,5,钵油除 下埂,bu4 tsh;33 mb du3,钵油 净 完 后,清除了钵油
645,L,1,不,bu*4tsu3 x03 33 20.$5 S121,钵发 净 要 还,需 尚 除 体 发
645,L,2,效,A33 m133 bu4tshu33 x033,什 么钵发净,什 么 除钵 发
645,L,3,什 么 除钵 发,tho31tsu3bu4tshu3x033,松毛钵发净,松 针除钵 发
645,L,4,光分五4四,"tho²tshutso q""D h33",哪 里松毛 有,儿有 针 哪 松
645,L,5,4 日,tsh133 ni21 pu 33 1033,十 山 大 处 二,十 冏二 大 山 里
645,R,1,7 4 至 日,si44 4e33 ness 1033,树 大 深 处 林,树 深 林 密
645,R,2,IM,tho21 ni44 th121 4e33 nu 21,松 青 二 林 长,长 片 青 松
645,R,3,分,"zi33 tho²ts""wtc1 YD 33",松毛找 得 呢,采来青松 针
645,R,4,采来青松 针,tho²1tshu3bw4tshu33x03,松毛钵发净,松针除钵 发
646,L,1,7Z4 C 7,"1p33 te33 mes's tsh,33",净 了 硬 尾 下,钵 发 除 下
646,L,2,灶 7,bw4tshwxo du33 mgss,钵 发净 后 面,清 除 钵 发 后
646,L,3,效,A33 m133 but tshi33 X033,什 么 体 脚 净,什 么 除 体 脚
646,L,4,用,siss tsh:33 bu44 tshi33 X033,草 净 根 钵 脚,茅 草 根 除 脚
646,R,1,世米光分,"siss q""D h33 ab h33 YD 33",草 苦 哪 里 找,哪 里 有 茅 草
646,R,2,日,pu 33 pu33 tshi33 1033,山 大 山 脚 处,大 山 山 坡 脚
646,R,3,Z世,pu tsh;33 si5s qhD21 tsi33,苦 山 脚 草 棵,坡脚 长 茅草
647,L,1,用 出米云分,_ab h21 tci yD 33,草 苦 找 得 呢,拔 回 茅 草 来
647,L,2,用,siss tshi33 bu4 tshi33 X033,草 根 钵 脚 净,草 根 除 体 脚
647,L,3,草 根 除 体 脚,bu4tsi 33 x033 33 du33 mb,钵 月 脚 净 完 后,除 掉 了 钵 脚
647,L,4,尚 需 除 体 壳,A33 m133 bu mb 55 X0.33,什 么钵 壳 净,什么钵壳 净
647,R,1,光分,qD33 33 mb pu tc1ss YD,哪 给 找 里 波,哪 里 有给 号 波
647,R,2,山 凹 灌 木 丛,mb 55 pu33 th121 bu?3 tei's,给 波 一 丛 找,给波 丛 中 找
648,L,1,7 74,X033 1D33 tg33 tsh33 mess,净 了 硬 尾 下,钵 壳 除 埂
648,L,2,孤 78 7,mb pu 33 XO du33 me 33,钵 壳 净 后 面,除 掉 钵 壳 后
648,L,3,除 掉 钵 壳 后,pu 44 X033 ZO55 S121,钵 皮 净 要 还,尚 需 除 钵 皮
648,L,4,尚 需 除 钵 皮,A33 tsi33 33 m33 XO,什 么 钵 皮 净,什 么 除 钵 皮
648,R,1,WEN,tsiss phD33 bu tsi33 X0.33,麻 布 钵 皮 净,麻 布 除 钵 皮
648,R,2,W 光分,"h33 h33 33 tsiss p""D q""D yD tors",麻 布 哪 里 找,麻 布 哪 里 找
648,R,3,W 分 全,"h33 tsiss p""p"" ab h33 YD 33 $D 33",麻 布 哪 里 寻,哪 里 麻 布
648,R,4,哪 里 麻 布,nw 55 le31 ze31 tshu2z:33,女 手 织 梭 拿,织 女 手 持 梭
649,L,1,田,mp 21 dlp33 th121 k033 dlp33,不 成 一 架 成,架 机 织 布 匹
649,L,2,W 勿,tsiss phD33 tsD²1pe31 ZD21,麻 布 车 轮 小,圆 如 车 轮 子
649,L,3,I 开 3E,"th21 thw33 tsh,33 da44 1D33",一 截 断 了 下,剪 下 段 来 一
649,L,4,W,tsi's pD33 bu ts133 X0.33,麻 布钵 皮 净,皮 用 来除 钵
649,R,1,灶 7,bu 44 tsi33 X033 du33 me33,钵 皮 净 后 面,除 去 钵 皮 后
649,R,2,發,A33 m133 bu44 0.55 X033,什 么 钵 头 净,什 么 除 钵 头
649,R,3,WI,bu 44 X033 VD21 th21tc33,钵 净 鸡 一 只,除 钵 鸡 一 只
650,L,1,,VD21 ku33 bu4 kw33 X033,身 自 净 鸡 钵,鸡 身 除 钵 身
650,L,2,7 7,VD21 me5 bu me 55 X0.33,鸡 尾 钵 尾 净,鸡 钵 尾 尾 除
650,L,3,兴面,VD21 sur²1 bur*4 ms 21 X03,鸡 甲 钵 甲 净,鸡 爪 除 钵 甲
650,R,1,,A33 m133 bu X033 yur²!,什 净 么 钵 骨,什 么 除 钵 骨
650,R,2,?,104 1D33 bw 21 mx f033,石 头 钵 骨 除,石 头 除 钵 骨
650,R,3,分,qe44 bu 44 qhD33 YD 33,钵 骨 怎 样 强,钵 骨 再 坚 硬
650,R,4,田 ?,"1044 mp33 kh033 mp²1 2 q""e44",石 头 样 不 强,没 石 品 头 坚 硬
650,R,5,至 7 孔,1D33 433 me? 33 X0.33 Ze31,净 了 山 尾 下,体 骨 除 下箐
651,L,1,f2 G 不,bur 4 Z0.5 S121 ne21 X0.33,钵 内 净 要 还,尚 需 除 钵 肌
651,L,2,效 企 f2,A33 m133 bu ne31 X033,什 么 钵 内 净,什 么 除 钵 肌
651,L,3,企 f2 f2,m133 ne21 bu ne 21 X033,泥 土 钵 内 净,泥 土 除 钵 肌
651,L,4,f2 光勿,21 h33 33 ne ab np ness,钵 内 多 么 厚,钵 肌 再 厚 实
651,R,1,田 3= %,luu²1 lu²1 X033 1D33,个 个 净 了 掉,除 钵 全 除 净
651,R,2,田 又,"1D33 h.33 21 x03 p""u"" mp tDS",净 了 村 不 搁,除 钵 不 为 村
651,R,3,勺 田,X033 1D33 tche4mp² b121,净 了 品 寨 不 给,除 钵 不 为 寨
651,R,4,w,lur's V133 qD 33 bu*4 X03,丧 家 与 钵 净,除 体 为丧 家
652,L,1,飞 W WI,lurs V133 tch133 th121 y831,丧 家 那 一 家,丧 家 一 家 人
652,L,2,九 光3,33 ne nD,大 与 小 些 些,大 人 与 小 孩
652,L,3,π,1133 S133 dzi21 mu33 X033,健 康 生 的 净,健康 除 钵 得
652,L,4,每,1i33 dze33 33 33 mu XO,风 耳 清 的 净,除 钵获 清爽
652,R,1,Z 去,duss mu33 duss di21 X033,耕 做 耕 的 净,除 钵 为 耕 耘
652,R,2,每 去,55 mu 33 55 di21 X033 aG np,播 做 播 的 净,除 钵 为 播 种
652,R,3,Z 每 Z,thp21 du's mu duss du',耕 做 耕 莫 误,莫 误 耕 作 时
652,R,4,办,np 55 mu 33 DDSs thD21 du33,播 做 播 莫 误,莫 误 播 种 季
652,R,5,Z 每 Z 九 分,duss mu33 duss ne 33 33 yD,耕 做 耕 也 获,耕 耘 粮豕 获丰
653,L,1,企 甘,m133 ne 44 dp21 dze44 mp 33,地 黑 野 荒 大,荒 茫 黑 土 地
653,L,2,甘 tQ 二1-,dp²1 dze44 fess hg33 33 qo,野 荒 岩 洞,荒 地 生 石 洞
653,R,1,万 日 目 分,kh133 1033 bu44 33 tS0.33 yD,那 里 钵 在 处,那 是 钵 在 处
653,R,2,万 日 WI 签,kh33 th21 33 1033 kp33 tsD3,那 路 一 条,那 里 有 道 路
653,R,3,田 签 男,kD33 th121 tsD3 33,不 走 路 一 条,一 条荒 废 路
653,R,4,男,th21 bu 44 133 tSD33 好,一 条 钵 来 走,钵 去那 里 走
654,L,1,万 日 Z WI,kh133 1033 th121 reIzp gur²1,那 里 床 一 张,那 里 有 张 床
654,L,2,田 号 飞 飞,Zi31 th21 mp 21 1m6 gu 21,不 睡 床 一 张,一 张 空 闲 床
654,L,3,号 分,th121 gu²i bur4 2i31 YD D33,一 床 钵 睡 处,钵 去 那 里 睡
654,L,4,田 7 Wi 荟,dzD² tsD33 th121 mp²1,不 吃 饭 一 觀,无 人吃 之 饭
654,R,1,万,kh33 bu 44 dzD21 tsp 33,那 甄 钵 吃 饭,钵 吃 那 觀 饭
654,R,2,钵 吃 那 觀 饭,bu* dzp²1 bu ne 33 bu 44,钵 吃 钵 也 饱,钵 吃 钵 肚 饱
654,R,3,万 日 to,kh133 1033 he33 10b t$033,那 里 房 空 有,那 里 有 空 房
654,R,4,田 to,21 ni33 he33 th121 So21 mp,不 住 房 一 幢,空 闲 一 幢 房
654,R,5,亏 7.0,"bu44 kh133 ni33 tshi21 Z,133",钵 那 住 去 吧,钵去那 里 住
655,L,1,亚u tQ Wi,he33 th21 SO,空 闲 房 一 幢,空 闲 房 一
655,L,2,3 tQ 飞里,33 hg33 h33 np bu33 m.d,瓦 黄 房 顶 盖,琉 璃 黄 瓦 顶?
655,L,3,万 tQ,"33 kh,33 2133 bu4 he33 3G",它 呢 钵 房 是,它是 房 钵 居
655,L,4,亏 7.0,"bu44 kh,33 ni33 Z133 tshi21",钵 它 住 去 吧,钵去 居 它 吧
655,R,1,田工7 IU 至,si44 mp 21 t4D33 th21 4e33,不 烧 木 一 林,林 不 做 柴 一
655,R,2,2ZZ 7 7,tsiss si44 si21 no5s si44,漆 树 杨 梅 树,漆 树 杨 梅 树
655,R,3,万,kh33 zi33 bu44 43 33 ne,它 呢 钵 林 是,那 是 体 柴 林
655,R,4,万至,kh133 433 z t4D33,它 林 砍 烧 去,体 去 它 烧 砍
656,L,1,3,4e44 dzi21 bu²3 bu33,刺堆堆 倒 钩,倒 钩 刺 丛 丛
656,L,2,穴,phu33 tshi21 niss less gu33,荨 麻 棵 枝塞,荨 麻 盖满地
656,L,3,3,tsho21 ni44 dzi²1kh4khx44,荆 棘 刺齐齐,棘刺 齐齐 荆 口
656,L,4,棘刺 齐齐 荆 口,si21 dzi21 siss thg21,棘枝 团 沙 旋,沙 棘枝 密旋
656,R,1,,AS5 khp²tsa mu 33 nu 21,蒿 枝把 的 长,蒿枝成 束 长
656,R,2,蒿枝成 束 长,A33 da31 qo21 mu Z.04 44,粘 黏草 铺 的 生,粘 黏 草 铺 地
656,R,3,万 日 m,"kh133 1033 ob zi33 dz,u²",那 里 耕 去 吧,耕种它 钵 去
656,R,4,效,A33 m133 bu4 dzDl tso21,什 么 吃伴 体,什么钵食伴
657,L,1,万,"kh33 zi33 mq dzp²ts""o”",它 呢 钵 吃 伴,它 们 做 食 伴
657,L,2,效,A33 m133 bu fu33 pe4,什 么 钵 婚 伴,什 么 钵 婚 配
657,R,1,效 田,A33 noss bu fu33,猴 子 钵 婚 伴,它 们 与 钵 配
657,R,2,W 秋 不 分,lur's phu33 p133 1h33 ZD21,勒 普 毕 绕 来,勒 普 毕 绕 啊
657,R,3,田 女,mD²1 X031 nD33 X031 mu33,不 合 听 合 做,误 处 听 后 纠
657,R,4,田 飞2,mp 21 kuss 33 kurs's np,不 会 听 会 做,不 会 听 后 会
660,L,1,X3V,tce dzi4thu4 thu4 dz1²,星辰古语源,故事如星繁
660,L,2,XWX 九,thu4dz133thu44 S121 ne33,古语 源古语 还 也,往事虽无 数
660,L,3,Z,mp²1 thu4 niss m6 33 D3,不 古语 毕 嘴 进,毕 摩 嘴止声②
660,R,1,55,ni2. le31 phb33 da44 dzp²,手布断 吃 尼,尼 人断布 裁
660,R,2,尼 人断布 裁,le31 phD33 t SO44 tci*,夏 人布扯 头,夏 人 断 布 扯③
661,L,1,D2 介,"ni21 m133 A21 dz,o21 d133",地 着 底 尼 阿,尼 居 阿 着 底
661,L,2,W -1= 日,A21 dz.021 33 1033 qo,阿 着 底 里 处,阿 着 底 域 内
661,L,3,子,tsh121 su 33 mu²l tshi21 su33,池 色 木 池 色,池 色 木 色 池
661,L,4,婴 企 ZZ,tsh21 su33 121 m133 he31 nD's,尸 夜 今 晚 夜,今 值 死 人 夜
661,L,5,光 电 子 Z,kho21 1o21 si33 $OSS,阔 罗 硕 诗 斯,阔 罗 硕 诗斯
661,R,1,Z 目,nu33 ph133 t$033 1D33 mb 33,你 在 完 世 了,你 世 已 过 完
661,R,2,W 秋 不 分,"lu*s h33 33 21 1h33 p""u pi ZD",勒 普 毕 绕 来,勒 普 毕 绕
661,R,3,7Z4 与 77,33 me Ze31 tsh133 ni2i dzi21,芒 元 十 二 章,芒 十 元 二 经?
661,R,4,3北E 面,da44 tsh133 ms 55 moss,闹 答 十 章 三,闹 答 十 三 章?
661,R,5,Z4 四 每,nu 33 mu 33 nu33 2031 me33,你 奠 你 吊 做,繁 盛超 度你
662,L,1,四 画 &,nu33 me 33 Ze 31 mb 33 tD33,你 吊 奠 完 后,吊 奠 你 N 后
662,L,2,田,tshi33 th33 tsh;33 mp 0i3,不 到 日 子 到,时 日 至 如 今
662,L,3,时 日 至 如 今,tshi21 33 121 ni33 tshi33,户 夜 今 日 到,今 日 超 度 你
662,L,4,子 去,si33 4021 1044 dr21 md,死 脸 成 的 反,亡 脸 朝 阴 界
662,L,5,企,si21 44 55 1021 pu np m133,死 脸 反 阴 间,转 脸赴 阴 地
662,R,1,介,44 55 m133 tsh;33 Eenu md np,你 反 阴 间 到,你 赴 阴 之 际
662,R,2,分 张E %,21 1h33 ZD ny33,儿 魂 你 来 拦,阻 留 下 儿 魂
662,R,3,雪 张 %,"zi14 33 l,33 4e44 nu",重孙 魂 你 来 拦,阻 留 重 孙 魂
663,L,1,分 灶 Z 日,33 du33 niss V133 1033 YD,后 处 前 家 处,前 世 阳 间 家
663,L,2,Z Z 田 每,duss 120b duss mp21 mu33,庄稼 盘 庄稼 不 做,无 人 盘 庄 稼
663,L,3,子 WI,A21 si55 mu21 th21 ni33,过 去 天 日,此 前 之 时 日
663,L,4,Y 九 田,q031 tsh:33 ne?i ng33 mp21,年 吉 也 不 到,因无吉祥 年
663,R,1,天 九 田,tsh:33 nj33 De21 ng33 mp2l,日 吉 也 不 到,因 无 吉 祥 日
663,R,2,天,"mu²1 1,33 121 ni33 tsh;33",天 来 今 天 到,现 下 之 时 刻
663,R,3,张 天 九,Zzi144 ni33 tsh:33 ng33,魂 赎 日 也 到,正 值吉祥 日
664,L,1,天 张 天,21 55 ni33 Di33 31,日 吉 魂 赎 冏日,吉日 好 赎 魂
664,L,2,不 万,kh133 p133 ne21 ne33,毕 贤 他 也 使,毕 摩定 今 日
664,L,3,张 丑万 九 W,Zi14 ne²i kh133 ne33 lu's,魂 美 他 也 喜,群 魂 乐 不 迭
664,L,4,W 不 分,luss pu33 33 h33 p1,普 勒 毕 绕 来,勒 普 毕 绕 啊
664,R,1,w 去 张 丑,luss di21 qh031 30,喜 的 魂 美 应,群 魂高 兴 应
664,R,2,张 田 3= %,"lu²1. 55 1h,33 lur21 ZE .",魂 个 个 赎 来,赎 魂全 都 赎
664,R,3,张 %,qD33 V133 55,魂 赎粮 拿 赎,魂用 赎 粮 赎
664,R,4,E,lu²1 dl²1 tch133phe33,澄 江 米灰 小,澄江产灰米
665,L,1,w A,lurss d133 t tch133 mD33 4u33,路 南 米 大 白,路 南 产 白 米
665,L,2,与 正,"lp²1 ni21 tgh,33 A33 ne4",陆 良 米 小 黑,陆 良 产 黑 米
665,L,3,IM 7 茶,th121 du33 tshi2i zu 33 nDSs,一 处 五 丛 拿,各 处 取 五
665,L,4,决田又,phu33 2.u33 1D33 mp21 tDss,拿 了 村 不 搁,此粮不搁 村
665,R,1,田,ID33 tghe44 21 b121 2433 mp,拿 了 寨 不 给,此 粮 不 给 寨
665,R,2,张E,Zzi14 qD33 mu b121,赎 魂 粮 做 给,专 作 赎 魂 粮
665,R,3,张 田,tsi33 tS033,魂 赎 酒 不 有,尚 无 赎 魂 酒
665,R,4,W 分,phu33 ZD²1 133 lur's p133,勒 普 毕 绕 来,勒 力普毕 绕 啊
666,L,1,74 田,"k""u44 S0 tsi33 mp 21 vu²!",街 头 酒 不 卖,街 头 不 卖 酒
666,L,2,孔 田,kwme tsi33 mp t$033,街 尾 酒 不 有,街 尾 无 酒 卖
666,L,3,学号,"tsh;33 tciss 1p3  k""u4dzo3t",了 街 腰 到,走到街 腰看
666,R,1,企 习 丑,ce 44 m133 ts133 ne² 21 mp 33,夏 地 酒 美 大,夏 人 优 质 酒
666,R,2,74 灶 面 灶,tsi33 du21 sur's du21 vu21,酒 处 三 处 卖,三 个 铺 中 卖
666,R,3,WI 与,th121 phu21 ni21 phu21 b121,一 价 二 价 给,酒 款 翻 倍 给
666,R,4,丑 分,1D33 33 tsi33 ne21 de21 yD,酒 美 打 了 得,购回 优 质酒
667,L,1,焱 年 W,A33 tshD21 do44 na44 ne2,阿 纳 盐 美 出,阿 纳 产 好 盐
667,L,2,光日 琴,kho21 tsi33 133 1021 muss,阔 罗 木 支 来,阔罗 木支 啊
667,R,1,WI 3=,th21 tsi33 9031,一 驮 驮 马 回,用 马 回 盐
667,R,2,田 74 电 日 74,mD 21 vu21 tur33 1033 vu21,不 卖 地 处 卖,驮到 街 上 卖
667,R,3,与 日 z4,ku tsh33 ni21 21 1033,十 二 街 大 处,十 二 大 街 子
667,R,4,7#,vu21 do21,街 腰 盐 卖 处,街腰 开 盐 店
668,L,1,店 盐 巴 中 买,th21 ($i33 33 1D33 ob 31,一 斤 买 了 回,买 回 一 斤 来
668,L,2,张,2i44 tshp²mu33 b121,魂 赎 盐 的 给,用 作 赎 魂 盐
668,L,3,张 W 目 九,tshD²1t 33 tso 33 ne,魂 赎 盐 有 也,赎 魂 盐 有 了
668,L,4,张 目 田,zi44 mD21 t$033,魂 赎 香 不 有,香 尚 无 赎 魂
668,R,1,W 不 勿,"phu33 1,33 luss D13",勒 普 毕 绕 来,勒 普 毕 绕 啊
668,R,2,四 处 去 打 听,A21 1y4 le31 kur*s $03,阿 勒 香 工 匠,阿 勒 制 香 匠
668,R,3,万 分,"kh,33 33 33 21 YD $0 30 do44",那 里 香 美 出,他 处 出 好 香
668,R,4,效 h 飞2,A21 1y31 kur's le31 133,阿 勒 会 手 来,制香匠 阿 勒
669,L,1,签,"md 33 1o21 ne3 p""e"" h33 tsD 33",山 凹 安 盘 召,山 凹 安 盘 召
669,L,2,7,Ve21 le31 si44 qess 0031,左 手 树 枝 扯,左 手 扯 枝 条
669,L,3,号 光 圣,ZD le31 Ie&p m21 9033,右 手 佩 刀 抽,右手挥 刀
669,R,1,本 A 田面,thu33 $0 33 ku33 nD's mp²1,香 做 多 不 图,制 多 香 不 图
669,R,2,丑 IM,De1 th121 tsa44 ku33,香 美 一 把 做,仅 制 一 小 把
669,R,3,舍 分,$0 33 ne21 le31 tsa 44 ZD21,香 美 手 把 小,小 把 优 质 香
669,R,4,Z 74,V133 ku44 1D33 心 vu21,拿 了 街 大 卖,带到 街 行上卖
670,L,1,与# 日,tsh133 ni²1 khu44 21 1033,十 二 街大 处,十 大 二 街 上
670,L,2,号 700 74,khu44 0.55 phD33 si21 vu21,街 头布 匹 卖,街 头 卖 布 匹
670,R,1,男,133khu44dz031 tshi33,走 了 街 腰 到,寻到 中 腰 街
670,R,2,WI& 与星么,th1²1phu21 ni²1 phu²1 b121,价给 一 价 二,双 倍 价 买 香
670,R,3,hI,th2 tsa 44 1D33 q031,一 把 买 了 回,买 回了 把
671,L,1,张E % 每,Zi44 $0 33 mu? 33 b121,魂 赎 香 的 给,用 来 赎 魂 归
671,L,2,W 不 分,luss phu33 h33 D133 2D1,勒 普 毕 绕 来,勒 普 毕 绕 啊
671,L,3,全,"tsh;33 h33 33 tD33 tc""e SD e!2",脚 起 线 找 去,登程寻 丝 线
671,R,1,分 Z,SsOb A33 do31 mp33 ZD1,咄 玛 昆 明 阿,昆 明 阿 咄 玛
671,R,2,Z 面 7,A33 do31 33 55 33 nu ms mD,阿 女 三 母,阿 婆 媳 仁
671,R,3,7: w,me21 dess bu21 lur's D033,媳 妇 蚕 对 喜,儿 媳 喜 欢 蚕
672,L,1,分 —忍,bu²1 ZD21 bu21 bp33 1031,蚕 儿 蚕 茧 成,养 蚕长 成 茧
672,L,2,-=,"bu²1 bp33 t tG""e"""" h33 ne 21 903",蚕 茧线美 扯,茧抽 冏出 蚕 丝
672,L,3,3,si33 the33 ob 33 1p33 thu31,金 线 扯 了 出,抽 丝 成 丝 线
672,L,4,WI安,th121 tche33 ID33 q031,一 线 买 了 回,买 回 一 根 来
672,L,5,张E 品多每 么,Zi14 tsstch33 h33 mu 33 b121,魂 拴线 的 给,用 作拴魂线
672,R,1,张 品 九,tx tc”e33 33 tso ne,魂 拴线 有 也,拴魂线 有 了
672,R,2,张 田,2144 khDss 12m6 mp21 t$033,魂遮 枝 不 有,无 魂 尚 遮 枝
672,R,3,万π雨 3=,ne31 kh33 ne31,早 早 那 时候,远 古 之 时 代
672,R,4,远 古 之 时 代,X W7L,44 tsiss ne44 dzo²tshi31 ne,竖代 眼 独 眼
672,R,5,X W7L,44 tsiss ne44 dzo²tshi31 ne,竖代 眼 独 眼,独 眼 竖 眼 代?
672,R,6,W7X,dz.0²l tsh;31 he44 mb 33 du33,眼 竖代 完 后,此 化代人之后
673,L,1,7L,ne 44 tsw 33 44 Ve33 tshi31 ne,眼 双 眼 横 代,双 眼 横 生 代
673,L,2,安7L & 78,44 tshi31 ne Ve33 du33,眼 横 代 完 后,此 代 人 N 后
673,L,3,甘 住7L,dp21 1p21 Z133 tsi33 tshi31,洪 水 泛 滥 代,代 洪 水 泛 滥
673,L,4,甘 7L 7,"dp21 1p21 z,133 tshi31 du33",洪 水 泛 代 后,洪 水 代 过 后
673,R,1,7 WI (μ) 又,si4 th21 bu33 tDss Eelb,树 一 丛 剩 搁,唯 遗 一 丛 树
673,R,2,7世 0 万 WI,"kh,33 th121 vu33 bur33",青冈 栎 那 一 丛,一 丛 青 冈 栎
673,R,3,7世 0,Ci33 vu33 1044 khx44 niss,青冈 栎 石 丛 头,栎 长 树 石 间
673,R,4,分 勿 WI 来 (2),33 th121 bur33 yD,后 来 一 丛 剩,另 尚 遗 一 丛
673,R,5,? (2),si21 tche31 th121 bu,肆 潜 一 丛 剩,遗 一 丛 肆 潜
674,L,1,工 单,si21 tche31 hy31 kD33 ts133,肆 潜 路 边 立,肆 潜 长 路 边
674,L,2,7世 00,ci33 vu33 si21 tche31 kD33,青冈 栎 肆 潜参,青 栎 肆潜 和
674,L,3,张,khDss 21 mu33 br21 2i m6,魂 遮 枝 做 给,用 来 遮 魂 归
674,L,4,张E 田,Zzi14 1D21 DDs #033,魂 耕 牛 不 有,尚 无耕 牛献
674,R,1,企 张E,A33 55 Ip21 m133 nD,什 么 魂 耕 牛,啥做 魂 耕 牛
674,R,2,张,zi4 tho21 pu3 Ip21,松 球 魂 耕 牛,松 球 耕 牛 魂
674,R,3,松 球 耕 牛 魂,bu²1 tGh33 1p²1 ku44 tyss,丝 线 牛 角,丝 线 拴 牛 角
674,R,4,Y 企 Z4 公会,du21 m1 33 du5s ni²1 tD33,阳 间 耕 种 牛,阳 间 耕 种 牛
674,R,5,小 企 张 住,zi44 ni21 du21 m133 tsi33,阳 间 魂 接 牛,阳间 招魂 牛
675,L,1,Y 企,du21 m133 zi4 ni2l,阳 间 魂 赎 牛,阳 间 赎 魂 牛
675,L,2,3= 每,tho21 pu 33 1p21 133,松 球 牛 来 做,松 球 牛 来 充
675,L,3,W 不 分,"lur's h.33 33 21 1h33 p""u pi ZD",勒 普 毕 绕 来,勒 普 毕 绕 啊
675,R,1,介 3=,55 m133 d133 tch33 np m133,上 阴 间 地 旷,阴 间 地面 上
675,R,2,π3,Ip21 dzi²1 khx4khx44,刀 尖草 刺 尖 尖,刀 尖 草 密 麻
675,R,3,￥,2.133 de31 Z133 si21 d133,水 漫 水 漫 地,沼 泽 茫 茫 地
675,R,4,效,A33 si21,螺 蛳 水 浸 地,螺 蛳 遍 泽 中
675,R,5,介 不,55 dzi2 mu2 php21 np m133,阴 间 资 莫 帕,阴间资莫 帕
676,L,1,企 π 效,55 dzi21 A33 44 nD go,阴 间 资 阿 果,阴 间 资 阿 果
676,L,2,Y 介 分 张,ranp ZD21 2i4 dur21,阳 间 儿 魂 放,释 放 男 儿 魂
676,L,3,分 张 田,ZD mp21 dur21 zi33,儿 魂 不 放 呢,若 不 放 儿 魂
676,L,4,分 7 Z 飞 日,33 du33 niss V33 1033 yD,后 来 前 家 处,亡 者 生 前 家
676,L,5,每田,mu3 tsho3 mp21 qo21 1$0.33,种 做人不 有,庄稼无人 盘
676,R,1,Z4 子每 WI,th121 t4u33 mu33 ni33,人 死 的 一 天,阳 间 死 人 时
676,R,2,必 不 金 G,4033 tsD33 k033 ZO's,丧 粮 量 要 还,无 人 操 丧 事
676,R,3,飞 张 九 %,33 44 thD21 nu Z1 ne33,女儿 魂 也 莫 拦,莫 阻 女 儿 魂
676,R,4,Y 张,zi44 du²1 m133 nu 33 dur²1,阳 间 女儿 魂 放,放 归女儿魂
677,L,1,Z4 每 IM,th21 4u4 mu 33 Di33,人 死 的 一 日,阳 间 死 人 时
677,R,1,效 46 3E,A33 yw 44 0.55 4u33 da 44,舅 舅 孝 布 断,舅 家 的 孝 布
677,R,2,效 4 3E,A33 ni33 0.55 4u33 da 44,姑 妈 孝 布 断,姑 家 的 孝 布
677,R,3,A 3E,the31 t$o's 0.55 4u33 da 44,抬 枢 孝 布 断,抬 棺 者 孝 布
677,R,4,下 3E,"h33 dza""p""D” 31h33 da44 p""D",布 甩 布 逃 断,驱 秽 驱 邪 布
678,L,1,日,A33 kh133 m133 1033,什 么 那 里 使,使 用 什 么 布
678,L,2,W,"tsiss p""D hn33 kh33 Zu² 21 tu33",麻 布 它 使 具,使 用 麻 纺 布
678,L,3,飞 W 灭,nu 33 tsiss S155 ZO.Ss 1D33,女儿 麻 撒 要 呢,女 儿 要 种 麻
678,L,4,飞 70 m,"33 tshi21 dz,u nu Ze31 ZO",女儿 织 布 要 呢,女 儿 要 织 布
678,R,1,W 张 C,zi4 diss du²1 1D33 q031,孙 魂 放 了 返,释 放 孙 魂 归
678,R,2,W 张 田,zi14 zi33 4i5s mp 21 9031,孙 魂 不 返 呢,孙 魂 若 不 归
678,R,3,4h 子 每 WI 天,4u33 si33 mu 33 th21 ni33,的 人 死 一 日,阳 间 死 人 日
678,R,4,子,qhD33 33 2i33 kD33 XD,死 路 若 送 呢,抬 棺 送 上 山
678,R,5,G,tsi33 kD33 ZO 33,小 死 路 酒 倒 要,倒 酒 谢 亲 朋
679,L,1,田 田,21 4u2l tsho33 h33 21 mp mp,不 放 人 不 有,不 放 无 人 担
679,L,2,小 企 易 张,b121 .44 du21 m133 4e44 Z1,阳 间 重 孙 魂,阳 间 重 孙 魂
679,L,3,张E,4e4 zi44 dur21 q031,重孙 魂 放 返 要,重 孙 魂 要 归
679,R,1,女 企 飞 日,du21 m133 niss V133 1033,阳 间 前 家 处,亡 者 前 世 家
679,R,2,tQ 4 天,th21 ni33 he33 ku33,房 大 盖 一 日,起 房 盖 屋 日
679,R,3,7 安 田 目,si44 1 dle31 mp 21 t$033,木 大 劈 不 有,料 无 人 劈 木
679,R,4,Z4 子 每 天,t4u33 mu th121 ni33,人 死 的 一 日,阳 间 死 人 日
679,R,5,A 光 田,055 4u33 dy31 mp21 bu?,孝 布 戴 不 有,无 人 戴 孝 布
680,L,1,半 张 m,"zi14 zo""s dz,u?",马 魂 返 要 呢,马 归 的 魂 要
680,L,2,分 7 Z 日,niss V133 YD 33 du33 1033,后 来 前 家 处,死 亡 前 世 家
680,R,1,Z Z 6,niss fe55 khD21 V3 dzo²,前 家 官 司 值,家 里 涉 官 司
680,R,2,G hi 天,th121 fess khD21 ni33,官 司 成 一 日,诉 审 案 日 讼
680,R,3,小 企 分 张,du21 mi 33 33 ni21 yD,阳 间 的 牛 魂,阳 间 之 牛 魂
680,R,4,张E,Zzi14 Ip21 md 44 ob 31,牛 魂 返 回 要,牛 魂 要 返 归
681,L,1,分 灶 日,yD 33 du33 niss VI33 1033,后 来 前 家 处,亡 者 前 世 家
681,L,2,公会 每 WI 天,ob th21 ni33 tD33 mu33,种 起 做 一 日,播 种 N 时 日
681,L,3,Z 每 IU 天,4uss th121 ni33 tD33 mu33,耕 起 做 一 日,耕田之 时 日
681,R,1,田 m,tp33 1p21 33 120b mp t$o,种 起 牛 不 有,播 种 无 役 牛
681,R,2,Z 田,lp21 duss tD33 mD21 t$033,耕 起 牛 不 有,耕 田 无 役 牛
681,R,3,张 闲 又,Zzi44 thp21 tsoss tpss,歌 魂 莫 拦 搁,莫阻歌 师 魂
682,L,1,张 又,tsoss .2 ab h33 55 tD33,歌 魂 若 拦 搁,其 若 滞 留 魂
682,L,2,ZZZ 安 住,fu33 tsiss VE 33 tsi33 ni33,婚 嫁 客 接 日,婚 礼 待 客 日
682,R,1,其 魂 若 不 返,Z4h 子 WI,si33 th21 nij33 4u33 mu 33,人 死 的 一 日
682,R,2,Z4h 子 WI,si33 th21 nij33 4u33 mu 33,人 死 的 一 日,阳 间 死 人 日
683,L,1,Y 企 分 8 张E,33 Zzi14 du²1 mi 33 yD niu33,阳 间 的 猪 魂,阳 间 N 猪 魂
683,L,2,D 张E G,niua md 44 ob 31 ZO.SS,猪 魂 返 回 要,猪 魂 要 归 返
683,L,3,D 张 % 又,Zi :44 thp21 tp-ss niu,猪 魂 莫 拦 搁,莫 阻 拦 猪 魂
683,L,4,Z4 每 IU,si33 th21 ni33 t4u33 mu33,人 死 的 一 日,阳 间 死 人 日
683,R,1,小 张 分,Zzi14 du²1 m133 YD 33 VD 21,阳 间 的 鸡 魂,阳 间 之 鸡 魂
683,R,2,张,44 q031 Z05s VD1 md,鸡 魂 返 回 要,鸡 魂 要 归 返
684,L,1,Z4 3= 女,si33 33 eenH si33 du33 mu,人 死 死 做,人 逝 举 丧 仪
684,L,2,灶 ★ Z 本,si33 du33 np 55 si33 ku3,死 脑 斯 制,丧 仪 制 脑 斯②
684,L,3,出,ku33 n1ss Zu2! ni33,驱 邪 法 事 日,驱 邪 法 事 日
684,R,1,张E 又,zi44 thD21 pu33 tDSs,绵羊 魂 莫 拦 搁,莫 阻 绵 羊 魂
684,R,2,每 IU 天,th21 ni33 dzD33 ku33 mu?,召 祭 做 一 日,召 斯 祭 那 日
684,R,3,不 田,"dz,D33 ku'3 mu mp",召 祭 牲 不 有,没 有 祭 召 牲
685,L,1,Y 企 田 3= 张,du21 lu²! lur²1 m133,阳 间 个 个 魂,阳 间 所 有 魂
685,L,2,HI 几 又,th21 mp33 thp21 55 tD*s,一 个 莫 拦 搁,莫 阻 留 一 个
685,L,3,? 7科 3=,th33 de21 1044 tspss de21,石 板 桩 打 打,能否打木 桩
685,R,1,? 科,10 44 th33 de21 zi33,石 板 桩 打 呢,打 木 桩 N 时
685,R,2,7,tspss de21 tsp's ab h33 2433,桩 打 桩 若 人,桩 若 人 石 板
685,R,3,张 丑 与,ne 21 Dess,魂 美 拦 得 是,方 能 阻 留 魂
686,L,1,介 女 3E,DD 55 m1 33 mp 33 da44 zi33,阴 间 竹 断 呢,阴 间 砍 竹 子
686,L,2,3E 女 7画,"mp 33 da44 q""e44 31 mp3 33 ze",竹 断 竹 篮 编,砍 竹 编 竹 篮
686,L,3,2中 公,"q""e44 ze 31 tD33",竹 篮 编 起 呢,编 好 的 竹 篮
686,L,4,Z ZZ3=,"qe44 2031 z,133 dlu dlur",篮 编 水 装 装,装 水 不 漏 否
686,R,1,3E,mp 33 da44 fD33 1p21,竹 断 筛 子 编,砍 竹 编 筛 子
686,R,2,画 甘 3=,fD33 031 4i33 ap dp21,筛 编 风 兜 兜,筛 能 兜 风 否
686,R,3,光,q”e4 Z133 qD33 dlu 2031,篮 编 水 若 装,篮 若 装 住 水
686,R,4,甘,"e31 h33 fD33 ze 4i33 q""D” dp21",筛 编 风 若 兜,筛 若 兜 住 风
687,L,1,700,"q""e44 31 h33 si21 ze !2 q""D",篮 编 水 若 漏,竹 篮 若 漏 水
687,L,2,田 甘,4i33 21 fp33 2e31 mp dp21,筛 编 风 不 兜,筛 子 若 透 风
687,L,3,不 得 阻 生 魂,55 tch131 ho33 zi33 aG mi,阴 间 山羊 养 呢,阴 间 养 山 羊
687,L,4,3=,tchi31 55 bu33 m133 aG Ds,山羊 公 地 犁 犁,公羊犁 地 否
687,R,1,,tchi31 33 h33 55 bu33 m1 ab np,山羊 公 地 若 犁,公 羊 若 能 犁
687,R,2,张 与,Zi14 ne 21 d131 Dess,魂 美 拦 得 是,可 阻 留 生 魂
687,R,3,介 田,tchi31 bu33 1m133 mD 21 np 55,山羊 公 地 不 犁,公 羊 不 胜 力
687,R,4,张E 开 田 与,mp 21 reP ne2i,魂 美 拦 不 得,不 得 阻 生 魂
687,R,5,介,55 1p21 zi33 nD m133 ho33,阴 间 牛 养 呢,阴 间 饲养牛
688,L,1,司 43,Ip21 33 tsh133 tsh33 ms,牛 阉 儿 下 下,阉 牛 可 生 仔
688,L,2,九东,"qhD33tsh,33 1p21 su33 ZD21",牛 阉 儿 若 下,阉 若 仔 牛 生
688,L,3,分 七田,1D21 ms 33 mp²1 tsh133 ZD21,牛 阉 儿 不 下,阉 牛 不 生 仔
688,R,1,系 3 A 3=,si33 tsi33 nur²1 nu²l,鸡 金 牙 长 长,金 鸡 可 长 牙
688,R,2,3,tsi33 h33 mu 21 ab,鸡 金 若 长 牙,金 鸡 若 长 牙
688,R,3,张 % 与 用,ne di31 DeSs,魂 美 拦 得 是,可 阻 留 生 魂
688,R,4,系 3 田,si33 tsi33 mp 21 mu 21,鸡 金 牙 不 长,金 鸡 不 长 牙
689,L,1,张E % 田 与,55 21 ne21 mp² d31,魂 美 拦 不 得,不 得 阻 生 魂
689,L,2,正 灭,"np 55 m13 tch33 S1,5 zi33",阴 地 谷 撒 呢,阴 间 撒 稻 秧
689,L,3,飞 A 3=,tch33 4u33 si55 nu 21,米 长 长 白 种,白 米 发 芽 否
689,L,4,正,tch133 qD33 21 4u33 siss nu,米 白 种 若 长,白 米 若 发 芽
689,R,1,A 田 A,tch33 nu² 21 4u33 mD21,米 白 种 不 长,白 米 不 发 芽
689,R,2,张 丑 田 与,Zi14 De2 mp 21 reP,魂 美 拦 不 得,不 得 阻 生 魂
689,R,3,介 半 中,55 m133 ho33 np,阴 间 养 呢 马,阴 间 饲 养 马
690,L,1,半 中田,mu? ho33khu44 mp,马 养 角 不 长,马 若 不 长 角
690,L,2,张E % 田 与,3G 21 55 mp21 d131,魂 美 拦 得 不,不 得 阻 生 魂
690,L,3,企 7 7,55 mr 33 si44 te33 zi33 aG,阴 间 树 种 呢,阴 间 种 树 木
690,L,4,7 6,"si44 q033 fe33 m33 ts""x",木 干 地 中 插,干 木 插 地 中
690,R,1,7 6 3=,tshi33 S144 fe33 tsp's tsp 55,木 干 根 发 发,干 木 可 生 根
690,R,2,7,q”D33 si44 fe33 tsh33 tsD?,木 干 根 如 发,干 木 若 生 根
690,R,3,7 6 田,si4 fe33 tsh:33 tsD 55 mp21,木 干 根 不 发,干 木 不 生 根
691,L,1,? の3,z.133 tshi2l tshi21 1044 ti44,水 石 泡 腐 腐,可 使 腐 石 泡
691,L,2,当册 ?,104 mp 33 ti44 ab h33 tshi21,石 头 泡 如 腐,石 头 若 泡 腐
691,L,3,张E 与,ne21 55 ZE ness,魂 美 拦 得 是,可 以 阻 留 魂
691,L,4,? 田,tshi21 zi33 104 mD33 mp²1,石 头 不 腐 呢,石头 若不腐
691,R,1,4 分 飞,np 55 m133 t4u33 ZD21,阴 间 人 儿 女,阴 间 之 男 女
691,R,2,阴 间 之 男 女,055 be33 A21 tsD33 tsh;33,头 蓬 麻 雀 窝,发 蓬 麻 雀窝
691,R,3,# 特,4021 ne 44 44 tshi33 tho33 xw,脸 黑 铁 锅 底,脸 黑 似 锅 底
691,R,4,7,cemyl tshi21 le31 ne4 Si44,手 黑 木 筒腐,手 黑 似 腐木
692,L,1,7 光 7,tsh:33 44 si44 ne dy31 mess,脚 黑 木 烧 尾,脚 黑 似 柴 炭
692,L,2,脚 黑 似 柴 炭,"tsu²1 ku"" tsu² 1D21 tshi44",丑 会 丑 了 绝,丑 陋 到 极 点
692,L,3,7世 飞= 3=,"1D21 p""e h33 m6 21 m6 21",刀尖 草 灰 朴 朴,茫 茫 刀 尖 草
692,R,1,3,tsho21 dzi²lkwku ni4,荆 棘 刺 锐 锐,荆 棘 刺 锐 锐
692,R,2,男 与 田,di31 kh33 33 e,走 得 它 不 是,出 行 举 步 艰 .7
693,L,1,?,1044 tche²1tsD33 mu33,石 子 饭 做 吃,石 子 饭 吃
693,L,2,效,ASs khD21 yo21 mu33 dzD21,枝 蒿 菜 做 吃,苦 蒿 菜 吃
693,L,3,见 面 %,du2i $04 XD21 dzD21,虫 肉 做 吃,虫 肉 吃
693,L,4,# 發 柔,dzp²1 tu33 133 zi33,吃 的 这 样 像,食 膳 如 此 般
693,L,5,3 万严 #,A21 kh33 dzD21 SD33,哪 个 它 吃 敢,有 谁 能 食 之
693,R,1,4,55 m133 nD 55 t4u33 zi33,阴 间 阴 人 呢,阴 间 之 阴 魂
693,R,2,苗,niss 55 nu 33 !Z tsa 31 SD,雾 露 水 蓄 难,雾露 难 蓄 集
693,R,3,4 #,"q²D33 z,i33 tsiss 1031",人 水 哪 喝 够,哪 够 人 解 渴
694,L,1,3飞 %,lu²1 lu²1 tch33thD21,莫 拦 个 个 他,莫 阻 留 一 个
694,L,2,阳 界 人 世 间,tsp33 1021 tsi33 tos5 tsh33,粮 满 楼 台 下,楼 粮 丰 堆 满
694,L,3,7 A,tch33 33 bu²1 mp 33 4u33 mp,大 米 大 虫 白,白 米 蚕 蛹 般
694,R,1,8,th²1 qh031 th121 lu²1 niu33,一 年 一 个 猪,一 年 养 一 猪
694,R,2,ZZZ,ne4 h31 ve31 ob tsiss,猪 黑 年 前 引,黑 猪 引 年 来
694,R,3,% 口 学,bp21 bu²1 lu33 m1,肉 片 蝴 蝶 飞,翅 肉 片 似 蝶
694,R,4,金,"niss t033 ni44 tchi44 1,33",嘴 咽 心 抓 来,嘴 馋 心 痒 痒
694,R,5,7 与 田,d131 mp 33 azp ne,吃 完 能 不 是,盈 足食不尽
695,L,1,分 7 Z Z 日,du33 niss V133 1033 YD,后 来 前 家 处,阳 界 人 世 间
695,L,2,冷車 九,"m133 t h33 21 8021 ts""D ku33",菜 地 块 大 里,菜 园 地 广 阔
695,L,3,A,yo21 4u33 yo21 ne dlg33,菜 白 菜 黑 满,栽 满 青 白 菜
695,L,4,z43=,4D21 tsh133 tsh33 noSs ni4,叶 嫩 鲜 青 鲜,叶 嫩 色 碧 绿
695,R,1,Z4 女 4 见,du21 m133 du21 t4u33 du33,阳 间 阳 人 地,阳 界 人 世 间
695,R,2,Z4 企 3=,"t4y+tc""e"" h-33 du21 m33 m133",阳 间 地 面 上,世 间 大 地 上
695,R,3,见 3,m1 33 ne21 tur33 SD.33 mp 33,地 美 域 舒 大,山 水 美 宜 人
695,R,4,与,tsh.33 4D21 mp 33 Di,十 水 大 二 流,十 二 大 溪 水
696,L,1,,z.33 tce 33 33 tsh;33 33 mp,水 清 甜 美 大,溪 水 清 而 甘
696,L,2,ZZZ 命 仑 苗,55 tsiss 1D33 ni4 SD,喝 了 忘 记 难,饮 N 难 忘 怀
696,L,3,W 秋 不 分,"lur's phu33 p133 ZD?1 1,33",勒 普 毕 绕 来,勒 普 毕 绕 啊
696,L,4,分 张 九 张,2i44 33 zi14 ne33 nu,儿 魂 与 女 魂,男儿女 儿 魂
696,R,1,m 张E 九 张,diss 33 4e4 ne,孙 魂 与 重孙 魂,孙 電儿 重 孙 魂
696,R,2,Z 张,"phu33 tche44 :44 fu""t duss Zi",村 整寨 整 魂,寨 魂 与 村 魂
696,R,3,效 % 效 丰 张,A33 44 A33 mx ni33,舅 妈 魂 舅 姑,舅亲姑亲 魂
696,R,4,面分,tce44 phD21 q033,寨中 父 儿 魂,村中 老少 魂
697,L,1,分 张,the31 the31 21 tso's ZD .,抬 拾 儿 魂,抬 枢 者之 魂
697,L,2,不 不 勿 张,"Zzi14 p133 ni,'s p133 ZD21",念 经 毕 儿 魂,丧 仪 毕 摩 魂
697,L,3,π,55 dzi21 AS5 kp21 aG m133,敖 米资 阿考,敖米资阿考
697,R,1,张 男 #,tsh;33 zi14 b121 ts133,魂 走 河 边 到,魂 归 至 河 边
697,R,2,张 田 目,.44 kD33 tsu' z1 mp t$033,魂 过 桥 不 有,过 河 没 有桥
697,R,3,张 特多,A33 m133 kD33 tsur 33,什么 魂 过桥,什么架河桥
698,L,1,W 而 张,tsiss 1i21 zi44 kD33 tsu,麻 秆 魂 过 桥,麻 秆 架 河 桥
698,L,2,张,b121 kD33,魂 过 桥 做 给,河 桥架 与 魂
698,L,3,张 田,zi44 no5 tshi33 mp21 t$033,魂 垫台 不 有,无 阶 登 桥 台
698,L,4,W 吊,"tsiss h33 44 le.ss tsi33 p""D Ze",布 鸡 皮 麻 癫,鸡 皮 般 麻 布
698,L,5,W,tsiss pD33ku²tsh33 bu,麻布九十 正,麻布九十正
698,R,1,丰 张 正,"33 h33 ni44 qe21 tsi33 p""D ve31",棉 布 猪 疮 皮,猪 皮 般棉 布
698,R,2,九4,"h33 :44 ku33 tsh33 p""D ni mq",棉 布 九十 定,棉 布 九十 正
698,R,3,张E 么,zi44 no5 tshi33 mu3 b121,魂 垫 台 的 给,垫 起 登 桥 阶
698,R,4,张E,ob 31 fess yo tsh:33,魂 际 回 崖 到,归 魂 遇 悬 崖
698,R,5,全 田,44 fess de44 emb mp 21 tso,崖 上 梯 不 有,登崖没有梯
699,L,1,W 而 张 全,zi44 tsiss 1i21 de44 mb,麻 秆 魂 上 梯,麻 秆 制 梯 子
699,L,2,张 全 & 每,de44 mb 33 mu 33 b121,给 魂 上 梯 的,作 魂 登 崖 用
699,L,3,7 分,du33 fess zi33 Ze31,后 来 崖 下 呢,继 而 下 陡 崖
699,L,4,& 全,fess Ze31 mb 33 ab h33 SD 33,崖 下 梯 哪 找,找 梯 子 哪 里
699,R,1,效 张 全,si55 :44 33 A33 Zi de4 mb,刚 才 魂 上 梯,刚 才 登 崖 梯
699,R,2,张 &,A21 2e31 mb 33 De3,现 在 魂 下 梯,用 来 下 陡 崖
699,R,3,张,"33 1h,33 zi44 kD33 dz.i33 nD",我 来 魂 路 开,我 开 魂 归 路
699,R,4,风,"1h,33 np 33 np 55 ab 33 p ""u h33",我 来 阴 门 开,开 门 我 阴 间
700,L,1,正决 张,pu33 .44 dul thu31 np 33 Z1,门 开 魂 放 出,开 门 让 魂 出
700,L,2,日 万 WI,kh33 th121 mx 21 1033 qp 33,前 处 那 一 门,道 阴 界 门 一
700,R,1,分 日 万 正,33 YD 1033 kh33 th12i qD 33,后 处 那 一 门,道 界 门 二 阴
700,R,2,7L 日 万 WI 正,tshi31 1033 kh133 th121,再 处 那 一 门,三 道 阴 界 门
700,R,3,7 正,3 th21 qD qD 33 DS,木 门 一 门 关,关 闭 木 板 门
701,L,1,W 张 九 张E,4i55 ne 33 4e44,孙 魂 与 重孙 魂,孙 魂 重 孙 魂
701,L,2,张 九 张E,dz121 Zi44 ne 33 33 tsp,牲 魂 与 粮 魂,牲 魂 与 粮 魂
701,L,3,Y,du²1 thu3l du31 m133 q031,放 出 阳 间 回,放 出 返 阳 间
701,R,1,Z7 每 Z 不,4uss mu33 duss dzp21 2.133,种 的 种 吃 去,去 播 种 过 日
701,R,2,电 3E 电 田 每,du²1 da44 du²1 mu mp21,筒 断 筒 不 做,木 筒 不 做 别
701,R,3,电 3E,21 du² da 44 1p21 1e33 SD,筒 断 牛 脖 标记,木 筒置 牛 脖
702,L,1,电 3E,1p21 1e33 dur²1 da 44 fess,牛 脖 筒 断 扛,牛 脖 扛 担 伽
702,L,2,： 田 每,tche24 4u²1 4u21 mp21 mu,皮 划 皮 不 做,划 皮 不 为 别
702,L,3,划 皮 不 为 别,tche21 1p²1 le33 niss,皮 划 牛 脖 勒,皮 做 牛 脖 带
702,L,4,IM 田,th12! 1S03 lp²1 mp 21 pe 44,一 转 牛 不 伴,头 次 不 上
702,L,5,与 目 Z,ni21 lp²1 niss pu31 t$033,二 转 牛 嘴 喷,二 次牛 喷鼻
702,R,1,% 雨,le31 tce du²lthD21,链 手 放 莫 完,链 环 莫 放 尽
702,R,2,% 会 3= ZZ W,tce44 m he31 tsess,，放 链 放 八 节,放 链 放 八 扣
702,R,3,放 链 放 八 扣,ZZ W 3 7M,0.55 he31 tsess tsess bu33,八 节 接 头 头
702,R,4,ZZ W 3 7M,0.55 he31 tsess tsess bu33,八 节 接 头 头,第八 链扣 处
703,L,1,X3= 2,tshi21 tshi21 1044 khx44 li44,茨茨 石 棱 缠,茨茨 缠 石 般
703,L,2,7 苗,t@33 bu33 aG 55 te33,埂 子 犁 着 难,地 角 难 犁 尽
703,L,3,7 住,te33 tsh;33 te33 tsi33 33 ms,埂 脚 埂 近 收,搜 犁 埂 脚 地
703,R,1,% 用,m6 tD33 tce 44 tsD 33 siss,犁 起 链 条 扭,提 犁 链 翻 扭
703,R,2,%,tce 44 1D² tche33 de21 end,链 扭 牛 条 打,铁 链 磨 牛 身
703,R,3,耕 牛 被 链 别,gu2i bu²1 tghe33,犁 犁 蚕线 走,沟 似 蚕 吐 丝
703,R,4,7 包 3,te33 tsh;33 niss 44 md,埂 脚 泥 黄 翻,地 角 翻 生 土
704,L,1,% 用,tce tsD33 tce 44 pu 33 Siss,链 条 链 绞 扭,链 条 别 扭 曲
704,L,2,包 IM,th21 si33 1D33 th21 si33,一 样 啊 一 样,桩 又 一 桩
704,L,3,I,th121 kh033 th121kh033 1D33,一 件 啊 一 件,又 一 一
704,L,4,700 灶 700 苗 九,si21 si21 du33 as 55 ne 33,事 由 难 也,世 行 事 艰 难
704,R,1,700 苗 700 铁 G,si21 si33 tshi44 ZO.Ss,难 断 要,凡 事 须 终 结
704,R,2,凡 事 须 终 结,"kho21 CI 33 p""D h21 ne 21 nu33",阔 兴 帕 安 奴,阔 兴 帕 安 奴
704,R,3,πZ4 WI,dzi21 tsh33 fess th21 ams,官十 案 — 审,十 官 办 一 案
704,R,4,半4 用 WI π,mus5 tsh33 siss th121 dzi21,将十 草 一 捆,十 马 一 捆 草
704,R,5,Z出 用 田,"1,33 si5s nu33 mD21 dzi21",你 来 先 不 幸,抢 占先 你 死
705,L,1,田 π & 天,21 dzi21 33 ni33 tsh33 mp mb,不 幸 完 日 到,至 亡 故 之 日
705,L,2,与 日,tsh133 ni21 lu²1 bu33 1033,十 二 鲁 伯 处,十 二 鲁 伯 处
705,L,3,与 3 来 日,"tsh,33 ni21 bur 33 1033",十 二 诗 伯 处,十 二 诗 伯 处
705,L,4,W 不 分,luuss phu33 1h33 p133 ZD21,勒 普 毕 绕 来,勒 普 毕 绕 我
705,R,1,安 G 不,55 S121 Ve33 ZE,客 美 赎 要 还,要 赎 亲 友 魂
705,R,2,张E 住 不 分 2,zi44 tsi33 p133 ZD21 1h33,魂 接 毕 小 来,赎 魂 毕 摩 我
705,R,3,甘 比 甘,"dp21 ve31 dp21 33 h33 qD p""u",岛 文 岛 高 开,开 岛 文 岛 高
705,R,4,甘 甘,dp21 ze 44 dp21 phu33 qD33,岛 贡 岛 高 开,开 岛页
706,L,1,特 甘 正,phe33 phu33 mx 44 dp21 qD 33,核 攀 岛 高 开,开 核 攀 岛 高
706,L,2,甘 正决,"phu33 dp21 ab 33 do44 1,33",阴 门 开 出 来,打 开 阴 间 门
706,L,3,了 玉 日,si33 le44 niss 1033 tsD? 55,金 吐 嘴 处 喂,黄 金 喂 进 嘴
706,R,1,张,zi44 133 Ve33 Zi dur2i,放 来 客 魂 放,放 亲 朋 魂 吧
707,L,1,秋分 张,"phu33 33 h44 :44 55 YD tc""e Z1 Z8",村 的 寨 魂 赎,赎 村 魂 寨 魂
707,L,2,W 张E,4i's 4e44 zi44 3Z 55,孙 的 重 孙 赎,赎 孙 重 孙 运动
707,L,3,灶 分 台 4,du33 33 4U33 yD 0$S,后 来 头 白 赎,赎 皓 发 老 魂
707,L,4,7L 日,tsi31 tsh:33 si33 1o33,再 处 脚 黄 赎,赎黄肤少 魂
707,R,1,张 住 不 分,21 1h33 tsi33 ZD,依 资 毕 绕 来,依 资 毕 绕 啊
707,R,2,与 来 日,tsh33 ni²1 lu21 bur 1033,十 二 鲁 伯 处,十 鲁 伯 处 二
707,R,3,十 与 3 来 日,tsh33 ni²1 si33 bu33 1033,十 二 诗 伯 处,十 二 诗 伯 处
707,R,4,光分 全,"siss h33 33 33 ne?i q""D yD SD",种 美 哪 里 找,良种 哪 里 找
708,L,1,田 日 N.,tshi33 tsh:33 mp21 tu 33 1033,不 到 地 处 到,启 程 去 远 方
708,L,2,王 3 7个 N,"Z,.03 1 tce33 te33 me33 tsh:33",若 江 曼 到,至 若 江 曼
708,L,3,7个 日,ZO 33 dz133 te33 me 33 1033,若 津 处 曼,若 津 曼 地
708,L,4,子 日 子 Z 住,mu²1 1033 si33 tsi33 mu21,天 处 天 神 遇,巧 遇 一 天 神
708,L,5,日 世 苏,ni44 mu²l 1033 tho21 dzi4,天 处 松 青 砍,天庭 砍 青松
708,R,1,苏苏 配 世 分,tho21 33 33 dzi no Z1 ZD21,托 资 沃 因 绕,托 资 沃 因 绕
708,R,2,万住 万,kh133 tsi33 kh133 nD33 mu3,他 遇 他 听 做,遇 他 忙 探 听
709,L,1,,th121 tch121 be do44 1h33,一 句 说 来 出,回 应 了 一 句
709,L,2,全,nu33 as 33 kuss dzi21 $D,你 找 格 资 找,你去 找 格 资
709,R,1,万益 不,"nu33 kh133 t$D33 ni4 z,i33",你 找 看 去 他,可 向 格 各资 讨
709,R,2,张 不 分,"21 1,33 tsi33 D13. ZD",依 资 毕 绕 来,依 资 毕 绕 啊
709,R,3,与 3 飞,tshi33 ni²i te33 bD21,二 脚 云 面 登,双 脚 层 登 云
709,R,4,与 7,ni²1 le31 te33 me 33,二 手 云 尾 攀,双 手 攀 云 端
709,R,5,Z &,niss 33 33 mu tsw mu mb,雾 露 桥 做 搭,浓 雾 做天 桥
710,L,1,飞比 子4,mul tch33 di21 de44,霍 地 天 上 上,霍 跃 地 上 天
710,L,2,五π 住 众 日,kur's tsi21 tsi33 1033,格 资 院 坝 处,格资院 坝 中
710,L,3,Z,kur's tsi21 dzi21 si33,格 资 斯 额 玛,格 资 斯 额 玛
710,L,4,每,siss fi33 siss b121 mu,种 分 种 给 做,份 额 赠 良 种
710,R,1,灶,33 qD2  phe33 kD33 du21 mp,荞 灰掺 酒 曲,荞子酉 酿 荞 酒
710,R,2,正年 46 分,th33phe33 kD mx 33 ZD 21,谷灰掺 舅 儿,谷 子分 舅 表
710,R,3,4口 年 m 雪,tshy?( mp3 kD33 liss 33 4e44,小 米 掺 孙 重孙,小 米 分 子 孙
711,L,1,勾 3= 3,siss siss no 44 Ip21 si33,黄豆 种 种 那 黄,黄 豆 黄 灿 灿
711,L,2,与 瓷,siss tsh33 ni21 kh033 De1,种 良 冏十 二 件,十 冏二冏 类 粮 种
711,L,3,4与,tsh133 ni²1 kh033 bu3 tshi44,十 二 件有 绝,十 二 类 要 齐
711,L,4,日 每 甘,1033 mu dp21 dze4tsh133,轻 的 地 面 下,带 种 轻 盈 降
711,R,1,3次 灭 易,te33 me 33 VD21 b121,云 尾 雪 撒 散,如 降 细 米 雪
711,R,2,甲,"d121 ssld 1,33 Z031",沙 地 散 下 来,沙 沙 往 下 撒
711,R,3,亩 A,p121 1D33 lu²1 bu tsh33,散 了 鲁 伯 下,粮 种 落 鲁 伯
711,R,4,焱 日,s tshi33tche33 1033 t4D33,晒 蛋 上 处 下,粮 落 晒 地
711,R,5,Y 企 分 7.0,du²1 mi 33 nu33 ZD21 tshi21,阳 间 你 儿 遗,子 阳 间 N 遗
712,L,1,丑4 与,siss ne²1 tsh133 ni²1 kho33,种 良 十 二 件,良 十 类 种 二
712,L,2,又 田 3=,"lu²1 lu21 1D33 tp,s",个 个 找 了 搁,同 时 获 齐 全
712,L,3,7办4 飞让,me4 44 1D33 thu44 nu?,繁 了 厚 的 长,苗 齐 又 茁 壮
712,R,1,分 W 7L,D21 di5s tsh33 ni21 tshi31 ZD,儿 孙 冏十 二 代,子 孙 十 二 代
712,R,2,田 3= 丑 张E,zi14 lu²1 lu²1 ne21 tyss,个 个 美 影 戴,代 代 吉 禅 得
712,R,3,勾 张E,"tcr""s rzp no 44 zi4",牲 养 牲 毛 滑,养 牲 牲 膘 肥
713,L,1,,tsp' 33 mu33 th21 9021 nj3,粮 种做 日,地种 庄稼
713,L,2,也,33 tsp21 q021 t133 ne 1021,粮种楼 边满,粮丰堆满楼
718,L,1,WZ飞WI,lur's V133 tch133th121,勒 娓浸堤额,娓浸块 堤额 勒
718,L,2,4 每正 Z,t4u44 mu33 tch33 V133,翥木浸客 页娓 额,翥木浸额娓②
718,L,3,世,kho21 G133 si33 ne21 nu33,柯 兴 诗 安奴,柯兴诗安奴③
718,R,1,Z,si33 si33 b1²1 th121 ni33,死神 给 一 日,死 神 降 N 日
719,L,1,W 决不,phu33 21 133 luurss p133 ZD,勒 普 毕 绕 来,勒 普 毕 绕 来
719,L,2,Z4 与 7开7,me 33 ze 31 tsh33 ni21 dz.j21,超 度 冏十 二 章,十 二 经 超 度
719,L,3,★ 3E 4 田,da4 tsh133 suss lu²1 nDSs,耳 过 十 三 个,加 哭 诉 十 三①
719,L,4,田 # 田 #,mp ts133 mp 21 ts13 mu 33,不 剩 不 剩 做,本 意 无 遗 者
719,R,1,田 # 7开 工,"mp 21 ts133 th121 dz,i21 ts133",不 剩 一 章 剩,却 还 缺 章 一
719,R,2,WI 7开 #,"phu21 ku33 th21 dz,i21 ts133",灵牌 制 章 剩 一,制 灵 牌 一 章
719,R,3,7开 # 又 米,"th121 dz,i21 ts133 tDSs 1D33",一 章 剩 搁 啊,遗 一 章 未 诵
720,L,1,3,duss phu2! 21 33 mp t$o,舒 播 祖灵 不 有,播 无 祖 灵 佑
720,L,2,米 庄星田,zi44 phu²1 Zi tsi3 mp²1 t$o,魂 接 祖灵 不 有,生 魂无 灵 荫
720,L,3,星丑 G 不,phu21 ne21 ku33 ZO$s S121,灵牌 良 制 要 还,尚 需 制 灵 牌
720,L,4,尚 需 认 祖 灵,A33 phu21 m133 ne2i ku33,什 么灵 牌 制,什么制灵牌
720,R,1,亦山,ky.ss 1xy55 phu21 ku33 De1,竹节 草 灵牌 良 制,竹 节 草制 作
720,R,2,3 分,th121 44 33 SD33 ZD21 ZO,顺 舒 儿 一 人,吉 顺 儿 一 人
720,R,3,W # 分,2.033 Gi14 bu21 tu33 ZD,绵羊 毛 背 单 小,单 绵 羊 毡 背
720,R,4,W,Ci44 tche33 bu²1 44 tu33 tce,毛 线 背 单 绳,毛织背单 带
721,L,1,科日叉,de21 tche33 1033 khDss S031,伞 打 上 处 遮,打 伞 遮 头 顶
721,L,2,4 H,"ph,33 fess fess dlDp33",岩 大 岩 半 壁,石 岩 岩 壁 上
721,L,3,E 住 介,fess ph33 kyss 1x5s tsi33,岩 半 竹节 草 棵,霜 长 竹 节 草
721,L,4,万,kh33 zi33 tsh133 1D33,那 样 认 了 下,那 样认下来
721,R,1,日,21 3.31 h33 1033 bu21 ZD,儿 背 上 处 背,背 在 儿 背 上
721,R,2,w 住 众 N,tsh;33 lu's V33 tsi33 dz133,主 家 院 坝 到,回 丧 家 院 坝
721,R,3,住 众 tQ,tsi33 dz133 he33 tsh;33,院 坝 房 大 脚,院 坝 房 墙 根
721,R,4,院 坝 房 墙 根,tQ 4 tQ 日,he33 he33 tsh;33 1033,脚 房 大 房 处
721,R,5,tQ 4 tQ 日,he33 he33 tsh;33 1033,脚 房 大 房 处,房 墙 根 之 处
721,R,6,万 日,kh133 phu21 1033 ku33 d133,那 里 灵牌 制 地,在那制灵牌
722,L,1,星 九,phu21 ku33 d33 ne 33 SD33,灵牌 制 地 也 舒,制 灵 牌 地
722,L,2,万 日 分,kh133 1033 phu21 55 ax 33,那 里 祖灵 认 处,那 里 认 祖 灵
722,L,3,3= 每万雨,kh33 thp21 ne31 mu33,早 早 的 那 时,远 古 的 时 候
722,L,4,子 司 介,"th3tce ku"" m133 h33",加 天 下 地 面 上,下 天 地 面 上
722,R,1,下: 西 WI 7开,me21 fu33 tsq31 th121 dzu 33,妻 夫 好 一 对,是 恩 爱 夫 妻
722,R,2,万 分,kh133 zi33 bu' 33 1D33 yD,那 样 有 了 得,生 育 得 如 此
723,L,1,,kh33qh031 tho²1 qh031 33 e,那 年 兔 年 是,此 年 是兔 年
723,L,2,万 O O,kh133 4D33tho2 4D33,那 月 兔 日 是,月 份 是 兔 月
723,L,3,万 天 天,kh133 ni33 tho21 ni33 ne 33,那 日 兔 日 是,该 日 属 兔 日
723,L,4,分 正 WI,tch133 th121 44 ZD?1 ZO,儿 大 那 一 人,他 家 之 长 子
723,L,5,双,tho21 33 mg33 mp? 33 A33 me,乳 名 阿 托 名,乳名取 阿托
723,R,1,分 WI,21 1i44 th21 reyb ZD 204,儿 次 生 一 年,次 子 出 生 年
723,R,2,国,kh133qh031 t tshi21 q031,那 年 狗 年 是,此 年 是 狗 年
723,R,3,万 办 O O 国,kh133 4D33 tshi21 4D33 ne 33,那 月 狗 日 是,月 份 是 狗 日
723,R,4,万 办 天,kh33 tshi21 Di3 D033,那 天 狗 日 是,该 日 属 狗 日
723,R,5,分 面,ZD1 1i44 tch33 th21 204,儿 次 那 一 人,他家之 次 子
724,L,1,分 光 WI,21 th21 qh031 ZD nas ZO,儿 小 生 一 年,幼 子 出 生 年
724,L,2,Y,kh133 q031 lu²1 qh031 ne 33,那 年 龙 年 是,龙 年 此 年 是
724,L,3,万 O O,kh33 4D33 lu²1 4D33 ne 33,那 月 龙 月 是,月 份 是 龙 月
724,L,4,万 天,kh133 ni33 lu²1 33 3G,那 天 龙 日 是,该 日 属龙 日
724,R,1,分,"21 55 tch33 th121 ZD na"" 204",儿 小 那 一 人,他 家 N 幼 子
724,R,2,WI,nw 33 Z.O kh33 th12l leOub,女 生 那 一 年,女 儿 生 年 出
724,R,3,3,kh133 q031 si33 q031 33 ne,那 年 蛇 年 是,此 年 是 蛇 年
724,R,4,万 O 3 O,kh133 4D33 si33 33 4D33,那 月 蛇 月 是,月 份 是 蛇 年
725,L,1,万 3,kh33 si33 33 ni33 ni33 3G,那 天 蛇 日 是,该 日 属 蛇 日
725,L,2,3 天 3,si33 ni33 thp²1 dzo21,蛇 日 蛇 时 属,蛇 日 之 蛇 时
725,L,3,飞 丑 万 WI,33 kh133 th121 204 mu,女 佳 那 一 人,他 家 之 女 儿
725,R,1,3= 万π,ne31 ne31 kh133 dzi21 thD21,早 早 那 时 候,远 古 的 时 候
725,R,2,X 四7L,"ne 44 tsiss ne4 dz,0²l tshi31",眼 独 眼 竖 代,独 眼 竖 眼 代
725,R,3,子 田,si21 qo²1 mu²1 mp hp33,七 年 天 下 雨,七 年 不 下 雨
725,R,4,九 田,z.133 ne33 mp² 21 1$03,喝 水 也 不 有,没 有 饮 用 水
725,R,5,3=,tsp 33 ob 21 tsp tsp !2,水 烧 空 烧 烧,空空 烧 水 锅
726,L,1,G 3=,fes5 qo 21 tsp 33,旱 耕 粮 粮 粮 口,旱 地 种 旱 粮
726,L,2,G 6 企,fess tsp33 fess m13 1Ob,旱 粮 旱 地 耕,旱米 粮 种 旱 地
726,R,1,6 企 田,fess m133 mp21 bur,旱 地 不 有 呢,尚 无 旱 粮 地
726,R,2,与 介 Z 日,tsh133 ni21 m133 dze44 1033,十 二 地 荒 处,十 荒 二 野 地
726,R,3,每,the33pu tGh33 55 mu 33 np,上 翻 上 犁 做,翻 犁 生 荒 地
726,R,4,W 每,vi31 33 ne 4i33 mu33 nur's,兄 妹 四 兄 妹,四 兄 妹 垦 荒
727,L,1,天 如 分 灶,ni33 du21 33 du21 mx31 yD,日 后 后 处 盖,次 冏日 地 复 原
727,L,2,日 tz 与,tsh33 ni21 m133 1033,十 二 地 大 处,十 二 大 地 处
727,R,1,另,th21 ni33 44 md 1D33 tD's,一 日 翻 了 搁,头 日 翻 起 地
727,R,2,分 天,tshD33 ni33 m13 tsh:33,后 日 地 块 到,次 日 返 中 地
727,R,3,米,"tc""e"" h33 pw""tc""e 44h33",上 翻 上 滑 回,地 复 原 无 痕
728,L,1,分 分 面 口,yD 33 nj33 ZD2 1i44 133,后 日 儿 次 来,次 子 于 次 日
728,L,2,每,"tc""e”pw""to""e”” h33 44 h33 np 55 mu33",上 翻 上 犁 做,翻 犁 生 荒 地
728,L,3,分 天 冷車,33 nj33 tshD33 yD m133 ne 4,后 天 地 块 看,过 天 看 地 块
728,L,4,过 天 看 地 块,dze4ko21 55 1031 m133 SD,地 荒 土 艰 成,荒 芜 地 模 样
728,L,5,荒 芜 地 模 样,"tc""e""pw” h33 Itc""e"""" du33 l031",上 翻 冏上 处 成,复 成 原样 原
728,R,1,光去 效 (2),qD33 133 2i33,怎 么 这 样象,为 何 会 如 此
728,R,2,π 飞 m 每,ku 55 dzi21 4i33 mu 33 nu 55,格 资 四 兄 妹,格 资 四 兄 妹
728,R,3,田 幼飞田 h,1x44 tch33 mp² 1y44 mD21,不 踏实 他 不 实踏,心 中 存 疑 惑
728,R,4,分 光 Z IU,21 55 si33 th21 ZD na 2.04,儿 小 他 一 人,小 兄 弟 一 人
729,L,1,7L日 万WI 天,tshi31 1033 kh33 th21 ni33,后 处 那 一 过,第 过 天 二 日
729,L,2,万 WI 天,kh33 133 th21 ni33 md 44,他 来 日 翻 一,他 来 翻 犁 地
729,L,3,WI 天 C 又,th2i ni33 1D33 pu tDss,一 日 了 搁,翻 犁 了 一 日
729,L,4,日 W 飞E,1o21 pu 33 bD21 ne's,太 阳 山 坡 失,太 阳 落 下 山
729,R,1,子 天 又,mu²1 ni33 zi33 pu 44 tD's,白天 呢 翻 搁,白 天 翻 生 荒
729,R,2,子 冷車 3,"m21 tghi31 m133 t ts""D h33",夜 块 守 晚 地,夜 晚 守土 地
729,R,3,m 6,33 nu 55 1i'ss fe33 ni33 mu,兄 妹 四 兄 妹,他 们 四 兄 妹
730,L,1,W 安 日 司 世,"1i55 1033 33 V03 ms,",四 方 处 地 藏,身 藏 四 地 头
730,L,2,分 4 了 Y Z,V133 ZD 21 si33 du21,儿 大 金 挖 拿,大 儿 拿 锄 金
730,L,3,分 面 Z,ZD 21 1i44 4u33 du2! V133,儿 次 银 挖 拿,次 子 拿 银 锄
730,L,4,7个 IM 3,A21 mess th121 VD33 $133,自 己 一 处 守,各 自 守 一 处
730,L,5,面 7 女 N.,ph33 33 tsh;33 ms 33 du21 np,三 更 处 际 到,夜 半 三 更 时
730,R,1,3 台 日 A,055 1033 si33 4u33 le&p,头 处 戴 金 银,头 上 戴 金 银
730,R,2,日 3 A,ku? 1033 si33 4u33 vi31,身 处 金 银 穿,身 上 穿 金 银
730,R,3,H,lu21 le31 t04 pa py3,手 拄 龙 拐 杖,手拄 主龙 头 杖
731,L,1,万,"kh,33 zi33 1h33 Ze31 1$033",那 样 下 来 在,那 样 从 天 降
731,L,2,男 #,好女 1p33 m133 ts133 hy31,走 了 地 边 站,站 在 地 块 边
731,L,3,水 WI,44 th121 tsx44 dzy4 pa py33,拐 杖 一 下 捅,捅 一 下 拐 杖
731,L,4,C,qhe33 1D33 mi pu 9031,土 块 反 了 回,地翻覆原 貌
731,R,1,m 6 #,mu 33 4i5s fe33 ni44,兄 妹 四 兄 妹,他 们 四 兄 妹
731,R,2,IM 雨 R 住,th21 h1ss p133 1D33 tsi33,一 步 跑 了 近,奔 至 老 者 旁
731,R,3,分 包 习,ZD 21 21 mu niss,儿 大 老 捆 喊,大 儿 喊 捆 绑
731,R,4,分 面 7科,1i44 mu 21 de21 e.55 ZD2,老 儿 次 打 喊,次 子 叫 捶 揍
732,L,1,包 九 田,niss kh33 21 ng33 mp,捆 也 他 不 喊,没 有 喊 捆 绑
732,L,2,74 九 万 田,de21 ne33 kh133 mp²1 be44,打 也 他 不 说,也 没 说 捶 揍
732,L,3,7科 田 与,"tsho""mw de21 mp21",人 老 打 不 得,打 不 得 老 人
732,L,4,弘,be4 me33 be44 mu33,说 及 说 及 做,说道后 再说
732,R,1,目 每,33 do21 tS033 Z.D3 me33 mu? 33,话 有 讲 及 做,有 理 先 讲 理
732,R,2,田 WI,mp 21 t1tsho33th121,不 像老 一 人,怪 异 N 老 人
732,R,3,万 日,kh133 1h33 1033 nDss 9021,他 来 耳 处 闻,他 先 来 说 话
732,R,4,日 IM,niss th121tch121 1033 be44,头 处 一 句 说,先讲 出 一 句
733,L,1,子 Z,zi33 mu21 si33 33 e,我 呢 天 神 是,我 是 天 上 神
733,L,2,效,33 2i33 AS5 ph21 me,名 呢 阿 皮 取,名 字 叫 阿 皮
733,L,3,Z出 Z W 每,nu33 V133 4i33 mu33 nu,你 家 四 兄 妹,你 们 四 兄 妹
733,L,4,企 田 G,33 mu m1 120b mp21 Z033,地 耕 做 不 要,不 要 种 地 了
733,R,1,日 万 700,"yur! 1033 kh,33 si21 q031",前 处 它 七 年,过 去 那 七 年
733,R,2,可 子 田,si21 qo31mu²1 mp²1 hD33,七 年 天 不 雨,七 年 不 降 雨
733,R,3,七 年 不 降 雨,m133 fe33 m133 tuss dy31,地 干 地 火 燃,地 干 地 燃 火
733,R,4,分 日 700 O,S21 33 1033 4D33 kur33 yD,中 后 处 七 月,往 后 之 七 月
733,R,5,2700 O 子 田,si21 fe33 4D33 mu²1 mp²1,七 日 天 不 干,七 日天 无 晴
734,L,1,200 O 7.00 子,si21 4D33 t4 mu2l,七 月 七 天 淋,七 月 阴 雨 连
734,L,2,子 X 3,th133 2133 ni44 mu²1 te33,水 浊 天 际 淹,洪 水 淹 至 天
734,L,3,3,"2,133 m133 te33 ni44",水 浊 地 大 淹,洪 水 淹 大 地
734,L,4,甘 住,"dD21 1p21 tsi33 1,33 !2",洪 水 泛 滥 来,将 洪 水 泛 滥
734,L,5,Z Z W,si33 V133 4i33 mu 33 nu's,别人 家 四 兄 妹,他 们 四 兄 妹
734,R,1,交 日,z.133 fα44 21 1033 21 gp gp,水 发 闻 处 闻,听 闻 洪 水 泛
734,R,2,tz,"yu²1 ku's ID33 tsh,33",头 前 跪 了 下,跪 下 忙 磕 头
734,R,3,田 女,21 1x44 tsh03mu² 33 mp np,不 踏实 人 老 问,疑 惑 问 老 人
734,R,4,4P 光,z.133 qD33 Se21 2.133 fa44,水 大 水 若发,若 发大 洪水
735,L,1,了 丰,2133 ni44 te3 m133,水 浊 地 大 淹,洪 水 淹 大 地
735,L,2,甘 光住,"1D33 h33 dp21 213 q""D tsi3",洪 水 水 若 泛滥,洪 水 若 泛 滥
735,L,3,每 去 目,h33 :33 di²1 ab Z1 mu33,样 在 怎 做 的,应 该 怎 么 做
735,L,4,田 九零,21 t1 tshomu 1D33 mp,不 像 人老 啊,怪异 之老 人
735,R,1,日 3=,4021 1033 33 S121 S121,笑 眯 脸 处 眯,脸 上 笑 眯
735,R,2,世 了,133 ni44 mu² 9033 t@33,水 浊 天 里 淹,洪 水 淹 至 天
735,R,3,万光,kh33 tD21 h33 zi33 ab,若 那 时 到 呢,若 果 到 那 时
736,L,1,mI 3 h 咖,th21 si33 q844 dzi31 1x31,一 个 金 柜 子,个 金 柜 子 一
736,L,2,A 咖,thr21 TE!ZP 4u33 1x31,个 银 柜 子 一,一 个 银 柜 子
736,L,3,7 咖,th12i dzi31 si4 1x31,一 个 木 柜 子,一 个 木 柜 子
736,L,4,一 个 木 柜 子,ID33 XD33 nD21 b121,送 了 你 们 给,送 你 ：们 兄 妹
736,R,1,去 九,33 le&zp zi33 ne,但 是 你 们 呢,但 你 们 兄 妹
736,R,2,但 你 们 兄 妹,th21 nu 55 mp33 Z04 t$03,妹 子 一 人 有,有 个 小 妹 一
736,R,3,万,"A21 1,3 kh,33 tess SD.33",哪 个 来 她 带,哪 个 来 带 她
736,R,4,分 九 分 面,1i44 ZD no33 ZD21,儿 大 与 儿 次,长子 与 次 子
737,L,1,金 日 金 里,ni44 1033 dy31 $e4,心 处 当 黑 结,心 中 存 自 私
737,L,2,3 咖,2i33 1y31,大 呢 金 柜 子,长 子 金 柜 子
737,L,3,万 77,"kh,33 zi33 55 1D33 dzi21",那 样 认 了 着,被 他 认 了 去
737,L,4,A 咖,1i44 zi33 4u33 1y31,次子 呢 银 柜 子,次 子 银 柜 子
737,L,5,万,kh33 zi33 1D33 tsh33 55,那 样 认 了 下,被 他 认 下了
737,R,1,分 光 飞 X,21 niass 33 33 ZD ne nu tsiss,儿 小 与 女 小,幼 子 与 小 女
737,R,2,万 7 咖,"kh,33 $0's si44 1x31",他 获 木 柜 子,他 俩 得 柜 木
737,R,3,子 Z 效 Z,mu si33 A55 ph121 1h33,天 神 阿 皮 来,天 上 神 阿 皮
737,R,4,O WI 田,4D33 th21 lu21 VD 21 b121,鸡 蛋 一 个 给,给 他 们 分 蛋
738,L,1,WI O 册,th21 th121 Z0 44 4D33 $OSS,一 人 一 个 获,人 分 个 一 一
738,L,2,Z 日 WI 开,niss 1033 th121 tch121 be44,嘴 处 一 句 说,嘴 里 吐 一 句
738,L,3,甘,dp21 1D21 qD33 Z133 tsi33,地府 牛 水 若 遇,若 洪 水 泛 滥
738,R,1,O,VD21 4D33 le31 ob 33 mx31,鸡 蛋 手 中 握,鸡 蛋 水 中 握
738,R,2,咖秋 与,1y31 q”84 phu33 Dess,柜 子 开 得 是,可 以 打 开 柜
738,R,3,分 田 文,n21 21 VD ZD mp gD,鸡 小 叫 不 闻,不 闻 小 鸡 鸣
738,R,4,咖 定,"ab 33 tc""1"""" h.33 t""D"" h21 p""u h.33",柜 门 它 莫 开,莫 打 开 柜 门
739,L,1,W 子 正,do44 mu²1 th21 33 tsj33 qD,东 方 天 一 门,东 方 天 门 处
739,L,2,东 方 天 门 处,te33 ne 44 te3 pu²3 t tD33,云 黑 云 朵 起,黑 云 在 聚 结
739,L,3,学分 正 W WI,133 t4ur33 yD 33 th21 qD 33,西 方 处 一 门,西 方 之 天 门
739,L,4,3 4 了,te33 4033 tg33 thu Z.021,飞 云 白 云 游,白 云 在 飞 驰
739,L,5,# 子 IM 正,4i33 th121 tsiss mu²1,南 方 天 一 门,南方之 天 门
739,R,1,思 子 灶 3=,mu² du²1 SDSS lun33 lur33,艰 雷 打 在 在,正 在 打 闷 雷
739,R,2,W 7 子 WI 正,33 4i33 mess mu21 th121 ab,北 方 天 一 门,北 方 之 天 门
739,R,3,子 3E 7科,mu²1 m1²1 da44 de21,雷 闪 火 镰 打,电 闪 似 火 镰
739,R,4,子,te33 ne* 44 ne 44 hD33 mu21,云 黑 天 黑 下,黑 云 降 黑 雨
739,R,5,子 西 天,ni33 mu²1 ne4 surs hD33,天 黑 三 日 下,黑雨 降 三 天
740,L,1,3 子 3,21 te33 mu² hp33,云 黄 天 黄 下,黄 云 下 黄 雨
740,L,2,子 3 西 天,mu21 sms ni33 hp33,天 黄 三 天 下,黄 雨 下 三 天
740,L,3,黄 雨 下 三 天,m133 th33 tsi33 mb 33 .13,水 完 地 面 遇,大 地 水 淹 尽
740,L,4,子 200,si21 ni33 hp33 mu ne4,天 黑 七 天 下,黑 雨 下 七 天
740,L,5,子 3 700 ZZ,he31 hD33,天 黄 七 夜 下,黄 雨 下 七 夜
740,R,1,子 日 77,1033 dzi21 te33 mu²1,水 淹 天 处 着,洪 水 淹 至 天
740,R,2,西 日 万 200 天,"ni33 yw 21 1033 kh,33 si21",前 处 那 七 天,开 头 那 七 天
740,R,3,分 列,ZD 21 21 khu21 21 VD21 gD,儿 大 声 闻 鸡,长 子 闻 鸡 声
740,R,4,万 了 咖秋,kh133 zi33 qh44phu33 8133,他 呢 金 柜开,他 打 开 金 柜
740,R,5,3 咖Z,"2,133 si33 qh84 bur²1 dlu33",水 淌 金 柜 进,洪 水 进 金 柜
741,L,1,了咖,"si33 b z,133 kw",金 柜 水 中 矢,金 柜 失 水 中
741,L,2,分 日 万,kh33 si21 ni33 YD 33 1033,后 处 那 七 天,后 面 那 七 天
741,L,3,分 面 列,ZD 1i44 VD21 khu21 gD,儿 次 鸡 声 闻,次 子 闻 鸡 声
741,L,4,万 A 咖秋,"kh,33 zi33 4u33 h_44 h33 8b p""u",他 呢 银 柜 开,他 打 开 银 柜
741,L,5,咖Z,"z,133 bur²1 4u33 dlur33",水 淌 银 柜 进,洪水进银柜
741,R,1,4 咖 二1-,4u33 h44 ness 8b,.13 银 柜 水 里 失,银 柜 失 水 中
741,R,2,7L 日 發 200,tshi31 133 si21 ni33 1033,后 处 这 七 天,最 后 这 七 天
741,R,3,分 光 光,ZD na 55 ne 33 mu na 55,儿 小 与 女 小,小 儿 与 小 女
741,R,4,O,le31 ob 33 VD 4D33 phiss,手 里 鸡 蛋 破,手 中 蛋 破 壳
741,R,5,O 引 文,phiss khu² 4D33 VD²1,蛋 破 鸡 声 闻,蛋破闻鸡声
742,L,1,光 咖决,q84phu33 nu 33 si44,女 小 木 柜 开,小 女 开 木 柜
742,L,2,? 7 咖Z,"z,j33 bur2! si44 dlu33",水 淌 木 柜 进,洪 水 进 木 柜
742,L,3,每 飞 Z 与,mu 33 nu 55 si33 ni21 204,兄 妹 别人 二 人,兄 与 妹 二 人
742,R,1,7 咖,qh844 si44 pu 1D-33 tD33,木 柜 浮 了 起,木 柜 浮 水 面
742,R,2,天 IM 工,mu' 55 ni21 ts133 th2i 04,鸡 孵 二 十 一,孵 鸡 廿 一 天
742,R,3,IM MI,th21 ni33 1D33 th121 ni33,一 日 啊 一 日,一 日 又 一 日
742,R,4,7 咖,q44 zi33 tche3 Si44,木 柜 水 上 漂,木 柜 水 上 漂
742,R,5,每 咖 天,ni33 mu nu 55 xb h44 ob 33,兄 妹 柜 里 坐,妹 里 兄 坐 柜
743,L,1,子子 Z面,"mu? tghe33 mu² p""p21 si3",天 冏上 天 主 父,天 冏上 N 天 神
743,L,2,子 专 Z,mu2l tche33 ph21 si33 AS5,天 上 神 阿 皮,皮 天 上 神 阿
743,L,3,配 y 日 7 咖,kh33 1033 si44 8..b no 33,那 里 木 柜 见,见 水 上 木 柜
743,L,4,3 3 A,dze21 du33 du²1 dzu,金 梭 银 锄 对,金 梭 和 银 锄
743,R,1,mI WI,th21 33 th21 033 mp $O.Ss,一 个 获 一 们,各 人 获 一 样
743,R,2,3 3 ? π,si33 dze21 1044 ne44 dzi21,金 梭 石 黑 凿,凿 金 梭 石 头
743,R,3,4 Y 企 百,4u33 du21 m133 qa 55,银 锄 洞 抠 地,银 锄 掏 地 洞
743,R,4,G,133 m133 3.91 h33 mr puss,地 上 地 洞 通,地 上 通 地 洞
744,L,1,万 无 面,"kh,33 zi33 ID33 ms 33",那 样 水 呢 干,如 此 洪 水 干
744,L,2,A ZZ 面,55 he31 55 ni33 1031 ms,三 夜 三 天 满,三 天 三 夜 后
744,L,3,的,"2z,133 1D33 33 sw 33 XD",水 浊 干 了 掉,洪 水 全 退 去
744,R,1,丑,fess fe-ss ph33 dlD33,崖 佳 崖 半 壁,高 崖 半 壁 上
744,R,2,Z 介 住,ph133 fess kyss 1x5s tsi33,崖 半 竹节 草 遇,长 节 草 壁 竹
744,R,3,咖女 介 7,kyss 1yss si44 onyxb 55,竹节 草 木 柜 挂,木 柜 挂 草 上
744,R,4,九 与,mu 33 ne 33 nw 55 ni21 fe33,兄 与 妹 两 兄妹,他 们 两 兄 妹
744,R,5,田,si21 33 Se31 le31 mp 21 me,果 摘 手 不 及,摘 果 手 难 及
745,L,1,与 飞比 证,ni21 tsh:33 tg33 bp21 dlo4,二 脚 云 脸 登,双 脚 登 云 端
745,L,2,九 万 田 与,kh33 21 Ze31 ne33 mp di31,下 也 它 不 行,下 也 难 往 下
745,L,3,九 万 田 不,de44 ng33 kh33 mp 21 D13,上 也 它 不 胜,上 也 上 不 去
745,L,4,介 苗 ?,ky.ss 1y5s fuss,竹节 草 乞 求 做,恳 求 竹 节 草
745,L,5,介 介,p²p²1 ky.ss dzo44 kxss 1o21,革 佐 革 罗 帕,革 佐革罗 帕?
745,R,1,Z 与 每,33 ni21 np mu33 nu's,我 家 两 兄 妹,我 们 两 兄 妹
745,R,2,WI Z,th121 44 si33 l33 pa tD33,一 下 牵 上 来,拉 我 们 上 来
745,R,3,介 亦,"kyss dzo kyss 1o21 p""D h21",革 佐 革 罗 帕,革 佐 革 罗 帕
745,R,4,公 WI Z,fess ph33 th21 toss si33,台 崖 半 一 牵,拉 上 一 台 崖
745,R,5,Z 7=,si33 fess 1D33 myb tshi33,牵 了 崖 口 到,到 达 了崖 口 品
746,L,1,来,qu²1 fess C1 WUu33 bur33,崖 口 青 栎 丛,崖 长 青 栎 口
746,L,2,亚 WI,bu*3 pu21 vu33 th121,3 青 栎 一 丛 碰,遇 一 丛 青 栎
746,L,3,Z: 飞 与 每,si33 V133 ni²1 mu33 nur's,别人 家 两 兄 妹,他 们 两 兄 妹
746,L,4,平u ① 苗 ? 每,fuss V3 mu3,613 青 栎 乞 求 做,恳 求 青 栎 木
746,L,5,平u 飞4 平u,pD21 dzo 44 S133 1o21 G133,兴 佐 兴 罗 帕,兴 佐 兴 罗 帕
746,R,1,与 与 Z,33 ni²1 YD ni33 toss si33,后 天 二 台 牵,次 日 拉 二 台
746,R,2,Z,si33 ID33 fess tghe33 de44,牵 了 崖 上 上,拉 冏上 了 崖 边
746,R,3,拉 冏上 了 崖 边,fess tchetho21 ni44 phu21,崖 上 松 绿 碰,崖 边 遇 青 松
746,R,4,崖 边 遇 青 松,tche33tho2 ni44 133 fess,崖 上 松 绿 来,崖 顶 青 松 树
746,R,5,每 Z,si33 tho21 le31 mu33 le31,松 手 做 手 牵,公枝 当 手 拉 松
747,L,1,Z,tho21 055 si33 fess de44,松 草 崖 头 上,拉 上 了 崖 顶?
747,L,2,每 九 飞 与,mu 33 ne 33 nu 55 ni21 fe33,兄 与 妹 二 兄妹,他 们 啊 妹 俩
747,L,3,每 7# ZI,"mu 33 du33 h21 31 p""D” yo n133",兄 想 父 际 念,兄 见 父 迹 念
747,R,1,田 配,"p""D h21 SD"" 33 pD"" hn21 mp",父 找 父 不 见,找 父 不 见 父
747,R,2,州,A33 tho2i 0.55 hx31 ne44,乌 鸦 松 头 站,乌鸦立松 梢
748,L,1,效 面本 四,A33 44 tchi21 ne ms,乌 鸦 三 句 喊,乌 鸦 啼 三 声
748,L,2,效,tgh21 A33 ne4 ssms De33,乌 鸦 三 句 叫,乌 鸣 声 鸦 三
748,L,3,Z 發 列 田,bp²lkhu21 mp 21,阿 爸 声 不 像,不 像 阿 爸 声
748,L,4,發 比 列 田,133 bp²1 khu21 33 mp21 ne,阿 爸 声 不 是,不 是 阿 爸 声
748,L,5,發 飞比 田 Z,133 siss zi33 bp²1 mD21,阿 爸 不 像 呢,不 像 阿 爸 声
748,R,1,發 口 列 3=,33 khu21 33 33 mD33 3G 30,阿 妈 声 是 是,可 是 阿 妈 声
748,R,2,列 九 田 Z,mp33 khu²1 ne33 mp 21 si5s,妈 声 也 不 像,像 妈 声 不 阿
748,R,3,去 Z 国 列,44 33 khu21 n033 ne,春 鸟 叫 声 闻,闻 见 春 鸟 声
749,L,1,孕九 列 Z,"h21 33 khu21 si55 p""D ne mp33",父 与 舟 声 像,仿 佛 父 舟 声
749,L,2,州列 国,55 pu²3 khu21 3G 55 1D33 mb,布 谷 声 是 啊,是 布 谷 鸟 声
749,L,3,7 A,tsa44 0.55 du²1 4u33 hy31,斑 鸠 桩 头 站,斑鸠 鸟立桩头
749,R,1,日X,"1033 tsuss ku"" dze' kw",身 花 身 处美,身 羽 花 纹 美
749,R,2,答 柔 答 众,le33 fuss zi33 le33 dz133,脖 缩 呢 脖 伸,脖 又 伸 缩 脖
749,R,3,7 A 引,du21 4u33 pu3 khu21 gp 21,斑 鸠 啼 声 闻,闻 见 斑 鸠 鸣
749,R,4,列 国 日 Z,si5s mD33 khu21 3G 33 1033,母 声 是 仿 像,仿佛 弗母声 音
750,L,1,Z ： 每,tsho21 si21 tso21 44 mu 33,伴 行 伴 走 做,兄 妹 结 伴 走
750,L,2,九 与 日,tsh133 ni²1 fess dlp33 1033,十 二 崖 壁 处,十 二 石 崖 壁
750,L,3,E 住,fess dlp33 kyss 1yss tsi33,崖 壁 竹节 草 遇,崖长 竹节 草
750,R,1,每 九 与,ni²1 eenu ne33 fe33,兄 与 妹 二 兄妹,他 们 兄 妹 俩
750,R,2,日 万 Z,"si33 yu²1 1033 kh,33 1n33",前 处 它 来 牵,先 前 被 它 拉
750,R,3,万 又,kh133 zi33 1D33 55 tDss,那 样 啊 认 搁,将 它 认 作 亲
750,R,4,介 国,"1y5s ky.ss p""u"""" h21 P""D h21 33",竹节 草 祖 先 是,此 草 为 祖 先
751,L,1,星70 ?,S133 vu33 phu21 tshi21 dlu33,青 祖灵 牌 盒,灵牌盒 青 栎
751,L,2,3 星t 天,mp 33 si33 phu21 he33 nij33,竹 祖灵 住 金 房,金 竹 作灵 房
751,L,3,亩,tho21 ni44 phu21 std Y031,松 绿 祖灵 围 腰,青 松 灵 围 腰
751,L,4,口,si33 pru21 vi31 md 44 lu33,绸 金 祖灵 穿 衣,金绸 灵衣裳
751,R,1,包,tch3dzi²pu²dzo Di's,丝线 祖灵 腰 带,丝 线 灵 腰 带
751,R,2,勾品,055 tshw33 pu33 no 44 phu21,绵羊 毛 祖灵 头 发,羊絮灵头 发
751,R,3,羊絮灵头 发,"tsiss h33h21 33 xw p""D p""u"" m6",布 祖灵 盖 麻 铺,麻 布 灵 被 褥
751,R,4,万 又,kh33 zi33 55 1D33 tD$s,那 样 认 了 搁,如 此 来 认 下
751,R,5,w tQ tZ,lur's he33 he33 m6 33,主 家 死 家 里,房主丧家 中
752,L,1,t 灶 to 有 开,he33 du21 he33 kDSs be44,房 房 隙 条,橡子 等 距 排
752,L,2,九开,kur's be44 th121 tche33tshi2,九条 一 根着,插第 九 根 上
752,L,3,开 7.0,si21 th21 tche3tshi21 be44,七 条 一 根着,插 第 七 根 上
752,R,1,,th21tche3tshi21 sw 55 be44,三 条 一 根着,插 第 三 根 上
752,R,2,不 3=,phu21 hy31 33 S121 S121,祖灵 站 笑 眯 眯,祖 灵 笑 盈 盈
752,R,3,电 九 3,phu2 hx31 tu ne 33,祖灵 站 地 也 舒,祖 立 也 舒 适
752,R,4,目 电 九,phu21 tu 33 D33 to33 ne SD,祖灵 在 寺 也 舒,祖 居 也 舒 坦
752,R,5,星安电 九,phu21 dle44 tu ne 33 SD 33,祖灵 觅食 地 也 舒,祖游也 畅 坦
753,L,1,星洲星九 W,phu21 hx31 phu21 ne 33 lur's,祖灵 站 祖灵 也 喜,祖 立 也 喜 悦
753,L,2,目,duss phu2l n833 1$033 SD33,舒 种 祖灵 也 有,有护 播 祖 灵
753,R,1,张,Z1 44 tsi33 phu21 1$033,顺 接 祖灵 也 有,有护 婚祖 灵
753,R,2,天,ne 33 dzD² tsh;33 th121 ni33,美味 吃 到 一 日,值 美 品 食 之 日
753,R,3,ZZZ IM 天,33 tsi5s tshi33 th21 ni33 ne,美味 喝 一 到 一 日,值美 饮 N 日
753,R,4,W to路 日,luur's he33 butche33 1033,喜 家 聚 上 处,家 庭 聚 宴 时
753,R,5,分 飞 W,21 33 33 4i55 4e44 ZD nw ne,儿 女 与 孙 重孙,你 儿 孙 后 辈
754,L,1,,ne33 tsp33 ne33 nu33 G133,美味饭也你献,美食献与你
754,R,1,,ne3 tsiss ng33 nu33 S133,美味 喝也 你 献,美饮献与你
