record_id,source_id,page,col,seq,彝文,ipa_clean,ipa_raw,ipa_status,ipa_score,ipa_syl_count,直译,意译,rights,provenance,confidence
SANGJIAJING-P0014-L-01,SANGJIAJING,14,L,1,Z4 与 工,zɔ ⁴⁴ ni2 tsi³³ dle³³,ZO 44 ni²! ts133 dle33,suspect,0.67,3,你 长 二 十 满,长 至 二 十 岁,UNKNOWN,扫描 OCR + IPA 锚点版面解析（四行对照） | 整理日期 2026-09,medium
SANGJIAJING-P0014-L-02,SANGJIAJING,14,L,2,Z 九 70 每,si²¹ ng³³ tshi²¹ tshi³³ mu³³,si21 ng33 tshi21 tshi33 mu33,ok,0.80,5,别人 也 媳 做,世 人 娶 妻 龄,UNKNOWN,扫描 OCR + IPA 锚点版面解析（四行对照） | 整理日期 2026-09,medium
SANGJIAJING-P0014-R-01,SANGJIAJING,14,R,1,70 tQ 九 m,tshi²¹ tsh³³ hg³³ ne ³³ li⁰³,tshi21 tsh33 hg33 ne 33 1$03,suspect,0.60,5,娶 媳 房 也 有,成 家 房 造 好,UNKNOWN,扫描 OCR + IPA 锚点版面解析（四行对照） | 整理日期 2026-09,medium
SANGJIAJING-P0014-R-02,SANGJIAJING,14,R,2,ZZZ tQ 九,,tsiss he33 nu ne 1S03,failed,0.00,2,女 嫁 房 也 有,成 家 房 造 好,UNKNOWN,扫描 OCR + IPA 锚点版面解析（四行对照） | 整理日期 2026-09,medium
SANGJIAJING-P0014-R-03,SANGJIAJING,14,R,3,Az,qo²¹ mu³³ thu³¹,qo21 mu33 thu31,ok,1.00,3,耕 田 做 出 去,出 门 去 耕 田,UNKNOWN,扫描 OCR + IPA 锚点版面解析（四行对照） | 整理日期 2026-09,medium
SANGJIAJING-P0015-L-01,SANGJIAJING,15,L,1,子 Z 万,tɒ²¹ mu²¹ a³³ siss kh³³,"tp²1 mu21 A33 siss kh,33",ok,1.00,4,天 过 去 那 时,过 去 之 时 日,UNKNOWN,扫描 OCR + IPA 锚点版面解析（四行对照） | 整理日期 2026-09,medium
SANGJIAJING-P0015-L-02,SANGJIAJING,15,L,2,子 九 万 田,mu2 ne³³ khi³³ mp ²¹ sɒ³³,mu² ne33 kh133 mp 21 SD33,suspect,0.50,4,天 也 它 不 晴,上 天 不 放 晴,UNKNOWN,扫描 OCR + IPA 锚点版面解析（四行对照） | 整理日期 2026-09,medium
SANGJIAJING-P0015-L-03,SANGJIAJING,15,L,3,企 九 ：万 田,khi³³ ⁵⁵ mi ³³ ne³³ mɒ²¹ mw,kh133 55 mi 33 ne33 mD21 mw,suspect,0.67,6,地 也 它 不 暖,大 地 无 暖 意,UNKNOWN,扫描 OCR + IPA 锚点版面解析（四行对照） | 整理日期 2026-09,medium
SANGJIAJING-P0015-R-01,SANGJIAJING,15,R,1,万,khi³³ thu³³ i ³³ zi³³ si²¹ qɒ,kh133 thu3i 33 zi33 si21 qD,ok,1.00,6,那 样 走 出 啊,如 此 走 出 去,UNKNOWN,扫描 OCR + IPA 锚点版面解析（四行对照） | 整理日期 2026-09,medium
SANGJIAJING-P0015-R-02,SANGJIAJING,15,R,2,与 克 日,tsh³³ tsɒ h²¹ ²¹ li⁰³3,"tsh,33 ts""D° h21 21 1033",suspect,0.50,4,十 二 丘 大 处,十 二 大 地 里,UNKNOWN,扫描 OCR + IPA 锚点版面解析（四行对照） | 整理日期 2026-09,medium
SANGJIAJING-P0015-R-03,SANGJIAJING,15,R,3,里 来,,"niss p""ubu 12n6",failed,0.00,1,犁 头 盖 堆 犁,深 犁 土 翻 堆,UNKNOWN,扫描 OCR + IPA 锚点版面解析（四行对照） | 整理日期 2026-09,medium
SANGJIAJING-P0015-R-04,SANGJIAJING,15,R,4,里 里 每,pu³³ pudze2 mu bi2i,"p'u33 p""udze² mu br²i",suspect,0.50,2,堆 散 堆 梭 的,翻 土 土 松 散,UNKNOWN,扫描 OCR + IPA 锚点版面解析（四行对照） | 整理日期 2026-09,medium
SANGJIAJING-P0016-L-01,SANGJIAJING,16,L,1,号 每,mu ⁴⁴ zzi²¹ thj²¹ ps ⁴⁴,mu 44 Zzi21 thj21 ps 44,suspect,0.50,4,蜷 睡 下 做 一,蜷 身 睡 一 觉,UNKNOWN,扫描 OCR + IPA 锚点版面解析（四行对照） | 整理日期 2026-09,medium
SANGJIAJING-P0016-L-02,SANGJIAJING,16,L,2,7办 田 勿 签,si³¹ np ³³ k⁰⁴4 qe³¹ tɒ³³,si31 np 33 k044 qe31 tD33,suspect,0.60,5,渴 赶 病 根 起,口 渴 疾 病 发,UNKNOWN,扫描 OCR + IPA 锚点版面解析（四行对照） | 整理日期 2026-09,medium
SANGJIAJING-P0016-R-01,SANGJIAJING,16,R,1,勿,³³ qe³¹ khɒ²¹ np tɒ³³ tshi²¹,33 qe31 khp21 np tD33 tshi21,ok,0.80,5,病 起 药 找 效,患 病 须 药 医,UNKNOWN,扫描 OCR + IPA 锚点版面解析（四行对照） | 整理日期 2026-09,medium
SANGJIAJING-P0016-R-02,SANGJIAJING,16,R,2,X 2ZZZ 勿 会,tshi2i tsiss np ³³ ko ⁴⁴,tshi2i tsiss np 33 ko 44,suspect,0.50,2,药 喝 病 顽固 起,药 医 病 顽 固,UNKNOWN,扫描 OCR + IPA 锚点版面解析（四行对照） | 整理日期 2026-09,medium
SANGJIAJING-P0016-R-03,SANGJIAJING,16,R,3,分,dos ⁴⁴ tsi³³ hn²¹ xɒ zɔ pɒ,"do.s 44 tsi33 hn21 XD Z.O p""D",suspect,0.50,4,夺 敖 若 知 帕,夺 敖 若 知 帕,UNKNOWN,扫描 OCR + IPA 锚点版面解析（四行对照） | 整理日期 2026-09,medium
SANGJIAJING-P0016-R-04,SANGJIAJING,16,R,4,子 亏,li²¹ ni³³ tsh³³ mu ²¹ li³³,121 ni33 tsh;33 mu 21 li33,ok,0.80,5,天 来 今 天 到,时 今 日 至 日,UNKNOWN,扫描 OCR + IPA 锚点版面解析（四行对照） | 整理日期 2026-09,medium
SANGJIAJING-P0016-R-05,SANGJIAJING,16,R,5,答 3E,tchi³¹ bu³³ 1e³³ ta⁴⁴,tchi31 bu33 1e33 ta44,suspect,0.75,4,羊 赠 脖 断 死,奠羊 刺 脖 死,UNKNOWN,扫描 OCR + IPA 锚点版面解析（四行对照） | 整理日期 2026-09,medium
SANGJIAJING-P0017-L-01,SANGJIAJING,17,L,1,Z4 去 会会,li³³ nu ³³ li³³ d²¹ tɒ³³,li33 nu 33 $133 d21 tD33,ok,0.80,5,你 来 死 的 起,你 去 赴 阴 死,UNKNOWN,扫描 OCR + IPA 锚点版面解析（四行对照） | 整理日期 2026-09,medium
SANGJIAJING-P0017-L-02,SANGJIAJING,17,L,2,發 發 雨,³³ thɒ²¹ thɒ²¹ 1p³³ li³³,33 thp21 thp21 1p33 133,suspect,0.60,5,这 时 啊 这 时,现 在 这 时 候,UNKNOWN,扫描 OCR + IPA 锚点版面解析（四行对照） | 整理日期 2026-09,medium
SANGJIAJING-P0017-L-03,SANGJIAJING,17,L,3,睡 众 制 Z,dzi³³ ⁰³3 tshɒ²¹ ag ³³,dzi33 $0.33 tshD21 aG 33,suspect,0.75,4,丧 家 诵 伴 我,丧 家 诵 经 师,UNKNOWN,扫描 OCR + IPA 锚点版面解析（四行对照） | 整理日期 2026-09,medium
SANGJIAJING-P0017-L-04,SANGJIAJING,17,L,4,每 每,³³ bi²¹ mu³³ mu nu³³,33 bi21 mu33 mu nu33,suspect,0.50,4,做 好 做 你 给,认 真 诵 与 你,UNKNOWN,扫描 OCR + IPA 锚点版面解析（四行对照） | 整理日期 2026-09,medium
SANGJIAJING-P0017-L-05,SANGJIAJING,17,L,5,A 7科 A W 7,,phi21 4033 d&21 4u33 4is5,failed,0.20,5,银 打 银 四 板,四块 银 铸 板,UNKNOWN,扫描 OCR + IPA 锚点版面解析（四行对照） | 整理日期 2026-09,medium
SANGJIAJING-P0017-R-01,SANGJIAJING,17,R,1,3 3 ZZ,si³³ si³³ phi²¹ de²¹ he³¹,si33 si33 phi21 de21 he31,ok,1.00,5,金 打 金 八 板,金 铸 八 块 板,UNKNOWN,扫描 OCR + IPA 锚点版面解析（四行对照） | 整理日期 2026-09,medium
SANGJIAJING-P0017-R-02,SANGJIAJING,17,R,2,A 74 九,4u³³ de²¹ ne ³³ scɔs,4u33 de21 ne 33 ScOS,suspect,0.75,4,银 打 你 也 得,银 板 你 已 得,UNKNOWN,扫描 OCR + IPA 锚点版面解析（四行对照） | 整理日期 2026-09,medium
SANGJIAJING-P0017-R-03,SANGJIAJING,17,R,3,红 Z,,55 tsh33 nu33 V33 np mi33,failed,0.40,5,你 拿 阴 间 到,你 带 去 阴 间,UNKNOWN,扫描 OCR + IPA 锚点版面解析（四行对照） | 整理日期 2026-09,medium
SANGJIAJING-P0017-R-04,SANGJIAJING,17,R,4,你 带 去 阴 间,,A tQ 3 tQ,failed,0.00,1,4u33 he33 he33 10 44,银 房 金 房 成,UNKNOWN,扫描 OCR + IPA 锚点版面解析（四行对照） | 整理日期 2026-09,medium
SANGJIAJING-P0017-R-05,SANGJIAJING,17,R,5,A tQ 3 tQ,4u³³ he³³ he³³ li0 ⁴⁴,4u33 he33 he33 10 44,suspect,0.75,4,银 房 金 房 成,房 能 变 金 银,UNKNOWN,扫描 OCR + IPA 锚点版面解析（四行对照） | 整理日期 2026-09,medium
SANGJIAJING-P0018-L-01,SANGJIAJING,18,L,1,Z4 t,du²¹ mi³³ hae³³ 1i³³ do²¹,du21 mi33 hae33 1i33 do21,ok,0.80,5,阳 间 房 跨 搁,搁 下 阳 间 房,UNKNOWN,扫描 OCR + IPA 锚点版面解析（四行对照） | 整理日期 2026-09,medium
SANGJIAJING-P0018-L-02,SANGJIAJING,18,L,2,WL M 企 to,np ⁵⁵ mi nj³³ he³³ si³¹ ⁵⁵,np 55 mi nj33 he33 si31 55,suspect,0.60,5,阴 间 房 新 找,阴 间 找 新 房,UNKNOWN,扫描 OCR + IPA 锚点版面解析（四行对照） | 整理日期 2026-09,medium
SANGJIAJING-P0018-L-03,SANGJIAJING,18,L,3,Z出 日 米,li⁰³³¹ khɒ²¹ 2li³³ dy³¹,10331 khD21 2133 dy31,suspect,0.50,4,你 处 靠 影 结,享 受 有 可 靠,UNKNOWN,扫描 OCR + IPA 锚点版面解析（四行对照） | 整理日期 2026-09,medium
SANGJIAJING-P0018-L-04,SANGJIAJING,18,L,4,开秋 不 分,dzi2l pu³³ ²¹ li³³ zɒ,dzi²l pu33 21 li33 ZD,suspect,0.50,4,D13 执 普 毕 若 来,让 执 普 毕 若,UNKNOWN,扫描 OCR + IPA 锚点版面解析（四行对照） | 整理日期 2026-09,medium
SANGJIAJING-P0018-L-05,SANGJIAJING,18,L,5,Wi,mu dza mu thi²¹ ni³³,mu dza mu thi21 ni33,suspect,0.50,2,做 甩 做 一 日,甩 布 仪 之 时,UNKNOWN,扫描 OCR + IPA 锚点版面解析（四行对照） | 整理日期 2026-09,medium
SANGJIAJING-P0018-R-01,SANGJIAJING,18,R,1,子九 企 田h,mu²¹ ne³³ mi³³ mɒ2 dza ³¹,mu²1 ne33 mi33 mp² dza 31,suspect,0.75,4,天 与 地 不 甩,不 甩 驱 天 地,UNKNOWN,扫描 OCR + IPA 锚点版面解析（四行对照） | 整理日期 2026-09,medium
SANGJIAJING-P0018-R-02,SANGJIAJING,18,R,2,九 7 田h,tce³³ te³³ mɒ²¹ dza ³¹ ne³³,tce33 te33 mp²1 dza 31 ne33,ok,1.00,5,星 与 云 不 甩,不 甩 驱 星 云,UNKNOWN,扫描 OCR + IPA 锚点版面解析（四行对照） | 整理日期 2026-09,medium
SANGJIAJING-P0018-R-03,SANGJIAJING,18,R,3,秋 田h,phu³³ ne tche4mɒ²¹ dza,phu33 ne tche4mp²1 dza,suspect,0.67,3,村 与 寨 不 甩,区村寨 不 甩 驱,UNKNOWN,扫描 OCR + IPA 锚点版面解析（四行对照） | 整理日期 2026-09,medium
SANGJIAJING-P0019-L-01,SANGJIAJING,19,L,1,分 田h,phɒ²¹ ³³ ne zɒ²¹ mɒ²¹ dza ³¹,phD21 33 ne ZD21 mp²1 dza 31,suspect,0.60,5,父 与 儿 不 甩,不 甩 驱 父 子,UNKNOWN,扫描 OCR + IPA 锚点版面解析（四行对照） | 整理日期 2026-09,medium
SANGJIAJING-P0019-L-02,SANGJIAJING,19,L,2,不 甩 驱 兄 弟,dza ³¹ ng³³ he⁴⁴ mɒ²¹,dza 31 ng33 he44 mp²1,suspect,0.75,4,嫂 与 姑 不 甩,不 甩 驱 姑 嫂,UNKNOWN,扫描 OCR + IPA 锚点版面解析（四行对照） | 整理日期 2026-09,medium
SANGJIAJING-P0019-R-01,SANGJIAJING,19,R,1,7开 不 分,phu³³ l³³ dzi2 pj³³ zɒ²¹,phu33 l;33 dzi² pj33 ZD21,suspect,0.50,4,执 普 毕 若 来,让 执 普 毕 若,UNKNOWN,扫描 OCR + IPA 锚点版面解析（四行对照） | 整理日期 2026-09,medium
SANGJIAJING-P0019-R-02,SANGJIAJING,19,R,2,每所每 WI 亏,ni³³ mu³³ dza mu thi²¹,ni33 mu33 dza mu thi21,suspect,0.67,3,做 甩 做 一 日,甩 布 仪 N 时,UNKNOWN,扫描 OCR + IPA 锚点版面解析（四行对照） | 整理日期 2026-09,medium
SANGJIAJING-P0019-R-03,SANGJIAJING,19,R,3,A 用 日h,,4U33 siss 1033 dza VD21,failed,0.00,3,甩 鸡 白 首 先,先 甩 驱 白 鸡,UNKNOWN,扫描 OCR + IPA 锚点版面解析（四行对照） | 整理日期 2026-09,medium
SANGJIAJING-P0019-R-04,SANGJIAJING,19,R,4,勿 正防,ni²¹ np mu ⁵⁵ qe²¹ dza,ni21 np mu 55 qe21 dza,ok,1.00,4,牛 病 马 疮 甩,甩 牛 癣 马 疮,UNKNOWN,扫描 OCR + IPA 锚点版面解析（四行对照） | 整理日期 2026-09,medium
SANGJIAJING-P0020-L-01,SANGJIAJING,20,L,1,勿 勿 Z,np ³³ siss np ³³ si³³ dza ³¹,np 33 siss np 33 si33 dza 31,suspect,0.75,4,病 种 病 主 甩,甩 疾 病 根 源,UNKNOWN,扫描 OCR + IPA 锚点版面解析（四行对照） | 整理日期 2026-09,medium
SANGJIAJING-P0020-L-02,SANGJIAJING,20,L,2,每,,33 21 31 tuss mu Sod gp p'zp,failed,0.00,4,火 的 败 知 甩,甩 驱 火 灾 邪,UNKNOWN,扫描 OCR + IPA 锚点版面解析（四行对照） | 整理日期 2026-09,medium
SANGJIAJING-P0020-L-03,SANGJIAJING,20,L,3,hh,fess ni³³ khɒ²¹ nj³³ tsa³¹,fess ni33 khD²1 nj33 tSA31,suspect,0.50,4,犯 案 审 理 甩,甩 犯 案 诉 讼,UNKNOWN,扫描 OCR + IPA 锚点版面解析（四行对照） | 整理日期 2026-09,medium
SANGJIAJING-P0020-L-04,SANGJIAJING,20,L,4,π 学,dzi²¹ mi²¹ t4i³³ ⁴⁴ dza ³¹ mx,dzi21 m121 t4i33 44 dza 31 mx,suspect,0.50,6,官 刀 刺 铁 甩,甩 官 府 刑 刀,UNKNOWN,扫描 OCR + IPA 锚点版面解析（四行对照） | 整理日期 2026-09,medium
SANGJIAJING-P0020-R-01,SANGJIAJING,20,R,1,列 7儿 列h,⁴⁴ khu²¹ khu²¹ mg dza,44 khu21 khu21 mG dza,suspect,0.75,4,哭 声 离 声 甩,甩 哭 别 之 声,UNKNOWN,扫描 OCR + IPA 锚点版面解析（四行对照） | 整理日期 2026-09,medium
SANGJIAJING-P0020-R-02,SANGJIAJING,20,R,2,十咖h,,tchi31 44 33 tGe33 dza ne Z.O,failed,0.40,5,山羊 黑 绵羊 白 甩,甩 羊 牲 主祭 事?,UNKNOWN,扫描 OCR + IPA 锚点版面解析（四行对照） | 整理日期 2026-09,medium
SANGJIAJING-P0021-R-01,SANGJIAJING,21,R,1,④3同7L,lu²¹ lu²¹ dzɒ qu³³ tsh⁴⁴,lu21 lu²1 dzD qu*3 tsh;44,suspect,0.50,4,个 个甩完断,不吉皆甩尽,UNKNOWN,扫描 OCR + IPA 锚点版面解析（四行对照） | 整理日期 2026-09,medium
SANGJIAJING-P0022-L-01,SANGJIAJING,22,L,1,世住,,44 hn21 ob V33 ms,failed,0.00,4,郭 者资 帕,郭 阝娓者资帕,UNKNOWN,扫描 OCR + IPA 锚点版面解析（四行对照） | 整理日期 2026-09,medium
SANGJIAJING-P0022-L-02,SANGJIAJING,22,L,2,飞世住 口,,q044 V133 tsu4 tsi33 mp 33,failed,0.00,4,郭 一 娓 者资 玛,郭 娓者资玛②,UNKNOWN,扫描 OCR + IPA 锚点版面解析（四行对照） | 整理日期 2026-09,medium
SANGJIAJING-P0022-L-03,SANGJIAJING,22,L,3,Z,,q021 si33 2133 du²l,failed,0.25,4,耕 主 做 去 想,欲出门耕 田,UNKNOWN,扫描 OCR + IPA 锚点版面解析（四行对照） | 整理日期 2026-09,medium
SANGJIAJING-P0022-R-01,SANGJIAJING,22,R,1,改,,dui duss si33 mu3 2133,failed,0.33,3,种主 做 去 想,欲出 门 种 中地,UNKNOWN,扫描 OCR + IPA 锚点版面解析（四行对照） | 整理日期 2026-09,medium
SANGJIAJING-P0022-R-02,SANGJIAJING,22,R,2,飞,tsi³³ phɒ²¹ ⁹⁰⁴⁴ ʊli³³ tsu³³,tsi33 php²1 9044 V133 tsu33,suspect,0.60,5,郭 娓 者资 帕,郭 娓者资 帕,UNKNOWN,扫描 OCR + IPA 锚点版面解析（四行对照） | 整理日期 2026-09,medium
SANGJIAJING-P0022-R-03,SANGJIAJING,22,R,3,ZZZ 日,tsiss 1e³³ li⁰³3 kha³¹,tsiss 1e33 1033 kha31,suspect,0.67,3,链 绳 脖 处扛,链绳绕脖扛,UNKNOWN,扫描 OCR + IPA 锚点版面解析（四行对照） | 整理日期 2026-09,medium
SANGJIAJING-P0023-L-01,SANGJIAJING,23,L,1,7 3 电,si⁴⁴ si³³ 1p²¹ tu³³ 1m8,si44 si33 1p²1 tu33 1m8,suspect,0.60,5,木 黄 牛 拦 杆,黄 木 做 鞭 杆,UNKNOWN,扫描 OCR + IPA 锚点版面解析（四行对照） | 整理日期 2026-09,medium
SANGJIAJING-P0023-L-02,SANGJIAJING,23,L,2,公 电,4ɒ²¹ 1p²¹ tur³³ tce4,4D21 1p21 tur33 tce4,suspect,0.50,4,棕 叶 牛 拦 绳,棕 索 做 鞭 绳,UNKNOWN,扫描 OCR + IPA 锚点版面解析（四行对照） | 整理日期 2026-09,medium
SANGJIAJING-P0023-L-03,SANGJIAJING,23,L,3,会 每,iɒ²¹ ip²¹ tɒ³³ mu³³,ID21 Ip21 tD33 mu33-,ok,1.00,4,牛 吆 牛 起 做,吆 牛 牛 起 身,UNKNOWN,扫描 OCR + IPA 锚点版面解析（四行对照） | 整理日期 2026-09,medium
SANGJIAJING-P0023-L-04,SANGJIAJING,23,L,4,11! Z 住,,44 V133 ob tsu 44 tsi33,failed,0.25,4,郭 娓 者 资 玛,郭 娓者资 玛,UNKNOWN,扫描 OCR + IPA 锚点版面解析（四行对照） | 整理日期 2026-09,medium
SANGJIAJING-P0023-R-01,SANGJIAJING,23,R,1,每,ilɒ²¹ qe³¹ 1p²¹ do⁴⁴ mu³³,Ilp21 qe31 1p21 do44 mu3,suspect,0.60,5,牛 吆 牛 迈 做,吆 牛 牛 出 栏,UNKNOWN,扫描 OCR + IPA 锚点版面解析（四行对照） | 整理日期 2026-09,medium
SANGJIAJING-P0023-R-02,SANGJIAJING,23,R,2,正 灶,tsh³³ 1ɒ²¹ qe ³¹ qɒ ³³ du²¹,tsh;33 1D21 qe 31 qD 33 du²1,suspect,0.60,5,牛 吆 门 处 到,役 牛 至 房 门,UNKNOWN,扫描 OCR + IPA 锚点版面解析（四行对照） | 整理日期 2026-09,medium
SANGJIAJING-P0023-R-03,SANGJIAJING,23,R,3,正 M7 与 圣,tshi³³ si⁴⁴ ni²¹ 9ɒ³³ mi²¹,tshi33. si44 ni21 9D33 m1²1,ok,0.80,5,门 槛 木 二 块,两 截木 做 槛,UNKNOWN,扫描 OCR + IPA 锚点版面解析（四行对照） | 整理日期 2026-09,medium
SANGJIAJING-P0024-L-01,SANGJIAJING,24,L,1,正 7 W,,33 si44 diss qD bD21 m1,failed,0.25,4,门 面 木 四 块,四 块 木 做 面,UNKNOWN,扫描 OCR + IPA 锚点版面解析（四行对照） | 整理日期 2026-09,medium
SANGJIAJING-P0024-L-02,SANGJIAJING,24,L,2,日 A 7,4u³³ qɒ ³³ du²¹ li⁰³3 ne ³³,4u33 qD 33 du21 1033 ne 33,ok,0.80,5,银 门 处 处 hui,牛 在 银 槛 叫,UNKNOWN,扫描 OCR + IPA 锚点版面解析（四行对照） | 整理日期 2026-09,medium
SANGJIAJING-P0024-L-03,SANGJIAJING,24,L,3,7科 九万 田,ne³³ kh³³ de²¹,ne33kh.33 de21,suspect,0.67,3,打 也 它 不 掉,棒打尾 不 释,UNKNOWN,扫描 OCR + IPA 锚点版面解析（四行对照） | 整理日期 2026-09,medium
SANGJIAJING-P0024-R-01,SANGJIAJING,24,R,1,九万 田,,"dzi31 kh,33 4y4 n033",failed,0.33,3,扯 也 它 不 脱,硬 扯 尾 不 脱,UNKNOWN,扫描 OCR + IPA 锚点版面解析（四行对照） | 整理日期 2026-09,medium
SANGJIAJING-P0024-R-02,SANGJIAJING,24,R,2,万 效 国,khi³³ zi³³ a³³ mi³³ 3g ³³,kh133 zi33 A33 m133 3G 33,ok,0.80,5,它 呢 什 么是,此 状 是 什 么,UNKNOWN,扫描 OCR + IPA 锚点版面解析（四行对照） | 整理日期 2026-09,medium
SANGJIAJING-P0024-R-03,SANGJIAJING,24,R,3,万 效,kh³³ zi³³ a³³ mi³³ dlɒ³³,kh33 zi33 A33 m133 dlp33,ok,0.80,5,它 呢 什 么 成,此 状 兆 什 么,UNKNOWN,扫描 OCR + IPA 锚点版面解析（四行对照） | 整理日期 2026-09,medium
SANGJIAJING-P0024-R-04,SANGJIAJING,24,R,4,万 弯,,"kh,33 4033 to33 33 e",failed,0.40,5,它 呢 舒 础 是,此 状 是 舒,UNKNOWN,扫描 OCR + IPA 锚点版面解析（四行对照） | 整理日期 2026-09,medium
SANGJIAJING-P0024-R-05,SANGJIAJING,24,R,5,万,kh³³ zi³³ to³³ ⁴⁰³³ dlɒ³³,"kh,33 zi33 to33 4033 dlp33",suspect,0.60,5,它 呢 舒 咄 成,此状兆舒 咄,UNKNOWN,扫描 OCR + IPA 锚点版面解析（四行对照） | 整理日期 2026-09,medium
SANGJIAJING-P0025-L-01,SANGJIAJING,25,L,1,W 不 分,,lur's phu33 ZD 21 33 np,failed,0.25,4,勒 普 毕 绕 我,勒 普 毕 绕 我,UNKNOWN,扫描 OCR + IPA 锚点版面解析（四行对照） | 整理日期 2026-09,medium
SANGJIAJING-P0025-L-02,SANGJIAJING,25,L,2,Z 世住子,phɒ²¹ ob ⁴⁴ tsu⁴⁴ tsi³³,php21 ob 44 tsu44 tsi33,ok,1.00,4,郭 娓 者 资 帕,郭 帕 尾 者 资,UNKNOWN,扫描 OCR + IPA 锚点版面解析（四行对照） | 整理日期 2026-09,medium
SANGJIAJING-P0025-L-03,SANGJIAJING,25,L,3,田 开飞田 开,ne²¹ tgh³³ mɒ²¹ mɒ ɒe,ne²1 tgh33mp²1 mD De?,suspect,0.75,4,不 喜她 不 喜,心 中不爽快,UNKNOWN,扫描 OCR + IPA 锚点版面解析（四行对照） | 整理日期 2026-09,medium
SANGJIAJING-P0025-R-01,SANGJIAJING,25,R,1,田 田,1x⁴⁴ tchi³³ mɒ²¹ 1y4,1x44 tch133 mp²1 1y4,suspect,0.50,4,释她 不 不 释,心 中 存 忧 郁,UNKNOWN,扫描 OCR + IPA 锚点版面解析（四行对照） | 整理日期 2026-09,medium
SANGJIAJING-P0025-R-02,SANGJIAJING,25,R,2,的 男每,iɒ²¹ qe ²¹ ip²¹ mu³³,ID21 qe 21 Ip21 mu33,ok,1.00,4,牛 赶 牛 走 做,吆 走 牛 朝 前,UNKNOWN,扫描 OCR + IPA 锚点版面解析（四行对照） | 整理日期 2026-09,medium
SANGJIAJING-P0025-R-03,SANGJIAJING,25,R,3,田 电 日 N,,21 tsh;33 1033 tsh:33 mp,failed,0.20,5,方 不 到 地 到,走 出 一 程 来,UNKNOWN,扫描 OCR + IPA 锚点版面解析（四行对照） | 整理日期 2026-09,medium
SANGJIAJING-P0025-R-04,SANGJIAJING,25,R,4,与,tsh³³ ni²¹ kɒ³³ e tsh³³,"tsh,33 ni²1 kD33 e tsh:33",suspect,0.75,4,十 二 路 大 到,至十 二大道,UNKNOWN,扫描 OCR + IPA 锚点版面解析（四行对照） | 整理日期 2026-09,medium
SANGJIAJING-P0026-L-01,SANGJIAJING,26,L,1,年 # 日,kɒ³³ ²¹ kɒ³³ tsi³³ li⁰³3,kD33 21 kD33 ts133 1033,ok,0.80,5,路 大 路 边 处,在 那 大 路 边,UNKNOWN,扫描 OCR + IPA 锚点版面解析（四行对照） | 整理日期 2026-09,medium
SANGJIAJING-P0026-L-02,SANGJIAJING,26,L,2,田 Z 九,,si33 21 mp²11 nu nu,failed,0.33,3,不 长 它 也 长,独 此 长 一 丛,UNKNOWN,扫描 OCR + IPA 锚点版面解析（四行对照） | 整理日期 2026-09,medium
SANGJIAJING-P0026-L-03,SANGJIAJING,26,L,3,来,si²¹ tche³¹ thi²¹ bur³³ mu,si21 tche31 th121 bur33 mu,ok,1.00,5,肆 潜 一 丛 长,长 一 丛 肆,UNKNOWN,扫描 OCR + IPA 锚点版面解析（四行对照） | 整理日期 2026-09,medium
SANGJIAJING-P0026-L-04,SANGJIAJING,26,L,4,￥ 來 女,si²¹ tche³¹ bu np ³³ ³³ qo,si21 tche31 bu np 33 33 qo,ok,0.80,5,肆 潜 丛 处 里,肆 潜 棵 丛 里,UNKNOWN,扫描 OCR + IPA 锚点版面解析（四行对照） | 整理日期 2026-09,medium
SANGJIAJING-P0026-R-01,SANGJIAJING,26,R,1,田 WI 配,,21 oG 33 th21 033 n03 mD,failed,0.33,6,不 见 一 样 见,见 一 异 样 物,UNKNOWN,扫描 OCR + IPA 锚点版面解析（四行对照） | 整理日期 2026-09,medium
SANGJIAJING-P0026-R-02,SANGJIAJING,26,R,2,效 企 去,a³³ ³³ di²¹ mi og ³³,A33 33 di21 mi oG 33,suspect,0.75,4,什 么 见 的 有,见 到 了 什 么,UNKNOWN,扫描 OCR + IPA 锚点版面解析（四行对照） | 整理日期 2026-09,medium
SANGJIAJING-P0026-R-03,SANGJIAJING,26,R,3,3 SS ml7= 配,va³¹ thi²¹ qu2,"va31 th121 q""u²",ok,1.00,3,蛇 绞 一 堆 见,一 堆 蛇 蠕 动,UNKNOWN,扫描 OCR + IPA 锚点版面解析（四行对照） | 整理日期 2026-09,medium
SANGJIAJING-P0027-L-01,SANGJIAJING,27,L,1,去 目,a³³ mi³³ dlɒ³³ li⁰³3,A33 m133 dlp33 1$033,ok,1.00,4,什 在 么 成 的,此 状 是 什 么,UNKNOWN,扫描 OCR + IPA 锚点版面解析（四行对照） | 整理日期 2026-09,medium
SANGJIAJING-P0027-L-02,SANGJIAJING,27,L,2,弯,dlɒ³³ ip ⁴⁰³³ to³³ li⁰³,dlp33 IP 4033 to33 1$03,ok,1.00,4,舒 咄 成 的 在,此 状 兆 舒 咄,UNKNOWN,扫描 OCR + IPA 锚点版面解析（四行对照） | 整理日期 2026-09,medium
SANGJIAJING-P0027-L-03,SANGJIAJING,27,L,3,万九,kh³³ ne ³³ ⁴⁰³³ to³³ ɒ⁰³3,kh33 ne 33 4033 to33 D033,suspect,0.60,5,它 也 舒 咄 是,此 状 是 舒,UNKNOWN,扫描 OCR + IPA 锚点版面解析（四行对照） | 整理日期 2026-09,medium
SANGJIAJING-P0027-R-01,SANGJIAJING,27,R,1,世住,ob ⁴⁴ ʊli³³ ms tsi³³ phɒ²¹,ob 44 V133 ms tsi33 phD²1,suspect,0.75,4,郭 娓 者 资 帕,郭 娓 者 资 帕,UNKNOWN,扫描 OCR + IPA 锚点版面解析（四行对照） | 整理日期 2026-09,medium
SANGJIAJING-P0027-R-02,SANGJIAJING,27,R,2,田 丑 正 田 丑,ne³³ tchi³³ mɒ²¹ ne²¹,ne33 tch133 mp21 ne21,ok,1.00,4,不 喜她 不 喜,中 快 心 不 爽,UNKNOWN,扫描 OCR + IPA 锚点版面解析（四行对照） | 整理日期 2026-09,medium
SANGJIAJING-P0027-R-03,SANGJIAJING,27,R,3,田 飞 田分,mp ²¹ 1x4 tgh³³ mɒ²¹ li⁴⁴,mp 21 1x4 tgh33 mp21 144,suspect,0.50,4,她 不 释 不 释,心 中 存 忧 郁,UNKNOWN,扫描 OCR + IPA 锚点版面解析（四行对照） | 整理日期 2026-09,medium
SANGJIAJING-P0028-L-01,SANGJIAJING,28,L,1,晃,,44 33 1p21 qe 31 1D21 mu,failed,0.33,6,牛 赶 牛 走 做,吆 牛 朝 前 走,UNKNOWN,扫描 OCR + IPA 锚点版面解析（四行对照） | 整理日期 2026-09,medium
SANGJIAJING-P0028-L-02,SANGJIAJING,28,L,2,田 电 日,,tsh33 mp 21 tu31 1033 tsh;33,failed,0.40,5,不 到 地 处 到,走 出 一 程 来,UNKNOWN,扫描 OCR + IPA 锚点版面解析（四行对照） | 整理日期 2026-09,medium
SANGJIAJING-P0028-L-03,SANGJIAJING,28,L,3,十 与 介,tshi³³ ni²¹ mi³³ ze1 tsh³³,tsh133 ni21 m133 Ze1 tsh:33,suspect,0.75,4,十 二 地 大 到,来 到 大 田 旁,UNKNOWN,扫描 OCR + IPA 锚点版面解析（四行对照） | 整理日期 2026-09,medium
SANGJIAJING-P0028-L-04,SANGJIAJING,28,L,4,4 日,zae niss li⁰³3 mi³³ ²¹ mi³³,Zae niss 1033 m133 21 m133,suspect,0.50,4,地 大 地 边 处,大 块 耕 地 边,UNKNOWN,扫描 OCR + IPA 锚点版面解析（四行对照） | 整理日期 2026-09,medium
SANGJIAJING-P0028-L-05,SANGJIAJING,28,L,5,Z 分,si³³ th2i ⁹⁰²¹ zɒ²¹ zɔ ⁴⁴,si33 th2i 9021 ZD21 Z.O 44,suspect,0.75,4,耕 主 儿 一 人,之 男 人 犁 地,UNKNOWN,扫描 OCR + IPA 锚点版面解析（四行对照） | 整理日期 2026-09,medium
SANGJIAJING-P0028-R-01,SANGJIAJING,28,R,1,田 全,,33 21 33 m133 ob 1D21 mp as,failed,0.33,6,地 中 牛 不 找,不 在 地 中 架,UNKNOWN,扫描 OCR + IPA 锚点版面解析（四行对照） | 整理日期 2026-09,medium
SANGJIAJING-P0028-R-02,SANGJIAJING,28,R,2,生 分,mi³³ niss 1p²¹ sɒ ³³ yɒ ³³,mi33 niss 1p21 SD 33 yD 33,suspect,0.75,4,地 头 牛 找 得,地 角 边 架 犁,UNKNOWN,扫描 OCR + IPA 锚点版面解析（四行对照） | 整理日期 2026-09,medium
SANGJIAJING-P0028-R-03,SANGJIAJING,28,R,3,企 WI,mi ³³ ⁵⁵ 1p²¹ thi²¹ tsu np,mi 33 55 1p21 th121 tsu np,suspect,0.60,5,地 对 犁 牛 一,一 对 壮 役 牛,UNKNOWN,扫描 OCR + IPA 锚点版面解析（四行对照） | 整理日期 2026-09,medium
SANGJIAJING-P0028-R-04,SANGJIAJING,28,R,4,全 公会,,1p21 tsu 33 33 1D33 as tD33,failed,0.20,5,牛 对 找 了 起,架 上 担 与 犁,UNKNOWN,扫描 OCR + IPA 锚点版面解析（四行对照） | 整理日期 2026-09,medium
SANGJIAJING-P0028-R-05,SANGJIAJING,28,R,5,Z Z IM,si³³ th²¹ duss mp ³³ zɔ,si33 th21 duss mp 33 ZO,suspect,0.75,4,耕 主 女 一 人,播 种 之 女 子,UNKNOWN,扫描 OCR + IPA 锚点版面解析（四行对照） | 整理日期 2026-09,medium
SANGJIAJING-P0029-L-01,SANGJIAJING,29,L,1,π 众,,tshi21 55 fuss ze d2133,failed,0.33,3,粪 箕 腋 下 扭,粪箕 挎 腰 际,UNKNOWN,扫描 OCR + IPA 锚点版面解析（四行对照） | 整理日期 2026-09,medium
SANGJIAJING-P0029-L-02,SANGJIAJING,29,L,2,π 公会,tshi²¹ fus bu²¹ 1ɒ³³ tɒ³³,tshi21 fu's bu21 1D33 tD33,suspect,0.50,4,粪 箕 背 了 起,箕 背 粪 起 身,UNKNOWN,扫描 OCR + IPA 锚点版面解析（四行对照） | 整理日期 2026-09,medium
SANGJIAJING-P0029-L-03,SANGJIAJING,29,L,3,与,,"tsh,33 ni21 m33 ZE 21 33 mp",failed,0.33,6,十 地 大 大 二,十 二 大 地 块,UNKNOWN,扫描 OCR + IPA 锚点版面解析（四行对照） | 整理日期 2026-09,medium
SANGJIAJING-P0029-L-04,SANGJIAJING,29,L,4,白 7 众 企,,4i33 me 55 m33,failed,0.33,3,北 方 犁 先 地,开 犁 在 地 北,UNKNOWN,扫描 OCR + IPA 锚点版面解析（四行对照） | 整理日期 2026-09,medium
SANGJIAJING-P0029-L-05,SANGJIAJING,29,L,5,#,⁵⁵ tsiss tsh³³ np iɒ³³ 4i³³,55 tsiss tsh33 np ID33 4i33,suspect,0.50,4,犁 了 南 方 到,收 犁 南地 角,UNKNOWN,扫描 OCR + IPA 锚点版面解析（四行对照） | 整理日期 2026-09,medium
SANGJIAJING-P0029-R-01,SANGJIAJING,29,R,1,# Z 日,4i³³ niss m³³ li0 ³³,4i33 niss m33 10-33,suspect,0.67,3,南 边 地 头 处,南 边之 地 头,UNKNOWN,扫描 OCR + IPA 锚点版面解析（四行对照） | 整理日期 2026-09,medium
SANGJIAJING-P0029-R-02,SANGJIAJING,29,R,2,Z: 勿,th²¹ li²⁰ b si³³ zɒ²¹ ²⁰4,th21 120b si33 ZD21 2.04,suspect,0.60,5,耕 主 儿 一 人,子 掌 犁 N 男,UNKNOWN,扫描 OCR + IPA 锚点版面解析（四行对照） | 整理日期 2026-09,medium
SANGJIAJING-P0029-R-03,SANGJIAJING,29,R,3,田 际,,ts04 gu 21 sw 55 ts044,failed,0.25,4,不 铲 犁 铲 三,铲 三 下 犁 铧,UNKNOWN,扫描 OCR + IPA 锚点版面解析（四行对照） | 整理日期 2026-09,medium
SANGJIAJING-P0029-R-04,SANGJIAJING,29,R,4,科 OX,,dae2i gu21 niss mx tsess,failed,0.00,2,铁 打 犁 头 接,木 犁 接 铁 铧,UNKNOWN,扫描 OCR + IPA 锚点版面解析（四行对照） | 整理日期 2026-09,medium
SANGJIAJING-P0029-R-05,SANGJIAJING,29,R,5,西不行,h⁴⁴ gu²¹ mɒ ³³ ms ⁵⁵ mx ²¹ tso,"h44 gu21 mD 33 ms 55 mx 21 ts""o",suspect,0.50,6,犁 大 三 次 铲,犁 铧 铲 三 次,UNKNOWN,扫描 OCR + IPA 锚点版面解析（四行对照） | 整理日期 2026-09,medium
SANGJIAJING-P0030-L-01,SANGJIAJING,30,L,1,飞比,,1D21 4021 Ve21 di²1,failed,0.25,4,牛 脸 旋 地 返,折 身 再 回 犁,UNKNOWN,扫描 OCR + IPA 锚点版面解析（四行对照） | 整理日期 2026-09,medium
SANGJIAJING-P0030-L-02,SANGJIAJING,30,L,2,折 身 再 回 犁,,55 Ip33 33 tsh:33 90'5 ob,failed,0.33,6,犁 了 中 央 到,犁 到 地 中 央,UNKNOWN,扫描 OCR + IPA 锚点版面解析（四行对照） | 整理日期 2026-09,medium
SANGJIAJING-P0030-L-03,SANGJIAJING,30,L,3,十 与 介,²¹ t5li³³ ni²¹ mi³³ ob ³³,21 t5133 n1²1 m133 ob 33,suspect,0.60,5,十 二 地 大 里,四 周 旷 茫 茫,UNKNOWN,扫描 OCR + IPA 锚点版面解析（四行对照） | 整理日期 2026-09,medium
SANGJIAJING-P0030-L-04,SANGJIAJING,30,L,4,去 目,dɒ²¹ tho³³ t⁰³,dp²1 tho33 t$03,suspect,0.67,3,地 底 通 的 在,陷洞之征 状,UNKNOWN,扫描 OCR + IPA 锚点版面解析（四行对照） | 整理日期 2026-09,medium
SANGJIAJING-P0030-R-01,SANGJIAJING,30,R,1,,dɒ²¹ tho³³ h³³ ³³ ab ms,dp21 tho33 h33 33 ab ms,suspect,0.60,5,地 底 何 为 通,陷 洞 兆 什 么,UNKNOWN,扫描 OCR + IPA 锚点版面解析（四行对照） | 整理日期 2026-09,medium
SANGJIAJING-P0030-R-02,SANGJIAJING,30,R,2,田,thi²¹ mɒ²¹ dlɒ³³ kho³³ dlɒ³³,th121 mp21 dlp33 kho33 dlD33,ok,1.00,5,不 成 一 样 成,陷 洞 兆 一 像象,UNKNOWN,扫描 OCR + IPA 锚点版面解析（四行对照） | 整理日期 2026-09,medium
SANGJIAJING-P0030-R-03,SANGJIAJING,30,R,3,万 弯,kh³³ zi³³ ⁴⁰³³ to³³ dlɒ³³,"kh,33 zi33 4033 to33 dlD33",suspect,0.60,5,它 呢 舒 咄 成,陷 洞 兆 舒,UNKNOWN,扫描 OCR + IPA 锚点版面解析（四行对照） | 整理日期 2026-09,medium
SANGJIAJING-P0030-R-04,SANGJIAJING,30,R,4,万 弯 亏,kh³³ ⁴⁰³³ to³³ ɒ³³,kh33 4033 to33 D33,suspect,0.50,4,它 呢 舒 础 是,此 状 即 舒 咄,UNKNOWN,扫描 OCR + IPA 锚点版面解析（四行对照） | 整理日期 2026-09,medium
SANGJIAJING-P0030-R-05,SANGJIAJING,30,R,5,Z 住,⁴⁴ h²¹ ob tsw ⁴⁴ tsi³³ pɒ,"44 h21 ob tsw 44 tsi33 p""D",suspect,0.60,5,郭 娓 者 资 帕,郭 娓者资 帕,UNKNOWN,扫描 OCR + IPA 锚点版面解析（四行对照） | 整理日期 2026-09,medium
SANGJIAJING-P0031-L-01,SANGJIAJING,31,L,1,Z 住,qo ⁴⁴ ʊ³³ ms tsi³³ mp ³³,qo 44 V33 ms tsi33 mp 33,suspect,0.50,4,郭 娓 者 资 玛,郭 娓 者 资 玛,UNKNOWN,扫描 OCR + IPA 锚点版面解析（四行对照） | 整理日期 2026-09,medium
SANGJIAJING-P0031-L-02,SANGJIAJING,31,L,2,田 正 田 丑,,mD ne21 tch33 mp ne,failed,0.33,3,不 喜 她 不 喜,心 中 不 爽 快,UNKNOWN,扫描 OCR + IPA 锚点版面解析（四行对照） | 整理日期 2026-09,medium
SANGJIAJING-P0031-L-03,SANGJIAJING,31,L,3,田 h 正 田 h,,1x44 tch33 21 mp mp 1y44,failed,0.00,4,不 释 她 不 释,心 中 存 忧 郁,UNKNOWN,扫描 OCR + IPA 锚点版面解析（四行对照） | 整理日期 2026-09,medium
SANGJIAJING-P0031-L-04,SANGJIAJING,31,L,4,4P 去 灶,,lp21 Z8 21 du2l du21,failed,0.33,3,牛 大 放 的 想,无 心 再 犁 地,UNKNOWN,扫描 OCR + IPA 锚点版面解析（四行对照） | 整理日期 2026-09,medium
SANGJIAJING-P0031-R-01,SANGJIAJING,31,R,1,%,,1p21 dur21 1D33 n33 1 XD,failed,0.20,5,牛 大 放 了 毕,吆 牛 往 回 去,UNKNOWN,扫描 OCR + IPA 锚点版面解析（四行对照） | 整理日期 2026-09,medium
SANGJIAJING-P0031-R-02,SANGJIAJING,31,R,2,吆 牛 往 回 去,ip²¹ ³¹ ge³¹ 1ɒ²¹ qo,Ip21 31 ge31 1D21 qo,suspect,0.60,5,牛 大 牛 回 去,走 回 了 家 中,UNKNOWN,扫描 OCR + IPA 锚点版面解析（四行对照） | 整理日期 2026-09,medium
SANGJIAJING-P0031-R-03,SANGJIAJING,31,R,3,W tQ,ob ³¹ pu ⁴⁴ lurss he³³ tsh³³,ob 31 pu 44 lurss he33 tsh:33,suspect,0.50,4,回 返 自 房 到,自 家 院 坝 里,UNKNOWN,扫描 OCR + IPA 锚点版面解析（四行对照） | 整理日期 2026-09,medium
SANGJIAJING-P0032-L-01,SANGJIAJING,32,L,1,不 下 日,,fuss 1e33 1033 xu kD33,failed,0.33,3,毡 子 脖 处 过,脖 上 围 毡 子,UNKNOWN,扫描 OCR + IPA 锚点版面解析（四行对照） | 整理日期 2026-09,medium
SANGJIAJING-P0032-L-02,SANGJIAJING,32,L,2,W,,ci4 tshi33 tho33 ni tshi21,failed,0.33,3,脚 底 泥 浆 抹,脚 裹 团 趾 泥,UNKNOWN,扫描 OCR + IPA 锚点版面解析（四行对照） | 整理日期 2026-09,medium
SANGJIAJING-P0032-L-03,SANGJIAJING,32,L,3,Z,tsh³³ bɒ²¹ niss tshi²¹ dzo ⁴⁴,tsh;33 bp21 niss tshi21 dzo 44,suspect,0.50,4,脚 邦 泥 浆 沾,腿 杆 沾 泥 浆,UNKNOWN,扫描 OCR + IPA 锚点版面解析（四行对照） | 整理日期 2026-09,medium
SANGJIAJING-P0032-L-04,SANGJIAJING,32,L,4,田 7,tsho³³ ³³ ob mɒ²¹ sass,tsho33 33 ob mD21 Sass,suspect,0.50,4,亲 戚 我 不 知,是 否 亲 眷 至,UNKNOWN,扫描 OCR + IPA 锚点版面解析（四行对照） | 整理日期 2026-09,medium
SANGJIAJING-P0032-R-01,SANGJIAJING,32,R,1,安 田,,9033 qess kh133 mp21 3G 33,failed,0.25,4,亲 戚 他 不 是,肯 定 非 亲 戚,UNKNOWN,扫描 OCR + IPA 锚点版面解析（四行对照） | 整理日期 2026-09,medium
SANGJIAJING-P0032-R-02,SANGJIAJING,32,R,2,7 分 WI,du²¹ zɒ ²¹ th²¹ tsu,du21 ZD 21 th21 tsu,suspect,0.75,4,渎 尼 绕 对 一,一 对 渎 尼 绕,UNKNOWN,扫描 OCR + IPA 锚点版面解析（四行对照） | 整理日期 2026-09,medium
SANGJIAJING-P0032-R-03,SANGJIAJING,32,R,3,w 飞 住 众,lurs ʊli³³ tsi³³ dzi³³ hy³¹,lur's V133 tsi33 dz1'3 hy31,suspect,0.50,4,自 家 院 坝 站,站 在 院 坝 中,UNKNOWN,扫描 OCR + IPA 锚点版面解析（四行对照） | 整理日期 2026-09,medium
SANGJIAJING-P0033-L-01,SANGJIAJING,33,L,1,号,ke³¹ kha⁴⁴ ʊe²¹ xu zu,ke31 kha44 Ve21 xu zu,suspect,0.50,4,左 手 铁 扣 使,左 手 抓 门 扣,UNKNOWN,扫描 OCR + IPA 锚点版面解析（四行对照） | 整理日期 2026-09,medium
SANGJIAJING-P0033-L-02,SANGJIAJING,33,L,2,号,,33 dz.04phu33 ZD 1e33 xw,failed,0.20,5,右 手 铁 锁 开,右 手 来开 锁,UNKNOWN,扫描 OCR + IPA 锚点版面解析（四行对照） | 整理日期 2026-09,medium
SANGJIAJING-P0033-L-03,SANGJIAJING,33,L,3,W 飞 正 灶 日,luss ʊli³³ qɒ ³³ du²¹ li⁰³3,luss V133 qD 33 du21 1033,suspect,0.75,4,自 家 门 户 处,他 家 之 门 锁,UNKNOWN,扫描 OCR + IPA 锚点版面解析（四行对照） | 整理日期 2026-09,medium
SANGJIAJING-P0033-L-04,SANGJIAJING,33,L,4,y,kh³³ zi³³ phu³³ ip³³,kh33 zi33 phu33 Ip33,suspect,0.75,4,那 样 开 了 进,如 此 来 打 开,UNKNOWN,扫描 OCR + IPA 锚点版面解析（四行对照） | 整理日期 2026-09,medium
SANGJIAJING-P0033-L-05,SANGJIAJING,33,L,5,飞 世 住,⁴⁴ ⁴⁴ tsi³³ phɒ²¹ ob ʊli³³ tsu,44 44 tsi33 php²1 ob V133 tsu,suspect,0.50,6,郭 娓 者 资 帕,郭 娓者资 帕,UNKNOWN,扫描 OCR + IPA 锚点版面解析（四行对照） | 整理日期 2026-09,medium
SANGJIAJING-P0033-R-01,SANGJIAJING,33,R,1,,,1D21 qe31 1p²1 33 m6,failed,0.20,5,牛 赶 牛 进 做,吆 牛 关 畜,UNKNOWN,扫描 OCR + IPA 锚点版面解析（四行对照） | 整理日期 2026-09,medium
SANGJIAJING-P0033-R-02,SANGJIAJING,33,R,2,U,,th21t tch2thu3 4021 pu44,failed,0.25,4,脸 返 一 句 冏出,转 身 说 二 句,UNKNOWN,扫描 OCR + IPA 锚点版面解析（四行对照） | 整理日期 2026-09,medium
SANGJIAJING-P0033-R-03,SANGJIAJING,33,R,3,与 tQ,ni²¹ z⁰⁴ he³³ m6,ni²1 Z.04 he33 m6,suspect,0.50,4,你 二 人 房 进,二 位 请 进 屋,UNKNOWN,扫描 OCR + IPA 锚点版面解析（四行对照） | 整理日期 2026-09,medium
SANGJIAJING-P0033-R-04,SANGJIAJING,33,R,4,灶 世 分,du²¹ ni⁴⁴ thi2i zɒ1,du21 ni44 th12i ZD1,suspect,0.67,3,渎 绕 对 尼 一,一 对 渎 尼 绕,UNKNOWN,扫描 OCR + IPA 锚点版面解析（四行对照） | 整理日期 2026-09,medium
SANGJIAJING-P0033-R-05,SANGJIAJING,33,R,5,7 四 每 田 社,,du²1 1i44 31 mu33 mp2 tsa,failed,0.40,5,槛 跨 做 不 好,不好进 你 门,UNKNOWN,扫描 OCR + IPA 锚点版面解析（四行对照） | 整理日期 2026-09,medium
SANGJIAJING-P0034-L-01,SANGJIAJING,34,L,1,企 Y 众 % 特,mi³³ vi²¹ kɒ³³ ti³³ ³³ ³³,m133 vi21 kD33 t133 33 33,suspect,0.67,6,地 远 路 程 长,地 远 路 途 遥,UNKNOWN,扫描 OCR + IPA 锚点版面解析（四行对照） | 整理日期 2026-09,medium
SANGJIAJING-P0034-L-02,SANGJIAJING,34,L,2,Z 勺 @3,dze ⁴⁴ 4i³³ the²¹ the²¹ pu⁴⁴,dze 44 4i33 the21the21 pu44,ok,0.80,5,寒 风 逆 朴 朴,寒 风 冒 凛 凛,UNKNOWN,扫描 OCR + IPA 锚点版面解析（四行对照） | 整理日期 2026-09,medium
SANGJIAJING-P0034-L-03,SANGJIAJING,34,L,3,弯 日 飞E,vi³¹ bɒ²¹ 4u³³ ku³³ li⁰³3,vi31 bp21 4u33 ku3 1033,ok,0.80,5,衣 穿 身 处 薄,身 上 衣 单 薄,UNKNOWN,扫描 OCR + IPA 锚点版面解析（四行对照） | 整理日期 2026-09,medium
SANGJIAJING-P0034-R-01,SANGJIAJING,34,R,1,W Z tQ 日,luss ʊli³³ he³³ li⁰³3,luss V133 he33 1033,suspect,0.67,3,自 家 房 大 处,你 去 屋 子 里,UNKNOWN,扫描 OCR + IPA 锚点版面解析（四行对照） | 整理日期 2026-09,medium
SANGJIAJING-P0034-R-02,SANGJIAJING,34,R,2,子 子,si²¹ mu²¹ dzj³³,si21 mu21 dz.j33,suspect,0.67,3,火 塘 N 木 炭,火 塘 N 木 炭,UNKNOWN,扫描 OCR + IPA 锚点版面解析（四行对照） | 整理日期 2026-09,medium
SANGJIAJING-P0034-R-03,SANGJIAJING,34,R,3,万 水,kh³³ 2i³³ nig⁴⁴ thu³¹ li³³,kh33 2i33 nig44 thu31 133,suspect,0.60,5,那 样 夹 出 来,夹 出 木 火 炭,UNKNOWN,扫描 OCR + IPA 锚点版面解析（四行对照） | 整理日期 2026-09,medium
SANGJIAJING-P0034-R-04,SANGJIAJING,34,R,4,小 与,ni³³ ³¹ ni²¹ du²¹ pg ²⁰4,ni33 31 ni21 du21 pG 204,suspect,0.60,5,渎 尼 我 二 人,我 们 两 渎 尼,UNKNOWN,扫描 OCR + IPA 锚点版面解析（四行对照） | 整理日期 2026-09,medium
SANGJIAJING-P0035-L-01,SANGJIAJING,35,L,1,万 飞,li³³ kh³³ zi³³ qhx²¹ do⁴⁴,"1,33 kh,33 zi33 qhx21 do44",suspect,0.60,5,那 样 出 来,快 瓢 来 百 一,UNKNOWN,扫描 OCR + IPA 锚点版面解析（四行对照） | 整理日期 2026-09,medium
SANGJIAJING-P0035-L-02,SANGJIAJING,35,L,2,号,ʊe²¹ le⁴⁴ fa⁴⁴ 2li³³ bu,Ve21 le44 fa44 2.133 bu,suspect,0.60,5,左 手 盆 沿 拿,左 手 扶 盆 沿,UNKNOWN,扫描 OCR + IPA 锚点版面解析（四行对照） | 整理日期 2026-09,medium
SANGJIAJING-P0035-L-03,SANGJIAJING,35,L,3,号,zɒ ³³ 1e⁴⁴ fa⁴⁴ ab h³³ mu ⁵⁵,ZD 33 1e44 fa44 ab h33 mu 55,ok,0.80,5,右 手 盆 面 揉,右手 揉拌 面,UNKNOWN,扫描 OCR + IPA 锚点版面解析（四行对照） | 整理日期 2026-09,medium
SANGJIAJING-P0035-R-01,SANGJIAJING,35,R,1,万 田,,kh133 zi33 mp 21 33 1D33 3G,failed,0.33,6,那 样 不 是 啊,不 能 这 般 说,UNKNOWN,扫描 OCR + IPA 锚点版面解析（四行对照） | 整理日期 2026-09,medium
SANGJIAJING-P0035-R-02,SANGJIAJING,35,R,2,金 每 7.0 配,tshi²¹ k⁰³3 tciss mu ³³ no ⁵⁵,tshi21 k033 tciss mu 33 no 55,suspect,0.50,4,赶 快 做 去 要,快 依 拿 来 我,UNKNOWN,扫描 OCR + IPA 锚点版面解析（四行对照） | 整理日期 2026-09,medium
SANGJIAJING-P0036-L-01,SANGJIAJING,36,L,1,住 众 日,,d2133 1033 Enu tsi33,failed,0.33,3,你 家 院 坝 里,你 家 院 坝 里,UNKNOWN,扫描 OCR + IPA 锚点版面解析（四行对照） | 整理日期 2026-09,medium
SANGJIAJING-P0036-L-02,SANGJIAJING,36,L,2,7,si⁴⁴ thi²¹ tsi³³ bur²¹,si44 th121 tsi33 bur²1,ok,1.00,4,树 大 一 棵 倒,棵 树 倒 下 一,UNKNOWN,扫描 OCR + IPA 锚点版面解析（四行对照） | 整理日期 2026-09,medium
SANGJIAJING-P0036-L-03,SANGJIAJING,36,L,3,WI,thi²¹ mx tɒ³³,th121 mx tD33,ok,1.00,2,水 浑 一 塘 起,一 塘 水 起 浑,UNKNOWN,扫描 OCR + IPA 锚点版面解析（四行对照） | 整理日期 2026-09,medium
SANGJIAJING-P0036-L-04,SANGJIAJING,36,L,4,Z 世 住,,44 44 tsi33 33 qo V33 ms mp,failed,0.17,6,郭 尾 者 资 玛,郭 尾 者 资 玛,UNKNOWN,扫描 OCR + IPA 锚点版面解析（四行对照） | 整理日期 2026-09,medium
SANGJIAJING-P0036-L-05,SANGJIAJING,36,L,5,郭 尾 者 资 玛,ni⁴⁴ si³³ ni⁴⁴ bur²¹ la³¹,ni44 si33 ni44 bur²1 la31,ok,1.00,5,哭 倒 哭 摇 资,抢天 呼地 哭,UNKNOWN,扫描 OCR + IPA 锚点版面解析（四行对照） | 整理日期 2026-09,medium
SANGJIAJING-P0036-R-01,SANGJIAJING,36,R,1,万 配,kh³³ zi³³ tɒ2 ⁴⁴ ni,"kh,33 zi33 tp² :44 ni",suspect,0.75,4,那 样 莫 哭 要,莫 要 如 此 般,UNKNOWN,扫描 OCR + IPA 锚点版面解析（四行对照） | 整理日期 2026-09,medium
SANGJIAJING-P0036-R-02,SANGJIAJING,36,R,2,果 九 田斋,ni⁴⁴ ne³³ mɒ²¹ khɒ²¹,ni44 ne33 mp²1 khp21,ok,1.00,4,哭 也 哭 不 效,恸 哭 济 不,UNKNOWN,扫描 OCR + IPA 锚点版面解析（四行对照） | 整理日期 2026-09,medium
SANGJIAJING-P0036-R-03,SANGJIAJING,36,R,3,世 住,,"44 phD2 ob V33 ms, tsi33",failed,0.33,3,郭 娓 者 资 帕,郭 娓 者资 帕,UNKNOWN,扫描 OCR + IPA 锚点版面解析（四行对照） | 整理日期 2026-09,medium
SANGJIAJING-P0036-R-04,SANGJIAJING,36,R,4,%。水,si²¹ li³³ thu³¹ dzi³³ nia,si21 133 thu31 dz133 nia,ok,1.00,5,火 炭 夹 了 冏出,夹 出 火炭,UNKNOWN,扫描 OCR + IPA 锚点版面解析（四行对照） | 整理日期 2026-09,medium
SANGJIAJING-P0037-L-01,SANGJIAJING,37,L,1,7飞,zi³³ eub bi²¹ tce ³³ 1ɒ³³,z.133 eub b121 tce 33 1D33,suspect,0.50,4,水 清 百 了 给,百 出 瓢 水 一,UNKNOWN,扫描 OCR + IPA 锚点版面解析（四行对照） | 整理日期 2026-09,medium
SANGJIAJING-P0037-L-02,SANGJIAJING,37,L,2,Z8 万 WI,du²¹ khi³³ thi²¹ tsu ³³ ni4,du21 kh133 th121 tsu 33 ni4,ok,1.00,5,渎 尼 那 对,一 对 渎 尼 绕,UNKNOWN,扫描 OCR + IPA 锚点版面解析（四行对照） | 整理日期 2026-09,medium
SANGJIAJING-P0037-L-03,SANGJIAJING,37,L,3,7 每,si²¹ dzi³³ x⁰³3 du³³ mu³³,si21 dzi33 X0.33 du33 mu33,ok,0.80,5,火 炭 处 做 净,火 炭 来 净 有,UNKNOWN,扫描 OCR + IPA 锚点版面解析（四行对照） | 整理日期 2026-09,medium
SANGJIAJING-P0037-L-04,SANGJIAJING,37,L,4,万 ZZ,,"kh,33 zi33 1p33 dlu33 X0.33",failed,0.40,5,样 进 那 净 了,净 身 进房 门,UNKNOWN,扫描 OCR + IPA 锚点版面解析（四行对照） | 整理日期 2026-09,medium
SANGJIAJING-P0037-R-01,SANGJIAJING,37,R,1,灶 分 IU,du²¹ niss zɒ²¹ thi²¹ t tsu,du21 niss ZD21 th121t tsu,suspect,0.75,4,渎 尼 绕 一 对,渎 尼 绕 二 人,UNKNOWN,扫描 OCR + IPA 锚点版面解析（四行对照） | 整理日期 2026-09,medium
SANGJIAJING-P0037-R-02,SANGJIAJING,37,R,2,田 西 本,tch²¹ mɒ²¹ dzɒ²¹ tsɒ³³ ssms,tch21 mp²1 dzp²1 tsp33 ssms,suspect,0.60,5,不 吃 饭 三 口,急 点 饭 促 吃,UNKNOWN,扫描 OCR + IPA 锚点版面解析（四行对照） | 整理日期 2026-09,medium
SANGJIAJING-P0037-R-03,SANGJIAJING,37,R,3,田 ZZZ 同,tsiss su ⁵⁵ mu ³³,tsiss su 55 mu 33,suspect,0.50,2,不 喝 水 三 口,急 促 喝 点 水,UNKNOWN,扫描 OCR + IPA 锚点版面解析（四行对照） | 整理日期 2026-09,medium
SANGJIAJING-P0038-L-01,SANGJIAJING,38,L,1,ZZZ,kh³³ zi³³ tsiss dzɒ²¹ do4,"kh,33 zi33 tsi'ss dzD21 do4",suspect,0.50,4,那 样 喝 吃 毕,饮 食 忙 完 毕,UNKNOWN,扫描 OCR + IPA 锚点版面解析（四行对照） | 整理日期 2026-09,medium
SANGJIAJING-P0038-L-02,SANGJIAJING,38,L,2,W IM 正,lurs th³³ th²¹ li⁸⁸,lur*s th33 th21 188,suspect,0.67,3,勒 娓 浸 堤 额,勒 娓 浸 堤 额,UNKNOWN,扫描 OCR + IPA 锚点版面解析（四行对照） | 整理日期 2026-09,medium
SANGJIAJING-P0038-L-03,SANGJIAJING,38,L,3,Z: 3 正 飞,si³³ sɒ³³ tch³³ ʊli³³,"si33 SD33 tch,33 V133",suspect,0.50,4,斯 浸 额 娓,斯 巢浸 额 妮,UNKNOWN,扫描 OCR + IPA 锚点版面解析（四行对照） | 整理日期 2026-09,medium
SANGJIAJING-P0038-L-04,SANGJIAJING,38,L,4,不,³³ si²¹ ⁴⁰³³ mo²¹ sɒ ²⁰ s,33 s121 4033 mo21 SD 20.'S,suspect,0.50,6,舒 莫 找 要 还,该 备 舒 莫,UNKNOWN,扫描 OCR + IPA 锚点版面解析（四行对照） | 整理日期 2026-09,medium
SANGJIAJING-P0038-L-05,SANGJIAJING,38,L,5,效 企 晏,⁴⁰³³ mo²¹ a³³ mi³³ mo²¹,4033 mo21 A33 m133 mo21,ok,0.80,5,舒 莫 什 么 莫,应备 什么莫,UNKNOWN,扫描 OCR + IPA 锚点版面解析（四行对照） | 整理日期 2026-09,medium
SANGJIAJING-P0038-R-01,SANGJIAJING,38,R,1,介 2,,"A33 ky44 lass teiss p""D h21",failed,0.33,3,阿 格 里 几 帕,阿 格 里 几 帕,UNKNOWN,扫描 OCR + IPA 锚点版面解析（四行对照） | 整理日期 2026-09,medium
SANGJIAJING-P0038-R-02,SANGJIAJING,38,R,2,介,a³³ ky⁴⁴ teiss mp ³³,A33 ky44 teiss mp 33,suspect,0.67,3,阿 格 里 几 玛,阿 格 里 几 玛,UNKNOWN,扫描 OCR + IPA 锚点版面解析（四行对照） | 整理日期 2026-09,medium
SANGJIAJING-P0038-R-03,SANGJIAJING,38,R,3,2 万 IM,,kh3 th121 tohea3 mo²1,failed,0.33,3,里 莫 那 一 只,选 一 只 里 莫,UNKNOWN,扫描 OCR + IPA 锚点版面解析（四行对照） | 整理日期 2026-09,medium
SANGJIAJING-P0038-R-04,SANGJIAJING,38,R,4,WI,,"th21 mo²1 du² 1p33 tsh,3",failed,0.25,4,一 莫放 了 下,界 将 它遣 凡,UNKNOWN,扫描 OCR + IPA 锚点版面解析（四行对照） | 整理日期 2026-09,medium
SANGJIAJING-P0039-L-01,SANGJIAJING,39,L,1,弯晏万九 目,khi³³ ne ⁴⁰³³ mo²¹ ³³ t⁰³3,kh133 ne 4033 mo²1 33 t$033,suspect,0.60,5,舒 莫 它 也 有,与 作 祭 奠 莫,UNKNOWN,扫描 OCR + IPA 锚点版面解析（四行对照） | 整理日期 2026-09,medium
SANGJIAJING-P0039-L-02,SANGJIAJING,39,L,2,川分,mo²¹ thi²¹ toe h³³ ax ³³,"mo21 th121 to""e"" h33 ax 33",ok,1.00,4,莫 大 一 只 得,得 这 只 里 莫,UNKNOWN,扫描 OCR + IPA 锚点版面解析（四行对照） | 整理日期 2026-09,medium
SANGJIAJING-P0039-L-03,SANGJIAJING,39,L,3,年 分,li⁰³3 mo²¹ as ³³ iɒ³³ yɒ ³³,1033 mo21 as 33 ID33 YD 33,ok,1.00,5,舒 莫 找 了 得,就 有 了 舒 莫,UNKNOWN,扫描 OCR + IPA 锚点版面解析（四行对照） | 整理日期 2026-09,medium
SANGJIAJING-P0039-R-01,SANGJIAJING,39,R,1,介 习,³³ ce ⁴⁴ mi³³ tsi³³ ne³³ mp,33 ce 44 m133 tsi33 ne3 mp,suspect,0.67,6,汉 地 酒 美 大,夏 人 售 美 酒,UNKNOWN,扫描 OCR + IPA 锚点版面解析（四行对照） | 整理日期 2026-09,medium
SANGJIAJING-P0039-R-02,SANGJIAJING,39,R,2,WI 与,thi²¹ phu2i ni²¹ phu²¹ bi²¹,th121 phu2i ni21 phu21 b121,suspect,0.75,4,一 价 二 价 给,价 一 付 二 款,UNKNOWN,扫描 OCR + IPA 锚点版面解析（四行对照） | 整理日期 2026-09,medium
SANGJIAJING-P0039-R-03,SANGJIAJING,39,R,3,WI 百 7科 分,thi²¹ tsi³³ de²¹ 1ɒ³³ yɒ ³³,th121 tsi33 de21 1D33 YD 33,ok,0.80,5,一 斤 打 了 得,打 回 一 斤 来,UNKNOWN,扫描 OCR + IPA 锚点版面解析（四行对照） | 整理日期 2026-09,medium
SANGJIAJING-P0039-R-04,SANGJIAJING,39,R,4,弯 每,,1i33 C133 mu? bi21 tsi33 33,failed,0.40,5,吊 献 酒 做 给,用 作 祭 奠 酒,UNKNOWN,扫描 OCR + IPA 锚点版面解析（四行对照） | 整理日期 2026-09,medium
SANGJIAJING-P0040-L-01,SANGJIAJING,40,L,1,7^ W,tshɒ²¹ a³³ do⁴⁴ du²¹,tshp21 A33 do44 du21,ok,1.00,4,阿 纳 盐 出 处,阿 纳 产 盐 地,UNKNOWN,扫描 OCR + IPA 锚点版面解析（四行对照） | 整理日期 2026-09,medium
SANGJIAJING-P0040-L-02,SANGJIAJING,40,L,2,瓷 电 半,kh⁰²1 li⁰²1 tsi³³ li³³,kh021 1021 tsi33 133,suspect,0.75,4,马 来 嗑 罗,嗑 罗 马 去,UNKNOWN,扫描 OCR + IPA 锚点版面解析（四行对照） | 整理日期 2026-09,medium
SANGJIAJING-P0040-L-03,SANGJIAJING,40,L,3,IM 3=,th²¹ tsi³³ tsi³³ ip³³ ⁹⁰³¹,th21 tsi33 tsi33 Ip33 9031,suspect,0.60,5,一 驮 驮 了 回,驮 回 一 驮 来,UNKNOWN,扫描 OCR + IPA 锚点版面解析（四行对照） | 整理日期 2026-09,medium
SANGJIAJING-P0040-L-04,SANGJIAJING,40,L,4,W 九 目,li⁰³3 tshɒ²¹ li⁰³ ng³³,1033 tshp21 1$03 ng33,suspect,0.75,4,吊 献 盐 也 有,祭 奠 盐 有 .了,UNKNOWN,扫描 OCR + IPA 锚点版面解析（四行对照） | 整理日期 2026-09,medium
SANGJIAJING-P0040-R-01,SANGJIAJING,40,R,1,效 44 飞,a³³ li⁸⁴4 le⁴⁴ kurs 1h³³,A33 1844 le44 kur's 1h33,suspect,0.75,4,阿 勒 匠 来 工,阿 勒 制 香 郎,UNKNOWN,扫描 OCR + IPA 锚点版面解析（四行对照） | 整理日期 2026-09,medium
SANGJIAJING-P0040-R-02,SANGJIAJING,40,R,2,与 4 日,tsh³³ ni²¹ ³³ li⁰³3 pu,tsh33 ni21 33 1033 pu,suspect,0.60,5,十 二 山 大 处,十 二 大 山 中,UNKNOWN,扫描 OCR + IPA 锚点版面解析（四行对照） | 整理日期 2026-09,medium
SANGJIAJING-P0040-R-03,SANGJIAJING,40,R,3,国,⁰⁵5 md ³³ ɒe³³ pe h³³ tsɒ ³³,"055 md 33 De33 p""e h33 tSD 33",suspect,0.60,5,山 头 安 召,山 头 安 召,UNKNOWN,扫描 OCR + IPA 锚点版面解析（四行对照） | 整理日期 2026-09,medium
SANGJIAJING-P0041-L-01,SANGJIAJING,41,L,1,,,Ve21 1e44 tehe33,failed,0.00,3,左 手 竹 厂条 拿,左 手 拿 竹 条,UNKNOWN,扫描 OCR + IPA 锚点版面解析（四行对照） | 整理日期 2026-09,medium
SANGJIAJING-P0041-L-02,SANGJIAJING,41,L,2,号 圣 答,,"33 21 33 Z,D le31 mi ob 1e33",failed,0.00,5,右 手 面 尘 裹,右 手 裹 香 泥,UNKNOWN,扫描 OCR + IPA 锚点版面解析（四行对照） | 整理日期 2026-09,medium
SANGJIAJING-P0041-L-03,SANGJIAJING,41,L,3,金 丑 WI 本,,$033 th121 tsa ku33,failed,0.33,3,香 好 一 把 制,制 优 作 质 香,UNKNOWN,扫描 OCR + IPA 锚点版面解析（四行对照） | 整理日期 2026-09,medium
SANGJIAJING-P0041-L-04,SANGJIAJING,41,L,4,零 金 九,,4033 133 $033 ne33 t$033,failed,0.40,5,吊 献 香 也 有,祭奠香有了,UNKNOWN,扫描 OCR + IPA 锚点版面解析（四行对照） | 整理日期 2026-09,medium
SANGJIAJING-P0041-R-01,SANGJIAJING,41,R,1,w 飞 WI,,lurss tg121 th21 V3 188,failed,0.00,3,勒 娓 浸 堤 额,勒 娓浸 堤 额,UNKNOWN,扫描 OCR + IPA 锚点版面解析（四行对照） | 整理日期 2026-09,medium
SANGJIAJING-P0041-R-02,SANGJIAJING,41,R,2,W 决不 分,phu³³ lh³³ lurs bi³³ zɒ²¹,phu33 lh33 lur*s b133 ZD21,suspect,0.50,4,勒 普 毕 绕 来,勒 力普毕 绕 啊,UNKNOWN,扫描 OCR + IPA 锚点版面解析（四行对照） | 整理日期 2026-09,medium
SANGJIAJING-P0042-L-01,SANGJIAJING,42,L,1,W Z tQ 日,ʊli³³ lurs he³³ ob ³³ li⁰³3,V133 lur's he33 ob 33 1033,suspect,0.50,4,自 家 房 里 处,你 家 房 屋 内,UNKNOWN,扫描 OCR + IPA 锚点版面解析（四行对照） | 整理日期 2026-09,medium
SANGJIAJING-P0042-L-02,SANGJIAJING,42,L,2,弯 目,qe³¹ ⁴⁰³³ thu³¹ li⁰³3 zi³³,qe31 4033 thu31 1$033 zi33,ok,0.80,5,舒 赶 出 的 在,将 舒 驱 出 屋,UNKNOWN,扫描 OCR + IPA 锚点版面解析（四行对照） | 整理日期 2026-09,medium
SANGJIAJING-P0042-L-03,SANGJIAJING,42,L,3,日,⁴⁰³³ qe³¹ qhɒ³³ li⁰³3 tsh³³,4033 qe31 qhD33 1033 tsh:33,suspect,0.60,5,舒 赶 何 处 到,驱 舒 驱 何 处,UNKNOWN,扫描 OCR + IPA 锚点版面解析（四行对照） | 整理日期 2026-09,medium
SANGJIAJING-P0042-L-04,SANGJIAJING,42,L,4,t 7# tQ 有,he³³ du²¹ he³³ kɒss be⁴⁴,he33 du²1 he33 kDss be44,suspect,0.75,4,房 椽 房 间 条,橡 子 与 编 条,UNKNOWN,扫描 OCR + IPA 锚点版面解析（四行对照） | 整理日期 2026-09,medium
SANGJIAJING-P0042-L-05,SANGJIAJING,42,L,5,70,,tshi21 kurss be44 th12lt,failed,0.33,3,九 条 道置 呢,插在九道条,UNKNOWN,扫描 OCR + IPA 锚点版面解析（四行对照） | 整理日期 2026-09,medium
SANGJIAJING-P0042-R-01,SANGJIAJING,42,R,1,200 WI70,tche³³ si²¹ be⁴⁴ thi²¹ tshi²¹,tche33 si21 be44 th121 tshi21,ok,1.00,5,七 条 一 道 置,条 插 在 七 道,UNKNOWN,扫描 OCR + IPA 锚点版面解析（四行对照） | 整理日期 2026-09,medium
SANGJIAJING-P0042-R-02,SANGJIAJING,42,R,2,面 70,⁵⁵ thi²¹ tche³³ tsh²¹ ms be⁴⁴,55 th121 tche3 tsh;21 ms be44,suspect,0.60,5,三 条 一 道 置,插 在 三 道 条,UNKNOWN,扫描 OCR + IPA 锚点版面解析（四行对照） | 整理日期 2026-09,medium
SANGJIAJING-P0042-R-03,SANGJIAJING,42,R,3,3,phu²¹ hx2 phu2i tu ³³ sɒ ³³,phu21 hx² phu2i tu 33 SD 33,suspect,0.67,3,普 站普 适 宜,普立普 心 适,UNKNOWN,扫描 OCR + IPA 锚点版面解析（四行对照） | 整理日期 2026-09,medium
SANGJIAJING-P0043-L-01,SANGJIAJING,43,L,1,星洲星无 w,phu²¹ hx³¹ phu²¹ lurss,phu²1 hx31phu²1 lurss,suspect,0.75,4,普 站 普 也 喜,普 灵 心 中喜,UNKNOWN,扫描 OCR + IPA 锚点版面解析（四行对照） | 整理日期 2026-09,medium
SANGJIAJING-P0043-L-02,SANGJIAJING,43,L,2,级 %3=,,"phu21 hx31 tce's dz,i21 dz,j21",failed,0.25,4,普 站 油 亮亮,普 灵 容 焕 奂然@,UNKNOWN,扫描 OCR + IPA 锚点版面解析（四行对照） | 整理日期 2026-09,medium
SANGJIAJING-P0043-L-03,SANGJIAJING,43,L,3,洲子每,phu²¹ hy³¹ mu²¹ mu tɒss,phu21 hy31 mu²1 mu tDss,suspect,0.50,4,普 站 天 做 搁,普 灵禾 若 高 置,UNKNOWN,扫描 OCR + IPA 锚点版面解析（四行对照） | 整理日期 2026-09,medium
SANGJIAJING-P0043-L-04,SANGJIAJING,43,L,4,洲星九,phu²¹ hx1phu²¹ ne³³ mu³³,phu21 hx1phu21 ne33 mu33,suspect,0.75,4,普 站普 也 高,置 于 半 空 中,UNKNOWN,扫描 OCR + IPA 锚点版面解析（四行对照） | 整理日期 2026-09,medium
SANGJIAJING-P0043-L-05,SANGJIAJING,43,L,5,日 m,du³³ li⁰³3 diss 4e⁴⁴ te zp,du33 1033 diSs 4e44 Te&zp,suspect,0.75,4,后 处 孙 重孙 些,来 未 的 子 孙,UNKNOWN,扫描 OCR + IPA 锚点版面解析（四行对照） | 整理日期 2026-09,medium
SANGJIAJING-P0043-R-01,SANGJIAJING,43,R,1,m 田 π,liss 4e4 g0 ⁴⁴ mɒ²¹ dzi³¹,liss 4e4 g0 44 mp21 dzi31,suspect,0.67,3,孙 重孙 怕 不 胜,经 不 住 惊 吓,UNKNOWN,扫描 OCR + IPA 锚点版面解析（四行对照） | 整理日期 2026-09,medium
SANGJIAJING-P0043-R-02,SANGJIAJING,43,R,2,经 不 住 惊 吓,pu h²¹ pɒ nh²¹ lur²¹ mu2 ³³ tɒss,"p""u h21 pD nh21 lur²1 mu² 33 tDss",ok,1.00,5,普帕 光 的 搁,普 灵 若 光 体,UNKNOWN,扫描 OCR + IPA 锚点版面解析（四行对照） | 整理日期 2026-09,medium
SANGJIAJING-P0043-R-03,SANGJIAJING,43,R,3,Z4 日 m,du³³ li⁰³3 diss 4e⁴⁴,du33 1033 diss 4e44,suspect,0.67,3,后 处 孙 重孙 些,未来 的 子 孙,UNKNOWN,扫描 OCR + IPA 锚点版面解析（四行对照） | 整理日期 2026-09,medium
SANGJIAJING-P0043-R-04,SANGJIAJING,43,R,4,m π,,4iss dze44 4e44 mp dzi21,failed,0.33,3,孙 重孙 冷 不 胜,随 时 受 寒 冷,UNKNOWN,扫描 OCR + IPA 锚点版面解析（四行对照） | 整理日期 2026-09,medium
SANGJIAJING-P0043-R-05,SANGJIAJING,43,R,5,星子 每,phu2phɒ2i mu ³³ tɒss,phu²php2i mu 33 tDss,suspect,0.50,2,普帕 空 的 搁,普灵 空壳 若,UNKNOWN,扫描 OCR + IPA 锚点版面解析（四行对照） | 整理日期 2026-09,medium
SANGJIAJING-P0044-L-01,SANGJIAJING,44,L,1,如 日 W,du³³ li⁰³3 liss 4e⁴⁴ dzy³¹,du3 1033 liss 4e44 dzy31,suspect,0.50,4,后 处 孙 重孙 些,未 来 的 子 孙,UNKNOWN,扫描 OCR + IPA 锚点版面解析（四行对照） | 整理日期 2026-09,medium
SANGJIAJING-P0044-L-02,SANGJIAJING,44,L,2,电开,pu2l p2ɒ2i thi²¹ m dzi²¹,"p""u²l p²D²i th121 m dz.i21",suspect,0.50,2,普 帕 一 地 上,普 灵 居 一 地,UNKNOWN,扫描 OCR + IPA 锚点版面解析（四行对照） | 整理日期 2026-09,medium
SANGJIAJING-P0044-L-03,SANGJIAJING,44,L,3,W 雪4电 田,diss 4e⁴⁴ tsh³³ tu ³³ me ⁴⁴,diss 4e44 tsh33 tu 33 me 44,suspect,0.50,4,孙 重孙 十 地 盛,子 孙 十 受 惠,UNKNOWN,扫描 OCR + IPA 锚点版面解析（四行对照） | 整理日期 2026-09,medium
SANGJIAJING-P0044-L-04,SANGJIAJING,44,L,4,4电 去,,tsh33 tu33 zu2 me 44,failed,0.33,3,十 地 盛 的 使,十 地子孙盛,UNKNOWN,扫描 OCR + IPA 锚点版面解析（四行对照） | 整理日期 2026-09,medium
SANGJIAJING-P0044-R-01,SANGJIAJING,44,R,1,Z4,,lp21 th21 tc23 duss mu33,failed,0.25,4,耕 做 牛 一 条,耕地之 役 牛,UNKNOWN,扫描 OCR + IPA 锚点版面解析（四行对照） | 整理日期 2026-09,medium
SANGJIAJING-P0045-L-01,SANGJIAJING,45,L,1,WI,,aGi 55 mu33 1p21 th21tche33,failed,0.40,5,犁 做 一 条 牛,播 种 N 役 牛,UNKNOWN,扫描 OCR + IPA 锚点版面解析（四行对照） | 整理日期 2026-09,medium
SANGJIAJING-P0045-L-02,SANGJIAJING,45,L,2,弯,do⁴⁴ zi³³ ⁴⁰³³ do⁴⁴ zi³³,"do44 z,133 4033 do44 Z,133",ok,0.80,5,出 去 舒 出 去,出 去 舒 去 出,UNKNOWN,扫描 OCR + IPA 锚点版面解析（四行对照） | 整理日期 2026-09,medium
SANGJIAJING-P0045-L-03,SANGJIAJING,45,L,3,7儿 71L,qi⁵⁵ zi³³ ⁴⁰³³ 9 li³³,"q155 z,133 4033 9 .13",suspect,0.50,4,隔 去 舒 隔 去,离 去 舒 离去,UNKNOWN,扫描 OCR + IPA 锚点版面解析（四行对照） | 整理日期 2026-09,medium
SANGJIAJING-P0045-L-04,SANGJIAJING,45,L,4,%3=,,Ip21 hy31 dzi²l dz.i2 tce,failed,0.33,3,牛 站 油 亮亮,牛健毛色亮,UNKNOWN,扫描 OCR + IPA 锚点版面解析（四行对照） | 整理日期 2026-09,medium
SANGJIAJING-P0045-R-01,SANGJIAJING,45,R,1,弯 有,⁴⁰³³ qe²¹ gɒ ²¹ knss tsh³³,4033 qe21 gD 21 knss tsh:33,suspect,0.50,4,舒 屋 赶 堂 到,驱 舒 至堂 屋,UNKNOWN,扫描 OCR + IPA 锚点版面解析（四行对照） | 整理日期 2026-09,medium
SANGJIAJING-P0045-R-02,SANGJIAJING,45,R,2,有 荟,²¹ kɒ⁵⁵ s dle⁴⁴ 1o²¹ gɒ,21 kD5s dle44 1o21 gD,suspect,0.60,5,堂 屋 鸡 走 场,堂 屋 鸡 戏 场,UNKNOWN,扫描 OCR + IPA 锚点版面解析（四行对照） | 整理日期 2026-09,medium
SANGJIAJING-P0045-R-03,SANGJIAJING,45,R,3,科 ZI 3=,ni²¹ ʊɒ²¹ tu³³ de²¹ ni²¹,ni²1 VD21 tu33 de21 ni²1,ok,0.80,5,鸡 翅 打 拍 拍,雄 鸡 膀 振 翅,UNKNOWN,扫描 OCR + IPA 锚点版面解析（四行对照） | 整理日期 2026-09,medium
SANGJIAJING-P0045-R-04,SANGJIAJING,45,R,4,3=,,niss thu33 tsy4 tsy4 VD,failed,0.00,2,鸡 嘴 hu 鸣 鸣,引 颈 高 亢 鸣,UNKNOWN,扫描 OCR + IPA 锚点版面解析（四行对照） | 整理日期 2026-09,medium
SANGJIAJING-P0045-R-05,SANGJIAJING,45,R,5,九 田 配,li⁰³3 ʊɒ²¹ ne³³ mɒ²¹ no,1033 VD21 ne33 mp²1 no,ok,0.80,5,鸡 也 舒 不 要,鸡不要舒在,UNKNOWN,扫描 OCR + IPA 锚点版面解析（四行对照） | 整理日期 2026-09,medium
SANGJIAJING-P0046-L-01,SANGJIAJING,46,L,1,弯,zj³³ zi³³ do⁴⁴ ⁴⁰³³ do4,"z,j33 z133 do44 4033 do4",suspect,0.60,5,出 去 舒 出 去,出 去 舒 出 去,UNKNOWN,扫描 OCR + IPA 锚点版面解析（四行对照） | 整理日期 2026-09,medium
SANGJIAJING-P0046-L-02,SANGJIAJING,46,L,2,N,⁴⁰³³ qe²¹ kɒ³³ yo²¹ tsh³³,4033 qe21 kD33 yo21 tsh;33,suspect,0.60,5,舒 赶 灶 旁 到,驱 舒 至 灶 台,UNKNOWN,扫描 OCR + IPA 锚点版面解析（四行对照） | 整理日期 2026-09,medium
SANGJIAJING-P0046-L-03,SANGJIAJING,46,L,3,分,,tDsp phi21 21 ku33 li2! ZD,failed,0.25,4,沽 道 频 里 绕,沽 道 频 里 绕巴,UNKNOWN,扫描 OCR + IPA 锚点版面解析（四行对照） | 整理日期 2026-09,medium
SANGJIAJING-P0046-L-04,SANGJIAJING,46,L,4,年 面,,kD33 niss nur? su 55 mp 33,failed,0.33,3,镐 孽 尼 塞 玛,镐 孽 尼 塞 玛?,UNKNOWN,扫描 OCR + IPA 锚点版面解析（四行对照） | 整理日期 2026-09,medium
SANGJIAJING-P0046-R-01,SANGJIAJING,46,R,1,年 芝万荟 3,,seskhu²11e21 kD33 1e21,failed,0.33,3,灶 蒸气 腾 腾,灶 气 雾 腾 上,UNKNOWN,扫描 OCR + IPA 锚点版面解析（四行对照） | 整理日期 2026-09,medium
SANGJIAJING-P0046-R-02,SANGJIAJING,46,R,2,又 九,tshi²¹ ne ³³ me ³³ 1ɒ³³ tɒss,"tshi21 ne 33 me 33 1D33 tD,ss",ok,0.80,5,中饭 也 熟 了 搁,中 午 饭 熟 了,UNKNOWN,扫描 OCR + IPA 锚点版面解析（四行对照） | 整理日期 2026-09,medium
SANGJIAJING-P0046-R-03,SANGJIAJING,46,R,3,九 又,tsu 3 ne³³ me ³³ 1ɒ³³ tɒss,tsu”3 ne33 me 33 1D33 tDss,suspect,0.50,4,晚饭 也 熟 了 搁,晚 饭 也 熟 了,UNKNOWN,扫描 OCR + IPA 锚点版面解析（四行对照） | 整理日期 2026-09,medium
SANGJIAJING-P0046-R-04,SANGJIAJING,46,R,4,年 %3=,,"kD33 hy31 tcess dz,i21 dzj21",failed,0.25,4,灶 站 油 亮 亮,灶 身 净 又 亮,UNKNOWN,扫描 OCR + IPA 锚点版面解析（四行对照） | 整理日期 2026-09,medium
SANGJIAJING-P0046-R-05,SANGJIAJING,46,R,5,年 九 田 配,,kD33 ng33 4033 mp 21,failed,0.25,4,灶 也 舒 不 要,灶 不 要 舒 邪,UNKNOWN,扫描 OCR + IPA 锚点版面解析（四行对照） | 整理日期 2026-09,medium
SANGJIAJING-P0047-L-01,SANGJIAJING,47,L,1,7I儿L 7儿,zi³³ zi³³ ⁴⁰³³,"z,133 z,133 4033",suspect,0.67,3,隔 去 舒 隔 去,离 开 舒 开 离,UNKNOWN,扫描 OCR + IPA 锚点版面解析（四行对照） | 整理日期 2026-09,medium
SANGJIAJING-P0047-L-02,SANGJIAJING,47,L,2,零 76,li⁰³3 qe²¹ qɒ ³³ du²¹ tsh³³,1033 qe21 qD 33 du21 tsh;33,ok,0.80,5,舒 赶 门 槛 到,驱 舒 至 门 槛,UNKNOWN,扫描 OCR + IPA 锚点版面解析（四行对照） | 整理日期 2026-09,medium
SANGJIAJING-P0047-L-03,SANGJIAJING,47,L,3,w Z 灶 日,lurss ʊli³³ ³³ du²¹ li⁰³3 qɒ,lurss V133 33 du21 1033 qD,suspect,0.60,5,自 家 门 处 处,你 家 N 房 门,UNKNOWN,扫描 OCR + IPA 锚点版面解析（四行对照） | 整理日期 2026-09,medium
SANGJIAJING-P0047-L-04,SANGJIAJING,47,L,4,7 与,si⁴⁴ ni⁴⁴ qɒ ³³ tsi³³ mi²¹,si44 ni44 qD 33 tsi3 m121,ok,1.00,5,门 槛 木 二 块,门 槛 二 截 木,UNKNOWN,扫描 OCR + IPA 锚点版面解析（四行对照） | 整理日期 2026-09,medium
SANGJIAJING-P0047-R-01,SANGJIAJING,47,R,1,7 W,,33 si44 1i44 ab bD21,failed,0.25,4,门 面 木 四 块,门 面 四 块 板,UNKNOWN,扫描 OCR + IPA 锚点版面解析（四行对照） | 整理日期 2026-09,medium
SANGJIAJING-P0047-R-02,SANGJIAJING,47,R,2,台 A 张 品,,0.55 qD 33 lu21 2i44 tyss,failed,0.40,5,门 头 龙 影 戴,门 雕 飞 龙,UNKNOWN,扫描 OCR + IPA 锚点版面解析（四行对照） | 整理日期 2026-09,medium
SANGJIAJING-P0047-R-03,SANGJIAJING,47,R,3,正 A 3= 西,qɒ 4u¹³3 qɒ ³³ dle³¹ dle³¹,qD? 4u133 qD 33 dle31 dle31,suspect,0.75,4,门 白 门 宽 宽,白 木 门 宽,UNKNOWN,扫描 OCR + IPA 锚点版面解析（四行对照） | 整理日期 2026-09,medium
SANGJIAJING-P0048-L-01,SANGJIAJING,48,L,1,,do4 zj³³ ⁴⁰³³ do⁴⁴ zi³³,"do4 z,j33 4033 do44 z,133",suspect,0.50,4,出 去 舒 出 去,出 去 舒 出 去,UNKNOWN,扫描 OCR + IPA 锚点版面解析（四行对照） | 整理日期 2026-09,medium
SANGJIAJING-P0048-L-02,SANGJIAJING,48,L,2,住 Z,⁴⁰³³ qe³¹ tsi³³ niss tsh³³,4033 qe31 tsi33 niss tsh:33,suspect,0.75,4,舒 赶 院 坝 到,驱 舒 至 院 坝,UNKNOWN,扫描 OCR + IPA 锚点版面解析（四行对照） | 整理日期 2026-09,medium
SANGJIAJING-P0048-L-03,SANGJIAJING,48,L,3,住 日,tsi³³ niss tsi³³ le³¹ li⁰³3,tsi33 niss tsi33 le31 1033,suspect,0.75,4,头 角 院 院 处,院坝 边 角 处,UNKNOWN,扫描 OCR + IPA 锚点版面解析（四行对照） | 整理日期 2026-09,medium
SANGJIAJING-P0048-L-04,SANGJIAJING,48,L,4,办 7 @3=,,tshi21 me's fi33 the2the1,failed,0.33,3,狗 尾 甩 摇 摇,狗尾甩悠 悠,UNKNOWN,扫描 OCR + IPA 锚点版面解析（四行对照） | 整理日期 2026-09,medium
SANGJIAJING-P0048-R-01,SANGJIAJING,48,R,1,九,,tshi21 niss thu33 tsy,failed,0.33,3,狗 嘴 叫 扬 扬,狗 嘴 吠 声 扬,UNKNOWN,扫描 OCR + IPA 锚点版面解析（四行对照） | 整理日期 2026-09,medium
SANGJIAJING-P0048-R-02,SANGJIAJING,48,R,2,九 田 配,,tsh21 21 ng33 4033 mp,failed,0.00,5,狗 也 舒 不 要,狗 不 要舒 伴,UNKNOWN,扫描 OCR + IPA 锚点版面解析（四行对照） | 整理日期 2026-09,medium
SANGJIAJING-P0048-R-03,SANGJIAJING,48,R,3,不,zi³³ do⁴⁴ zj³³ ⁴⁰³³ do⁴⁴,"z,133 do44 Z,j33 4033 do44",suspect,0.60,5,出 去 舒 出 去,出 去 舒 出 去,UNKNOWN,扫描 OCR + IPA 锚点版面解析（四行对照） | 整理日期 2026-09,medium
SANGJIAJING-P0048-R-04,SANGJIAJING,48,R,4,弯,qe³¹ pu³³ tche4 tsh³³ ⁴⁰³³,"qe31 p""u33tche4 tsh:33 4033",suspect,0.50,4,舒 赶 王村寨到,驱舒至村中,UNKNOWN,扫描 OCR + IPA 锚点版面解析（四行对照） | 整理日期 2026-09,medium
SANGJIAJING-P0049-L-01,SANGJIAJING,49,L,1,九 W 3,ci³¹ mo²¹ exzpexzp,ci31 mo²1 exZPexzp,suspect,0.67,3,老 也 少 全全,老 少 老 与 少,UNKNOWN,扫描 OCR + IPA 锚点版面解析（四行对照） | 整理日期 2026-09,medium
SANGJIAJING-P0049-L-02,SANGJIAJING,49,L,2,4 九 半3,ne³³ nass,ne33 nass,ok,1.00,2,大 全全 也 小,大 大 与 小 小,UNKNOWN,扫描 OCR + IPA 锚点版面解析（四行对照） | 整理日期 2026-09,medium
SANGJIAJING-P0049-L-03,SANGJIAJING,49,L,3,3=,pbɒ²¹ ne³³ zɒ²¹,pbp21 ne33 ZD21,ok,1.00,3,父 与 子 些 些,所 有 的 父 子,UNKNOWN,扫描 OCR + IPA 锚点版面解析（四行对照） | 整理日期 2026-09,medium
SANGJIAJING-P0049-L-04,SANGJIAJING,49,L,4,九 配 田,kh³³ ng³³ li⁰³3 mɒ ²¹ noss,kh33 ng33 1033 mD 21 noss,suspect,0.60,5,他 也 舒 不 要,他 们 不要舒,UNKNOWN,扫描 OCR + IPA 锚点版面解析（四行对照） | 整理日期 2026-09,medium
SANGJIAJING-P0049-R-01,SANGJIAJING,49,R,1,,tsh⁰⁴4 ⁴⁰³³ qe²¹ kɒ³³,tsh044 4033 qe21 kD33,suspect,0.50,4,舒 赶 路 大 贴,驱 舒 至 道 上,UNKNOWN,扫描 OCR + IPA 锚点版面解析（四行对照） | 整理日期 2026-09,medium
SANGJIAJING-P0049-R-02,SANGJIAJING,49,R,2,与 年 九,tshi³³ ni²¹ kɒ³³ 1 ne³³,tsh133 ni21 kD33 1 ne33,suspect,0.75,4,十 二 路 大 也,十 二 大 通 道,UNKNOWN,扫描 OCR + IPA 锚点版面解析（四行对照） | 整理日期 2026-09,medium
SANGJIAJING-P0049-R-03,SANGJIAJING,49,R,3,万 九 田 配,khi³³ ne³³ ⁴⁰³³,kh133 ne33 4033,suspect,0.67,3,它 也 舒 不 要,大 路 不 要 舒,UNKNOWN,扫描 OCR + IPA 锚点版面解析（四行对照） | 整理日期 2026-09,medium
SANGJIAJING-P0049-R-04,SANGJIAJING,49,R,4,W M 不 分,,phu33 lurss p133 ZD1 1133,failed,0.33,3,勒 普 毕 绕 来,勒 普 毕 绕 啊,UNKNOWN,扫描 OCR + IPA 锚点版面解析（四行对照） | 整理日期 2026-09,medium
SANGJIAJING-P0050-L-01,SANGJIAJING,50,L,1,弯 日,⁴⁰³³ qe³¹ ab h³³ li⁰³3 bi²¹,4033 qe31 ab h33 1033 b121,ok,0.80,5,舒 赶 哪 里 给,驱 舒 归 何 方,UNKNOWN,扫描 OCR + IPA 锚点版面解析（四行对照） | 整理日期 2026-09,medium
SANGJIAJING-P0050-L-02,SANGJIAJING,50,L,2,Z 具 飞,si³³ si³³ a³³ dze³¹ ʊ³³,si33 si33 A33 dze31 V33,ok,0.80,5,施 斯 阿 简 娓,施 斯 阿 简 娓,UNKNOWN,扫描 OCR + IPA 锚点版面解析（四行对照） | 整理日期 2026-09,medium
SANGJIAJING-P0050-L-03,SANGJIAJING,50,L,3,必 飞,bi²¹ ⁴⁰³³ ge³¹ nu³³,b121 4033 ge31 nu33,suspect,0.75,4,舒 赶 你 家 给,驱 舒 归 你 家,UNKNOWN,扫描 OCR + IPA 锚点版面解析（四行对照） | 整理日期 2026-09,medium
SANGJIAJING-P0050-L-04,SANGJIAJING,50,L,4,Z4 弯,,"nu33 V33 4033 tsess 1,33",failed,0.25,4,你 家 舒 接 来,舒 你 家来接,UNKNOWN,扫描 OCR + IPA 锚点版面解析（四行对照） | 整理日期 2026-09,medium
SANGJIAJING-P0050-R-01,SANGJIAJING,50,R,1,Z4 弯 2,,"nu33 4033 tsess 1,33 V33",failed,0.25,4,你 家 舒 接 来,你 家 来 接 接舒,UNKNOWN,扫描 OCR + IPA 锚点版面解析（四行对照） | 整理日期 2026-09,medium
SANGJIAJING-P0050-R-02,SANGJIAJING,50,R,2,分 女 Z 省山,,33 du3 niss thD21 44 yD pu,failed,0.20,5,后 处 前 不 反,舒 莫 反 转 身,UNKNOWN,扫描 OCR + IPA 锚点版面解析（四行对照） | 整理日期 2026-09,medium
SANGJIAJING-P0050-R-03,SANGJIAJING,50,R,3,Z 电,,duss mu33 fusthD2i dur3,failed,0.00,2,耕 做 耕 不 误,耕 田 不 误 工,UNKNOWN,扫描 OCR + IPA 锚点版面解析（四行对照） | 整理日期 2026-09,medium
SANGJIAJING-P0051-L-01,SANGJIAJING,51,L,1,G,,4u55 mu33 duss 133 Z033,failed,0.25,4,耕做耕来要,耕田庄禾壮,UNKNOWN,扫描 OCR + IPA 锚点版面解析（四行对照） | 整理日期 2026-09,medium
SANGJIAJING-P0054-L-01,SANGJIAJING,54,L,1,进早餐,,ne² p²p² tshi21 21 h21 ZD tsDSs,failed,0.00,4,儿 好父早饭 喂,孝子喂早饭,UNKNOWN,扫描 OCR + IPA 锚点版面解析（四行对照） | 整理日期 2026-09,medium
SANGJIAJING-P0054-L-02,SANGJIAJING,54,L,2,承丑岁茶,,pD21 ne tshi21 h33 2.U33,failed,0.25,4,父好早饭 拿 来,亡父来取饭?,UNKNOWN,扫描 OCR + IPA 锚点版面解析（四行对照） | 整理日期 2026-09,medium
SANGJIAJING-P0054-L-03,SANGJIAJING,54,L,3,亡父来取饭?,,tshi21tshw33t tsD 55 th21t4u33,failed,0.40,5,早饭晚饭 喂 顿 一,吃早晚饭 时,UNKNOWN,扫描 OCR + IPA 锚点版面解析（四行对照） | 整理日期 2026-09,medium
SANGJIAJING-P0054-R-01,SANGJIAJING,54,R,1,55 tsD,tsi³³ ⁰⁵5 tsi³³ th2 pe³³,tsi33 055 tsi33 th2. pe33,suspect,0.50,4,酒 头 酒 一 瓶,头 一 瓶酒 中,UNKNOWN,扫描 OCR + IPA 锚点版面解析（四行对照） | 整理日期 2026-09,medium
SANGJIAJING-P0054-R-02,SANGJIAJING,54,R,2,WI 茶,tsɒ³³ ɔs tsɒ³³ thi²¹,tsp33 OS tsp33 th121,suspect,0.67,3,饭头 饭 觀,头．一 甄 饭 中,UNKNOWN,扫描 OCR + IPA 锚点版面解析（四行对照） | 整理日期 2026-09,medium
SANGJIAJING-P0055-L-01,SANGJIAJING,55,L,1,光 世 专,gi³³ si³³ si³³ kho²¹ nu³³,G133 si33 si33 kho21 nu33,ok,1.00,5,柯 兴 诗 斯 奴,柯 兴 诗 斯 奴,UNKNOWN,扫描 OCR + IPA 锚点版面解析（四行对照） | 整理日期 2026-09,medium
SANGJIAJING-P0055-L-02,SANGJIAJING,55,L,2,田 面,,mp dzD?1 tsp33 tch21,failed,0.00,2,不 吃 饭 三 口,不 吃 那 三,UNKNOWN,扫描 OCR + IPA 锚点版面解析（四行对照） | 整理日期 2026-09,medium
SANGJIAJING-P0055-L-03,SANGJIAJING,55,L,3,3=,,dZD? kuss 33 nu tsi33 tsi33,failed,0.33,3,吃 会 你 真 真,你 真 会 吃 否,UNKNOWN,扫描 OCR + IPA 锚点版面解析（四行对照） | 整理日期 2026-09,medium
SANGJIAJING-P0055-L-04,SANGJIAJING,55,L,4,田 面 同,tsi³³ mp ²¹ tsiss ms ³³ mw ³³,tsi33 mp 21 tsiss ms 33 mw 33,suspect,0.50,4,不 喝 酒 三 口,喝 那 不 三 口,UNKNOWN,扫描 OCR + IPA 锚点版面解析（四行对照） | 整理日期 2026-09,medium
SANGJIAJING-P0055-R-01,SANGJIAJING,55,R,1,,,ZZZ Z 3=,failed,0.00,1,tsiss kur's nu33 tsi33 15i33,喝 会 你 真 真,UNKNOWN,扫描 OCR + IPA 锚点版面解析（四行对照） | 整理日期 2026-09,medium
SANGJIAJING-P0055-R-02,SANGJIAJING,55,R,2,ZZZ Z 3=,tsiss kurs nu³³ tsi³³ li⁵⁵ i³³,tsiss kur's nu33 tsi33 15i33,suspect,0.75,4,喝 会 你 真 真,你 真 会 喝 否,UNKNOWN,扫描 OCR + IPA 锚点版面解析（四行对照） | 整理日期 2026-09,medium
SANGJIAJING-P0055-R-03,SANGJIAJING,55,R,3,#飞,dzɒ²¹ kuss ab h³³ tsi³³,dzp²1 kuss ab h33 tsi33,suspect,0.67,3,吃 会 你 若 真,真 你 若 会 吃,UNKNOWN,扫描 OCR + IPA 锚点版面解析（四行对照） | 整理日期 2026-09,medium
SANGJIAJING-P0055-R-04,SANGJIAJING,55,R,4,ZZZ 飞 国,,tsiss kur's h33 33 Eenu ab 3G,failed,0.00,3,喝 会 若 是 你,你 若 真 会 喝,UNKNOWN,扫描 OCR + IPA 锚点版面解析（四行对照） | 整理日期 2026-09,medium
SANGJIAJING-P0055-R-05,SANGJIAJING,55,R,5,九 年,³³ ³³ qe ⁵⁵ qhɒ³³ dzɒ²¹ ob ne,33 33 qe 55 qhD33 dzp21 ob ne,suspect,0.50,6,内亲 与 外戚 跟 吃,与 亲 戚 同 吃,UNKNOWN,扫描 OCR + IPA 锚点版面解析（四行对照） | 整理日期 2026-09,medium
SANGJIAJING-P0055-R-06,SANGJIAJING,55,R,6,九 世 年,vi³¹ ne ³³ ne ³³ ab h³³ tsiss,vi31. ne 33 ne 33 ab h33 tsiss,ok,1.00,5,兄弟 与 姊妹 跟 喝,与 兄 妹 同 喝,UNKNOWN,扫描 OCR + IPA 锚点版面解析（四行对照） | 整理日期 2026-09,medium
SANGJIAJING-P0056-L-01,SANGJIAJING,56,L,1,7:九,fu³³ h³³ dzɒ²¹ me²¹ ab,fu33 h33 dzD21 me21 ab,ok,0.80,5,妻 与 夫 跟 吃,妻 与 夫 跟 吃,UNKNOWN,扫描 OCR + IPA 锚点版面解析（四行对照） | 整理日期 2026-09,medium
SANGJIAJING-P0056-L-02,SANGJIAJING,56,L,2,46 九 年 ZZZ,qɒ³³ yu³³ ne³³ sɒ ⁵⁵ tsiss,qD33 yu3 ne33 SD 55 tsiss,ok,1.00,5,舅 与 婿 跟 喝,舅 与 婿 同 喝,UNKNOWN,扫描 OCR + IPA 锚点版面解析（四行对照） | 整理日期 2026-09,medium
SANGJIAJING-P0056-L-03,SANGJIAJING,56,L,3,承九 分 年 7,pɒ hn²¹ 3u ³³ zɒ ²¹ kɒ³³ dzɒ²¹,"p""D hn21 3U 33 ZD 21 kD33 dZD21",ok,0.80,5,父 与 儿 跟 吃,父 与 儿 同 吃,UNKNOWN,扫描 OCR + IPA 锚点版面解析（四行对照） | 整理日期 2026-09,medium
SANGJIAJING-P0056-L-04,SANGJIAJING,56,L,4,年,pɒ²¹ ³³ nw ³³ kɒ³³ ne,pD21 33 nw 33 kD33 ne,suspect,0.60,5,父 与 女 跟 喝,父 与 女 同 喝,UNKNOWN,扫描 OCR + IPA 锚点版面解析（四行对照） | 整理日期 2026-09,medium
SANGJIAJING-P0056-L-05,SANGJIAJING,56,L,5,7,li³³ li³³ dzɒ²¹ si³³ dzɒ²¹,"1,33 1,33 dZD21 Si33 dzD21",ok,1.00,5,吃 来 亡魂 吃 来,来 吃 吧 亡 魂,UNKNOWN,扫描 OCR + IPA 锚点版面解析（四行对照） | 整理日期 2026-09,medium
SANGJIAJING-P0056-R-01,SANGJIAJING,56,R,1,,,ZZZ 2,failed,0.00,1,"tsiss 133 1,33 tsiss",喝 来 亡魂 喝 来,UNKNOWN,扫描 OCR + IPA 锚点版面解析（四行对照） | 整理日期 2026-09,medium
SANGJIAJING-P0056-R-02,SANGJIAJING,56,R,2,而零至 日 列,qhu²¹ nɒss tsho³³ 4e³³ li⁰³3,qhu21 nDSs tsho33 4e33 1033,suspect,0.50,4,阴 人 山林 处 声,阴 魂 山 林 喧,UNKNOWN,扫描 OCR + IPA 锚点版面解析（四行对照） | 整理日期 2026-09,medium
SANGJIAJING-P0056-R-03,SANGJIAJING,56,R,3,世 四,,tsoss 1D33 vess 1D33 xzp,failed,0.00,3,唱 又 吵 又 哗,又 叫 又 歌 唱,UNKNOWN,扫描 OCR + IPA 锚点版面解析（四行对照） | 整理日期 2026-09,medium
SANGJIAJING-P0056-R-04,SANGJIAJING,56,R,4,Y 介 分 飞,,mi33 21 du2i nu33 ZD² nur3,failed,0.25,4,阳 地 你 儿 女,阳 间你 儿女,UNKNOWN,扫描 OCR + IPA 锚点版面解析（四行对照） | 整理日期 2026-09,medium
SANGJIAJING-P0057-L-01,SANGJIAJING,57,L,1,灶 司 举,,si44 du²1 1e33 t$033 1D33,failed,0.40,5,袖 口 转 了 抹,衣 袖 抹 泪 水,UNKNOWN,扫描 OCR + IPA 锚点版面解析（四行对照） | 整理日期 2026-09,medium
SANGJIAJING-P0057-L-02,SANGJIAJING,57,L,2,# 日 π,dzi²¹ tsi³³ li⁰³3,dzi21 ts133 1033,ok,1.00,3,丧 食 边 际 处,丧 食 席 周 边,UNKNOWN,扫描 OCR + IPA 锚点版面解析（四行对照） | 整理日期 2026-09,medium
SANGJIAJING-P0057-L-03,SANGJIAJING,57,L,3,丧 食 席 周 边,zm zi 3,Zm ZI 3=,ok,1.00,1,ob 33 qe 55 ve 44 ni21 n1²1,内亲 外戚 喧 哗 哗,UNKNOWN,扫描 OCR + IPA 锚点版面解析（四行对照） | 整理日期 2026-09,medium
SANGJIAJING-P0057-L-04,SANGJIAJING,57,L,4,Z出 W m 7,,liss phi21 nu3 SSOs 12nb,failed,0.33,3,你 得到 材棺 四 块,你 获棺 四 板,UNKNOWN,扫描 OCR + IPA 锚点版面解析（四行对照） | 整理日期 2026-09,medium
SANGJIAJING-P0057-R-01,SANGJIAJING,57,R,1,O 民 世 住,,4D33 bp 33 55 $O tsi33,failed,0.00,4,月 亮 硕 欣 棵,月 亮 硕 欣 木,UNKNOWN,扫描 OCR + IPA 锚点版面解析（四行对照） | 整理日期 2026-09,medium
SANGJIAJING-P0057-R-02,SANGJIAJING,57,R,2,世 田 国,,33 $0$s G133 mp 21 3G ng33,failed,0.00,4,硕 欣 不 是 也,虽 非 硕 欣 木,UNKNOWN,扫描 OCR + IPA 锚点版面解析（四行对照） | 整理日期 2026-09,medium
SANGJIAJING-P0057-R-03,SANGJIAJING,57,R,3,与 X,,"tsh,33 ni2i pu 33 bp² tce3 h33",failed,0.00,4,十 二 山 坡 上,十 二 山 坡 上,UNKNOWN,扫描 OCR + IPA 锚点版面解析（四行对照） | 整理日期 2026-09,medium
SANGJIAJING-P0057-R-04,SANGJIAJING,57,R,4,松 木 手 围 粗,,7 W tQ,failed,0.00,1,si44 SSOs nb he33,嗑松 树 你 棺 房,UNKNOWN,扫描 OCR + IPA 锚点版面解析（四行对照） | 整理日期 2026-09,medium
SANGJIAJING-P0057-R-05,SANGJIAJING,57,R,5,7 W tQ,si⁴⁴ ssɔs nb he³³,si44 SSOs nb he33,suspect,0.50,2,嗑松 树 你 棺 房,嗑棺制 你 棺,UNKNOWN,扫描 OCR + IPA 锚点版面解析（四行对照） | 整理日期 2026-09,medium
SANGJIAJING-P0058-L-01,SANGJIAJING,58,L,1,K Z,si⁴⁴ ne²¹ fess do²¹ do⁴⁴,si44 ne21 fess do21. do44,suspect,0.75,4,树 良 崖 台 出,良 木 取 崖 台,UNKNOWN,扫描 OCR + IPA 锚点版面解析（四行对照） | 整理日期 2026-09,medium
SANGJIAJING-P0058-L-02,SANGJIAJING,58,L,2,Z U,,ssnp 55 h33 mp 33 np ab,failed,0.25,4,稼 稿 阴 粮 食 一,收 获 N 粮 食,UNKNOWN,扫描 OCR + IPA 锚点版面解析（四行对照） | 整理日期 2026-09,medium
SANGJIAJING-P0058-L-03,SANGJIAJING,58,L,3,收 获 N 粮 食,q2ɒ³³ qhɒ³³ ⁴⁴ li⁰³1 4u³³ ni,q²D33 qhD33 :44 1031 4u33 ni,suspect,0.50,6,粮 白 粮 红 成,成白 粮 红 粮,UNKNOWN,扫描 OCR + IPA 锚点版面解析（四行对照） | 整理日期 2026-09,medium
SANGJIAJING-P0058-R-01,SANGJIAJING,58,R,1,丑光,⁵⁵ ab h³³ ³³ np mi³³ ne,55 ab h33 33 np m133 ne,suspect,0.60,5,若 是 阴 地 良,若 是 阴 佳 粮,UNKNOWN,扫描 OCR + IPA 锚点版面解析（四行对照） | 整理日期 2026-09,medium
SANGJIAJING-P0058-R-02,SANGJIAJING,58,R,2,丑 W tQ,,$0SS ne 21 nu? qu21 he33,failed,0.33,3,嗑松 佳 你 棺 房,松 你 棺 材 木,UNKNOWN,扫描 OCR + IPA 锚点版面解析（四行对照） | 整理日期 2026-09,medium
SANGJIAJING-P0058-R-03,SANGJIAJING,58,R,3,雨,⁵⁵ tsh³³ tɒ²¹ np mi³³ nu³³,55 tsh;33 tp²1 np m133 nu33,suspect,0.60,5,阴 地 你 到 时,你 至 阴 间 日,UNKNOWN,扫描 OCR + IPA 锚点版面解析（四行对照） | 整理日期 2026-09,medium
SANGJIAJING-P0058-R-04,SANGJIAJING,58,R,4,万 Z tQ,khi³³ zi³³ he³³ ³³ nu³³ ne,kh133 zi33 he33 33 nu33 ne,ok,0.83,6,它 呢 你 房 是,它是 你房 屋,UNKNOWN,扫描 OCR + IPA 锚点版面解析（四行对照） | 整理日期 2026-09,medium
SANGJIAJING-P0059-L-01,SANGJIAJING,59,L,1,电 tQ 日,⁵⁵ tu³³ he³³ li⁰³3 ag nu³³,55 tu33 he33 1033 aG nu33,suspect,0.60,5,阴 地 你 房 处,阴 间 你 房 处,UNKNOWN,扫描 OCR + IPA 锚点版面解析（四行对照） | 整理日期 2026-09,medium
SANGJIAJING-P0059-L-02,SANGJIAJING,59,L,2,金 子 垫 柱 脚,,"hep p""u33 dzi2 np 33 1p21",failed,0.00,3,房 盖 铜 瓦 片,铜 瓦 盖 屋 顶,UNKNOWN,扫描 OCR + IPA 锚点版面解析（四行对照） | 整理日期 2026-09,medium
SANGJIAJING-P0059-L-03,SANGJIAJING,59,L,3,77 3,dzi²¹ ⁴⁴ do⁴⁴ z1,dzi21 :44 do44 Z1,suspect,0.50,4,铜 影 金 影 出,金 铜 明 晃 晃,UNKNOWN,扫描 OCR + IPA 锚点版面解析（四行对照） | 整理日期 2026-09,medium
SANGJIAJING-P0059-L-04,SANGJIAJING,59,L,4,A 科 tQ 飞E,de²¹ ³³ bɒ²¹ 4u³³ he³³ qɒ,de21 33 bp21 4u33 he33 qD,suspect,0.67,6,银 打 房 门 面,银 子做 门 面,UNKNOWN,扫描 OCR + IPA 锚点版面解析（四行对照） | 整理日期 2026-09,medium
SANGJIAJING-P0059-R-01,SANGJIAJING,59,R,1,to,de²¹ he³³ ab tshi³³,de21 he33 ab tshi33,suspect,0.67,3,金 打 房 门 槛,金 子 做 门 槛,UNKNOWN,扫描 OCR + IPA 锚点版面解析（四行对照） | 整理日期 2026-09,medium
SANGJIAJING-P0059-R-02,SANGJIAJING,59,R,2,7 日,bi²¹ me ⁴⁴ nu³³ li⁰³3,b121 me 44 nu33 1033,ok,1.00,4,富丽 佳 你 处 给,富 丽 奉 与你,UNKNOWN,扫描 OCR + IPA 锚点版面解析（四行对照） | 整理日期 2026-09,medium
SANGJIAJING-P0060-L-01,SANGJIAJING,60,L,1,Z4 命 日,nu ³³ np ⁵⁵ li⁰³3 tsh³³ thɒ²¹,nu 33 np 55 1033 tsh:33 thp21,suspect,0.60,5,你 阴 处 到 时,你 至 阴 间 日,UNKNOWN,扫描 OCR + IPA 锚点版面解析（四行对照） | 整理日期 2026-09,medium
SANGJIAJING-P0060-L-02,SANGJIAJING,60,L,2,亏,nu³³ ni³³ fess ne2i nu³³,nu33 ni33 fess ne2i nu33,suspect,0.67,3,你 居 你 名 盛,你 居 你声 香,UNKNOWN,扫描 OCR + IPA 锚点版面解析（四行对照） | 整理日期 2026-09,medium
SANGJIAJING-P0060-L-03,SANGJIAJING,60,L,3,子 # 国,,tsiss dlp33 mu² tsu 3G 33,failed,0.00,2,露 降 天黄 昏,露 降天黄 昏,UNKNOWN,扫描 OCR + IPA 锚点版面解析（四行对照） | 整理日期 2026-09,medium
SANGJIAJING-P0060-R-01,SANGJIAJING,60,R,1,,thɒ²¹ dlɒ³³ pu³³,thp²1 dlp33 pu33,ok,1.00,3,013 霜 降 鸡 鸣 时,霜 降 鸡 鸣 更,UNKNOWN,扫描 OCR + IPA 锚点版面解析（四行对照） | 整理日期 2026-09,medium
SANGJIAJING-P0060-R-02,SANGJIAJING,60,R,2,7世 专,kho²¹ si³³ nu³³,kho21 si33 nu33,ok,1.00,3,柯 兴 诗 斯 奴,柯 兴 诗 斯 奴,UNKNOWN,扫描 OCR + IPA 锚点版面解析（四行对照） | 整理日期 2026-09,medium
SANGJIAJING-P0060-R-03,SANGJIAJING,60,R,3,WI,thi2i thɒ²¹ tshi³³ hi³³ zi³³,th12i thp21 tshi33 hi33 zi33,suspect,0.75,4,一 时 到 来 呢,另 一 时 刻 到,UNKNOWN,扫描 OCR + IPA 锚点版面解析（四行对照） | 整理日期 2026-09,medium
SANGJIAJING-P0060-R-04,SANGJIAJING,60,R,4,另 一 时 刻 到,tshi²¹ dzo²¹ thɒ²¹ tsh³³ tsɒ³³,tshi21 dzo²1 thp²1 tsh;33 tsD33,ok,0.80,5,早饭 食 吃 时 到,该 早 饭 了 吃,UNKNOWN,扫描 OCR + IPA 锚点版面解析（四行对照） | 整理日期 2026-09,medium
SANGJIAJING-P0060-R-05,SANGJIAJING,60,R,5,Z册 公会 #,,siss phe31 tsi's phu33 tD33,failed,0.33,3,草 叶 露 朵 起,起露珠 草 叶起,UNKNOWN,扫描 OCR + IPA 锚点版面解析（四行对照） | 整理日期 2026-09,medium
SANGJIAJING-P0061-L-01,SANGJIAJING,61,L,1,,si³³ tshi²¹ tɒ³³ tsp dzɒ,si33 tshi21 tD33 tsp dzD,ok,1.00,4,死者 起 早饭 食 吃,亡 者 吃 早 饭,UNKNOWN,扫描 OCR + IPA 锚点版面解析（四行对照） | 整理日期 2026-09,medium
SANGJIAJING-P0061-L-02,SANGJIAJING,61,L,2,星雨 效,,p²u² thp² A21 tsh;33 De3,failed,0.33,3,到 祖 时 现 在,到 现 下 N 时,UNKNOWN,扫描 OCR + IPA 锚点版面解析（四行对照） | 整理日期 2026-09,medium
SANGJIAJING-P0061-R-01,SANGJIAJING,61,R,1,田,,"mp 21 Z.044 tsho33 tso"" 3G 55",failed,0.25,4,不 生人 有 是,未 者 只 有 生,UNKNOWN,扫描 OCR + IPA 锚点版面解析（四行对照） | 整理日期 2026-09,medium
SANGJIAJING-P0061-R-02,SANGJIAJING,61,R,2,WI 子,thi²¹ du²¹ mu²¹ s³³ dur³³,th121 du²1 mu²1 s33 dur33,ok,0.80,5,一 黑 天 三 更,夜 天 三 更 一,UNKNOWN,扫描 OCR + IPA 锚点版面解析（四行对照） | 整理日期 2026-09,medium
SANGJIAJING-P0061-R-03,SANGJIAJING,61,R,3,目,,"1D33 p""T h.33 t$o? 033 mb 33",failed,0.25,4,你 世 在 了 完,你 世 已 过 完,UNKNOWN,扫描 OCR + IPA 锚点版面解析（四行对照） | 整理日期 2026-09,medium
SANGJIAJING-P0062-L-01,SANGJIAJING,62,L,1,田不子 ZZ,dzi²¹ mɒ²¹ mu²¹ mi³³ hi²¹,dzi21 mp²1 mu²1 m133 h1²1,ok,1.00,5,不 幸 天 地 选,不 幸 天 地 选,UNKNOWN,扫描 OCR + IPA 锚点版面解析（四行对照） | 整理日期 2026-09,medium
SANGJIAJING-P0062-L-02,SANGJIAJING,62,L,2,不 幸 天 地 选,si³³ nu³³ nu³³ me ³³,si33 nu33 nu33 me 33,ok,1.00,4,你 死 你 吊 丧,你 你 死 吊 丧,UNKNOWN,扫描 OCR + IPA 锚点版面解析（四行对照） | 整理日期 2026-09,medium
SANGJIAJING-P0062-L-03,SANGJIAJING,62,L,3,你 你 死 吊 丧,nu ³³ nu³³ nu ³³ 1e⁸⁸,nu 33 nu33 nu 33 1e88,suspect,0.75,4,你 女 家 你 儿,身 后 N 儿 女,UNKNOWN,扫描 OCR + IPA 锚点版面解析（四行对照） | 整理日期 2026-09,medium
SANGJIAJING-P0062-L-04,SANGJIAJING,62,L,4,学,si³³ tshi²¹ thi²¹ t4ur tsɒss,si33 tshi21 th121 t4ur tsDss,suspect,0.75,4,死者 早饭 喂 一 顿,喂 死 者 早 饭,UNKNOWN,扫描 OCR + IPA 锚点版面解析（四行对照） | 整理日期 2026-09,medium
SANGJIAJING-P0062-R-01,SANGJIAJING,62,R,1,發 WI学,tshi²¹ ⁵⁵ li³³ thi²¹ tsɒ t4u³³,tshi21 55 133 th121 tsD t4u33,suspect,0.60,5,早饭 食 这 一 顿,这 一 顿 早 饭,UNKNOWN,扫描 OCR + IPA 锚点版面解析（四行对照） | 整理日期 2026-09,medium
SANGJIAJING-P0062-R-02,SANGJIAJING,62,R,2,Z 3,tho²¹ ne niss,tho21 ne 地 niss,suspect,0.50,2,青松 黄 吃 鸟 嘴,小 松 雀 啄 黄,UNKNOWN,扫描 OCR + IPA 锚点版面解析（四行对照） | 整理日期 2026-09,medium
SANGJIAJING-P0062-R-03,SANGJIAJING,62,R,3,具 tQ 日,a³³ dze li⁰³3 nu³³ he³³,A33 dze 1033 nu33 he33,suspect,0.75,4,丧 家 你 房 处,丧 家 你 房 处,UNKNOWN,扫描 OCR + IPA 锚点版面解析（四行对照） | 整理日期 2026-09,medium
SANGJIAJING-P0063-L-01,SANGJIAJING,63,L,1,包 7 U,,niss du33 tsD33 mp 33 33 ne,failed,0.40,5,娘 家 粮 食 好吃,娘 家 粮 食 香,UNKNOWN,扫描 OCR + IPA 锚点版面解析（四行对照） | 整理日期 2026-09,medium
SANGJIAJING-P0063-L-02,SANGJIAJING,63,L,2,田 7 面 Z,tch²¹ mp dzɒ²¹,tch21 mp dzD21,suspect,0.50,2,不 吃 饭 三 嘴,专 留 三 嘴 饭,UNKNOWN,扫描 OCR + IPA 锚点版面解析（四行对照） | 整理日期 2026-09,medium
SANGJIAJING-P0063-L-03,SANGJIAJING,63,L,3,7 7 2,dzɒ²¹ li³³ si³³ dzɒ²¹ lh³³,"dzp21 1,33 si33 dzp²1 lh33",ok,0.80,5,吃 来 死者 吃 来,吧 死 者 来 吃,UNKNOWN,扫描 OCR + IPA 锚点版面解析（四行对照） | 整理日期 2026-09,medium
SANGJIAJING-P0063-L-04,SANGJIAJING,63,L,4,2ZZ 子,,"1h33 1,33 tsiss tsiss",failed,0.33,3,喝 来 死者 喝 来,死 者 来 喝 吧,UNKNOWN,扫描 OCR + IPA 锚点版面解析（四行对照） | 整理日期 2026-09,medium
SANGJIAJING-P0063-R-01,SANGJIAJING,63,R,1,面 四,zi³³ tce³³ 1p²¹ si²¹ surs,"z,i33 tce33 1p21 si21 sur's",ok,0.80,5,水 清 茶 三 颗,清 水 三 撮 茶,UNKNOWN,扫描 OCR + IPA 锚点版面解析（四行对照） | 整理日期 2026-09,medium
SANGJIAJING-P0063-R-02,SANGJIAJING,63,R,2,清 水 三 撮 茶,,2ZZ ZZZ,failed,0.00,1,h33 ID²1 1h33 tsiss tsiss,喝 来 茶 喝 来,UNKNOWN,扫描 OCR + IPA 锚点版面解析（四行对照） | 整理日期 2026-09,medium
SANGJIAJING-P0063-R-03,SANGJIAJING,63,R,3,2ZZ ZZZ,,h33 ID²1 1h33 tsiss tsiss,failed,0.25,4,喝 来 茶 喝 来,起 来 喝 茶 吧,UNKNOWN,扫描 OCR + IPA 锚点版面解析（四行对照） | 整理日期 2026-09,medium
SANGJIAJING-P0063-R-04,SANGJIAJING,63,R,4,子 發 WI,kɒ³³ li³³ thi²¹ tsɒ³³,kD33 133 th121 tSD33,ok,1.00,4,死 路 这 一 条,路 死 亡 这 条,UNKNOWN,扫描 OCR + IPA 锚点版面解析（四行对照） | 整理日期 2026-09,medium
SANGJIAJING-P0064-L-01,SANGJIAJING,64,L,1,九 田 里,,ZOs ne33 Za's mp 21 D133,failed,0.33,3,让 也 让 不 掉,避 让 开 避 不,UNKNOWN,扫描 OCR + IPA 锚点版面解析（四行对照） | 整理日期 2026-09,medium
SANGJIAJING-P0064-L-02,SANGJIAJING,64,L,2,π 九 田 口,dzi²¹ lu³³ ne³³ mɒ²¹,dzi21 lu33 ne33 mD21,ok,1.00,4,官 也 死 不 愿,帝 臣 虽 不 愿,UNKNOWN,扫描 OCR + IPA 锚点版面解析（四行对照） | 整理日期 2026-09,medium
SANGJIAJING-P0064-R-01,SANGJIAJING,64,R,1,半 九 田 口,mu ⁵⁵ ³³ si³³ ²¹ lu³³ ne mp,mu 55 33 si33 21 lu33 ne mp,suspect,0.67,6,将 也 死 不 愿,将 虽 不 愿 死,UNKNOWN,扫描 OCR + IPA 锚点版面解析（四行对照） | 整理日期 2026-09,medium
SANGJIAJING-P0064-R-02,SANGJIAJING,64,R,2,π 田 IU 必,si³³ th³³ dzi²¹ mɒ²¹ ⁹⁰5 s,si33 th33 dzi21 mD²1 905s,suspect,0.50,6,官 死 不 太 甘,官 不 甘 死 心,UNKNOWN,扫描 OCR + IPA 锚点版面解析（四行对照） | 整理日期 2026-09,medium
SANGJIAJING-P0064-R-03,SANGJIAJING,64,R,3,IM 必 半 田,,mu 55 si33 mp 21 th33 905,failed,0.40,5,将 死 不 太 甘,将 死 心 不 甘,UNKNOWN,扫描 OCR + IPA 锚点版面解析（四行对照） | 整理日期 2026-09,medium
SANGJIAJING-P0064-R-04,SANGJIAJING,64,R,4,不 九 田 口,si³³ ²¹ lu³³ pi³³ ng³³ mp,si33 21 lu33 p133 ng33 mp,suspect,0.50,6,毕摩 也 死 不 愿,毕 死 不 情 愿,UNKNOWN,扫描 OCR + IPA 锚点版面解析（四行对照） | 整理日期 2026-09,medium
SANGJIAJING-P0064-R-05,SANGJIAJING,64,R,5,不 田 必,si³³ th³³ mɒ²¹ qoss,si33 th33 mp21 qoSs,suspect,0.75,4,D13 毕摩 死 不 太 甘,毕 死 心 不 廿,UNKNOWN,扫描 OCR + IPA 锚点版面解析（四行对照） | 整理日期 2026-09,medium
SANGJIAJING-P0065-L-01,SANGJIAJING,65,L,1,Z4 九 田 口,ne ³³ si³³ nu³³ mɒ²¹ lu³³,ne 33 si33 nu33 mp21 lu33,ok,1.00,5,你 也 死 不 愿,你 亦 不 愿 死,UNKNOWN,扫描 OCR + IPA 锚点版面解析（四行对照） | 整理日期 2026-09,medium
SANGJIAJING-P0065-L-02,SANGJIAJING,65,L,2,7严,li³³ si³³ dzp h³³ ⁹⁰⁵⁵,"1,33 si33 dzp h33 9055",suspect,0.50,4,甘 来 死者 吃 来,甘 心 来 吃 吧,UNKNOWN,扫描 OCR + IPA 锚点版面解析（四行对照） | 整理日期 2026-09,medium
SANGJIAJING-P0065-L-03,SANGJIAJING,65,L,3,Z出 2 720 田,bu²¹ nu³³ mp ²¹ dzɒ²¹,bu²1 nu33 mp 21 dzD21,suspect,0.75,4,你 只 独 不 有,并 非 你 独 死,UNKNOWN,扫描 OCR + IPA 锚点版面解析（四行对照） | 整理日期 2026-09,medium
SANGJIAJING-P0065-R-01,SANGJIAJING,65,R,1,光 世 专 Z4,kho²¹ si³³ ɛelg nu³³,kho21 si33 Eelg nu33,suspect,0.67,3,柯 兴 诗 斯 奴,柯 兴 诗 斯 奴,UNKNOWN,扫描 OCR + IPA 锚点版面解析（四行对照） | 整理日期 2026-09,medium
SANGJIAJING-P0065-R-02,SANGJIAJING,65,R,2,目 田,ob md ⁴⁴ to mp ²¹,ob md 44 t$o mp 21,ok,1.00,2,回 返 在 不 真,不 会 再 回 生,UNKNOWN,扫描 OCR + IPA 锚点版面解析（四行对照） | 整理日期 2026-09,medium
SANGJIAJING-P0067-L-01,SANGJIAJING,67,L,1,电北电田发,dur²¹ dad dur²¹ mu,dur²1 dad dur²1 mu,suspect,0.67,3,断正不 做,裁布不为 别,UNKNOWN,扫描 OCR + IPA 锚点版面解析（四行对照） | 整理日期 2026-09,medium
SANGJIAJING-P0067-L-02,SANGJIAJING,67,L,2,电北,le³³ h³³ dur²¹ da⁴⁴ lɒ²¹ pɒ,"le33 h33 dur²1 da44 lD21 p""D",ok,0.83,6,断 牛 脖布,裁作牛脖绳,UNKNOWN,扫描 OCR + IPA 锚点版面解析（四行对照） | 整理日期 2026-09,medium
SANGJIAJING-P0067-L-03,SANGJIAJING,67,L,3,裁作牛脖绳,1p²¹ qe³¹ te³³ yo³¹ dlu³³,1p21 qe31 te33 yo31 dlu33,ok,0.80,5,牛 赶云 际 人,赶牛人云 山,UNKNOWN,扫描 OCR + IPA 锚点版面解析（四行对照） | 整理日期 2026-09,medium
SANGJIAJING-P0067-R-01,SANGJIAJING,67,R,1,四麦,,te33 q031 te33 t$033 t$033,failed,0.40,5,云 还 云 处转,牛在云中转,UNKNOWN,扫描 OCR + IPA 锚点版面解析（四行对照） | 整理日期 2026-09,medium
SANGJIAJING-P0067-R-02,SANGJIAJING,67,R,2,IU 子 C WI 子,th²¹ si³³ thi²¹ 1ɒ³³,th21 si33 th121 1D33,suspect,0.50,4,一 样 啊 一 样,事 有 序 一 一,UNKNOWN,扫描 OCR + IPA 锚点版面解析（四行对照） | 整理日期 2026-09,medium
SANGJIAJING-P0067-R-03,SANGJIAJING,67,R,3,命 九,th²¹ si³³ ⁰³3 ni⁴⁴ ne³³,th21 si33 $033 ni44 ne33,suspect,0.60,5,一 样诵 想 也,心 存诵 一 经,UNKNOWN,扫描 OCR + IPA 锚点版面解析（四行对照） | 整理日期 2026-09,medium
SANGJIAJING-P0068-L-01,SANGJIAJING,68,L,1,7 70 -二 田7=,si⁴⁴ tshi²¹ ²¹ h³³ ⁹⁰³³ mbau,"si44 tshi21 21h.33 9033 m,b.,au",suspect,0.50,6,木 腐 雷 不搭,腐 柴 不 堆 里,UNKNOWN,扫描 OCR + IPA 锚点版面解析（四行对照） | 整理日期 2026-09,medium
SANGJIAJING-P0068-L-02,SANGJIAJING,68,L,2,? 70 又 3=,tshi²¹ li⁰³3 ob ³³ tɒss tɒss,tshi21 1033 ob 33 tDss tDss,suspect,0.75,4,石 腐 里 搁 搁,旧 石 中 里② 置,UNKNOWN,扫描 OCR + IPA 锚点版面解析（四行对照） | 整理日期 2026-09,medium
SANGJIAJING-P0068-R-01,SANGJIAJING,68,R,1,,li³³ mu³³ tche4 tɒss,133 mu33tche4 tDss,suspect,0.67,3,亡者 来 做 村 搁,亡 者 停 村 中,UNKNOWN,扫描 OCR + IPA 锚点版面解析（四行对照） | 整理日期 2026-09,medium
SANGJIAJING-P0068-R-02,SANGJIAJING,68,R,2,?,dlɒ²¹ li0 4 tsh³³ bu³³,dlD21 10 4 tsh;33 bu33,suspect,0.67,3,蜂 聚 石 脚 拢,群 蜂 聚 岩 壁,UNKNOWN,扫描 OCR + IPA 锚点版面解析（四行对照） | 整理日期 2026-09,medium
SANGJIAJING-P0068-R-03,SANGJIAJING,68,R,3,子 企,tshi²¹ su ³³ mu²¹ li²¹ mi³³,tshi21 su 33 mu²1 121 m133,ok,1.00,5,户 夜 天 今 晚,今 值奠 吊 夜,UNKNOWN,扫描 OCR + IPA 锚点版面解析（四行对照） | 整理日期 2026-09,medium
SANGJIAJING-P0068-R-04,SANGJIAJING,68,R,4,口,te³³ pe³¹ dze⁴⁴ le³¹ li⁰³3,te33 pe31 dze44 le31 1033,ok,1.00,5,屋檐 滴 手 处,排 雨 屋 檐 下,UNKNOWN,扫描 OCR + IPA 锚点版面解析（四行对照） | 整理日期 2026-09,medium
SANGJIAJING-P0068-R-05,SANGJIAJING,68,R,5,A 3=,,"tsD33 4u33 tsp""",failed,0.33,3,饭 冏白 饭 尖 尖,白饭 堆 觀 尖,UNKNOWN,扫描 OCR + IPA 锚点版面解析（四行对照） | 整理日期 2026-09,medium
SANGJIAJING-P0069-L-01,SANGJIAJING,69,L,1,封3,,ni33 dl1y31 OPO,failed,0.33,3,蹲 坐 蹲利落利落,丧客 蹲人席,UNKNOWN,扫描 OCR + IPA 锚点版面解析（四行对照） | 整理日期 2026-09,medium
SANGJIAJING-P0069-L-02,SANGJIAJING,69,L,2,开 700 开 3=,si²¹ be⁴⁴ be⁴⁴ de²¹ de²¹,si21 be44 be44 de21 de21,ok,1.00,5,说 七 说 款 款,话题杂 七 八,UNKNOWN,扫描 OCR + IPA 锚点版面解析（四行对照） | 整理日期 2026-09,medium
SANGJIAJING-P0069-L-03,SANGJIAJING,69,L,3,D 3=,sɒ²¹ tche³³ dzu³³ no²¹ no²¹,SD²1 tche3dzu33 no21 no²1,ok,1.00,5,美文 线齐 整 整,经书 摆 端 齐,UNKNOWN,扫描 OCR + IPA 锚点版面解析（四行对照） | 整理日期 2026-09,medium
SANGJIAJING-P0069-L-04,SANGJIAJING,69,L,4,Dz2 北7,,"ni21 hn33 le31 p""D da44 dzp",failed,0.40,5,彝手 布 裁 不齐,彝人扯布斜,UNKNOWN,扫描 OCR + IPA 锚点版面解析（四行对照） | 整理日期 2026-09,medium
SANGJIAJING-P0069-R-01,SANGJIAJING,69,R,1,,le³¹ bu²¹ ecmqɒp,le31 bu²1 ecmqDp,suspect,0.67,3,汉 手绸 断截,汉 人裁绸齐,UNKNOWN,扫描 OCR + IPA 锚点版面解析（四行对照） | 整理日期 2026-09,medium
SANGJIAJING-P0069-R-02,SANGJIAJING,69,R,2,田 # 田#发,,mu3 mp 21 ts133 mp² ts133 33,failed,0.40,5,不 剩 不 剩 做,心 想莫 剩 遗,UNKNOWN,扫描 OCR + IPA 锚点版面解析（四行对照） | 整理日期 2026-09,medium
SANGJIAJING-P0069-R-03,SANGJIAJING,69,R,3,WI 17开 #,tsu ⁵⁵ thi²¹ dzi²¹ ³³ a tsi³³,"ts""u 55 th121 dz,i21 33 a ts133",suspect,0.60,5,晚饭 喂 一 章 剩,遗 喂 饭 一 章,UNKNOWN,扫描 OCR + IPA 锚点版面解析（四行对照） | 整理日期 2026-09,medium
SANGJIAJING-P0069-R-04,SANGJIAJING,69,R,4,分 7,,33 tsi33 to55 yD ZO 44 mp 33,failed,0.40,5,夺 敖若 知 玛,夺 敖若知 玛③,UNKNOWN,扫描 OCR + IPA 锚点版面解析（四行对照） | 整理日期 2026-09,medium
SANGJIAJING-P0070-L-01,SANGJIAJING,70,L,1,科每住万,li²⁴ me ⁴⁴ tsi³³ khi³³,124 me 44 tsi33 kh133,ok,1.00,4,美 的 缔 那 时,缔 结 婚 姻 时,UNKNOWN,扫描 OCR + IPA 锚点版面解析（四行对照） | 整理日期 2026-09,medium
SANGJIAJING-P0070-L-02,SANGJIAJING,70,L,2,九 Az,q⁰²1 nu³³ ne³³ mu³³,q021 nu3 ne33 mu33,suspect,0.75,4,你 也 顺 播 做,你 亦 去 播 香种,UNKNOWN,扫描 OCR + IPA 锚点版面解析（四行对照） | 整理日期 2026-09,medium
SANGJIAJING-P0070-L-03,SANGJIAJING,70,L,3,Z: 九 3 Z 每,,si33 33 33 ne SD duss,failed,0.25,4,别人 也 舒 耕 做,别 人 耕 耘 时,UNKNOWN,扫描 OCR + IPA 锚点版面解析（四行对照） | 整理日期 2026-09,medium
SANGJIAJING-P0070-R-01,SANGJIAJING,70,R,1,Z 无7开0每,si³³ ne³³ t tshi³³ tshi²¹ mu³³,si33 ne3 t tshi33 tshi21 mu33,ok,1.00,5,别人 也婚 做,别 人男 媳,UNKNOWN,扫描 OCR + IPA 锚点版面解析（四行对照） | 整理日期 2026-09,medium
SANGJIAJING-P0070-R-02,SANGJIAJING,70,R,2,九70,ne tsh²¹ nu³³ tsh³³ mu ³³,ne tsh21 nu33 tsh;33 mu 33,suspect,0.75,4,你 也女 婚 做,你 亦 男 媳,UNKNOWN,扫描 OCR + IPA 锚点版面解析（四行对照） | 整理日期 2026-09,medium
SANGJIAJING-P0070-R-03,SANGJIAJING,70,R,3,Z 每,si³³ ne ³³ tsiss mu³³ nurs,si33 ne 33 tsiss mu3 nur's,suspect,0.75,4,别人 也 女 嫁 做,别 人 女 出 嫁,UNKNOWN,扫描 OCR + IPA 锚点版面解析（四行对照） | 整理日期 2026-09,medium
SANGJIAJING-P0071-L-01,SANGJIAJING,71,L,1,勿 Z,kuss dzi1 nɒ³³ si³³,kuss dzi1 nD3 si33,suspect,0.50,2,格 资 病 神 申放,疫 格 资 投 病,UNKNOWN,扫描 OCR + IPA 锚点版面解析（四行对照） | 整理日期 2026-09,medium
SANGJIAJING-P0071-L-02,SANGJIAJING,71,L,2,子 Z Z社 口,si³³ nu³³ li⁰³3 ɔss,si33 nu33 1033 $OSS,ok,1.00,4,死 神 你 处 获,死 神 落 你 身,UNKNOWN,扫描 OCR + IPA 锚点版面解析（四行对照） | 整理日期 2026-09,medium
SANGJIAJING-P0071-L-03,SANGJIAJING,71,L,3,死 神 落 你 身,,W Z 3 to 日,failed,0.00,1,luuss V133 $i33 he33 1033,勒 娓 诗 罕 处,UNKNOWN,扫描 OCR + IPA 锚点版面解析（四行对照） | 整理日期 2026-09,medium
SANGJIAJING-P0071-L-04,SANGJIAJING,71,L,4,W Z 3 to 日,luuss ʊli³³ i³³ he³³ li⁰³3,luuss V133 $i33 he33 1033,suspect,0.75,4,勒 娓 诗 罕 处,勒 娓 诗 罕 处,UNKNOWN,扫描 OCR + IPA 锚点版面解析（四行对照） | 整理日期 2026-09,medium
SANGJIAJING-P0071-L-05,SANGJIAJING,71,L,5,勒 娓 诗 罕 处,tch³³ ze ³¹ nu³³ tɒss,"tch33 ze 31 nu33 tD,ss",suspect,0.75,4,奠 吊 你 请 搁,你聚奠吊客,UNKNOWN,扫描 OCR + IPA 锚点版面解析（四行对照） | 整理日期 2026-09,medium
SANGJIAJING-P0071-R-01,SANGJIAJING,71,R,1,# 子,³³ tsiss dlɒ³³ mu²¹ tsu e,33 tsiss dlp33 mu²1 tsu e,suspect,0.50,4,露 降 天光 斜,露 降 黄昏 时,UNKNOWN,扫描 OCR + IPA 锚点版面解析（四行对照） | 整理日期 2026-09,medium
SANGJIAJING-P0071-R-02,SANGJIAJING,71,R,2,雨,tɒ²¹ 0li³³ dlɒ³³ 4 pu³³,tp21 0133 dlp33 4 pu33,suspect,0.50,4,霜 降 鸡 蹄 时,鸡 霜 时 降,UNKNOWN,扫描 OCR + IPA 锚点版面解析（四行对照） | 整理日期 2026-09,medium
SANGJIAJING-P0071-R-03,SANGJIAJING,71,R,3,7 7:,mess thb²¹ a²¹ a²¹ mess,mess thb21 A21 A21 mess,ok,1.00,4,自 己 时 自 己,各 物 有 各 时,UNKNOWN,扫描 OCR + IPA 锚点版面解析（四行对照） | 整理日期 2026-09,medium
SANGJIAJING-P0071-R-04,SANGJIAJING,71,R,4,效 闲,li³³ thɒ2lt tsur thɒ²¹ tsɒ,"133 thD²lt ts""ur thD21 tSD",suspect,0.67,3,这 时 晚饭 喂 时,现 下 喂 饭 时,UNKNOWN,扫描 OCR + IPA 锚点版面解析（四行对照） | 整理日期 2026-09,medium
SANGJIAJING-P0071-R-05,SANGJIAJING,71,R,5,目,,"0.55 tsh;33 ts""u h.33 33",failed,0.25,4,晚饭 转 亡者 头 到,饭 至 亡者头,UNKNOWN,扫描 OCR + IPA 锚点版面解析（四行对照） | 整理日期 2026-09,medium
SANGJIAJING-P0072-L-01,SANGJIAJING,72,L,1,民 田,,si33 055 21 bp33 mD lur33,failed,0.40,5,亡者 头 光 不 亮,亡 者 头 无 光,UNKNOWN,扫描 OCR + IPA 锚点版面解析（四行对照） | 整理日期 2026-09,medium
SANGJIAJING-P0072-L-02,SANGJIAJING,72,L,2,目 子,tsu³³ li⁵⁰³³ i³³ dz⁰³1 tsh³³,tsu33 15033 $i33 dz.031 tsh:33,suspect,0.60,5,晚饭 转 亡者 腰 到,腰 饭 至 亡 者,UNKNOWN,扫描 OCR + IPA 锚点版面解析（四行对照） | 整理日期 2026-09,medium
SANGJIAJING-P0072-L-03,SANGJIAJING,72,L,3,子 田,,"dz.031 th,33 mp 133",failed,0.33,3,亡者 动 腰 际 不,亡 者 腰 不 动,UNKNOWN,扫描 OCR + IPA 锚点版面解析（四行对照） | 整理日期 2026-09,medium
SANGJIAJING-P0072-L-04,SANGJIAJING,72,L,4,目 子 7:,,ID33 tsh;33 t$033 mg33,failed,0.25,4,转 了 亡者 尾 到,转 至 亡 者 脚,UNKNOWN,扫描 OCR + IPA 锚点版面解析（四行对照） | 整理日期 2026-09,medium
SANGJIAJING-P0072-R-01,SANGJIAJING,72,R,1,田 G,,"kh,33 nu33 go 44 mp 21 2033",failed,0.40,5,你 它 怕 不 要,你 不 怕 要 它,UNKNOWN,扫描 OCR + IPA 锚点版面解析（四行对照） | 整理日期 2026-09,medium
SANGJIAJING-P0072-R-02,SANGJIAJING,72,R,2,众 分,,dz1 33 21 qe44 33 1e84 ZD nb,failed,0.33,6,额 津 绕 凯 我,额 津 绕 凯 我,UNKNOWN,扫描 OCR + IPA 锚点版面解析（四行对照） | 整理日期 2026-09,medium
SANGJIAJING-P0072-R-03,SANGJIAJING,72,R,3,分 与,qhe⁴⁴ ²¹ ni²¹ dzi²¹ zɒ²¹ np,qhe44 21 ni21 dzi21 ZD21 np,suspect,0.67,6,儿 强 我们 二 位,强 者 我 们 俩,UNKNOWN,扫描 OCR + IPA 锚点版面解析（四行对照） | 整理日期 2026-09,medium
SANGJIAJING-P0073-L-01,SANGJIAJING,73,L,1,G 不,pɒ³³ si²¹ ɒɒ²¹ mu ³³ zɔss,pD33 S121 DD²1 mu 33 ZOSS,ok,1.00,5,我们 脱 做 要 还,需 要 脱 身 邪,UNKNOWN,扫描 OCR + IPA 锚点版面解析（四行对照） | 整理日期 2026-09,medium
SANGJIAJING-P0073-L-02,SANGJIAJING,73,L,2,台 口 ?,q⁰⁴4 ⁰⁵5 li⁰³3 li⁰⁴4 pɒ h³³,"q044 0.55 1033 10.44 p""D h33",suspect,0.60,5,头 处 帽 子 脱,头 上 脱 帽 邪,UNKNOWN,扫描 OCR + IPA 锚点版面解析（四行对照） | 整理日期 2026-09,medium
SANGJIAJING-P0073-L-03,SANGJIAJING,73,L,3,光 面,,tsh;33 1i44 bu31 dy31 enu,failed,0.20,5,缎 穿 脚 你 跨,穿 缎 鞋 迈 脚,UNKNOWN,扫描 OCR + IPA 锚点版面解析（四行对照） | 整理日期 2026-09,medium
SANGJIAJING-P0073-L-04,SANGJIAJING,73,L,4,女z 子 焱,du²¹ nu ³³ mu2 4y⁵⁵,du21 nu 33 mu² 4y55,suspect,0.67,3,袜 穿 你 天 晒,穿袜 你 炫 耀,UNKNOWN,扫描 OCR + IPA 锚点版面解析（四行对照） | 整理日期 2026-09,medium
SANGJIAJING-P0073-R-01,SANGJIAJING,73,R,1,飞 口,p2ɒ³³ pɒ³³ yo ³¹ li⁰³3,p²D33 pD33 yo 31 1033,suspect,0.75,4,我们 脱 身 处 脱,脱 我 身 上 邪,UNKNOWN,扫描 OCR + IPA 锚点版面解析（四行对照） | 整理日期 2026-09,medium
SANGJIAJING-P0073-R-02,SANGJIAJING,73,R,2,乱 日,³³ phɒ³³ le³¹ li⁰³3 p2p³³ np,33 phD3 le31 1033 p²p33 np,suspect,0.50,6,我们 脱 手 处 脱,脱 邪 至 手 上,UNKNOWN,扫描 OCR + IPA 锚点版面解析（四行对照） | 整理日期 2026-09,medium
SANGJIAJING-P0073-R-03,SANGJIAJING,73,R,3,日 2 46,³³ h³³ le³¹ li⁰³3 lu²¹ yɒ pɒ,"33 h33 le31 1033 lu21 YD p""D",suspect,0.50,6,手 处 重 骨 脱,手 臂 臂 骨 邪,UNKNOWN,扫描 OCR + IPA 锚点版面解析（四行对照） | 整理日期 2026-09,medium
SANGJIAJING-P0074-L-01,SANGJIAJING,74,L,1,每日 光 区,dz⁰³1 li⁰³3 re p mi²¹ pɒ h³³,"dz.031 1033 re&p m121 p""D h33",suspect,0.50,4,腰 处 佩 刀 脱,脱 去 佩 邪 刀,UNKNOWN,扫描 OCR + IPA 锚点版面解析（四行对照） | 整理日期 2026-09,medium
SANGJIAJING-P0074-L-02,SANGJIAJING,74,L,2,OX 日,,"33 p""D h33 tsiss 1033 p""p h33 np",failed,0.20,5,我们 脱 关节 处 脱,脱 邪 至 关 节,UNKNOWN,扫描 OCR + IPA 锚点版面解析（四行对照） | 整理日期 2026-09,medium
SANGJIAJING-P0074-L-03,SANGJIAJING,74,L,3,oX 日,,tsis 1033 bp21 44 pD33 $06,failed,0.40,5,关节 处 脸 花 脱,脱 花 脸 邪 牲,UNKNOWN,扫描 OCR + IPA 锚点版面解析（四行对照） | 整理日期 2026-09,medium
SANGJIAJING-P0074-L-04,SANGJIAJING,74,L,4,日,,"h33 tsh33 h33 np 21 p""b"" 1033 p""D",failed,0.33,6,我们 脱 脚 处 脱,脱 邪 至 脚 板,UNKNOWN,扫描 OCR + IPA 锚点版面解析（四行对照） | 整理日期 2026-09,medium
SANGJIAJING-P0074-L-05,SANGJIAJING,74,L,5,N. Z4 日,tshi³³ li⁰³3 du²¹ ny4 phɒ³³,tshi33 1033 du²1 ny4 phD33,suspect,0.75,4,脚 处 袜 鞋 脱,脱去 圭邪 袜 鞋,UNKNOWN,扫描 OCR + IPA 锚点版面解析（四行对照） | 整理日期 2026-09,medium
SANGJIAJING-P0074-R-01,SANGJIAJING,74,R,1,&3=,,du21 adxu 44 h33 mb 33 mb 33,failed,0.20,5,袜 鞋 脱 完 完,袜 鞋 邪 脱 尽,UNKNOWN,扫描 OCR + IPA 锚点版面解析（四行对照） | 整理日期 2026-09,medium
SANGJIAJING-P0074-R-02,SANGJIAJING,74,R,2,众 勿 飞④,yy³¹ rzp zɒ ²¹ qhe⁴⁴ np ³³,yy31 rzp ZD 21 qhe44 np 33,suspect,0.50,4,额 津 绕 凯 我,额 津 绕 凯 我,UNKNOWN,扫描 OCR + IPA 锚点版面解析（四行对照） | 整理日期 2026-09,medium
SANGJIAJING-P0074-R-03,SANGJIAJING,74,R,3,与 π,qhe⁴⁴ ²¹ ni²¹ dzi³¹ nɒ,qhe44 21 ni²1 dzi31 nD,ok,0.80,5,儿 强 我们 二 人,强 毕 摩 我 俩,UNKNOWN,扫描 OCR + IPA 锚点版面解析（四行对照） | 整理日期 2026-09,medium
SANGJIAJING-P0075-L-01,SANGJIAJING,75,L,1,WI 众,thi²¹ tsh⁰⁴4 tsɒ³³ ⁴⁸³³,th121 tsh044 tsD33 4833,suspect,0.50,4,条 伸 林 着,条 缠 树 木 一,UNKNOWN,扫描 OCR + IPA 锚点版面解析（四行对照） | 整理日期 2026-09,medium
SANGJIAJING-P0075-L-02,SANGJIAJING,75,L,2,飞 特 Z 全,,niss ni21 xw ms 21 $D 33,failed,0.33,3,二 次 尼 爪 找,二 次 找 尼 爪,UNKNOWN,扫描 OCR + IPA 锚点版面解析（四行对照） | 整理日期 2026-09,medium
SANGJIAJING-P0075-L-03,SANGJIAJING,75,L,3,Z 分 米 分,,np 55 1pss be21 ZD21,failed,0.33,3,尼 儿 虎 儿 斗,尼 与 老 虎 斗,UNKNOWN,扫描 OCR + IPA 锚点版面解析（四行对照） | 整理日期 2026-09,medium
SANGJIAJING-P0075-L-04,SANGJIAJING,75,L,4,Z,niss bg²¹ si³³ dze4 dze⁴⁴,niss bg21 si33 dze4 dze44,suspect,0.67,3,尼 斗 血 滴 滴,血滴 滴 尼 斗,UNKNOWN,扫描 OCR + IPA 锚点版面解析（四行对照） | 整理日期 2026-09,medium
SANGJIAJING-P0075-R-01,SANGJIAJING,75,R,1,Z 九,,ni1 th21 33 xur²1 zu ne33,failed,0.25,4,二 次 一 捉 也,二 次 捉 一 只,UNKNOWN,扫描 OCR + IPA 锚点版面解析（四行对照） | 整理日期 2026-09,medium
SANGJIAJING-P0075-R-02,SANGJIAJING,75,R,2,分 WI 茶 每,qhe³³ th²¹ 2u³³ mu³³,qhe33 th21 2u3 mu33,suspect,0.50,4,儿 强 一 捉 做,毕 摩 捉 一 只,UNKNOWN,扫描 OCR + IPA 锚点版面解析（四行对照） | 整理日期 2026-09,medium
SANGJIAJING-P0075-R-03,SANGJIAJING,75,R,3,IM 签 众,th²¹ pu³³ tsh⁰⁴4 tɒ³³ dzi²¹,th21 pu3 tsh044 t$D33 dzi21,suspect,0.60,5,一 条 伸 山着,一 条 爬 山 坡,UNKNOWN,扫描 OCR + IPA 锚点版面解析（四行对照） | 整理日期 2026-09,medium
SANGJIAJING-P0075-R-04,SANGJIAJING,75,R,4,面 全,ni²¹ siss ms ²¹ as ³³,ni21 siss ms 21 as 33,ok,1.00,3,二 次 野鸡 爪 找,找 鸡 爪 二 野,UNKNOWN,扫描 OCR + IPA 锚点版面解析（四行对照） | 整理日期 2026-09,medium
SANGJIAJING-P0076-L-01,SANGJIAJING,76,L,1,面,,21 qe44 ZD tless ms SD 33,failed,0.33,3,儿 强 鹰 爪 找,毕 爪 摩 找 鹰,UNKNOWN,扫描 OCR + IPA 锚点版面解析（四行对照） | 整理日期 2026-09,medium
SANGJIAJING-P0076-L-02,SANGJIAJING,76,L,2,分,si⁵⁵ t4ess zɒ²¹ be²¹ zɒ²¹,si55 t4ess ZD21 be21 ZD21,suspect,0.75,4,野鸡 儿 鹰 儿 斗,野 鸡 与 鹰 斗,UNKNOWN,扫描 OCR + IPA 锚点版面解析（四行对照） | 整理日期 2026-09,medium
SANGJIAJING-P0076-L-03,SANGJIAJING,76,L,3,勾 3=,,siss be2i no 44 bg33 be33,failed,0.33,3,野鸡 卡 毛 吡 此,野 鸡 毛 零 乱,UNKNOWN,扫描 OCR + IPA 锚点版面解析（四行对照） | 整理日期 2026-09,medium
SANGJIAJING-P0076-L-04,SANGJIAJING,76,L,4,荟 面 Az 3=,,tless be21 s 21,failed,0.00,2,鹰 斗 爪 全 全,鹰 斗 无 损 爪,UNKNOWN,扫描 OCR + IPA 锚点版面解析（四行对照） | 整理日期 2026-09,medium
SANGJIAJING-P0076-L-05,SANGJIAJING,76,L,5,与 与 九,ni²¹ mx ni²¹ zu³³ ne³³,ni21 mx ni²1 Zu33 ne33,ok,1.00,4,二 次 二 捉 也,二 次 捉 二 只,UNKNOWN,扫描 OCR + IPA 锚点版面解析（四行对照） | 整理日期 2026-09,medium
SANGJIAJING-P0076-R-01,SANGJIAJING,76,R,1,与 茶,qe⁴⁴ zɒ ²¹ ni²¹ ²¹,qe44 ZD 21 ni21 21,suspect,0.75,4,儿 强 二 捉 大,毕 摩 捉 只 二,UNKNOWN,扫描 OCR + IPA 锚点版面解析（四行对照） | 整理日期 2026-09,medium
SANGJIAJING-P0076-R-02,SANGJIAJING,76,R,2,益开,th²¹ dzi²¹ xu⁴⁴ tsh⁰⁴4 tsɒ³³,th21 dzi21 xu44 tsh044 tsD33,suspect,0.60,5,一 条 跳 湖 着,条 伸 进 湖,UNKNOWN,扫描 OCR + IPA 锚点版面解析（四行对照） | 整理日期 2026-09,medium
SANGJIAJING-P0076-R-03,SANGJIAJING,76,R,3,分,zɒ²¹ qe⁴⁴ ms su ²¹,ZD21 qe44 ms su 21,ok,1.00,3,儿 强 獭 爪 找,毕 摩 找 獭 爪,UNKNOWN,扫描 OCR + IPA 锚点版面解析（四行对照） | 整理日期 2026-09,medium
SANGJIAJING-P0077-L-01,SANGJIAJING,77,L,1,分 分,ho³³ zɒ²¹ ms ³³ zɒ²¹ be²¹,ho33 ZD21 ms 33 ZD21 be21,ok,0.80,5,霍 儿 獭 儿 斗,霍 与 水 獭 斗,UNKNOWN,扫描 OCR + IPA 锚点版面解析（四行对照） | 整理日期 2026-09,medium
SANGJIAJING-P0077-L-02,SANGJIAJING,77,L,2,Z,ho³³ be²¹ si⁵⁵ dze4 dze⁴⁴,ho33 be21 si55 dze4 dze44,suspect,0.75,4,霍 斗 血 滴滴,霍 斗 血 淋 淋,UNKNOWN,扫描 OCR + IPA 锚点版面解析（四行对照） | 整理日期 2026-09,medium
SANGJIAJING-P0077-L-03,SANGJIAJING,77,L,3,刀,ms be²¹ zi³³ the⁴⁴ pu³³,ms be21 z.133 the44 pu33,ok,1.00,4,獭 斗 水 上 浮,獭 斗 水 上 浮,UNKNOWN,扫描 OCR + IPA 锚点版面解析（四行对照） | 整理日期 2026-09,medium
SANGJIAJING-P0077-L-04,SANGJIAJING,77,L,4,与 不 九,,ni21 33 ms SD ne,failed,0.33,3,二 次 爪 找 也,二 次 找 利 爪,UNKNOWN,扫描 OCR + IPA 锚点版面解析（四行对照） | 整理日期 2026-09,medium
SANGJIAJING-P0077-L-05,SANGJIAJING,77,L,5,分 面 茶,zɒ²¹ qe⁴⁴ ms ²¹ zu ³³ ³³,ZD21 qe44 ms 21 Zu 33 33,suspect,0.60,5,儿 强 爪 拿 大,毕 摩 之 爪 利,UNKNOWN,扫描 OCR + IPA 锚点版面解析（四行对照） | 整理日期 2026-09,medium
SANGJIAJING-P0077-R-01,SANGJIAJING,77,R,1,与,ni²¹ qhɒ³³ qe⁴⁴ xu²¹ qɒ³³,ni21 qhD33 qe44 xu²1 qD33,ok,1.00,5,二 次 怎 怎 强,对 手 再 强 大,UNKNOWN,扫描 OCR + IPA 锚点版面解析（四行对照） | 整理日期 2026-09,medium
SANGJIAJING-P0077-R-02,SANGJIAJING,77,R,2,与 不乘刀开,ni²¹ xu²¹ ku³³ the4 dzi²¹,ni21 xu²1 ku33 the4 dzi21,suspect,0.75,4,着 二 次 身际,二 次 伤它 身,UNKNOWN,扫描 OCR + IPA 锚点版面解析（四行对照） | 整理日期 2026-09,medium
SANGJIAJING-P0077-R-03,SANGJIAJING,77,R,3,众 飞④,,q²e44 33 y821 ZD np,failed,0.25,4,额 津 绕 凯 我,额 津 绕 凯 我,UNKNOWN,扫描 OCR + IPA 锚点版面解析（四行对照） | 整理日期 2026-09,medium
SANGJIAJING-P0077-R-04,SANGJIAJING,77,R,4,7开 住 N 品,ʊe²¹ le³¹ dzi²¹ tsi³³ the³¹,"Ve21 le31 dz,i21 tsi33 the31",ok,0.80,5,左 手 铜 锣 拾,左 手抬 铜 锣,UNKNOWN,扫描 OCR + IPA 锚点版面解析（四行对照） | 整理日期 2026-09,medium
SANGJIAJING-P0078-L-01,SANGJIAJING,78,L,1,号 74,ʊli³³ zɒ ³³ le³¹ de²¹ pu³³,V133 ZD 33 le31 de21 pu33,ok,0.80,5,右 手 打 捧 拿,右 手 举 锣 槌,UNKNOWN,扫描 OCR + IPA 锚点版面解析（四行对照） | 整理日期 2026-09,medium
SANGJIAJING-P0078-L-02,SANGJIAJING,78,L,2,住 不 开 7科 与,,tsi33 de2i ni21 mx dzj2,failed,0.33,3,锣 打 二 次 奉,二 次 敲 锣 奉,UNKNOWN,扫描 OCR + IPA 锚点版面解析（四行对照） | 整理日期 2026-09,medium
SANGJIAJING-P0078-L-03,SANGJIAJING,78,L,3,3= 与 不开,dy³¹ ni²¹ xu²¹ dzi²¹,"dy31 ni²1 xu²1 dz,i21",suspect,0.75,4,咚 咚 二 次 奉,咚 咚 锣 声 奉,UNKNOWN,扫描 OCR + IPA 锚点版面解析（四行对照） | 整理日期 2026-09,medium
SANGJIAJING-P0078-L-04,SANGJIAJING,78,L,4,A,h³³ zɒpɒ ³³ zɒ ³³ li⁰³3 do²¹,"h33 zD""p""D” 33 ZD 33 1033 do21",suspect,0.60,5,左 逃 左 处 掉,左 邪 逃 左 方,UNKNOWN,扫描 OCR + IPA 锚点版面解析（四行对照） | 整理日期 2026-09,medium
SANGJIAJING-P0078-L-05,SANGJIAJING,78,L,5,号 号 日,ʊe²¹ phɒ³³ ʊe²¹ li⁰³3 xɒ³³,Ve21 phD33 Ve21 1033 XD33,suspect,0.60,5,右 逃 右 处 掉,方 右 邪 逃 右,UNKNOWN,扫描 OCR + IPA 锚点版面解析（四行对照） | 整理日期 2026-09,medium
SANGJIAJING-P0078-R-01,SANGJIAJING,78,R,1,与 不开,ni²¹ mx dzi²¹ qw ³³ sɒ²¹,ni21 mx dzi21 qw 33 SD21,suspect,0.75,4,二 次 奉 完 了,奉 完 二 次 锣,UNKNOWN,扫描 OCR + IPA 锚点版面解析（四行对照） | 整理日期 2026-09,medium
SANGJIAJING-P0078-R-02,SANGJIAJING,78,R,2,民 九,si³³ ⁰⁵5 bɒ³³ 3u ³³ lur³³,si33 055 bD3 3u 33 lur33,suspect,0.60,5,死 头 亮 也 明,亡 者头 明 亮,UNKNOWN,扫描 OCR + IPA 锚点版面解析（四行对照） | 整理日期 2026-09,medium
SANGJIAJING-P0078-R-03,SANGJIAJING,78,R,3,九 2,,si33 dz.031 th33 133 ng33,failed,0.40,5,死 腰 际 也 来,亡 者 腰 板 直,UNKNOWN,扫描 OCR + IPA 锚点版面解析（四行对照） | 整理日期 2026-09,medium
SANGJIAJING-P0078-R-04,SANGJIAJING,78,R,4,7: 九 ：,si³³ tche1 ³³ mess ne³³,si33 tche1 33 mess ne33,suspect,0.67,3,死 尾 也 线 顺,亡 者 尾 毛 顺,UNKNOWN,扫描 OCR + IPA 锚点版面解析（四行对照） | 整理日期 2026-09,medium
SANGJIAJING-P0078-R-05,SANGJIAJING,78,R,5,年 岁年,kɒ³³ li³³ tsw kɒ³³ 1h³³,"kD33 1,33 ts""w”” kD33 1h33",suspect,0.75,4,参 来 晚饭 参 来,晚餐席 来 人,UNKNOWN,扫描 OCR + IPA 锚点版面解析（四行对照） | 整理日期 2026-09,medium
SANGJIAJING-P0079-L-01,SANGJIAJING,79,L,1,年,kɒ³³ li³³ tsiss kɒ³³ 1y³³,kD33 lr33 tsiss kD33 1y33,suspect,0.50,4,参 来 碰 参 来,人 席 与 众 聚,UNKNOWN,扫描 OCR + IPA 锚点版面解析（四行对照） | 整理日期 2026-09,medium
SANGJIAJING-P0079-L-02,SANGJIAJING,79,L,2,人 席 与 众 聚,nu³³ le³¹ tsɒ ³³ sw ⁵⁵ tchi²¹,nu33 le31 tsD 33 sw 55 tch121,ok,0.80,5,女 手 饭 三 口,女 捧 三 口 饭,UNKNOWN,扫描 OCR + IPA 锚点版面解析（四行对照） | 整理日期 2026-09,medium
SANGJIAJING-P0079-L-03,SANGJIAJING,79,L,3,4,³³ hɒ³³ 1o²¹ sɔs mp,33 hp33 1o21 SOs mp,suspect,0.50,4,郝 罗 硕 因 玛,郝 罗 硕 因 玛 ⑧,UNKNOWN,扫描 OCR + IPA 锚点版面解析（四行对照） | 整理日期 2026-09,medium
SANGJIAJING-P0079-R-01,SANGJIAJING,79,R,1,田 配,,mp 21 noss sur's tch21 dzD,failed,0.33,3,不 要 三 口 吃,不 要 吃 三 口,UNKNOWN,扫描 OCR + IPA 锚点版面解析（四行对照） | 整理日期 2026-09,medium
SANGJIAJING-P0079-R-02,SANGJIAJING,79,R,2,公会 面,ms ⁵⁵ tch²¹ qɒ h³³ dzɒ ²¹,"ms 55 tch21 q""D” h33 dzD 21",suspect,0.50,4,三 口 若 吃 起,若 吃 下 三 口,UNKNOWN,扫描 OCR + IPA 锚点版面解析（四行对照） | 整理日期 2026-09,medium
SANGJIAJING-P0079-R-03,SANGJIAJING,79,R,3,面,⁵⁵ mi³³ tsɒ³³ sus bo²¹ ag,55 m133 tsD33 su's bo21 aG,suspect,0.60,5,阴 间 粮 三 囤,阴 间 粮 三 囤,UNKNOWN,扫描 OCR + IPA 锚点版面解析（四行对照） | 整理日期 2026-09,medium
SANGJIAJING-P0079-R-04,SANGJIAJING,79,R,4,正 日,mi³³ tch³³ t du²¹ tce li⁰³3,m13tch33 t du²1 tce 1033,suspect,0.50,4,阳 间 那 坪 处,阳 间 办 丧 处,UNKNOWN,扫描 OCR + IPA 锚点版面解析（四行对照） | 整理日期 2026-09,medium
SANGJIAJING-P0079-R-05,SANGJIAJING,79,R,5,系 A %,ze ⁴⁴ phu³³ tchi³¹ np ⁵⁵ xɒ²¹,ze 44 phu3tchi31 np 55 XD21,ok,0.80,5,鸡 公 山羊 公 肉,肉 肉 鸡 山黃 羊,UNKNOWN,扫描 OCR + IPA 锚点版面解析（四行对照） | 整理日期 2026-09,medium
SANGJIAJING-P0080-R-01,SANGJIAJING,80,R,1,分 WI Z,,21 th21 si5s ZD le31 tsi33,failed,0.40,5,儿 手 酒 一 碗,儿 端 碗 酒 一,UNKNOWN,扫描 OCR + IPA 锚点版面解析（四行对照） | 整理日期 2026-09,medium
SANGJIAJING-P0080-R-02,SANGJIAJING,80,R,2,九 同 ZZZ,ne ³³ ms ³³ mu ³³ tsiss joss,ne 33 ms 33 mu 33 tsiss Joss,suspect,0.50,4,要 也 三 喝 口,要 也 喝 三 口,UNKNOWN,扫描 OCR + IPA 锚点版面解析（四行对照） | 整理日期 2026-09,medium
SANGJIAJING-P0080-R-03,SANGJIAJING,80,R,3,田 面 同,,21 33 33 tsiss mp Dos sw mu,failed,0.00,4,不 要 三 口 喝,不 要 喝 三 口,UNKNOWN,扫描 OCR + IPA 锚点版面解析（四行对照） | 整理日期 2026-09,medium
SANGJIAJING-P0080-R-04,SANGJIAJING,80,R,4,同券 2ZZ,,33h33 ms 33 mu a.b tsiss,failed,0.00,4,三 口 若 喝 起,若 喝 下 三 口,UNKNOWN,扫描 OCR + IPA 锚点版面解析（四行对照） | 整理日期 2026-09,medium
SANGJIAJING-P0081-L-01,SANGJIAJING,81,L,1,如 今罗田,,"du2i 33 h33 21 mi ts""wr"" mp pu33",failed,0.00,4,阳 间 晚饭 不 奉,阳 间 不 奉 饭,UNKNOWN,扫描 OCR + IPA 锚点版面解析（四行对照） | 整理日期 2026-09,medium
SANGJIAJING-P0081-L-02,SANGJIAJING,81,L,2,田,ag ⁵⁵ mi tsur mp ²¹ sɔs,"aG 55 mi ts""ur mp 21 SOS",suspect,0.67,3,阴 间 晚饭 不 获,阴 餐 间 无 晚,UNKNOWN,扫描 OCR + IPA 锚点版面解析（四行对照） | 整理日期 2026-09,medium
SANGJIAJING-P0081-L-03,SANGJIAJING,81,L,3,众 勿,dzi³³ zɒ ²¹ qe h⁵⁵ ³³ nɒ,"dz133 ZD 21 q""e"" h55 33 nD",ok,0.80,5,额 津 绕 凯 我,额 津 绕 凯 我,UNKNOWN,扫描 OCR + IPA 锚点版面解析（四行对照） | 整理日期 2026-09,medium
SANGJIAJING-P0081-L-04,SANGJIAJING,81,L,4,女 Z,du²¹ tshu³³ thi²¹ siss mi,du21 tshu33 th121 siss mi,suspect,0.75,4,阳 间 晚饭 一 碗,阳 间 一 晚 饭,UNKNOWN,扫描 OCR + IPA 锚点版面解析（四行对照） | 整理日期 2026-09,medium
SANGJIAJING-P0081-L-05,SANGJIAJING,81,L,5,日,³³ pu³³ np ⁰³ nu³³ li⁰³3,33 pu33 np $03 nu33 1033,suspect,0.60,5,我 诵 你 处 奉,诵 经 奉 与你,UNKNOWN,扫描 OCR + IPA 锚点版面解析（四行对照） | 整理日期 2026-09,medium
SANGJIAJING-P0081-R-01,SANGJIAJING,81,R,1,与 3=,,44 33 1o21 nj33 ne t$o 1021,failed,0.00,5,两 眼 转 盈 盈,两 眼 转 灵 灵,UNKNOWN,扫描 OCR + IPA 锚点版面解析（四行对照） | 整理日期 2026-09,medium
SANGJIAJING-P0081-R-02,SANGJIAJING,81,R,2,女,tshu³³ du³³ ne ⁴⁴ li³³ te³³,tshu33 du33 ne 44 133 te33,ok,1.00,5,晚饭 处 眼 来 快,快 饭 来 看 晚,UNKNOWN,扫描 OCR + IPA 锚点版面解析（四行对照） | 整理日期 2026-09,medium
SANGJIAJING-P0081-R-03,SANGJIAJING,81,R,3,岁 女 住,tshu³³ du³³ tsi³³ 1n³³ ³³ tce,tshu33 du33 tsi3 1n33 33 tce,suspect,0.67,6,晚饭 根 迎 来 快,快 来 接 晚 饭,UNKNOWN,扫描 OCR + IPA 锚点版面解析（四行对照） | 整理日期 2026-09,medium
SANGJIAJING-P0081-R-04,SANGJIAJING,81,R,4,与 飞= 3=,,ni²1 tsh;33 tho31 m6 21 m6 21,failed,0.40,5,二 脚 迈 急 急,双 腿 急 急 迈,UNKNOWN,扫描 OCR + IPA 锚点版面解析（四行对照） | 整理日期 2026-09,medium
SANGJIAJING-P0082-L-01,SANGJIAJING,82,L,1,住,tshu³³ du³³ tsi³³ h3 tce³³,tshu33 du33 tsi33 h3 tce33,suspect,0.75,4,晚饭 根 遇 来 快,快 来 接 晚 饭,UNKNOWN,扫描 OCR + IPA 锚点版面解析（四行对照） | 整理日期 2026-09,medium
SANGJIAJING-P0082-L-02,SANGJIAJING,82,L,2,电 fz,,hp33 1o21 $0$s mp 33,failed,0.33,3,郝 罗 硕 因 玛,郝 罗 硕 因 玛,UNKNOWN,扫描 OCR + IPA 锚点版面解析（四行对照） | 整理日期 2026-09,medium
SANGJIAJING-P0082-L-03,SANGJIAJING,82,L,3,子 Z 雨,mu²¹ a²¹ siss kh³³ thpi,mu²1 A21 siss kh33 thpi,ok,1.00,4,天 过 去 那 时,从 前 之 时 代,UNKNOWN,扫描 OCR + IPA 锚点版面解析（四行对照） | 整理日期 2026-09,medium
SANGJIAJING-P0082-L-04,SANGJIAJING,82,L,4,九4九,,ku²3tsh33ku*s phu33 2i33,failed,0.25,4,九十九 祖 呢,九 十 九 代 祖,UNKNOWN,扫描 OCR + IPA 锚点版面解析（四行对照） | 整理日期 2026-09,medium
SANGJIAJING-P0082-R-01,SANGJIAJING,82,R,1,ZZ,he³¹ tsh³³ he³¹ phi²¹ 2i³³,he31 tsh33 he31 ph121 2i33,suspect,0.60,5,八十八 祖奶 呢,八 十八 祖 奶,UNKNOWN,扫描 OCR + IPA 锚点版面解析（四行对照） | 整理日期 2026-09,medium
SANGJIAJING-P0082-R-02,SANGJIAJING,82,R,2,出,si³³ nu³³ phi2ltsu h²¹ sɔs,si33 nu33 ph1²ltsu h.21 SOS,suspect,0.75,4,你 祖奶 晚饭 获 死,祖 奶 获 饭 死,UNKNOWN,扫描 OCR + IPA 锚点版面解析（四行对照） | 整理日期 2026-09,medium
SANGJIAJING-P0082-R-03,SANGJIAJING,82,R,3,700 工 200,si²¹ tsi³³ si²¹ p2p²¹,si21 ts133 si21 p²p21,suspect,0.75,4,七 十 七 父 呢,七 十七 父 辈,UNKNOWN,扫描 OCR + IPA 锚点版面解析（四行对照） | 整理日期 2026-09,medium
SANGJIAJING-P0082-R-04,SANGJIAJING,82,R,4,五4五,,tsh33 zi33 55 mp 33,failed,0.25,4,五 十 五 母 呢,五十五 母,UNKNOWN,扫描 OCR + IPA 锚点版面解析（四行对照） | 整理日期 2026-09,medium
SANGJIAJING-P0083-L-01,SANGJIAJING,83,L,1,子,tsu nu ³³ ɔss,tsu? nu 33 $OSS,suspect,0.50,2,你 母 晚饭 获 死,母 获 晚 饭 死,UNKNOWN,扫描 OCR + IPA 锚点版面解析（四行对照） | 整理日期 2026-09,medium
SANGJIAJING-P0083-L-02,SANGJIAJING,83,L,2,必罗册,nu³³ vi³¹ tshu2 ³³ si³³ 0ss,nu33 vi31 tshu² 33 si33 $0SS,ok,0.80,5,你 弟兄晚饭 获 死,弟兄获 饭 死,UNKNOWN,扫描 OCR + IPA 锚点版面解析（四行对照） | 整理日期 2026-09,medium
SANGJIAJING-P0083-L-03,SANGJIAJING,83,L,3,WI Z47L 日,thi²¹ tsh³³ th²¹ tshi³¹ li⁰³3,th121 tsh33th21 tshi31 1033,suspect,0.60,5,一 十 一 世 处,十 生 世 一 一,UNKNOWN,扫描 OCR + IPA 锚点版面解析（四行对照） | 整理日期 2026-09,medium
SANGJIAJING-P0083-L-04,SANGJIAJING,83,L,4,万 九,,kh33 ng33 nu3 33 zi33 tsh;33,failed,0.33,6,它 也 你 世 到,到了你 之世,UNKNOWN,扫描 OCR + IPA 锚点版面解析（四行对照） | 整理日期 2026-09,medium
SANGJIAJING-P0083-R-01,SANGJIAJING,83,R,1,Z4,zi³³ nu³³ zi³³ tsh³³ 1a³³,zi33 nu33 zi33 tsh:33 1a33,suspect,0.60,5,你 世 到 来 呢,你 N 世 到 来,UNKNOWN,扫描 OCR + IPA 锚点版面解析（四行对照） | 整理日期 2026-09,medium
SANGJIAJING-P0083-R-02,SANGJIAJING,83,R,2,九罗册,nu³³ ne ³³ tsu h³³ ɔ ⁵⁵,"nu33 ne"""" 33 ts""u h33 $O 55",ok,1.00,4,你 也 晚饭 获 死,亦 获 晚 饭 死,UNKNOWN,扫描 OCR + IPA 锚点版面解析（四行对照） | 整理日期 2026-09,medium
SANGJIAJING-P0083-R-03,SANGJIAJING,83,R,3,住 7,tsu³³ ne²¹ tsi³³ qur ³³ du³³,tsu33 ne21 tsi33 qur 33 du33,ok,1.00,5,晚饭 佳 碰 完 后,获 得 晚 饭 后,UNKNOWN,扫描 OCR + IPA 锚点版面解析（四行对照） | 整理日期 2026-09,medium
SANGJIAJING-P0083-R-04,SANGJIAJING,83,R,4,获 得 晚 饭 后,,"h33 33 33 h33 33 p""D"" z1 si"" p""D",failed,0.00,6,离去 死 离 去,亡 者 快 离 去,UNKNOWN,扫描 OCR + IPA 锚点版面解析（四行对照） | 整理日期 2026-09,medium
SANGJIAJING-P0083-R-05,SANGJIAJING,83,R,5,去 子开学,ne³³ mu²¹ thi²¹ dzi tlu,ne33 mu21 th121 dzi tlu,suspect,0.75,4,春 天 — 奉落,春天 已 近 尾,UNKNOWN,扫描 OCR + IPA 锚点版面解析（四行对照） | 整理日期 2026-09,medium
SANGJIAJING-P0084-L-01,SANGJIAJING,84,L,1,开学m,thi²¹ dzi2lt4u2li³³ dzu,th121 dzi²lt4u²133dzu,suspect,0.67,3,一 奉落来呢,季序将轮换,UNKNOWN,扫描 OCR + IPA 锚点版面解析（四行对照） | 整理日期 2026-09,medium
SANGJIAJING-P0085-L-01,SANGJIAJING,85,L,1,诵经刚开始,li⁸⁸ dzi³³ a³³ dze³¹ ʊli³³,188 dz133 A33 dze31 V133,ok,0.80,5,额津 阿节尾,额津阿节尾,UNKNOWN,扫描 OCR + IPA 锚点版面解析（四行对照） | 整理日期 2026-09,medium
SANGJIAJING-P0085-L-02,SANGJIAJING,85,L,2,额津阿节尾,a³³ dze³¹ tsi³³ dzi³³ ³³ qo,A33 dze31 tsi33 dz133 33 qo,ok,0.83,6,节院坝 阿 里,阿节院坝 里,UNKNOWN,扫描 OCR + IPA 锚点版面解析（四行对照） | 整理日期 2026-09,medium
SANGJIAJING-P0085-R-01,SANGJIAJING,85,R,1,33 tp 55,te³³ phe³¹ dze⁴⁴ 1e³¹ ku³³,te3phe31 dze44 1e31 ku3,ok,0.80,5,屋檐滴手 里,排雨屋檐下,UNKNOWN,扫描 OCR + IPA 锚点版面解析（四行对照） | 整理日期 2026-09,medium
SANGJIAJING-P0085-R-02,SANGJIAJING,85,R,2,排雨屋檐下,kho²¹ gi³³ si³³ thi²¹ z⁰⁴,kho21 G133 si33 th121 Z04,ok,0.80,5,柯兴诗 一： 人,柯兴诗 人,UNKNOWN,扫描 OCR + IPA 锚点版面解析（四行对照） | 整理日期 2026-09,medium
SANGJIAJING-P0085-R-03,SANGJIAJING,85,R,3,17四万分又,me ³³ ze³¹ kh³³ tɒss ɒ³³,me 33 Ze31 kh33 tDss D3,suspect,0.50,4,奠吊那 里 搁,设其奠吊坛,UNKNOWN,扫描 OCR + IPA 锚点版面解析（四行对照） | 整理日期 2026-09,medium
SANGJIAJING-P0086-L-01,SANGJIAJING,86,L,1,3 3,siss 8i³³ sɒ²¹,siss 8i33 SD21,suspect,0.50,2,书 文 文 美 诵,诵 经 典美 文,UNKNOWN,扫描 OCR + IPA 锚点版面解析（四行对照） | 整理日期 2026-09,medium
SANGJIAJING-P0086-L-02,SANGJIAJING,86,L,2,全,³³ tso²¹ ³³ iɒ³³ li³³ ɔ sɒ,33 tso21 33 ID33 133 $O SD,suspect,0.50,6,诵 伴 找 了 来,找 来 诵 经 伴,UNKNOWN,扫描 OCR + IPA 锚点版面解析（四行对照） | 整理日期 2026-09,medium
SANGJIAJING-P0086-L-03,SANGJIAJING,86,L,3,金 口 飞④ 田 每,,33 lu33 21 21 $0 np mp mu33,failed,0.20,5,诵 愿 我们 不 做,愿诵 非我 俩,UNKNOWN,扫描 OCR + IPA 锚点版面解析（四行对照） | 整理日期 2026-09,medium
SANGJIAJING-P0086-R-01,SANGJIAJING,86,R,1,口,lu³³ si³³ li³³ 3g ³³,"lu33 si33 1,33 3G 33",suspect,0.75,4,诵 愿 死 来 是,愿 诵 是 死 者,UNKNOWN,扫描 OCR + IPA 锚点版面解析（四行对照） | 整理日期 2026-09,medium
SANGJIAJING-P0086-R-02,SANGJIAJING,86,R,2,金 与,⁰³3 tsho²¹ ni²¹ ²⁰4,$033 tsho21 ni21 204,suspect,0.50,4,诵 伴 我们 两 人,诵 经 伴 我 俩,UNKNOWN,扫描 OCR + IPA 锚点版面解析（四行对照） | 整理日期 2026-09,medium
SANGJIAJING-P0086-R-03,SANGJIAJING,86,R,3,众 具,,d2133 A33 dze 18,failed,0.33,3,额 津 尾 阿 节,额 津 阿 节 尾,UNKNOWN,扫描 OCR + IPA 锚点版面解析（四行对照） | 整理日期 2026-09,medium
SANGJIAJING-P0086-R-04,SANGJIAJING,86,R,4,田 田,kurs zi³³ mp ²¹ mɒ²¹ cie³¹,kur's zi33 mp 21 mD21 Cie31,suspect,0.50,4,不 会 呢 不 嫌,不女 嫌我俩笨,UNKNOWN,扫描 OCR + IPA 锚点版面解析（四行对照） | 整理日期 2026-09,medium
SANGJIAJING-P0087-L-01,SANGJIAJING,87,L,1,田 飞2 去,di²¹ mp kurs tsi³³ ne³³,di²1 mp kur's tsi33 ne33,suspect,0.67,3,不 会 的 真 也,信 我 俩 不 会,UNKNOWN,扫描 OCR + IPA 锚点版面解析（四行对照） | 整理日期 2026-09,medium
SANGJIAJING-P0087-L-02,SANGJIAJING,87,L,2,田 去 田,mp ²¹ di²¹ mɒ ²¹ tsi³³ sɔs,mp 21 di21 mD 21 tsi33 SOs,ok,0.80,5,不 知 的 不 真,不 信 全 无 知,UNKNOWN,扫描 OCR + IPA 锚点版面解析（四行对照） | 整理日期 2026-09,medium
SANGJIAJING-P0087-L-03,SANGJIAJING,87,L,3,田 飞万 田圣,kukh³³ mɒ2 khb²¹ mɒ²¹,ku*kh33 mp² khb21 mp21,suspect,0.67,3,不 会 他 不 效,推 不 会 无 效,UNKNOWN,扫描 OCR + IPA 锚点版面解析（四行对照） | 整理日期 2026-09,medium
SANGJIAJING-P0087-L-04,SANGJIAJING,87,L,4,π 3=,khɒ²¹ dzi²¹ dzi²¹ do⁴⁴ li³³,khp21 dzi21 dzi21 do44 133,ok,1.00,5,硬 硬 出 来 效,非 来才行 得,UNKNOWN,扫描 OCR + IPA 锚点版面解析（四行对照） | 整理日期 2026-09,medium
SANGJIAJING-P0087-R-01,SANGJIAJING,87,R,1,田 去 Z4,mp ²¹ do⁴⁴ li³³ di²¹ du²¹,mp 21 do44 133 di21 du21,ok,0.80,5,不 出 来 的 想,心 想 不 过 来,UNKNOWN,扫描 OCR + IPA 锚点版面解析（四行对照） | 整理日期 2026-09,medium
SANGJIAJING-P0087-R-02,SANGJIAJING,87,R,2,田 金 去 7,mp ²¹ di²¹ du²¹ zi³³ ⁰³3,mp 21 di21 du21 zi33 $033,suspect,0.60,5,不 诵 的 想 呢,心 想 不 诵 经,UNKNOWN,扫描 OCR + IPA 锚点版面解析（四行对照） | 整理日期 2026-09,medium
SANGJIAJING-P0087-R-03,SANGJIAJING,87,R,3,田 国,,21 h33 33 1D33 mp $033 ab 3G,failed,0.00,6,不 诵 若 是 啊,假 若 不 诵 经,UNKNOWN,扫描 OCR + IPA 锚点版面解析（四行对照） | 整理日期 2026-09,medium
SANGJIAJING-P0087-R-04,SANGJIAJING,87,R,4,专 开 田,dzi²¹ mp ²¹ ɔss,dzi21 mp 21 $OSs,suspect,0.67,3,死 主 奉献 不 获,死 者 不 获 奉,UNKNOWN,扫描 OCR + IPA 锚点版面解析（四行对照） | 整理日期 2026-09,medium
SANGJIAJING-P0088-L-01,SANGJIAJING,88,L,1,众 具 飞 效,d2li³³ a³³ dze³¹ ʊ3,d2133 A33 dze31 V3,suspect,0.50,4,额 津 阿 节 尾,额 津 阿 节 尾,UNKNOWN,扫描 OCR + IPA 锚点版面解析（四行对照） | 整理日期 2026-09,medium
SANGJIAJING-P0088-L-02,SANGJIAJING,88,L,2,专 田,t⁰³3 si³³ ob ⁵⁵ mb ³³,t$033 si33 ob 55 mb 33,suspect,0.50,4,生 主 如愿 不 完,生 者 不 称 意,UNKNOWN,扫描 OCR + IPA 锚点版面解析（四行对照） | 整理日期 2026-09,medium
SANGJIAJING-P0088-L-03,SANGJIAJING,88,L,3,ZA 田 配,,tsh;33 tsh:33 zu 33 mp 21 no 33,failed,0.40,5,麂 捉 麂 不 见,猎麂 不 见,UNKNOWN,扫描 OCR + IPA 锚点版面解析（四行对照） | 整理日期 2026-09,medium
SANGJIAJING-P0088-R-01,SANGJIAJING,88,R,1,金 众 700,ɔ ³³ dzi³³ mi²¹ thi²¹,$O 33 dzi33 m1²1 th121,ok,1.00,4,内容 诵 开始 一 样,开 始 诵 一 经,UNKNOWN,扫描 OCR + IPA 锚点版面解析（四行对照） | 整理日期 2026-09,medium
SANGJIAJING-P0088-R-02,SANGJIAJING,88,R,2,7， 亏,si⁴⁴ ni³³ pus dlɒ²¹ mu,si44 ni33 pu's dlD21 mu,suspect,0.75,4,树 洞 蜂 老 坐,树 洞 筑 蜂 巢,UNKNOWN,扫描 OCR + IPA 锚点版面解析（四行对照） | 整理日期 2026-09,medium
SANGJIAJING-P0089-L-01,SANGJIAJING,89,L,1,世,siss tshi³³ dlɒ²¹ tche³³ ku,siss tshi33 dlp²1tche3ku,suspect,0.75,4,草根 蜂草角,草蜂草盘巢,UNKNOWN,扫描 OCR + IPA 锚点版面解析（四行对照） | 整理日期 2026-09,medium
SANGJIAJING-P0089-L-02,SANGJIAJING,89,L,2,草蜂草盘巢,dlɒ²¹ tche³¹ dlɒ²¹ khu ³³ sɒ,dlp²1 tche31 dlp²1khu 33 SD,ok,1.00,5,蜂草蜂角 筑,草蜂起巢 角,UNKNOWN,扫描 OCR + IPA 锚点版面解析（四行对照） | 整理日期 2026-09,medium
SANGJIAJING-P0089-L-03,SANGJIAJING,89,L,3,生 九,dlɒ²¹ khu⁴⁴ ɒ³³ kurs ne³³,dlp²1khu44 $D33 kur's ne33,suspect,0.75,4,蜂角 筑 会 也,蜂会 角 起 巢,UNKNOWN,扫描 OCR + IPA 锚点版面解析（四行对照） | 整理日期 2026-09,medium
SANGJIAJING-P0089-L-04,SANGJIAJING,89,L,4,万 全 去 无,kh³³ di²¹ zi³³ ɒ³³,"kh,33 di21 zi33 $D3",suspect,0.75,4,我们 找 的 呢 角,我 俩起 经 头,UNKNOWN,扫描 OCR + IPA 锚点版面解析（四行对照） | 整理日期 2026-09,medium
SANGJIAJING-P0089-R-01,SANGJIAJING,89,R,1,生田飞 田力,sɒ kurs mɒ²¹ sas,SD kur's mp21 sa's,suspect,0.50,2,找 不 会 不 知,还 是起 不好,UNKNOWN,扫描 OCR + IPA 锚点版面解析（四行对照） | 整理日期 2026-09,medium
SANGJIAJING-P0089-R-02,SANGJIAJING,89,R,2,田,zi³³ kurs du³³ mɒ²¹ kurs,zi33 kur's du33 mp²1 kur*s,suspect,0.75,4,九 样不 会 呢,九样会 不全,UNKNOWN,扫描 OCR + IPA 锚点版面解析（四行对照） | 整理日期 2026-09,medium
SANGJIAJING-P0089-R-03,SANGJIAJING,89,R,3,九样会 不全,,h33 kw 55 h33 dzy31 cab qD,failed,0.00,5,那 些 会 些 那,会 啥就 算 啥,UNKNOWN,扫描 OCR + IPA 锚点版面解析（四行对照） | 整理日期 2026-09,medium
SANGJIAJING-P0090-L-01,SANGJIAJING,90,L,1,女 田 五,,saSs dr²1 mD21 saSs zi33,failed,0.33,3,知 处 不 知 呢,该知 未 能 知,UNKNOWN,扫描 OCR + IPA 锚点版面解析（四行对照） | 整理日期 2026-09,medium
SANGJIAJING-P0090-L-02,SANGJIAJING,90,L,2,该知 未 能 知,qɒ³³ ⁵⁵ qɒ³³ dzy³¹ sa,"qD33 55 qD33 dzy31 sa""",suspect,0.60,5,那 些 知 那 些,知 啥 就 算 啥,UNKNOWN,扫描 OCR + IPA 锚点版面解析（四行对照） | 整理日期 2026-09,medium
SANGJIAJING-P0090-L-03,SANGJIAJING,90,L,3,★,,le31 mp 33 np 55 yw 21 no21,failed,0.40,5,手 母 弓 杆 钩,拇 柄 指 握 弓,UNKNOWN,扫描 OCR + IPA 锚点版面解析（四行对照） | 整理日期 2026-09,medium
SANGJIAJING-P0090-L-04,SANGJIAJING,90,L,4,琴 签 W,le³¹ tsi³³ np ⁵⁵ gɒ ³³ dzi³³,le31 tsi33 np 55 gD 33 dz133,ok,0.80,5,手 指 箭 丫 拉,手 指 拉 箭 杆,UNKNOWN,扫描 OCR + IPA 锚点版面解析（四行对照） | 整理日期 2026-09,medium
SANGJIAJING-P0090-R-01,SANGJIAJING,90,R,1,分,pu ⁴⁴ si³³ yɒ ²¹ mu³³,pu 44 si33 yD 21 mu33,ok,1.00,4,做 我 返 别人 力,我 做 别 1人 工,UNKNOWN,扫描 OCR + IPA 锚点版面解析（四行对照） | 整理日期 2026-09,medium
SANGJIAJING-P0090-R-02,SANGJIAJING,90,R,2,飞 电,a²¹ dzi²¹ ph³³ tur³³,A21 dz121 ph33 tur33,suspect,0.75,4,小 孩畜 拦 辈,孩 子 放 牧 龄,UNKNOWN,扫描 OCR + IPA 锚点版面解析（四行对照） | 整理日期 2026-09,medium
SANGJIAJING-P0090-R-03,SANGJIAJING,90,R,3,WI Z 全,ph³³ thi²¹ ɒ ³³ zi³³,ph33 th121 $D 33 zi33,suspect,0.75,4,一 辈 找 属 呢,我 辈 时 正,UNKNOWN,扫描 OCR + IPA 锚点版面解析（四行对照） | 整理日期 2026-09,medium
SANGJIAJING-P0090-R-04,SANGJIAJING,90,R,4,4 政 Z,4u³³ tɒ³³ tho²¹ thuw³³ ni⁵⁵ s,4u33 tD33 tho²1 thuw33 ni5s,suspect,0.67,6,白 起松 断 口,断 松 断 口 白,UNKNOWN,扫描 OCR + IPA 锚点版面解析（四行对照） | 整理日期 2026-09,medium
SANGJIAJING-P0090-R-05,SANGJIAJING,90,R,5,田4 田 会,,mp²l thu33 33 21 np mp tD33,failed,0.25,4,不点 我 不 起,非 点我 不来,UNKNOWN,扫描 OCR + IPA 锚点版面解析（四行对照） | 整理日期 2026-09,medium
SANGJIAJING-P0091-L-01,SANGJIAJING,91,L,1,Z4不4 平u W,tshi³³ tshi³³ pi³³ gi³³ li⁵⁵ li³³,tsh133 tsh133 p133 G133 15133,ok,1.00,6,十 毕摩 十 老 师,十 毕 摩 十 师,UNKNOWN,扫描 OCR + IPA 锚点版面解析（四行对照） | 整理日期 2026-09,medium
SANGJIAJING-P0091-L-02,SANGJIAJING,91,L,2,五不 五乍,np ⁵⁵ pi ³³ ag ⁵⁵ thu³¹ tiss,np 55 pi 33 aG 55 thu31 tiss,ok,0.80,5,五 毕摩 五 徒 弟,五 毕 摩 五 徒,UNKNOWN,扫描 OCR + IPA 锚点版面解析（四行对照） | 整理日期 2026-09,medium
SANGJIAJING-P0091-L-03,SANGJIAJING,91,L,3,我 未 学 成 师,ab h³³ ku q ɒ h³³,ab h33 ku” q”D h33,suspect,0.50,2,怎 么 会 怎 么,会啥就算 啥,UNKNOWN,扫描 OCR + IPA 锚点版面解析（四行对照） | 整理日期 2026-09,medium
SANGJIAJING-P0091-R-01,SANGJIAJING,91,R,1,金 东众,dzi³³ qɒ³³ thi²¹ si³³ ⁰³3,dz133 qD33 th121 si33 $033,ok,0.80,5,哪 样 诵 先 一,诵 先 哪 一 章,UNKNOWN,扫描 OCR + IPA 锚点版面解析（四行对照） | 整理日期 2026-09,medium
SANGJIAJING-P0091-R-02,SANGJIAJING,91,R,2,企 金 众,a³³ mi³³ ⁰³3 dzi³³ mu³³,A3 m133 $033 dz133 mu33,ok,0.80,5,什 么 诵 先 做,哪 章 首 先 诵,UNKNOWN,扫描 OCR + IPA 锚点版面解析（四行对照） | 整理日期 2026-09,medium
SANGJIAJING-P0091-R-03,SANGJIAJING,91,R,3,住 W 住,zi³³ tsi³³ li⁵⁵ s tsi³³ 4e⁴⁴,zi33 tsi33 li5s tsi33 4e44,ok,0.80,5,孙 呢 重孙,婚重孙 婚 孙,UNKNOWN,扫描 OCR + IPA 锚点版面解析（四行对照） | 整理日期 2026-09,medium
SANGJIAJING-P0092-L-01,SANGJIAJING,92,L,1,金 众,,t4u33 20% $033 dz133 $033,failed,0.20,5,人 生 诵 先 诵,首 章 出 生 为,UNKNOWN,扫描 OCR + IPA 锚点版面解析（四行对照） | 整理日期 2026-09,medium
SANGJIAJING-P0092-L-02,SANGJIAJING,92,L,2,子 司,mu²¹ the4tce h³³ mi³³,"mu²1 the4tc""e h33 m133",suspect,0.67,3,里 地 面 上 天,天 下 地 面 上,UNKNOWN,扫描 OCR + IPA 锚点版面解析（四行对照） | 整理日期 2026-09,medium
SANGJIAJING-P0092-L-03,SANGJIAJING,92,L,3,4 分 九,zɒ²¹ t4u³³ ng³³ nu³³,ZD21 t4u33 ng33 nu33,suspect,0.50,4,人 儿 与 人 女,男 性 女 性,UNKNOWN,扫描 OCR + IPA 锚点版面解析（四行对照） | 整理日期 2026-09,medium
SANGJIAJING-P0092-L-04,SANGJIAJING,92,L,4,子 # 九 介,mu²¹ ne³³ mi ²⁰4,mu21 ne33 mi 204,ok,1.00,3,天 与 地 先 生,先 生天 与 地,UNKNOWN,扫描 OCR + IPA 锚点版面解析（四行对照） | 整理日期 2026-09,medium
SANGJIAJING-P0092-R-01,SANGJIAJING,92,R,1,子 # 住,mu ²¹ ne ³³ mi³³ tsiss tsi³³,mu 21 ne 33 m133 tsiss tsi33,suspect,0.75,4,天 与 地 先,天 地 先 婚,UNKNOWN,扫描 OCR + IPA 锚点版面解析（四行对照） | 整理日期 2026-09,medium
SANGJIAJING-P0092-R-02,SANGJIAJING,92,R,2,子 企 # 灶,mu ²¹ tsiss zɔ ⁴⁴ du³³,mu 21 tsiss ZO 44 du33,suspect,0.67,3,天 地 先 生 后,天 地 生 成 后,UNKNOWN,扫描 OCR + IPA 锚点版面解析（四行对照） | 整理日期 2026-09,medium
SANGJIAJING-P0092-R-03,SANGJIAJING,92,R,3,W 九 O 分 写,ne³³ 4ɒ³³ tsi³³ zɒ²¹,ne33 4D33 tsi33 ZD21,suspect,0.75,4,阳 与 月 小 生,生 太 阳 月 亮,UNKNOWN,扫描 OCR + IPA 锚点版面解析（四行对照） | 整理日期 2026-09,medium
SANGJIAJING-P0092-R-04,SANGJIAJING,92,R,4,W 九 O 住,,33 4D33 tsiss ne tsi33,failed,0.00,3,阳 与 月 光,阳 先 婚 日,UNKNOWN,扫描 OCR + IPA 锚点版面解析（四行对照） | 整理日期 2026-09,medium
SANGJIAJING-P0092-R-05,SANGJIAJING,92,R,5,W 九 灶 O,tsi³³ ne³³ 4ɒ³³ to ³³ du²¹,tsi33 ne3 4D33 t$o 33 du21,ok,0.80,5,阳 与 月 有 后,月 有 了“ 阳 与,UNKNOWN,扫描 OCR + IPA 锚点版面解析（四行对照） | 整理日期 2026-09,medium
SANGJIAJING-P0093-L-01,SANGJIAJING,93,L,1,分 了 A 写,,21 tce33 ZD² te33 4u33,failed,0.25,4,星 儿 云 白 生,生 星 宿 云 彩,UNKNOWN,扫描 OCR + IPA 锚点版面解析（四行对照） | 整理日期 2026-09,medium
SANGJIAJING-P0093-L-02,SANGJIAJING,93,L,2,# 日 住,te³³ te³³ tsiss li⁰³3 tsi³³,te33 te33 tsiss 1033 tsi33,suspect,0.75,4,星 云 先 处,星 云 先 婚,UNKNOWN,扫描 OCR + IPA 锚点版面解析（四行对照） | 整理日期 2026-09,medium
SANGJIAJING-P0093-L-03,SANGJIAJING,93,L,3,了 又,tce³³ te³³ 0 1ɒ³³ tɒss,tce33 te33 0 1D33 tDss,suspect,0.75,4,星 云 有 了 搁,有 了 星 和 云,UNKNOWN,扫描 OCR + IPA 锚点版面解析（四行对照） | 整理日期 2026-09,medium
SANGJIAJING-P0093-L-04,SANGJIAJING,93,L,4,勺,phi³³ 1i³³ hɒ³³ mu²¹ ²⁰4,ph133 1i33 hp3 mu²1 204,suspect,0.60,5,天 际 风 雨 生,天 空 生 风 雨,UNKNOWN,扫描 OCR + IPA 锚点版面解析（四行对照） | 整理日期 2026-09,medium
SANGJIAJING-P0093-L-05,SANGJIAJING,93,L,5,# 日 住,4i³³ hɒ³³ tsiss li⁰³3 tsi³³,4i33 hp33 tsiss 1033 tsi33,suspect,0.50,4,风 雨 先 处,风 雨 先 婚,UNKNOWN,扫描 OCR + IPA 锚点版面解析（四行对照） | 整理日期 2026-09,medium
SANGJIAJING-P0093-R-01,SANGJIAJING,93,R,1,田,si²¹ ²¹ ³³ se³¹ le³¹ mp me,si21 21 33 Se31 le31 mp me,suspect,0.67,6,果 摘 手 不 及,摘 果 手 难 及,UNKNOWN,扫描 OCR + IPA 锚点版面解析（四行对照） | 整理日期 2026-09,medium
SANGJIAJING-P0093-R-02,SANGJIAJING,93,R,2,住,,tsh:33 mu ne33 tsi33 tg33,failed,0.25,4,高 低 房 院 到,低 由 高 及 院,UNKNOWN,扫描 OCR + IPA 锚点版面解析（四行对照） | 整理日期 2026-09,medium
SANGJIAJING-P0093-R-03,SANGJIAJING,93,R,3,低 由 高 及 院,tshɒ²¹ dzɒ²¹ 4ɒ³³ tch3 tɒss,tshD²1dzD²1 4D33tch3 tDss,suspect,0.50,4,盐 上 搁 吃 舌,盐 味 靠 舌 品,UNKNOWN,扫描 OCR + IPA 锚点版面解析（四行对照） | 整理日期 2026-09,medium
SANGJIAJING-P0093-R-04,SANGJIAJING,93,R,4,GZ W Z 去,tshɒ²¹ ne³³ ³³ 4ɒ³³ tci⁴⁴ t niss,tshD21 ne3 33 4D33 tc144 t niss,suspect,0.67,6,舌 抽 盐 嘴 味美,抽 舌 味 盈 嘴,UNKNOWN,扫描 OCR + IPA 锚点版面解析（四行对照） | 整理日期 2026-09,medium
SANGJIAJING-P0093-R-05,SANGJIAJING,93,R,5,子 日 # 住 灶,tsi³³ mu²¹ li⁰³3 du³³,tsi33 mu21 1033 du33,ok,1.00,4,天 处 先 后,天 体 婚 后,UNKNOWN,扫描 OCR + IPA 锚点版面解析（四行对照） | 整理日期 2026-09,medium
SANGJIAJING-P0094-L-01,SANGJIAJING,94,L,1,企 住,,"h33 m133 ne4 tc""e"""" tsi33",failed,0.33,3,地 黑 冏上 先,地 物 又 婚,UNKNOWN,扫描 OCR + IPA 锚点版面解析（四行对照） | 整理日期 2026-09,medium
SANGJIAJING-P0094-L-02,SANGJIAJING,94,L,2,Z卅 7,,si44 md 33 3.91 h33 204,failed,0.20,5,山 上 草 木 生,山 冏上 草 木 生,UNKNOWN,扫描 OCR + IPA 锚点版面解析（四行对照） | 整理日期 2026-09,medium
SANGJIAJING-P0094-R-01,SANGJIAJING,94,R,1,用 7 # 住,si⁵⁵ s tsiss tsi³³ nu³³,si5s tsiss tsi33 . nu33,suspect,0.67,3,草 木 你 先,草 木 先 你 婚,UNKNOWN,扫描 OCR + IPA 锚点版面解析（四行对照） | 整理日期 2026-09,medium
SANGJIAJING-P0094-R-02,SANGJIAJING,94,R,2,# 日,pu³³ tche³³ tsiss z⁰⁴ li⁰³3,pu3tche33 tsiss Z04 1033,ok,1.00,4,先 生 山 冏上 处,先 生 N 山 上,UNKNOWN,扫描 OCR + IPA 锚点版面解析（四行对照） | 整理日期 2026-09,medium
SANGJIAJING-P0094-R-03,SANGJIAJING,94,R,3,至 4 目,li⁰³3 fess y⁰³1 1s⁰³3 1,1033 fess Y031 1S033 1,suspect,0.50,4,林 大 崖 身 有,有 森 林 石 崖,UNKNOWN,扫描 OCR + IPA 锚点版面解析（四行对照） | 整理日期 2026-09,medium
SANGJIAJING-P0094-R-04,SANGJIAJING,94,R,4,至 # 住,,1e33 fe55 tsiss tsi33,failed,0.33,3,林 大 崖 先,林 崖 先 婚,UNKNOWN,扫描 OCR + IPA 锚点版面解析（四行对照） | 整理日期 2026-09,medium
SANGJIAJING-P0095-L-01,SANGJIAJING,95,L,1,π半 # 目,,dzi21 mus tsiss t$033 D133,failed,0.33,3,官 毕摩 将 先 有,有官 将 毕 摩,UNKNOWN,扫描 OCR + IPA 锚点版面解析（四行对照） | 整理日期 2026-09,medium
SANGJIAJING-P0095-L-02,SANGJIAJING,95,L,2,π 不 # 住,,dzi21 33 muss pr tsi's tsi33,failed,0.33,3,官 将 毕摩 先,官 将 毕 先 婚,UNKNOWN,扫描 OCR + IPA 锚点版面解析（四行对照） | 整理日期 2026-09,medium
SANGJIAJING-P0095-L-03,SANGJIAJING,95,L,3,Z出 田 # 四,nu³³ mɒ²¹ zɔ ⁴⁴ tsiss t⁰³3,nu33 mp21 Z.O 44 tsiss t$033,ok,1.00,4,你 不 生 先 有,你未 生 有 便,UNKNOWN,扫描 OCR + IPA 锚点版面解析（四行对照） | 整理日期 2026-09,medium
SANGJIAJING-P0095-L-04,SANGJIAJING,95,L,4,你未 生 有 便,pu³³ tche4tshi³¹ ³³ to ³³,"p""u33tche4tshi31 33 t$o 33",suspect,0.50,4,村寨方 边 有,八方有 村 寨,UNKNOWN,扫描 OCR + IPA 锚点版面解析（四行对照） | 整理日期 2026-09,medium
SANGJIAJING-P0095-L-05,SANGJIAJING,95,L,5,# 住,phu³³ tche⁴⁴ ³³ nu tsis tsj³³,phu33tche44 33 nu tsis tsj33,suspect,0.50,4,村寨你 先,村寨先你婚,UNKNOWN,扫描 OCR + IPA 锚点版面解析（四行对照） | 整理日期 2026-09,medium
SANGJIAJING-P0095-R-01,SANGJIAJING,95,R,1,7 红 #,tshi³¹ ʊli³³ nu³³ tsiss tsi³³,tshi31 V133 nu33 tsiss tsi33,suspect,0.50,4,方家 家 你 先,八 方 先 你 婚,UNKNOWN,扫描 OCR + IPA 锚点版面解析（四行对照） | 整理日期 2026-09,medium
SANGJIAJING-P0095-R-02,SANGJIAJING,95,R,2,尔 田 #,,44 mp ZO tsiss 3,failed,0.00,2,你 不 生 先 有,先 你 而 存 在,UNKNOWN,扫描 OCR + IPA 锚点版面解析（四行对照） | 整理日期 2026-09,medium
SANGJIAJING-P0095-R-03,SANGJIAJING,95,R,3,目,,phu21 du² phD²1 mp t$033,failed,0.33,3,祖 处 父 母 在,远 父 祖 母 在,UNKNOWN,扫描 OCR + IPA 锚点版面解析（四行对照） | 整理日期 2026-09,medium
SANGJIAJING-P0095-R-04,SANGJIAJING,95,R,4,# 住,,"h21h-21 mp 33 tsi33 p""u"" p""D",failed,0.20,5,祖 父 每 先,远 祖 父 母 婚,UNKNOWN,扫描 OCR + IPA 锚点版面解析（四行对照） | 整理日期 2026-09,medium
SANGJIAJING-P0095-R-05,SANGJIAJING,95,R,5,住 m,tsi³³ li⁵⁵ s 2j³³ tsi³³ 4e4,tsi33 li5s 2j33 tsi33 4e4,suspect,0.60,5,孙 呢 重孙,孙婚重孙婚,UNKNOWN,扫描 OCR + IPA 锚点版面解析（四行对照） | 整理日期 2026-09,medium
SANGJIAJING-P0096-L-01,SANGJIAJING,96,L,1,WI 7L: 住,th²¹ tshi²¹ tsi³³ li³³,th21 tshi21 tsi33 133,suspect,0.75,4,一 辈 来 呢,每 辈 均 婚,UNKNOWN,扫描 OCR + IPA 锚点版面解析（四行对照） | 整理日期 2026-09,medium
SANGJIAJING-P0096-L-02,SANGJIAJING,96,L,2,4 万 介,,2.04 kh133 th21 ky-ss,failed,0.25,4,人 生 那 一 时,人 出 生 之 时,UNKNOWN,扫描 OCR + IPA 锚点版面解析（四行对照） | 整理日期 2026-09,medium
SANGJIAJING-P0096-L-03,SANGJIAJING,96,L,3,写 z4 正,,mp 31 1h33 tsh133 qD 33 204,failed,0.40,5,母 来 生 下 啊,母 亲 分 娩 时,UNKNOWN,扫描 OCR + IPA 锚点版面解析（四行对照） | 整理日期 2026-09,medium
SANGJIAJING-P0096-L-04,SANGJIAJING,96,L,4,泵 又,,1D33 33 ZO mD y031 tD's,failed,0.25,4,生 了 母 际 摘,生 在 母 身 旁,UNKNOWN,扫描 OCR + IPA 锚点版面解析（四行对照） | 整理日期 2026-09,medium
SANGJIAJING-P0096-L-05,SANGJIAJING,96,L,5,口 4,,"p""D"" h21 mp 33 t4u33 mb 33 mu",failed,0.40,5,父 母 人 拾 做,父 来 接 母 生,UNKNOWN,扫描 OCR + IPA 锚点版面解析（四行对照） | 整理日期 2026-09,medium
SANGJIAJING-P0096-R-01,SANGJIAJING,96,R,1,Z,,33 siss phiss np 1p33 pe4,failed,0.33,3,你 啊 土 碗 片,捡 来 破 碗 片,UNKNOWN,扫描 OCR + IPA 锚点版面解析（四行对照） | 整理日期 2026-09,medium
SANGJIAJING-P0096-R-02,SANGJIAJING,96,R,2,Z 4E,ʊi³³ 1ɒ³³ tche⁴⁴ da⁴⁴,VI33 1D33 tChe44 da44,suspect,0.50,4,拿 了 人 脐 断,拿 来 割 脐 带,UNKNOWN,扫描 OCR + IPA 锚点版面解析（四行对照） | 整理日期 2026-09,medium
SANGJIAJING-P0096-R-03,SANGJIAJING,96,R,3,Z4 金,,33 le31 33 te44 mp t4u33 mb,failed,0.33,6,母 手 人 拾 抢,母 手 抱 婴 儿,UNKNOWN,扫描 OCR + IPA 锚点版面解析（四行对照） | 整理日期 2026-09,medium
SANGJIAJING-P0096-R-04,SANGJIAJING,96,R,4,4 Z4 金 公会,tɒ³³ n mb ³³ t4u³³ te4,tD33 n mb 33 t4u33 te4,suspect,0.50,4,人 拾 人 抢 起,捡 婴 婴 儿 抱,UNKNOWN,扫描 OCR + IPA 锚点版面解析（四行对照） | 整理日期 2026-09,medium
SANGJIAJING-P0097-L-01,SANGJIAJING,97,L,1,金 亏4,,33 niss tshu33 te4 1D33 mD,failed,0.25,4,抱 了 母 乳 吸,抱 婴 吸 母 乳,UNKNOWN,扫描 OCR + IPA 锚点版面解析（四行对照） | 整理日期 2026-09,medium
SANGJIAJING-P0097-L-02,SANGJIAJING,97,L,2,4 Z4,,t4u33 Z.0 t4u33 mu33,failed,0.33,3,人 长 人 长 的,婴 儿 长 日 日,UNKNOWN,扫描 OCR + IPA 锚点版面解析（四行对照） | 整理日期 2026-09,medium
SANGJIAJING-P0097-L-03,SANGJIAJING,97,L,3,Z4 面,t4u³³ zɔ ms ⁵⁵ ni³³ li⁰³1,t4u33 ZO ms 55 ni33 1031,suspect,0.75,4,人 生 三 天 满,婴 儿 满 三 天,UNKNOWN,扫描 OCR + IPA 锚点版面解析（四行对照） | 整理日期 2026-09,medium
SANGJIAJING-P0097-L-04,SANGJIAJING,97,L,4,口 金 IM 金 w,,33 th21 ni44 luss mp ni44,failed,0.25,4,母 心 一 心 喜,妈 心 喜 一 场,UNKNOWN,扫描 OCR + IPA 锚点版面解析（四行对照） | 整理日期 2026-09,medium
SANGJIAJING-P0097-L-05,SANGJIAJING,97,L,5,4,kh⁰³1 z⁰⁴ ni³³ li⁰³1,kh031 Z.04 ni33 1031,suspect,0.50,4,人 生 六 天 满,婴 儿满六天,UNKNOWN,扫描 OCR + IPA 锚点版面解析（四行对照） | 整理日期 2026-09,medium
SANGJIAJING-P0097-R-01,SANGJIAJING,97,R,1,Z4 O,si²¹ ni³³ li⁰³1 ²⁰4,si21 ni33 1031 204,suspect,0.75,4,人 生 七 月 满,婴 儿 满 七 日,UNKNOWN,扫描 OCR + IPA 锚点版面解析（四行对照） | 整理日期 2026-09,medium
SANGJIAJING-P0098-L-01,SANGJIAJING,98,L,1,金 五 w,ni⁴⁴ mp ³³ ni⁴⁴ kurs luuss,ni44 mp 33 ni44 kur's luuss,suspect,0.50,4,舟 心 九 心 喜,妈 心 喜 九 场,UNKNOWN,扫描 OCR + IPA 锚点版面解析（四行对照） | 整理日期 2026-09,medium
SANGJIAJING-P0098-L-02,SANGJIAJING,98,L,2,妈 心 喜 九 场,,ZZ Z4 O,failed,0.00,1,t4u33 ZO 44 he4 4D33 1031,人 生 八 月 满,UNKNOWN,扫描 OCR + IPA 锚点版面解析（四行对照） | 整理日期 2026-09,medium
SANGJIAJING-P0098-L-03,SANGJIAJING,98,L,3,ZZ Z4 O,t4u³³ zɔ ⁴⁴ he4 4ɒ³³ li⁰³1,t4u33 ZO 44 he4 4D33 1031,suspect,0.50,4,人 生 八 月 满,婴 儿 满 八 月,UNKNOWN,扫描 OCR + IPA 锚点版面解析（四行对照） | 整理日期 2026-09,medium
SANGJIAJING-P0098-L-04,SANGJIAJING,98,L,4,ZZ O Y,he³¹ 4ɒ³³ du²¹ dce4 le³¹,he31 4D33 du²1 dce4 le31,suspect,0.50,4,八 月 控 耙 手,八月 似 耙 爬,UNKNOWN,扫描 OCR + IPA 锚点版面解析（四行对照） | 整理日期 2026-09,medium
SANGJIAJING-P0098-L-05,SANGJIAJING,98,L,5,O W,,hy31 tshi33 kuss 4D33 dz.021,failed,0.25,4,九 月 站 脚 乖,九 月 脚 站 稳,UNKNOWN,扫描 OCR + IPA 锚点版面解析（四行对照） | 整理日期 2026-09,medium
SANGJIAJING-P0098-R-01,SANGJIAJING,98,R,1,Z4 七每,,q031 t4u33 Z.044 tsh33 np,failed,0.00,5,人 长 十 五 岁,长 到 十 岁 五,UNKNOWN,扫描 OCR + IPA 锚点版面解析（四行对照） | 整理日期 2026-09,medium
SANGJIAJING-P0098-R-02,SANGJIAJING,98,R,2,张 口,ve³¹ ²¹ ve³¹ pu ³³ lu³³,ve31 21 ve31 pu 33 lu33,ok,0.80,5,猪 大 猪 圈 关,肥 猪 关 圈 里,UNKNOWN,扫描 OCR + IPA 锚点版面解析（四行对照） | 整理日期 2026-09,medium
SANGJIAJING-P0098-R-03,SANGJIAJING,98,R,3,7 日,me ³³ do²¹ th³³ li⁰³3 do⁴⁴,me 33 do21 th33 1033 do44,ok,0.80,5,名 声 野 处 出,名 声 传 周 边,UNKNOWN,扫描 OCR + IPA 锚点版面解析（四行对照） | 整理日期 2026-09,medium
SANGJIAJING-P0098-R-04,SANGJIAJING,98,R,4,半 7科 半 口,muss dg²¹ mu ⁵⁵ pu lu³³,muss dg21 mu 55 pu lu33,suspect,0.67,3,马 闭 马 圈 关,马 关 马 圈 里,UNKNOWN,扫描 OCR + IPA 锚点版面解析（四行对照） | 整理日期 2026-09,medium
SANGJIAJING-P0098-R-05,SANGJIAJING,98,R,5,国 专 # 列,ɒe³³ khu²¹ 8li³³ tsi³³ gɒ ²¹,De33 khu21 8133 ts13 gD 21,ok,0.80,5,叫 声 别人 边 闻,嘶 鸣 传 周 边,UNKNOWN,扫描 OCR + IPA 锚点版面解析（四行对照） | 整理日期 2026-09,medium
SANGJIAJING-P0099-L-01,SANGJIAJING,99,L,1,4,,t4u33 pe4 b121 thD21 tsh:33,failed,0.25,4,人 伴 给 时 到,已 到 寻 侣 时,UNKNOWN,扫描 OCR + IPA 锚点版面解析（四行对照） | 整理日期 2026-09,medium
SANGJIAJING-P0099-L-02,SANGJIAJING,99,L,2,7: 又 每,me²¹ fu³³ tsi³³ tɒss mu ³³,me21 fu33 tsi33 tDss mu 33,suspect,0.75,4,妻 夫 碰 搁 做,该男 娶 女 嫁,UNKNOWN,扫描 OCR + IPA 锚点版面解析（四行对照） | 整理日期 2026-09,medium
SANGJIAJING-P0099-L-03,SANGJIAJING,99,L,3,4 去,t4u³³ bi²¹ zi³³,t4u33 b121 Zi33,suspect,0.67,3,人 伴 给 的 呢,要 结 伴 侣 了,UNKNOWN,扫描 OCR + IPA 锚点版面解析（四行对照） | 整理日期 2026-09,medium
SANGJIAJING-P0099-L-04,SANGJIAJING,99,L,4,Z4 金 口 残,ni⁴⁴ h³³ li⁰³3 ³³ t4u³³ ab pp,ni44 h33 1033 33 t4u33 ab pp,suspect,0.50,6,人 心 哪 里 在,心 仪 人 在 哪,UNKNOWN,扫描 OCR + IPA 锚点版面解析（四行对照） | 整理日期 2026-09,medium
SANGJIAJING-P0099-L-05,SANGJIAJING,99,L,5,HI 住 分,th²¹ zɔ ⁴⁴ tsi³³ yɒ ³³,th21 Z.O 44 tsi33 yD 33,suspect,0.75,4,一 人 碰 获 呢,娶 回 了 一 人,UNKNOWN,扫描 OCR + IPA 锚点版面解析（四行对照） | 整理日期 2026-09,medium
SANGJIAJING-P0099-R-01,SANGJIAJING,99,R,1,万 Z4 7,kh³³ zi³³ me²¹ dess,kh33 zi33 me21 dess,suspect,0.75,4,她 呢 人 妻 子,她 是 男 人 妻,UNKNOWN,扫描 OCR + IPA 锚点版面解析（四行对照） | 整理日期 2026-09,medium
SANGJIAJING-P0099-R-02,SANGJIAJING,99,R,2,万 W 专,kh³³ zi³³ si³³,kh33 zi33 si33,suspect,0.67,3,她 呢 家 管 主,她 是 家 主 妇,UNKNOWN,扫描 OCR + IPA 锚点版面解析（四行对照） | 整理日期 2026-09,medium
SANGJIAJING-P0099-R-03,SANGJIAJING,99,R,3,Z4 W 专,,yx31 kua si33 De3,failed,0.33,3,人 家 管 主 是,是 理 家 年 妇,UNKNOWN,扫描 OCR + IPA 锚点版面解析（四行对照） | 整理日期 2026-09,medium
SANGJIAJING-P0099-R-04,SANGJIAJING,99,R,4,万 Z4,kh³³ zi³³ ³³ t4u³³ fu³³ ne,kh33 zi33 33 t4u33 fu33 ne,suspect,0.50,6,他 呢 人 夫 是,他 是 妇 之 夫,UNKNOWN,扫描 OCR + IPA 锚点版面解析（四行对照） | 整理日期 2026-09,medium
SANGJIAJING-P0099-R-05,SANGJIAJING,99,R,5,Z4 DZ 分,,nu33 81 duss 1Ob ZD21,failed,0.33,3,你 家 稼 儿,你 家 N 稼 稿,UNKNOWN,扫描 OCR + IPA 锚点版面解析（四行对照） | 整理日期 2026-09,medium
SANGJIAJING-P0100-L-01,SANGJIAJING,100,L,1,20 专 国,nu ³³ yy³¹ qo²¹ si³³ ɒ³³,nu 33 yy31 qo21 si33 D33,ok,0.80,5,你 家 耕 主 是,是 稼 之 主,UNKNOWN,扫描 OCR + IPA 锚点版面解析（四行对照） | 整理日期 2026-09,medium
SANGJIAJING-P0100-L-02,SANGJIAJING,100,L,2,Z4 子π 勿,mu²¹ dzi²¹ zɒ 4e³³,mu²1 dzi21 ZD 4e33,suspect,0.67,3,木 资 绕 晒,木 资 绕 晒,UNKNOWN,扫描 OCR + IPA 锚点版面解析（四行对照） | 整理日期 2026-09,medium
SANGJIAJING-P0100-L-03,SANGJIAJING,100,L,3,4 分 与 π,³³ ni²¹ t4u³³ zɒ²¹ nw dzi²¹,33 ni21 t4u33 ZD21 nw dzi21,suspect,0.60,5,人 儿 女 二 个,男 和 女 二 人,UNKNOWN,扫描 OCR + IPA 锚点版面解析（四行对照） | 整理日期 2026-09,medium
SANGJIAJING-P0100-L-04,SANGJIAJING,100,L,4,Z4 20 年,t4u³³ zɔ ⁴⁴ kɒ³³ bu ³³,t4u33 ZO 44 kD33 bu 33,suspect,0.75,4,人 生 家 庭 聚,结 家 庭 生 来,UNKNOWN,扫描 OCR + IPA 锚点版面解析（四行对照） | 整理日期 2026-09,medium
SANGJIAJING-P0100-R-01,SANGJIAJING,100,R,1,20,zi³³ kɒ³³ bu³³ 1h³³,zi33 kD33 bu3 1h33,suspect,0.75,4,家 庭 聚 来 呢,相 聚 组 家 庭,UNKNOWN,扫描 OCR + IPA 锚点版面解析（四行对照） | 整理日期 2026-09,medium
SANGJIAJING-P0100-R-02,SANGJIAJING,100,R,2,to 田 田 π,,he33 mp 21 .mq 33 mp 21 dzi21,failed,0.40,5,房 不 有 不 幸,不 幸 无 房 住,UNKNOWN,扫描 OCR + IPA 锚点版面解析（四行对照） | 整理日期 2026-09,medium
SANGJIAJING-P0100-R-03,SANGJIAJING,100,R,3,亏,fess y⁰³1 dzi²¹ goss nj³³,fess y031 dz121 goSs nj33,ok,1.00,3,崖 际 兽 野 居,崖 洞 野 兽 居,UNKNOWN,扫描 OCR + IPA 锚点版面解析（四行对照） | 整理日期 2026-09,medium
SANGJIAJING-P0100-R-04,SANGJIAJING,100,R,4,万九 WI 生,kh³³ thi²¹ ng³³ pur³³ ɒ,"kh,33 th121 ng33 pur33 $D",suspect,0.60,5,它 也 一 窝 找,们 找 窝 住,UNKNOWN,扫描 OCR + IPA 锚点版面解析（四行对照） | 整理日期 2026-09,medium
SANGJIAJING-P0100-R-05,SANGJIAJING,100,R,5,ZS 至 口,vi³³ ⁴⁴ tsiss ⁴³3 lu³³,vi33 44 tsiss 433 lu33,suspect,0.75,4,鸟 美 林 花 朵,美 鸟 花 山 林,UNKNOWN,扫描 OCR + IPA 锚点版面解析（四行对照） | 整理日期 2026-09,medium
SANGJIAJING-P0101-L-01,SANGJIAJING,101,L,1,九 I70罗,kh³³ thi²¹ tshi³³ ³³ ng³³ tsu,"kh,33 thi21 tshi33 33 ng33 tsu",suspect,0.50,6,它 也 一 窝筑,鸟 也 筑 窝 住,UNKNOWN,扫描 OCR + IPA 锚点版面解析（四行对照） | 整理日期 2026-09,medium
SANGJIAJING-P0101-L-02,SANGJIAJING,101,L,2,Z4 Z飞 与 π 九,ʊli³³ ni²¹ dzi²¹ ng³³,V133 ni²1 dzi21 ng33,suspect,0.50,4,人 家 二 人 也,人 N 夫 妻 俩,UNKNOWN,扫描 OCR + IPA 锚点版面解析（四行对照） | 整理日期 2026-09,medium
SANGJIAJING-P0101-L-03,SANGJIAJING,101,L,3,tQ WI G,he³³ thi²¹ ku³³ 1ɒ³³ zɔs5,he33 th121 ku33 1D33 ZOS5,ok,0.80,5,房 一 造 要 啊,须 造 一 房 屋,UNKNOWN,扫描 OCR + IPA 锚点版面解析（四行对照） | 整理日期 2026-09,medium
SANGJIAJING-P0101-L-04,SANGJIAJING,101,L,4,专 九 tQ 目,,si33 th21 hg33 ne33 t5033,failed,0.40,5,别人 也 一 房 有,别 人 有 一 房,UNKNOWN,扫描 OCR + IPA 锚点版面解析（四行对照） | 整理日期 2026-09,medium
SANGJIAJING-P0101-L-05,SANGJIAJING,101,L,5,九 IM tQ 罗,z0s ne ³³ th²¹ he³³ tsu ³³,Z0.s ne? 33 th21 he33 tsu 33,suspect,0.50,4,我 也 一 房 垒,我 也 建 房,UNKNOWN,扫描 OCR + IPA 锚点版面解析（四行对照） | 整理日期 2026-09,medium
SANGJIAJING-P0101-R-01,SANGJIAJING,101,R,1,tQ,th²¹ he³³ 1a³³ ³³ ku³³ qɒ,th21 he33 1a33 33 ku33 qD,suspect,0.50,6,一 房 建 来 因,将 要 建 一 房,UNKNOWN,扫描 OCR + IPA 锚点版面解析（四行对照） | 整理日期 2026-09,medium
SANGJIAJING-P0101-R-02,SANGJIAJING,101,R,2,to IM 天,ni³³ he³³ kɒ³³ bu³³ th²¹,ni33 he33 kD33 bu33 th21,ok,0.80,5,房 庭 有 一 日,有 房 屋 家 庭,UNKNOWN,扫描 OCR + IPA 锚点版面解析（四行对照） | 整理日期 2026-09,medium
SANGJIAJING-P0101-R-03,SANGJIAJING,101,R,3,每,dzi²¹ tc1ss tsp li²⁰ b mu³³,dz121 tc1ss tsp 120b mu33,suspect,0.67,3,畜 找 粮 种 做,畜 牧 又 种 粮,UNKNOWN,扫描 OCR + IPA 锚点版面解析（四行对照） | 整理日期 2026-09,medium
SANGJIAJING-P0101-R-04,SANGJIAJING,101,R,4,亏 Z 每,,kD33 55 0i33 4uss np,failed,0.25,4,坐 耕 走 犁 做,房 前 远 地 耕,UNKNOWN,扫描 OCR + IPA 锚点版面解析（四行对照） | 整理日期 2026-09,medium
SANGJIAJING-P0101-R-05,SANGJIAJING,101,R,5,WI Z 目,,th21 ph33 t$033 ID33 tD33,failed,0.40,5,一 辈 在 了 起,建 一 世 家 庭,UNKNOWN,扫描 OCR + IPA 锚点版面解析（四行对照） | 整理日期 2026-09,medium
SANGJIAJING-P0102-L-01,SANGJIAJING,102,L,1,,bu²¹ be²¹ pu ⁴⁴ be²¹ t4u4,bu²1 be21 pu 44 be21 t4u4,ok,0.80,5,丝 衣 绸 衣 叠,丝 衣 绸 裳 叠,UNKNOWN,扫描 OCR + IPA 锚点版面解析（四行对照） | 整理日期 2026-09,medium
SANGJIAJING-P0102-L-02,SANGJIAJING,102,L,2,专 70,md ⁴⁴ be²¹ li³³ tshi²¹,md 44 be21 133 tshi21,suspect,0.75,4,绸 衣 别人 来 织,绸 料 别 人 织,UNKNOWN,扫描 OCR + IPA 锚点版面解析（四行对照） | 整理日期 2026-09,medium
SANGJIAJING-P0102-L-03,SANGJIAJING,102,L,3,焱 致,bu²¹ be²¹ 4yss l³³ tci4,"bu²1 be21 4yss l,33 tci4",suspect,0.75,4,丝 衣 晒 来 欲,丝 料 布 挂 晒,UNKNOWN,扫描 OCR + IPA 锚点版面解析（四行对照） | 整理日期 2026-09,medium
SANGJIAJING-P0102-L-04,SANGJIAJING,102,L,4,了,,mu*s t tsho21 lur²1 m8,failed,0.33,3,伙子 旁 将 扶 守,伙 子 跟 将 前,UNKNOWN,扫描 OCR + IPA 锚点版面解析（四行对照） | 整理日期 2026-09,medium
SANGJIAJING-P0102-L-05,SANGJIAJING,102,L,5,半 3 π 晏 半,muss muss dzi²¹ mu,muss muss dzi21 mu,suspect,0.50,2,马 黄 将 官 员,将 官 骑黄 马,UNKNOWN,扫描 OCR + IPA 锚点版面解析（四行对照） | 整理日期 2026-09,medium
SANGJIAJING-P0102-R-01,SANGJIAJING,102,R,1,众用 田,tsi³³ dzi³³ mp phi³³,tsi33 dzi33 mp phi33,ok,1.00,3,院 坝 整 不 平,院 坝 未 整 平,UNKNOWN,扫描 OCR + IPA 锚点版面解析（四行对照） | 整理日期 2026-09,medium
SANGJIAJING-P0102-R-02,SANGJIAJING,102,R,2,分 效,bul4 mu a²¹ ⁵⁵ xɒ ³³ ku³³,bu?l4 mu? A21 55 XD 33 ku33,suspect,0.50,4,阿 波 马 鞍 制,阿 波 制 马 鞍,UNKNOWN,扫描 OCR + IPA 锚点版面解析（四行对照） | 整理日期 2026-09,medium
SANGJIAJING-P0102-R-03,SANGJIAJING,102,R,3,至 7 田 G,4e³³ si⁴⁴ mɒ²¹ fe³³,4e33 si44 mp21 fe33,suspect,0.75,4,山 木 晒 不 干,山 木 未 晒 干,UNKNOWN,扫描 OCR + IPA 锚点版面解析（四行对照） | 整理日期 2026-09,medium
SANGJIAJING-P0102-R-04,SANGJIAJING,102,R,4,7 焱 π,si⁴⁴ niss ka⁴⁴ dzi²¹,si44 niss kα44 dzi21,suspect,0.67,3,嘎 木 晒 半 干,嘎 木 晒 半 干0,UNKNOWN,扫描 OCR + IPA 锚点版面解析（四行对照） | 整理日期 2026-09,medium
SANGJIAJING-P0102-R-05,SANGJIAJING,102,R,5,Z4 7 焱 分 飞E,t4u⁴⁴ si⁴⁴ yɒ ²¹ bɒ²¹,t4u44 si44 yD 21 bp21,suspect,0.75,4,叠 木 晒 力 薄,透 叠 木 难 晒,UNKNOWN,扫描 OCR + IPA 锚点版面解析（四行对照） | 整理日期 2026-09,medium
SANGJIAJING-P0103-L-01,SANGJIAJING,103,L,1,分 ZI 3=,yɒ²¹ t tɒ h³³ li³³ ni²¹ ni²¹,YD21 t tD h33 133 ni²1 nr²1,ok,1.00,5,力 来 频 频 试,马 频 频 试 力,UNKNOWN,扫描 OCR + IPA 锚点版面解析（四行对照） | 整理日期 2026-09,medium
SANGJIAJING-P0103-R-01,SANGJIAJING,103,R,1,分,paɒ²¹ zɒ²¹ mi2 le³¹ 2u³³,paD21 ZD21 m1² le31 2.u33,suspect,0.50,4,儿 技 父 手 拿,儿 承 父 技 艺,UNKNOWN,扫描 OCR + IPA 锚点版面解析（四行对照） | 整理日期 2026-09,medium
SANGJIAJING-P0103-R-02,SANGJIAJING,103,R,2,勿刀,tsh³³ pɒ h²¹ the⁴⁴,"tsh;33 p""D"""" h21 the44",suspect,0.67,3,父 根 儿 身 长,父 样 烙 電儿 身,UNKNOWN,扫描 OCR + IPA 锚点版面解析（四行对照） | 整理日期 2026-09,medium
SANGJIAJING-P0103-R-03,SANGJIAJING,103,R,3,Z,nu ³³ mi²¹ mp ³³ niss tyss,nu 33 m1²1 mp 33 niss tyss,suspect,0.75,4,女 技 使长 妈 嘴,妈 嘴 移 女 身,UNKNOWN,扫描 OCR + IPA 锚点版面解析（四行对照） | 整理日期 2026-09,medium
SANGJIAJING-P0103-R-04,SANGJIAJING,103,R,4,妈 嘴 移 女 身,³³ tshi³³ nu³³ the⁴⁴ mp,33 tshi33 nu33 the44 mp,suspect,0.60,5,妈 根 女身 长,妈 样 烙 儿 身,UNKNOWN,扫描 OCR + IPA 锚点版面解析（四行对照） | 整理日期 2026-09,medium
SANGJIAJING-P0104-L-01,SANGJIAJING,104,L,1,众,1e⁸⁴ dzi³³ zi³³ kɒ³³ dzi,1e84 dz133 zi33 kD33 dzr,ok,0.80,5,家 始 呢 庭 始,家 庭 之 根 基,UNKNOWN,扫描 OCR + IPA 锚点版面解析（四行对照） | 整理日期 2026-09,medium
SANGJIAJING-P0104-L-02,SANGJIAJING,104,L,2,to 又,he³³ ku³³ zi³³ kɒ³³ tɒss,he33 ku33 zi33 kD33 tDss,ok,1.00,5,房 造 呢 庭 置,建 房 组 家 庭,UNKNOWN,扫描 OCR + IPA 锚点版面解析（四行对照） | 整理日期 2026-09,medium
SANGJIAJING-P0104-L-03,SANGJIAJING,104,L,3,tQ W tQ 本,he³³ ²¹ lurs he³³ ku³³,he33 21 lur*s he33 ku33,suspect,0.50,4,房 大 喜 房 造,建 盖 大 房 屋,UNKNOWN,扫描 OCR + IPA 锚点版面解析（四行对照） | 整理日期 2026-09,medium
SANGJIAJING-P0104-L-04,SANGJIAJING,104,L,4,W to WI,th²¹ ni³³ lurss he³³ ku³³,th21 ni33 lurss he33 ku3,suspect,0.50,4,喜 房 造 一 日,建 盖 房 之 日,UNKNOWN,扫描 OCR + IPA 锚点版面解析（四行对照） | 整理日期 2026-09,medium
SANGJIAJING-P0104-L-05,SANGJIAJING,104,L,5,飞2 分 不,ku zɒ²¹ as ³³ si²¹,ku ZD21 as 33 S121,suspect,0.67,3,匠 儿 找 要 还,尚 需 找 工 匠,UNKNOWN,扫描 OCR + IPA 锚点版面解析（四行对照） | 整理日期 2026-09,medium
SANGJIAJING-P0104-R-01,SANGJIAJING,104,R,1,π 46 Dz,ni²¹ dzi²¹ ce ⁴⁴ mx ³³,ni21 dzi21 ce 44 mX 33,suspect,0.75,4,葬 官 汉 皇 帝,汉 皇 葬 做 臣,UNKNOWN,扫描 OCR + IPA 锚点版面解析（四行对照） | 整理日期 2026-09,medium
SANGJIAJING-P0104-R-02,SANGJIAJING,104,R,2,Q Dz,ce ⁴⁴ dzi²¹ ni²¹ tsh3ts⁴⁴,ce 44 dzi21 ni²1 tsh3ts44,suspect,0.75,4,汉 官 彝 衙 役,汉 官 彝 衙 役,UNKNOWN,扫描 OCR + IPA 锚点版面解析（四行对照） | 整理日期 2026-09,medium
SANGJIAJING-P0104-R-03,SANGJIAJING,104,R,3,Z4 飞 与 π 专,ʊi³³ ni²¹ si³³ t4u4 dzi²¹,VI33 ni21 si33 t4u4 dzi21,suspect,0.50,4,人 家 二 人 主,家 中 男 女 主,UNKNOWN,扫描 OCR + IPA 锚点版面解析（四行对照） | 整理日期 2026-09,medium
SANGJIAJING-P0104-R-04,SANGJIAJING,104,R,4,tQ 本,he³³ ku³³ li³³,he33 ku33 133,ok,1.00,3,房 大 造 来 呢,建盖 屋 大 房,UNKNOWN,扫描 OCR + IPA 锚点版面解析（四行对照） | 整理日期 2026-09,medium
SANGJIAJING-P0105-L-01,SANGJIAJING,105,L,1,to 7,he³³ ku³³ si⁴⁴ nos,he33 ku33 si44 nos,ok,1.00,4,房 造 木 良 要,盖 房 需 良 木,UNKNOWN,扫描 OCR + IPA 锚点版面解析（四行对照） | 整理日期 2026-09,medium
SANGJIAJING-P0105-L-02,SANGJIAJING,105,L,2,7 苏# 田,,si44 dzi44 44 21 mx mp,failed,0.40,5,木 砍 铁 不 有,砍 木 没 有 铁,UNKNOWN,扫描 OCR + IPA 锚点版面解析（四行对照） | 整理日期 2026-09,medium
SANGJIAJING-P0105-L-03,SANGJIAJING,105,L,3,与 专 日,qɒ³³ ³³ 8j³³ li⁰³3 sɒ,qD33 33 8j33 1033 SD,suspect,0.60,5,力 主 哪 里 找,哪 里找 帮 工,UNKNOWN,扫描 OCR + IPA 锚点版面解析（四行对照） | 整理日期 2026-09,medium
SANGJIAJING-P0105-R-01,SANGJIAJING,105,R,1,Z4 飞 与 π,,t4u33 V133 ni²1 dzi21 2.04,failed,0.40,5,家 个 人 二 人,夫 妻 两 个 人,UNKNOWN,扫描 OCR + IPA 锚点版面解析（四行对照） | 整理日期 2026-09,medium
SANGJIAJING-P0105-R-02,SANGJIAJING,105,R,2,司,,ID33 44 21 t$033 mx 3G ge31,failed,0.20,5,转 了 铁 良 赶,转 身 去 寻 铁,UNKNOWN,扫描 OCR + IPA 锚点版面解析（四行对照） | 整理日期 2026-09,medium
SANGJIAJING-P0105-R-03,SANGJIAJING,105,R,3,司 丑 全,,t$033 1D33 mx 44,failed,0.00,3,转 了 铁 良 找,转 铁 身 去 找,UNKNOWN,扫描 OCR + IPA 锚点版面解析（四行对照） | 整理日期 2026-09,medium
SANGJIAJING-P0105-R-04,SANGJIAJING,105,R,4,子 互,,33 1D33 mu² Y031 tshi33 as,failed,0.40,5,找 了 天 际 到,找到 了天际,UNKNOWN,扫描 OCR + IPA 锚点版面解析（四行对照） | 整理日期 2026-09,medium
SANGJIAJING-P0106-L-01,SANGJIAJING,106,L,1,牛 全 W O,tshi³³ mx ⁴⁴ ɒ ³³ tsi³³ 4ɒ³³,tshi33 mx 44 $D 33 tsi33 4D33,suspect,0.60,5,铁 找 阳 月 到,找 铁 月 处 日,UNKNOWN,扫描 OCR + IPA 锚点版面解析（四行对照） | 整理日期 2026-09,medium
SANGJIAJING-P0106-L-02,SANGJIAJING,106,L,2,W 3=,do⁴⁴ bɒ³³ lu³³ lu³³,do44 bD33 lu33 lu33,ok,1.00,4,阳 出 亮 光 光,日 出 明 亮 亮,UNKNOWN,扫描 OCR + IPA 锚点版面解析（四行对照） | 整理日期 2026-09,medium
SANGJIAJING-P0106-L-03,SANGJIAJING,106,L,3,O 业 3=,4ɒ³³ do⁴⁴ bɒ³³ zi³¹ zi³¹,4D33 do44 bp33 zi31 zi31,ok,0.80,5,月 出 亮 晶 晶,月 出 亮 盈 盈,UNKNOWN,扫描 OCR + IPA 锚点版面解析（四行对照） | 整理日期 2026-09,medium
SANGJIAJING-P0106-L-04,SANGJIAJING,106,L,4,W O #田 五,tsi³³ 4ɒ³³ ⁴⁴ mɒ ²¹ do⁴⁴,tsi33 4D33 44 mD 21 do44,suspect,0.60,5,阳 月 铁 不 出,日 月 不产 铁,UNKNOWN,扫描 OCR + IPA 锚点版面解析（四行对照） | 整理日期 2026-09,medium
SANGJIAJING-P0106-R-01,SANGJIAJING,106,R,1,全 面,,44 33 tsh:33 mx as tce Zi31.,failed,0.00,4,铁 找 星 宿 到,找 到 星 宿 处,UNKNOWN,扫描 OCR + IPA 锚点版面解析（四行对照） | 整理日期 2026-09,medium
SANGJIAJING-P0106-R-02,SANGJIAJING,106,R,2,找 到 星 宿 处,tce³³ do⁴⁴ tsi³³ ni4 t tohe³¹,tce33 do44 tsi33 ni4 t tohe31,suspect,0.75,4,星 出 星 点 闪,出 烁 星 亮 闪,UNKNOWN,扫描 OCR + IPA 锚点版面解析（四行对照） | 整理日期 2026-09,medium
SANGJIAJING-P0106-R-03,SANGJIAJING,106,R,3,700 光 N.,tsho²¹ si²¹ si²¹ tshi³³ nɒ³³,tsho21 si21 si21 tshi33 nD33,ok,1.00,5,行 走 南 方 到,行 走 至 南 方,UNKNOWN,扫描 OCR + IPA 锚点版面解析（四行对照） | 整理日期 2026-09,medium
SANGJIAJING-P0106-R-04,SANGJIAJING,106,R,4,700 π 3=,,si21 nDpe 33 h33 dzi21 dzi2i,failed,0.40,5,南方灰 蒙 蒙,南方灰 衣蒙蒙,UNKNOWN,扫描 OCR + IPA 锚点版面解析（四行对照） | 整理日期 2026-09,medium
SANGJIAJING-P0107-L-01,SANGJIAJING,107,L,1,介,,44 33 tsh;33 mx SD m133 ne 44,failed,0.20,5,铁 找 地 黑 到,找 铁 到 黑 地,UNKNOWN,扫描 OCR + IPA 锚点版面解析（四行对照） | 整理日期 2026-09,medium
SANGJIAJING-P0107-R-01,SANGJIAJING,107,R,1,专 飞 专,si³³ si³³ li³³ sas kuss,"si33 si33 1,33 sas kuss",suspect,0.75,4,知 主 会 主 来,知 者 和 会 者,UNKNOWN,扫描 OCR + IPA 锚点版面解析（四行对照） | 整理日期 2026-09,medium
SANGJIAJING-P0107-R-02,SANGJIAJING,107,R,2,包 小 包 又每,,niss du21 niss tghi44,failed,0.00,2,土 挖 土 扒 做,挖 土 扒 开 土,UNKNOWN,扫描 OCR + IPA 锚点版面解析（四行对照） | 整理日期 2026-09,medium
SANGJIAJING-P0107-R-03,SANGJIAJING,107,R,3,? 日,tche³³ xw ⁴⁴ li⁰⁴4 li⁰³3 bu²¹,tche33 xw 44 1044 1033 bu21,ok,0.80,5,铁 石 上 处 背,铁矿 背 上背,UNKNOWN,扫描 OCR + IPA 锚点版面解析（四行对照） | 整理日期 2026-09,medium
SANGJIAJING-P0108-L-01,SANGJIAJING,108,L,1,,bu²¹ xw tche³¹ tsh³³,"bu²1 xw"" tche31tsh33",suspect,0.67,3,铁 背 铁 村 到,矿 背 铁 匠 村,UNKNOWN,扫描 OCR + IPA 锚点版面解析（四行对照） | 整理日期 2026-09,medium
SANGJIAJING-P0108-L-02,SANGJIAJING,108,L,2,田 专 日,bi²¹ si³³ li⁰³3 bi²¹ mp,b121 si33 1033 br21 mp,ok,0.80,5,不 给 别人 处 给,背 来 给 他 人,UNKNOWN,扫描 OCR + IPA 锚点版面解析（四行对照） | 整理日期 2026-09,medium
SANGJIAJING-P0108-L-03,SANGJIAJING,108,L,3,4 飞 分,a²¹ 1y⁴⁴ kuss zɒ²¹ bi²¹,A21 1y44 kuss ZD21 bi21,suspect,0.50,4,阿 勒 匠 儿 给,给 阿 勒 铁 匠,UNKNOWN,扫描 OCR + IPA 锚点版面解析（四行对照） | 整理日期 2026-09,medium
SANGJIAJING-P0108-L-04,SANGJIAJING,108,L,4,4 飞2 开,,A21 1844 ku's le31 21 3G,failed,0.40,5,阿 勒 匠 手 巧,阿 勒 匠 技 高,UNKNOWN,扫描 OCR + IPA 锚点版面解析（四行对照） | 整理日期 2026-09,medium
SANGJIAJING-P0108-L-05,SANGJIAJING,108,L,5,44 分,,A21 1x44 1h33 ku's ZD21,failed,0.25,4,阿 勒 匠 儿 来,阿勒之铁 匠,UNKNOWN,扫描 OCR + IPA 锚点版面解析（四行对照） | 整理日期 2026-09,medium
SANGJIAJING-P0108-R-01,SANGJIAJING,108,R,1,包 ?,,niss 1044 xu44 thw3 fi33,failed,0.33,3,土 石 铁段 分,分 开 土 石 铁,UNKNOWN,扫描 OCR + IPA 锚点版面解析（四行对照） | 整理日期 2026-09,medium
SANGJIAJING-P0108-R-02,SANGJIAJING,108,R,2,特 ? 卡 2,⁴⁴ fi³³ thu²¹ lh³³ mx li⁰⁴4,"44 fi33 thu²1 lh,33 mx 1044",suspect,0.60,5,铁 矿 分 出 来,分 出 铁 矿 来,UNKNOWN,扫描 OCR + IPA 锚点版面解析（四行对照） | 整理日期 2026-09,medium
SANGJIAJING-P0108-R-03,SANGJIAJING,108,R,3,7 苏 田,si⁴⁴ dzi⁴⁴ xu mɒ²¹ dllɒ³³,si44 dzi44 xu mD21 dllD33,suspect,0.75,4,树 砍 铁 不 成,未 成砍树斧,UNKNOWN,扫描 OCR + IPA 锚点版面解析（四行对照） | 整理日期 2026-09,medium
SANGJIAJING-P0109-L-01,SANGJIAJING,109,L,1,苏 特 7科 G 不,dzi⁴⁴ xu de²¹ zɔ⁵⁵ s si²¹,dzi44 xu de21 ZO5S S121,suspect,0.75,4,砍 铁 打 要 还,尚 需 打 斧 子,UNKNOWN,扫描 OCR + IPA 锚点版面解析（四行对照） | 整理日期 2026-09,medium
SANGJIAJING-P0109-L-02,SANGJIAJING,109,L,2,飞2 科 田,,44 de21 kur's mp21 t5033,failed,0.25,4,铁 打 会 不 有,没 有 掌 锤 人,UNKNOWN,扫描 OCR + IPA 锚点版面解析（四行对照） | 整理日期 2026-09,medium
SANGJIAJING-P0109-L-03,SANGJIAJING,109,L,3,专 全,,kur's si33 33 do 4 SD,failed,0.00,3,会 主 找 出 去,出门 找 匠师,UNKNOWN,扫描 OCR + IPA 锚点版面解析（四行对照） | 整理日期 2026-09,medium
SANGJIAJING-P0109-R-01,SANGJIAJING,109,R,1,子亘 百 介,mu²¹ ku³³ mi ³³ ³⁰1 h³³,mu21 ku33 mi 33 3.01 h33,suspect,0.60,5,天 下 地 黑 上,普 天 大 地 上,UNKNOWN,扫描 OCR + IPA 锚点版面解析（四行对照） | 整理日期 2026-09,medium
SANGJIAJING-P0109-R-02,SANGJIAJING,109,R,2,W 企 ZZ,4iss ⁴⁰²¹ mi³³ he³¹ ʊe³³,4iss 4021 m133 he31 Ve33,suspect,0.50,4,四 面 地 八 方,四 面 又 八 方,UNKNOWN,扫描 OCR + IPA 锚点版面解析（四行对照） | 整理日期 2026-09,medium
SANGJIAJING-P0109-R-03,SANGJIAJING,109,R,3,企 与,tshi³³ ni²¹ mi³³ ne⁴⁴ d³³,tsh133 ni²1 m133 ne44 d33,ok,0.80,5,地 黑 十 二 域,大 地 十 域 二,UNKNOWN,扫描 OCR + IPA 锚点版面解析（四行对照） | 整理日期 2026-09,medium
SANGJIAJING-P0109-R-04,SANGJIAJING,109,R,4,十 日 与,tshi³³ ni²¹ di³³ mi³³ li⁰³3,tsh133 ni²1 d133 m133 1033,ok,1.00,5,十 二 域 地 处,十 二 域 地 广,UNKNOWN,扫描 OCR + IPA 锚点版面解析（四行对照） | 整理日期 2026-09,medium
SANGJIAJING-P0109-R-05,SANGJIAJING,109,R,5,子 m 全,di³³ mu²¹ diss ³³ as,d133 mu21 diss 33 as,ok,1.00,4,域 天 域 四 找,遍地 去寻 找,UNKNOWN,扫描 OCR + IPA 锚点版面解析（四行对照） | 整理日期 2026-09,medium
SANGJIAJING-P0110-L-01,SANGJIAJING,110,L,1,西 日 WI,²¹ li⁰³3 thi²¹ khɒ²¹ ³³ mx sɒ,21 1033 th121 khp21 33 mx SD,suspect,0.67,6,先 处 一 区 找,首 先 找 域,UNKNOWN,扫描 OCR + IPA 锚点版面解析（四行对照） | 整理日期 2026-09,medium
SANGJIAJING-P0110-L-02,SANGJIAJING,110,L,2,至 司 亏,,4e33 dz121 fess ku' nj33,failed,0.33,3,山 兽 岩 里 住,山 兽 岩 里 住,UNKNOWN,扫描 OCR + IPA 锚点版面解析（四行对照） | 整理日期 2026-09,medium
SANGJIAJING-P0110-L-03,SANGJIAJING,110,L,3,亏 至,,fess ni33 433 dz121 9055,failed,0.25,4,岩 住 山 兽 野,住 岩 山 野 兽,UNKNOWN,扫描 OCR + IPA 锚点版面解析（四行对照） | 整理日期 2026-09,medium
SANGJIAJING-P0110-L-04,SANGJIAJING,110,L,4,分 口,tsi³³ ³³ ob ⁵⁵ lu³³ mp zɒ²¹,ts133 33 ob 55 lu33 mp ZD21,ok,0.80,5,官 衙 昆 明 城,官 衙 昆 明 城,UNKNOWN,扫描 OCR + IPA 锚点版面解析（四行对照） | 整理日期 2026-09,medium
SANGJIAJING-P0110-L-05,SANGJIAJING,110,L,5,中 分,a³³ h²¹ gos zɒ do³¹ pɒ,"A33 h21 go*s ZD do31 p""D",suspect,0.50,4,昆 明 阿 夺 帕,昆明 阿 夺 帕,UNKNOWN,扫描 OCR + IPA 锚点版面解析（四行对照） | 整理日期 2026-09,medium
SANGJIAJING-P0110-R-01,SANGJIAJING,110,R,1,2 丑 国,,qD33 33 kur ne21 nu 33 3G,failed,0.40,5,匠 良 你 若 是,你若 是 高 匠,UNKNOWN,扫描 OCR + IPA 锚点版面解析（四行对照） | 整理日期 2026-09,medium
SANGJIAJING-P0110-R-02,SANGJIAJING,110,R,2,飞 3 7科 分,³³ si³³ nɒ de²¹ zɒ,33 si33 nD de21 ZD,suspect,0.50,4,我 家 金 打 儿,我家打 金 郎,UNKNOWN,扫描 OCR + IPA 锚点版面解析（四行对照） | 整理日期 2026-09,medium
SANGJIAJING-P0111-L-01,SANGJIAJING,111,L,1,3 目,si³³ de²¹ kuss t⁵⁰³³ 3g ⁵⁵,si33 de21 kuss t5033 3G 55,suspect,0.75,4,金 打 会 有 是,家 有 打 金 匠,UNKNOWN,扫描 OCR + IPA 锚点版面解析（四行对照） | 整理日期 2026-09,medium
SANGJIAJING-P0111-L-02,SANGJIAJING,111,L,2,田,dlɒ²¹ mp ³³ tu³³ mɒ2 dy³¹,dlp21 mp 33 tu3 mp² dy31,suspect,0.50,4,蜂 母 翅 不 长,蜂 王 不 长 翅,UNKNOWN,扫描 OCR + IPA 锚点版面解析（四行对照） | 整理日期 2026-09,medium
SANGJIAJING-P0111-L-03,SANGJIAJING,111,L,3,勿,dlɒ²¹ tu³³ ³³1 h³³ tsj³³ zɒ,dlD21 tu33 3.31 h33 tsj33 ZD,suspect,0.50,6,蜂 儿 月 鑫 翅,蜂 翅 煽 似 琴,UNKNOWN,扫描 OCR + IPA 锚点版面解析（四行对照） | 整理日期 2026-09,medium
SANGJIAJING-P0111-L-04,SANGJIAJING,111,L,4,企,fess lu²¹ dlɒ³³ tsi³³ mi³³,fess lu21 dlp33 tsi33 m133,suspect,0.75,4,岩 边 澄 江 地,岩边澄 江 地,UNKNOWN,扫描 OCR + IPA 锚点版面解析（四行对照） | 整理日期 2026-09,medium
SANGJIAJING-P0111-R-01,SANGJIAJING,111,R,1,特 Z 科 分,si³³ ³³ de²¹ kɒ³³ 3g zɒ1,si33 33 de21 kD33 3G ZD1,suspect,0.60,5,路 主 铵 打 儿,路 边 打 铵 郎,UNKNOWN,扫描 OCR + IPA 锚点版面解析（四行对照） | 整理日期 2026-09,medium
SANGJIAJING-P0111-R-02,SANGJIAJING,111,R,2,Z2,de²¹ kurs me ³³ do⁴⁴ ɒ⁰³,de21 kur's me 33 do44 D03,suspect,0.75,4,铵 打 会 名 出,打 铵 扬 远 名,UNKNOWN,扫描 OCR + IPA 锚点版面解析（四行对照） | 整理日期 2026-09,medium
SANGJIAJING-P0111-R-03,SANGJIAJING,111,R,3,本飞晃 每,,tsho21 si21 44 t021 88,failed,0.40,5,行 走 行 走 做,路朝前走,UNKNOWN,扫描 OCR + IPA 锚点版面解析（四行对照） | 整理日期 2026-09,medium
SANGJIAJING-P0112-L-01,SANGJIAJING,112,L,1,飞丑,kus kus ²¹ e,kus ku*'s 21 e,suspect,0.50,2,匠 良 匠 良 赶,去 找 名 匠,UNKNOWN,扫描 OCR + IPA 锚点版面解析（四行对照） | 整理日期 2026-09,medium
SANGJIAJING-P0112-L-02,SANGJIAJING,112,L,2,田 电 日,,tsh;33 1033 tsh:33 mp m1,failed,0.25,4,不 到 地 处 到,走 到 陌 生 地,UNKNOWN,扫描 OCR + IPA 锚点版面解析（四行对照） | 整理日期 2026-09,medium
SANGJIAJING-P0112-L-03,SANGJIAJING,112,L,3,70 贝 田,ze³¹ tshi²¹ du²¹ mp 1e³³,Ze31 tshi21 du²1 mp 1e33,suspect,0.75,4,织 布 正 不 滚,织 布 不 滚,UNKNOWN,扫描 OCR + IPA 锚点版面解析（四行对照） | 整理日期 2026-09,medium
SANGJIAJING-P0112-L-04,SANGJIAJING,112,L,4,见 包,du²¹ 1e³³ kh⁰³3 niss ⁰³1,du²1 1e33 kh033 niss 031,suspect,0.50,4,滚 织 纵 短,滚 经 线 短,UNKNOWN,扫描 OCR + IPA 锚点版面解析（四行对照） | 整理日期 2026-09,medium
SANGJIAJING-P0112-L-05,SANGJIAJING,112,L,5,见 汞 年 口,du²¹ lu³³ pu³³ 2li³³ nɒ2l,du²1 lu33 pu33 2133 nD²l,suspect,0.60,5,宜 良 水 落 城,宜良水池城,UNKNOWN,扫描 OCR + IPA 锚点版面解析（四行对照） | 整理日期 2026-09,medium
SANGJIAJING-P0112-R-01,SANGJIAJING,112,R,1,年 口 亏面,²¹ lu³³ h²¹ np pɒ,"21 lu33 h21 np p""D",suspect,0.50,4,水 落 城 住 人,水 池 城 N 人,UNKNOWN,扫描 OCR + IPA 锚点版面解析（四行对照） | 整理日期 2026-09,medium
SANGJIAJING-P0112-R-02,SANGJIAJING,112,R,2,7科 3=,³³ nu³³ mi xw ⁴⁴ de²¹ de²¹,33 nu33 mi xw 44 de21 de21,ok,0.80,5,你 地 铁 打 打,此 地 打 铁 吗,UNKNOWN,扫描 OCR + IPA 锚点版面解析（四行对照） | 整理日期 2026-09,medium
SANGJIAJING-P0112-R-03,SANGJIAJING,112,R,3,飞 万 目 3=,,ku*'s nei kh33 t$033 15033,failed,0.33,3,匠 良 它 有 有,可 有 打 铁 匠,UNKNOWN,扫描 OCR + IPA 锚点版面解析（四行对照） | 整理日期 2026-09,medium
SANGJIAJING-P0112-R-04,SANGJIAJING,112,R,4,口 亏 A 74 九,,lu33 4u33 de21 33 3 ne,failed,0.40,5,城 住 银 打 也,此 地 有 银 匠,UNKNOWN,扫描 OCR + IPA 锚点版面解析（四行对照） | 整理日期 2026-09,medium
SANGJIAJING-P0112-R-05,SANGJIAJING,112,R,5,特 74 田 目,,de21 xw 44 ku's mp21 t5033,failed,0.25,4,铁 打 会 不 有,没有打铁 匠,UNKNOWN,扫描 OCR + IPA 锚点版面解析（四行对照） | 整理日期 2026-09,medium
SANGJIAJING-P0113-L-01,SANGJIAJING,113,L,1,本,tsho²¹ si²¹ tso²¹ ⁸⁸ ⁴⁴ mu ³³,tsho21 si21 tso²1 88 44 mu 33,suspect,0.67,6,行 走行 走 做,路 往 前 走 一,UNKNOWN,扫描 OCR + IPA 锚点版面解析（四行对照） | 整理日期 2026-09,medium
SANGJIAJING-P0113-L-02,SANGJIAJING,113,L,2,田 N. WI 电,mɒ²¹ tsh³³ thi²¹ tu³³ tsh³³,mD21 tsh;33 th121 tu33 tsh:33,suspect,0.60,5,不 到 一 地 到,到 一 陌 生 地,UNKNOWN,扫描 OCR + IPA 锚点版面解析（四行对照） | 整理日期 2026-09,medium
SANGJIAJING-P0113-L-03,SANGJIAJING,113,L,3,半 π 不 田,,xu 21 21 muss dzi21 21 mp ab,failed,0.40,5,将 官·毡 不 披,将 官 不 披 毡,UNKNOWN,扫描 OCR + IPA 锚点版面解析（四行对照） | 整理日期 2026-09,medium
SANGJIAJING-P0113-R-01,SANGJIAJING,113,R,1,π W,tshi³³ tsi³³ dzi²¹ lurs,tshi33 tsi33 dzi²1 lurs,ok,1.00,4,知 官 路 南 到,到 州 府 路 南,UNKNOWN,扫描 OCR + IPA 锚点版面解析（四行对照） | 整理日期 2026-09,medium
SANGJIAJING-P0113-R-02,SANGJIAJING,113,R,2,W 3 分,lurs di³³ sɒ ³³ yɒ ³³ mi³³,"lur,'s di33 SD 33 YD 33 m133",suspect,0.75,4,路 南 舒 处 地,路 南 舒 适 地,UNKNOWN,扫描 OCR + IPA 锚点版面解析（四行对照） | 整理日期 2026-09,medium
SANGJIAJING-P0113-R-03,SANGJIAJING,113,R,3,开 7科 飞开,1p²¹ kus dzi²¹ de²¹ dzi²¹,1p21 ku*s dzi21 de21 dzi21,suspect,0.50,4,劳 执 打 会 铜,劳 执 会 打 铜,UNKNOWN,扫描 OCR + IPA 锚点版面解析（四行对照） | 整理日期 2026-09,medium
SANGJIAJING-P0113-R-04,SANGJIAJING,113,R,4,7开 丑,dzi²¹ de²¹ kws me ³³ ³⁰ ³³,dzi21 de21 kw's me 33 30 33,suspect,0.60,5,铜 打 会 名 扬,名远 扬 铜 匠,UNKNOWN,扫描 OCR + IPA 锚点版面解析（四行对照） | 整理日期 2026-09,medium
SANGJIAJING-P0114-L-01,SANGJIAJING,114,L,1,特科 飞田,,mx 44 de21 kur*s mD21,failed,0.33,3,铁 打 会 不 有,没 有 打 铁 匠,UNKNOWN,扫描 OCR + IPA 锚点版面解析（四行对照） | 整理日期 2026-09,medium
SANGJIAJING-P0114-L-02,SANGJIAJING,114,L,2,田 去 介,,mp 21 tsh;33 ne 33 mi 33 tsh;33,failed,0.40,5,不 到 楠 密 到,来 到 楠 密 地,UNKNOWN,扫描 OCR + IPA 锚点版面解析（四行对照） | 整理日期 2026-09,medium
SANGJIAJING-P0114-L-03,SANGJIAJING,114,L,3,去 介,mp ³³ ho³³ ³³ mi³³ pu,mp 33 ho33 33 m13 pu,suspect,0.60,5,楠 密 竹 养 山,楠 密 竹 林 山,UNKNOWN,扫描 OCR + IPA 锚点版面解析（四行对照） | 整理日期 2026-09,medium
SANGJIAJING-P0114-R-01,SANGJIAJING,114,R,1,田 子,,ph33 mp 33 gess mu²1 VOSS,failed,0.00,4,竹 枝 天 半 旋,竹 中 舞 枝 空,UNKNOWN,扫描 OCR + IPA 锚点版面解析（四行对照） | 整理日期 2026-09,medium
SANGJIAJING-P0114-R-02,SANGJIAJING,114,R,2,女 了,mp ³³ 4ɒ²¹ te³³ ne ⁴⁴ pu h³³,"mp 33 4D21 te33 ne* 44 p""u h33",suspect,0.60,5,竹 叶 云 黑簇,竹 叶 厚 如 云,UNKNOWN,扫描 OCR + IPA 锚点版面解析（四行对照） | 整理日期 2026-09,medium
SANGJIAJING-P0114-R-03,SANGJIAJING,114,R,3,写 中 7科,,33 mD 33 de21 1e33 mp,failed,0.40,5,竹 长 竹 滚 圆,竹 杆 匀 滚圆,UNKNOWN,扫描 OCR + IPA 锚点版面解析（四行对照） | 整理日期 2026-09,medium
SANGJIAJING-P0114-R-04,SANGJIAJING,114,R,4,去 介,,"33 33 33 h21 44 ne mi mp ho33 P""D",failed,0.14,7,楠 密 锚 伙 帕,楠 密 锚 伙 帕,UNKNOWN,扫描 OCR + IPA 锚点版面解析（四行对照） | 整理日期 2026-09,medium
SANGJIAJING-P0114-R-05,SANGJIAJING,114,R,5,7科 3=,nu ³³ mi ³³ ⁴⁴ de²¹ de²¹,nu 33 mi 33 44 de21 de21,ok,0.80,5,你 地 铁 打 打,打铁 你 地 可,UNKNOWN,扫描 OCR + IPA 锚点版面解析（四行对照） | 整理日期 2026-09,medium
SANGJIAJING-P0115-L-01,SANGJIAJING,115,L,1,飞2 专万 目 3=,si³³ khi³³ kuus t⁵⁰³³ t⁰³3,si33 kh133 kuu's t5033 t$033,suspect,0.75,4,会 主 他 有 有,可 有 打 铁 匠,UNKNOWN,扫描 OCR + IPA 锚点版面解析（四行对照） | 整理日期 2026-09,medium
SANGJIAJING-P0115-L-02,SANGJIAJING,115,L,2,去 中 企,mi³³ mp ³³ ho³³ mi³³ n⁰³3,m133 mp 33 ho33 m133 n033,suspect,0.60,5,楠 密 竹 养 地,楠 密 竹 林 乡,UNKNOWN,扫描 OCR + IPA 锚点版面解析（四行对照） | 整理日期 2026-09,medium
SANGJIAJING-P0115-L-03,SANGJIAJING,115,L,3,女 画 飞,,ho33 mp 33 ku's mp33 2031,failed,0.25,4,竹 养 竹 编 会,养竹 会 编 竹,UNKNOWN,扫描 OCR + IPA 锚点版面解析（四行对照） | 整理日期 2026-09,medium
SANGJIAJING-P0115-R-01,SANGJIAJING,115,R,1,子 口 企,tce³³ zi²¹ mu²¹ lu³³ mi³³,tce33 zi21 mu21 lu33 m133,ok,1.00,5,星 晶 弥 勒 地,星 亮 弥 勒 地,UNKNOWN,扫描 OCR + IPA 锚点版面解析（四行对照） | 整理日期 2026-09,medium
SANGJIAJING-P0115-R-02,SANGJIAJING,115,R,2,子 口 效,mu2 1u³³ a²¹ pɒ h²¹,"mu2 1u33 A21 p""D h21",suspect,0.67,3,弥 勒 阿 细 帕,弥 勒 阿 细 帕,UNKNOWN,扫描 OCR + IPA 锚点版面解析（四行对照） | 整理日期 2026-09,medium
SANGJIAJING-P0115-R-03,SANGJIAJING,115,R,3,采科,a²¹ kha⁴⁴ de²¹ kuurs,A21 kha44 de21 kuur's,ok,1.00,4,阿 细 铅 打 会,阿 细 会 打 铅,UNKNOWN,扫描 OCR + IPA 锚点版面解析（四行对照） | 整理日期 2026-09,medium
SANGJIAJING-P0115-R-04,SANGJIAJING,115,R,4,科 飞 田 目,xu ⁴⁴ de²¹ kurs mp t⁰³3,"xu 44 de21 kur""s mp t$033",ok,1.00,3,铁 打 会 不 有,人会打 无 铁,UNKNOWN,扫描 OCR + IPA 锚点版面解析（四行对照） | 整理日期 2026-09,medium
SANGJIAJING-P0116-L-01,SANGJIAJING,116,L,1,金 日 田 WI,ni⁴⁴ thi³³ li⁰³3 mɒ²¹,ni44 th133 1033 mp21,ok,1.00,4,心 处 不 稍 死,中 实 不 甘 心,UNKNOWN,扫描 OCR + IPA 锚点版面解析（四行对照） | 整理日期 2026-09,medium
SANGJIAJING-P0116-L-02,SANGJIAJING,116,L,2,田 7,tsh³³ ka³¹ si⁴⁴ tsh³³ mɒ²¹,tsh;33 ka31 si44 tsh;33 mp21,suspect,0.60,5,不 到 泸 西 到,来 到 了 泸 西,UNKNOWN,扫描 OCR + IPA 锚点版面解析（四行对照） | 整理日期 2026-09,medium
SANGJIAJING-P0116-L-03,SANGJIAJING,116,L,3,7 口 介 分,th³³ ka³¹ lu³³,th33 ka31 lu33 .,suspect,0.67,3,泸 西 城 处 儿,内 泸 西 城 域,UNKNOWN,扫描 OCR + IPA 锚点版面解析（四行对照） | 整理日期 2026-09,medium
SANGJIAJING-P0116-L-04,SANGJIAJING,116,L,4,万 3 企,,"kh,33 m33 g0ss m133",failed,0.00,3,那 地 果 诗 地,那 里 果 诗 居,UNKNOWN,扫描 OCR + IPA 锚点版面解析（四行对照） | 整理日期 2026-09,medium
SANGJIAJING-P0116-R-01,SANGJIAJING,116,R,1,至 7 3,,4e33 ness si44 2.04,failed,0.00,3,林 深 树 长 宜,林 深 宜 木 长,UNKNOWN,扫描 OCR + IPA 锚点版面解析（四行对照） | 整理日期 2026-09,medium
SANGJIAJING-P0116-R-02,SANGJIAJING,116,R,2,亏 至 飞E,,4e33 ph33 90's bD21,failed,0.25,4,果诗 居 山 半 坡,果 坡 诗 居 半,UNKNOWN,扫描 OCR + IPA 锚点版面解析（四行对照） | 整理日期 2026-09,medium
SANGJIAJING-P0116-R-03,SANGJIAJING,116,R,3,飞丑 万 日 全,kuss ne²¹ khi³³ li⁰³3 ɒ³³,kuss ne21 kh133 1033 $D3,suspect,0.75,4,会 找 良 那 里,那 里 找 铁 匠,UNKNOWN,扫描 OCR + IPA 锚点版面解析（四行对照） | 整理日期 2026-09,medium
SANGJIAJING-P0117-L-01,SANGJIAJING,117,L,1,3 7 飞,si³³ si⁴⁴ ku³³ kus 9o⁵⁵,si33 si44 ku33 ku's 9o$5,suspect,0.75,4,果 诗 木 做 会,果 诗 会 木 活,UNKNOWN,扫描 OCR + IPA 锚点版面解析（四行对照） | 整理日期 2026-09,medium
SANGJIAJING-P0117-L-02,SANGJIAJING,117,L,2,7,si⁴⁴ ⁵⁵ ku³³ qe⁴⁴ 3g,si44 55 ku33 qe44 3G,suspect,0.60,5,木 做 强 有 是,有 高 强 木 匠,UNKNOWN,扫描 OCR + IPA 锚点版面解析（四行对照） | 整理日期 2026-09,medium
SANGJIAJING-P0117-L-03,SANGJIAJING,117,L,3,特 田,xu ⁴⁴ de²¹ kuss t⁵⁰³³,xu 44 de21 kuss t5033,ok,1.00,3,铁 打 会 不 有,无 人 会 打 铁,UNKNOWN,扫描 OCR + IPA 锚点版面解析（四行对照） | 整理日期 2026-09,medium
SANGJIAJING-P0117-L-04,SANGJIAJING,117,L,4,田 答,lu³³ de²¹ lu³³ ²¹ 1e³³ mp,lu33 de21 lu33 21 1e33 mp,suspect,0.50,6,磨 打 磨 不 圆,打 磨 磨 不 圆,UNKNOWN,扫描 OCR + IPA 锚点版面解析（四行对照） | 整理日期 2026-09,medium
SANGJIAJING-P0117-L-05,SANGJIAJING,117,L,5,司 司 A,,"2,133 1 lu33 t$033 nD's",failed,0.25,4,水 大 磨 转 多,水大磨转快,UNKNOWN,扫描 OCR + IPA 锚点版面解析（四行对照） | 整理日期 2026-09,medium
SANGJIAJING-P0117-R-01,SANGJIAJING,117,R,1,46 效 米,,"lur33 33 A33 1D5s h21 yu p""D",failed,0.33,6,罗 平 阿 劳 帕,罗 平 阿 劳 帕,UNKNOWN,扫描 OCR + IPA 锚点版面解析（四行对照） | 整理日期 2026-09,medium
SANGJIAJING-P0117-R-02,SANGJIAJING,117,R,2,效 米 华,a³³ 1ɒss kɒ³³ mx ⁴⁴ kurs,A33 1Dss kp33 mx 44 kur*'s,suspect,0.50,4,阿 劳 罐 铸 会,阿 劳 会 做 罐,UNKNOWN,扫描 OCR + IPA 锚点版面解析（四行对照） | 整理日期 2026-09,medium
SANGJIAJING-P0117-R-03,SANGJIAJING,117,R,3,阿 劳 会 做 罐,kɒ³³ mx kus t⁰³3 3g ⁵⁵,kD33 mx ku's t$033 3G 55,suspect,0.67,3,罐 铸 会 有 是,有 人 会 制 罐,UNKNOWN,扫描 OCR + IPA 锚点版面解析（四行对照） | 整理日期 2026-09,medium
SANGJIAJING-P0117-R-04,SANGJIAJING,117,R,4,特 7科 田,⁴⁴ de²¹ kurs mx,44 de21 kur's mx,suspect,0.67,3,铁 呢 打 不 会,不 会 打 铁 具,UNKNOWN,扫描 OCR + IPA 锚点版面解析（四行对照） | 整理日期 2026-09,medium
SANGJIAJING-P0117-R-05,SANGJIAJING,117,R,5,飞丑 专 的,si³³ qe³¹ kuss ne2i kuss,si33 qe31 kuss ne2i kuss,suspect,0.67,3,匠 良 匠 主 赶,再去找 铁匠,UNKNOWN,扫描 OCR + IPA 锚点版面解析（四行对照） | 整理日期 2026-09,medium
SANGJIAJING-P0118-L-01,SANGJIAJING,118,L,1,田 电 日,,tsh;33 tsh;33 mp 21 tu33 1033,failed,0.40,5,不 到 地 处 到,去 到 陌 生 地,UNKNOWN,扫描 OCR + IPA 锚点版面解析（四行对照） | 整理日期 2026-09,medium
SANGJIAJING-P0118-L-02,SANGJIAJING,118,L,2,7,dlɒ²¹ vi²¹ le³¹ t tohe³³ zu²¹,dlp21 vi21 le31 t tohe33 Zu21,ok,0.80,5,蜂 针 手 上 鳌,蜂 针 鳌 手 背,UNKNOWN,扫描 OCR + IPA 锚点版面解析（四行对照） | 整理日期 2026-09,medium
SANGJIAJING-P0118-L-03,SANGJIAJING,118,L,3,安 +,,a Zu33 le31 EOb tu4,failed,0.33,3,蜂 捉 手 中 握,捉 蜂 掌 中 握,UNKNOWN,扫描 OCR + IPA 锚点版面解析（四行对照） | 整理日期 2026-09,medium
SANGJIAJING-P0118-L-04,SANGJIAJING,118,L,4,飞 ? 电,tsh³³ be4 ʊ³³ li⁰⁴4 li⁰³1,tsh33 be4 V33 1044 1031,suspect,0.50,4,师 宗 落 罗 到,到 师 宗 落 罗,UNKNOWN,扫描 OCR + IPA 锚点版面解析（四行对照） | 整理日期 2026-09,medium
SANGJIAJING-P0118-R-01,SANGJIAJING,118,R,1,? 效,phɒ²¹ li⁰⁴4 li⁰²1 a³³ pu,phD21 1044 1021 A33 pu,ok,1.00,5,落 罗 阿 钵 帕,落 罗 阿 钵 帕,UNKNOWN,扫描 OCR + IPA 锚点版面解析（四行对照） | 整理日期 2026-09,medium
SANGJIAJING-P0118-R-02,SANGJIAJING,118,R,2,? 日 企,mi³³ be⁴⁴ ʊli³³ li0 ⁴⁴ li⁰²1,m133 be44 V133 10 44 1021,ok,0.80,5,师 宗 落 罗 地,师 宗 落 罗 地,UNKNOWN,扫描 OCR + IPA 锚点版面解析（四行对照） | 整理日期 2026-09,medium
SANGJIAJING-P0118-R-03,SANGJIAJING,118,R,3,专 科 分,ku si³³ mx ⁴⁴ de²¹ zɒ1,ku si33 mx 44 de21 ZD?1,suspect,0.50,4,会 主 铁 打 儿,打 铁 匠 艺 郎,UNKNOWN,扫描 OCR + IPA 锚点版面解析（四行对照） | 整理日期 2026-09,medium
SANGJIAJING-P0118-R-04,SANGJIAJING,118,R,4,? 电 日,li⁰⁴4 li⁰²1 mi³³ tur³³ li⁰³3,1044 1021 m133 tur33 1033,ok,1.00,5,落 罗 地 方 处,落 罗 人 地 方,UNKNOWN,扫描 OCR + IPA 锚点版面解析（四行对照） | 整理日期 2026-09,medium
SANGJIAJING-P0118-R-05,SANGJIAJING,118,R,5,特 科 Z2 目 3=,mx de²¹ kwi tso,"mx de21 kwr?? tso""",suspect,0.50,2,铁 打 会 有 有,有打 匠 可 铁,UNKNOWN,扫描 OCR + IPA 锚点版面解析（四行对照） | 整理日期 2026-09,medium
SANGJIAJING-P0119-L-01,SANGJIAJING,119,L,1,Z ? 分,²¹ be4 ʊ³³ li⁰⁴4 dzi⁴⁴ zɒ,21 be4 V33 1044 dzi44 ZD,suspect,0.60,5,师 宗 石 打 儿,师 宗 打 石 郎,UNKNOWN,扫描 OCR + IPA 锚点版面解析（四行对照） | 整理日期 2026-09,medium
SANGJIAJING-P0119-L-02,SANGJIAJING,119,L,2,同,zi³³ bu2 fess kur kɒ³³,"z,133 bu² fess kur kD33",suspect,0.50,2,水 淌 岩 里 过,水 淌 人 岩 里,UNKNOWN,扫描 OCR + IPA 锚点版面解析（四行对照） | 整理日期 2026-09,medium
SANGJIAJING-P0119-L-03,SANGJIAJING,119,L,3,列 3,zi³³ tsh³³ khu²¹ fess,"z,133 tsh.33 khu21 fess",suspect,0.75,4,水 下 岩 声 美,水 击 岩声美,UNKNOWN,扫描 OCR + IPA 锚点版面解析（四行对照） | 整理日期 2026-09,medium
SANGJIAJING-P0119-R-01,SANGJIAJING,119,R,1,与 IU,1ɒ²¹ ni²¹ thi²¹ tur³³ tsh³³,1D21 ni21 th121 tur33 tsh:33,suspect,0.60,5,陆 良 一 地 到,来 到 陆 良 地,UNKNOWN,扫描 OCR + IPA 锚点版面解析（四行对照） | 整理日期 2026-09,medium
SANGJIAJING-P0119-R-02,SANGJIAJING,119,R,2,与 Z,,p²p²1 1p21 ni21 ne4 si33,failed,0.25,4,陆 良 乃 斯 帕,乃 斯 帕 陆 良,UNKNOWN,扫描 OCR + IPA 锚点版面解析（四行对照） | 整理日期 2026-09,medium
SANGJIAJING-P0119-R-03,SANGJIAJING,119,R,3,万 介 田 7科,,"kh,33 m133 mx 44 mp 21 de21",failed,0.40,5,他 地 铁 不 打,该 地 不 打 铁,UNKNOWN,扫描 OCR + IPA 锚点版面解析（四行对照） | 整理日期 2026-09,medium
SANGJIAJING-P0119-R-04,SANGJIAJING,119,R,4,万 企 华,,kh33 33 33 1D21 44 mi np xw,failed,0.17,6,他 地 泥 瓦 铸,该 地 做 瓦 片,UNKNOWN,扫描 OCR + IPA 锚点版面解析（四行对照） | 整理日期 2026-09,medium
SANGJIAJING-P0119-R-05,SANGJIAJING,119,R,5,包 飞④ 华,niss de²¹ np ³³ xu ⁴⁴ kus,niss de21 np 33 xu 44 ku*s,suspect,0.50,4,泥 打 瓦 铸 会,会 踩 泥 做 瓦,UNKNOWN,扫描 OCR + IPA 锚点版面解析（四行对照） | 整理日期 2026-09,medium
SANGJIAJING-P0120-L-01,SANGJIAJING,120,L,1,飞2 开 不,kus ne²¹ ge³¹ do ⁴⁴ 2li³³,ku's ne21 ge31 do 44 2133,suspect,0.50,4,会 良 赶 出 去,出 铁 去 找 匠,UNKNOWN,扫描 OCR + IPA 锚点版面解析（四行对照） | 整理日期 2026-09,medium
SANGJIAJING-P0120-L-02,SANGJIAJING,120,L,2,IU 面,,th21 ni33 md 33 ms 55 qe 31,failed,0.40,5,日 山 三 梁 一,一 日 三 山 梁,UNKNOWN,扫描 OCR + IPA 锚点版面解析（四行对照） | 整理日期 2026-09,medium
SANGJIAJING-P0120-L-03,SANGJIAJING,120,L,3,L,,55 33 si21 dzu sw qe31 pu,failed,0.40,5,三 梁 山 七 道,三 梁 山 七 道,UNKNOWN,扫描 OCR + IPA 锚点版面解析（四行对照） | 整理日期 2026-09,medium
SANGJIAJING-P0120-L-04,SANGJIAJING,120,L,4,700,kɒ³³ dzwp pu ³³ ge³¹,kD33 dzwp pu 33 ge31,ok,1.00,3,七 道 山 梁 过,翻越 七 道 山,UNKNOWN,扫描 OCR + IPA 锚点版面解析（四行对照） | 整理日期 2026-09,medium
SANGJIAJING-P0120-R-01,SANGJIAJING,120,R,1,与 飞 272,ni²¹ tsh³³ te³³ bɒ²¹ dlo⁴⁴,ni²1 tsh;33 te33 bD21 dlo44,ok,0.80,5,两 脚 崖 壁 登,两 脚 登 崖 壁,UNKNOWN,扫描 OCR + IPA 锚点版面解析（四行对照） | 整理日期 2026-09,medium
SANGJIAJING-P0120-R-02,SANGJIAJING,120,R,2,与 3 7= 本,qhu²¹ ni²¹ le³¹ te³³ n⁰³1,qhu21 ni21 le31 te33 n031,ok,0.80,5,两 手 崖 口 攀,手 攀 崖 顶 两,UNKNOWN,扫描 OCR + IPA 锚点版面解析（四行对照） | 整理日期 2026-09,medium
SANGJIAJING-P0120-R-03,SANGJIAJING,120,R,3,N. 田 WI 电,,mp tsh;33 thy21 tur33 tsh:33,failed,0.25,4,不 到 地 到 一,来 到 一 地 方,UNKNOWN,扫描 OCR + IPA 锚点版面解析（四行对照） | 整理日期 2026-09,medium
SANGJIAJING-P0120-R-04,SANGJIAJING,120,R,4,电,,"hp33 1o21 pu""tc""e""t tshi33",failed,0.33,3,郝 罗 山 上 到,到 郝 罗 山 上@,UNKNOWN,扫描 OCR + IPA 锚点版面解析（四行对照） | 整理日期 2026-09,medium
SANGJIAJING-P0120-R-05,SANGJIAJING,120,R,5,日,1lo²¹ tche³³ hɒ³³ pur li⁰³3,1lo21 tche33 hp33 pur 1033,suspect,0.50,4,郝 罗 山 冏上 处,在郝 罗 山 上,UNKNOWN,扫描 OCR + IPA 锚点版面解析（四行对照） | 整理日期 2026-09,medium
SANGJIAJING-P0121-L-01,SANGJIAJING,121,L,1,田 住 WI 住,,21 th21 44 mD tsi33 ZO tsi33,failed,0.00,5,不 遇 人 遇,遇 到 一 个 人,UNKNOWN,扫描 OCR + IPA 锚点版面解析（四行对照） | 整理日期 2026-09,medium
SANGJIAJING-P0121-L-02,SANGJIAJING,121,L,2,WI 住,a²¹ th²¹ zi³³ z⁰⁴ tsi³³,A21 th21 Z133 Z04 tsi33,suspect,0.60,5,阿 因 一 人 遇,遇 到 了 阿 因,UNKNOWN,扫描 OCR + IPA 锚点版面解析（四行对照） | 整理日期 2026-09,medium
SANGJIAJING-P0121-L-03,SANGJIAJING,121,L,3,正,,A21 tch33 th21,failed,0.33,3,阿 因 那 人 一,阿 因 这 个 人,UNKNOWN,扫描 OCR + IPA 锚点版面解析（四行对照） | 整理日期 2026-09,medium
SANGJIAJING-P0121-L-04,SANGJIAJING,121,L,4,阿 因 这 个 人,le³¹ le³¹ dzi²¹ li⁵⁵ li³³ tsi³³,le31 le31 dzi21 15133 ts133,ok,1.00,6,手 指 手 指 指,用 手 指 指 示,UNKNOWN,扫描 OCR + IPA 锚点版面解析（四行对照） | 整理日期 2026-09,medium
SANGJIAJING-P0121-R-01,SANGJIAJING,121,R,1,子π子 日 7,dzi²¹ mu²¹ li⁰³3 ssɔs,dzi21 mu21 1033 SSOS,ok,1.00,4,天 指 天 处 知,指 天 知 天,UNKNOWN,扫描 OCR + IPA 锚点版面解析（四行对照） | 整理日期 2026-09,medium
SANGJIAJING-P0121-R-02,SANGJIAJING,121,R,2,介 π 介 电 7,mi ³³ dzi²¹ mi³³,mr 33 dzi21 m133,ok,1.00,3,地 指 地 方 知,指 地 知 事 地,UNKNOWN,扫描 OCR + IPA 锚点版面解析（四行对照） | 整理日期 2026-09,medium
SANGJIAJING-P0121-R-03,SANGJIAJING,121,R,3,7万7 专 万 2,ɒs ⁵⁵ si³³ kh³³ li³³ ne ³³,DS 55 si33 kh33 133 ne 33,ok,0.80,5,知 主 他 来 是,他 是 万 事 通,UNKNOWN,扫描 OCR + IPA 锚点版面解析（四行对照） | 整理日期 2026-09,medium
SANGJIAJING-P0121-R-04,SANGJIAJING,121,R,4,司万 女 每,,Z.O 55 kh33 33 mu 33 t$033 np,failed,0.33,6,我 转 他 问 做,我 去 询 问 他,UNKNOWN,扫描 OCR + IPA 锚点版面解析（四行对照） | 整理日期 2026-09,medium
SANGJIAJING-P0121-R-05,SANGJIAJING,121,R,5,特 科 Wi,⁴⁴ thi²¹ xw de²¹ kurs ²⁰4,44 th121 xw de21 kur's 204,suspect,0.75,4,铁 打 会 一 人,会打铁 一 人,UNKNOWN,扫描 OCR + IPA 锚点版面解析（四行对照） | 整理日期 2026-09,medium
SANGJIAJING-P0122-L-01,SANGJIAJING,122,L,1,飞 2,kurs ²¹ ³³ 1h³³ zi³³ ³⁰ sɒ,kur*s 21 33 1h33 zi33 30 SD,suspect,0.50,6,匠 良 找 来 呢,我 找 一 铁 匠,UNKNOWN,扫描 OCR + IPA 锚点版面解析（四行对照） | 整理日期 2026-09,medium
SANGJIAJING-P0122-L-02,SANGJIAJING,122,L,2,飞2 目 日,qhɒ³³ ku t⁵⁰³³ li⁰³3 li⁰³3,qhD33 ku t5033 1033 1$033,ok,1.00,4,匠 有 哪 里 有,铁 匠 哪 里 有,UNKNOWN,扫描 OCR + IPA 锚点版面解析（四行对照） | 整理日期 2026-09,medium
SANGJIAJING-P0122-L-03,SANGJIAJING,122,L,3,飞2 目 配 3=,kuss t⁰³3 nu³³ ɒ⁰³3 ɒ⁰³3,kuss t$033 nu33 D033 D033,ok,1.00,4,匠 有 你 见 见,你 见 铁 匠 否,UNKNOWN,扫描 OCR + IPA 锚点版面解析（四行对照） | 整理日期 2026-09,medium
SANGJIAJING-P0122-L-04,SANGJIAJING,122,L,4,飞2 丑 日 亏,ku ²¹ qɒ h³³ li⁰³3 ni³³ ne,"ku 21 q""D h33 1033 ni33 ne",ok,1.00,5,匠 良 哪 里 住,铁 匠 住 哪 里,UNKNOWN,扫描 OCR + IPA 锚点版面解析（四行对照） | 整理日期 2026-09,medium
SANGJIAJING-P0122-L-05,SANGJIAJING,122,L,5,飞 3=,,21 ku's nu33 gD gD D21,failed,0.00,3,匠 家 你 闻 闻,可 听 说 匠 家,UNKNOWN,扫描 OCR + IPA 锚点版面解析（四行对照） | 整理日期 2026-09,medium
SANGJIAJING-P0122-R-01,SANGJIAJING,122,R,1,专 分,,A21 33 55 si33 21 Z1 SD ZD,failed,0.33,6,阿 因 知 主 儿,阿 因 全 知 郎,UNKNOWN,扫描 OCR + IPA 锚点版面解析（四行对照） | 整理日期 2026-09,medium
SANGJIAJING-P0122-R-02,SANGJIAJING,122,R,2,阿 因 全 知 郎,,"th21 q031 1,33 do²1 2i33",failed,0.40,5,一 句 还 来 呢,应 答 出 句 一,UNKNOWN,扫描 OCR + IPA 锚点版面解析（四行对照） | 整理日期 2026-09,medium
SANGJIAJING-P0122-R-03,SANGJIAJING,122,R,3,飞 目 企,kus ne2i kus t⁰³3 mi³³,ku's ne2i ku's t$033 m133,suspect,0.50,2,匠 良 匠 在 地,铁 匠 在 匠 地,UNKNOWN,扫描 OCR + IPA 锚点版面解析（四行对照） | 整理日期 2026-09,medium
SANGJIAJING-P0122-R-04,SANGJIAJING,122,R,4,3= 子万 雨,khi³³ thɒ2i ne³¹ ne³¹ mu²¹,kh133 thp2i ne31 ne31 mu²1,suspect,0.75,4,早 早 天 那 时,早先 的 时 候,UNKNOWN,扫描 OCR + IPA 锚点版面解析（四行对照） | 整理日期 2026-09,medium
SANGJIAJING-P0123-L-01,SANGJIAJING,123,L,1,专,,"si33 t""w th33 55 21 Z.O gD",failed,0.20,5,别人背话 我 闻 呢,人 说 我 听 见,UNKNOWN,扫描 OCR + IPA 锚点版面解析（四行对照） | 整理日期 2026-09,medium
SANGJIAJING-P0123-L-02,SANGJIAJING,123,L,2,W 企,tsi³³ bu2 ɔ³³ qe³¹ mi³³,tsi33 bu2! O33 qe31 m133,suspect,0.75,4,支 布 香 改 米,支 布 改 米 香,UNKNOWN,扫描 OCR + IPA 锚点版面解析（四行对照） | 整理日期 2026-09,medium
SANGJIAJING-P0123-L-03,SANGJIAJING,123,L,3,飞2 目 WI 口 电,kurs t⁰³3 thi²¹ lu³³ tu³³,kur's t$033 th121 lu33 tu33,ok,1.00,4,匠 有 一 城 地,是 匠 人 N 城,UNKNOWN,扫描 OCR + IPA 锚点版面解析（四行对照） | 整理日期 2026-09,medium
SANGJIAJING-P0123-L-04,SANGJIAJING,123,L,4,丑 WI 口,kurs ne²¹ thi²¹ lu³³ sɒ ³³,kur's ne21 th121 lu33 SD-33,suspect,0.75,4,匠 良 一 城 样,高 匠 有 一 城,UNKNOWN,扫描 OCR + IPA 锚点版面解析（四行对照） | 整理日期 2026-09,medium
SANGJIAJING-P0123-L-05,SANGJIAJING,123,L,5,飞,,th33 ku's do44 X0.31 #13,failed,0.25,4,匠 出 地 虹 溪,匠 出在虹 溪,UNKNOWN,扫描 OCR + IPA 锚点版面解析（四行对照） | 整理日期 2026-09,medium
SANGJIAJING-P0123-R-01,SANGJIAJING,123,R,1,飞2 丑 万 日,,"ku's ne2! kh,33 1033 t$033",failed,0.33,3,匠 良 那 里 有,高 那 有 匠 里,UNKNOWN,扫描 OCR + IPA 锚点版面解析（四行对照） | 整理日期 2026-09,medium
SANGJIAJING-P0123-R-02,SANGJIAJING,123,R,2,飞2 亏 万 日,kurs kh³³ li⁰³3 0i³³,kur's kh33 1033 0i33,suspect,0.67,3,匠 家 那 里 居,匠 人 那 里 居,UNKNOWN,扫描 OCR + IPA 锚点版面解析（四行对照） | 整理日期 2026-09,medium
SANGJIAJING-P0123-R-03,SANGJIAJING,123,R,3,匠 人 那 里 居,tsho²¹ si²¹ kurs tshi³³ mi³³,tsho21 si21 kur*s tshi:33 m13,suspect,0.75,4,行 走 匠 地 到,行 走 至 匠 地,UNKNOWN,扫描 OCR + IPA 锚点版面解析（四行对照） | 整理日期 2026-09,medium
SANGJIAJING-P0124-L-01,SANGJIAJING,124,L,1,3:,khu²¹ hu2i hur²¹,khu21 hu²i hur²1,suspect,0.50,2,铁声 响 轰 轰,声 伏 打 铁 起,UNKNOWN,扫描 OCR + IPA 锚点版面解析（四行对照） | 整理日期 2026-09,medium
SANGJIAJING-P0124-L-02,SANGJIAJING,124,L,2,7科 国 ZI 3=,de²¹ tshi³³ ne ³³ ni²¹ ni²¹,de21 tshi33 ne 33 ni²1 n1²1,ok,1.00,5,打 砧 响 连 连,击 砧 响 连 连,UNKNOWN,扫描 OCR + IPA 锚点版面解析（四行对照） | 整理日期 2026-09,medium
SANGJIAJING-P0124-L-03,SANGJIAJING,124,L,3,平u 7科,⁴⁴ de²¹ x⁰³1 mx zɒ1,44 de21 X031 mx ZD?1,suspect,0.50,4,虹 溪 铁 打 儿,虹 溪打 铁 郎,UNKNOWN,扫描 OCR + IPA 锚点版面解析（四行对照） | 整理日期 2026-09,medium
SANGJIAJING-P0124-L-04,SANGJIAJING,124,L,4,飞2 专 ：,,kh133 1p33 kuss si33,failed,0.33,3,会 主 他 家 啊,铁 家 人 匠 N,UNKNOWN,扫描 OCR + IPA 锚点版面解析（四行对照） | 整理日期 2026-09,medium
SANGJIAJING-P0124-R-01,SANGJIAJING,124,R,1,U 司,,ku's mp 33 kurss tsi33 t$055,failed,0.33,3,匠 母 匠 皮,每 亲 皮 肤,UNKNOWN,扫描 OCR + IPA 锚点版面解析（四行对照） | 整理日期 2026-09,medium
SANGJIAJING-P0124-R-02,SANGJIAJING,124,R,2,分 住 4,,kus ZD21 kur's tsi33 dzo,failed,0.33,3,匠 儿 棵沾 匠,儿 有 匠 人 身,UNKNOWN,扫描 OCR + IPA 锚点版面解析（四行对照） | 整理日期 2026-09,medium
SANGJIAJING-P0124-R-03,SANGJIAJING,124,R,3,儿 有 匠 人 身,,ku's kuss dy31 nur3 SDSS,failed,0.00,2,匠 女 匠 知 长,匠 女 香 匠 慧,UNKNOWN,扫描 OCR + IPA 锚点版面解析（四行对照） | 整理日期 2026-09,medium
SANGJIAJING-P0124-R-04,SANGJIAJING,124,R,4,飞 WI 口 住,,V133 th21 ku*'s lu33 tsi33,failed,0.25,4,匠 家 一 城 遇,遇 城 匠 人 一,UNKNOWN,扫描 OCR + IPA 锚点版面解析（四行对照） | 整理日期 2026-09,medium
SANGJIAJING-P0124-R-05,SANGJIAJING,124,R,5,效 飞 专,a²¹ 1x⁴⁴ ku si²¹ pɒ²¹,A21 1x44 ku si21 pD21,suspect,0.50,4,阿 勒 会 主 人,阿 勒 铁匠 人,UNKNOWN,扫描 OCR + IPA 锚点版面解析（四行对照） | 整理日期 2026-09,medium
SANGJIAJING-P0125-L-01,SANGJIAJING,125,L,1,飞专 分,kurs si³³ li³³ ³³ ge³¹ yɒ,kur's si33 133 33 ge31 yD,suspect,0.60,5,会 主 赶 了 得,找 到 铁： 匠 了,UNKNOWN,扫描 OCR + IPA 锚点版面解析（四行对照） | 整理日期 2026-09,medium
SANGJIAJING-P0125-L-02,SANGJIAJING,125,L,2,飞2 专 飞 特 科,si³³ ⁴⁴ ku np ³³ xw de²¹,si33 44 ku* np 33 xw de21,suspect,0.75,4,会 主 我 铁 打,铁 匠 打 我 铁,UNKNOWN,扫描 OCR + IPA 锚点版面解析（四行对照） | 整理日期 2026-09,medium
SANGJIAJING-P0125-L-03,SANGJIAJING,125,L,3,科,nɒ ³³ mx ⁴⁴ de²¹ 1n³³ zi³³,nD 33 mx 44 de21 1n33 zi33,suspect,0.60,5,我 铁 打 来 呢,帮 我 打 铁 呢,UNKNOWN,扫描 OCR + IPA 锚点版面解析（四行对照） | 整理日期 2026-09,medium
SANGJIAJING-P0125-L-04,SANGJIAJING,125,L,4,飞2 20,,"A21 1y44 ku"" 1,33",failed,0.33,3,阿 勒 匠 家 来,阿 勒 铁 匠 家,UNKNOWN,扫描 OCR + IPA 锚点版面解析（四行对照） | 整理日期 2026-09,medium
SANGJIAJING-P0125-L-05,SANGJIAJING,125,L,5,2,,"1a33 zi33 kw?s p""u² tsu",failed,0.33,3,匠 价 商 来 呢,报出 工匠 费,UNKNOWN,扫描 OCR + IPA 锚点版面解析（四行对照） | 整理日期 2026-09,medium
SANGJIAJING-P0125-R-01,SANGJIAJING,125,R,1,科星 A 五 电,de²¹ phu²¹ 4u³³ ⁵⁵ lo²¹ np,de21 phu21 4u33 55 lo21 np,suspect,0.50,6,打 价 银 五 两,锻 打 银 五 两,UNKNOWN,扫描 OCR + IPA 锚点版面解析（四行对照） | 整理日期 2026-09,medium
SANGJIAJING-P0125-R-02,SANGJIAJING,125,R,2,3 五,phu²¹ mu ag ⁵⁵ tsi³³,phu21 mu aG 55 tsi33,ok,1.00,3,做 价 金 五 钱,成 形 金 五 钱,UNKNOWN,扫描 OCR + IPA 锚点版面解析（四行对照） | 整理日期 2026-09,medium
SANGJIAJING-P0125-R-03,SANGJIAJING,125,R,3,W 五,,1e31 nos ciss np 55,failed,0.00,2,手 活 细 五 厘,细 活 费 五 厘,UNKNOWN,扫描 OCR + IPA 锚点版面解析（四行对照） | 整理日期 2026-09,medium
SANGJIAJING-P0125-R-04,SANGJIAJING,125,R,4,飞2 众 飞2 田,,"ku? dz133 kur""s lur²1",failed,0.00,2,匠 根源 鸡 九 只,请 匠 鸡 九 只,UNKNOWN,扫描 OCR + IPA 锚点版面解析（四行对照） | 整理日期 2026-09,medium
SANGJIAJING-P0125-R-05,SANGJIAJING,125,R,5,效 国 思,a²¹ qho²¹ tshi³³ ne sɒ,A21 qho21 tshi33 ne SD?,suspect,0.75,4,现 在 穷 年 到,现 逢穷荒 年,UNKNOWN,扫描 OCR + IPA 锚点版面解析（四行对照） | 整理日期 2026-09,medium
SANGJIAJING-P0126-L-01,SANGJIAJING,126,L,1,田,,niss dzD h33 21 ab mp pD,failed,0.00,3,嘴 吃 食 不 饱,吃 饭 不 饱 腹,UNKNOWN,扫描 OCR + IPA 锚点版面解析（四行对照） | 整理日期 2026-09,medium
SANGJIAJING-P0126-L-02,SANGJIAJING,126,L,2,司 日 % 丰,kur³³ li⁰³3 ni4 do⁴⁴,kur33 1033 ni4 do44,suspect,0.67,3,身 处 肉 红 出,裳 破 露 肉 身,UNKNOWN,扫描 OCR + IPA 锚点版面解析（四行对照） | 整理日期 2026-09,medium
SANGJIAJING-P0126-L-03,SANGJIAJING,126,L,3,裳 破 露 肉 身,,md 44 kw*s phu²l tsu,failed,0.00,2,反 复 匠 价商,反 复 商 工 价,UNKNOWN,扫描 OCR + IPA 锚点版面解析（四行对照） | 整理日期 2026-09,medium
SANGJIAJING-P0126-L-04,SANGJIAJING,126,L,4,光 每,,tsu 1D33 nas mu33,failed,0.00,2,小 的 商 了 做,往 低 谈 工 价,UNKNOWN,扫描 OCR + IPA 锚点版面解析（四行对照） | 整理日期 2026-09,medium
SANGJIAJING-P0126-L-05,SANGJIAJING,126,L,5,万 2,khi³³ zi³³ li³³ tsu³³ nos,"kh133 zi33 1,33 tsu33 nos",ok,1.00,5,那 样 羊商来 要,往低来商 吧,UNKNOWN,扫描 OCR + IPA 锚点版面解析（四行对照） | 整理日期 2026-09,medium
SANGJIAJING-P0126-R-01,SANGJIAJING,126,R,1,九 企,dzi²¹ bur³³ ne³³ mi³³,dzi21 bur33 ne33 m133,ok,1.00,4,官 也 地 不 有,官家 如 无 地,UNKNOWN,扫描 OCR + IPA 锚点版面解析（四行对照） | 整理日期 2026-09,medium
SANGJIAJING-P0126-R-02,SANGJIAJING,126,R,2,星万 田 X,phu²¹ qhe⁴⁴ kh³³ mɒ²¹ tsi²¹,phu²1qhe44 kh33 mp21 tsi21,ok,0.80,5,价 硬 他 不 承,价 高 也 难 承,UNKNOWN,扫描 OCR + IPA 锚点版面解析（四行对照） | 整理日期 2026-09,medium
SANGJIAJING-P0126-R-03,SANGJIAJING,126,R,3,价 高 也 难 承,tsu ³³ 1ɒ³³ dlɒ³³ zɒ,tsu 33 1D33 dlp33 ZD,suspect,0.75,4,商 了 谈 了 成,终 于 谈 妥 价,UNKNOWN,扫描 OCR + IPA 锚点版面解析（四行对照） | 整理日期 2026-09,medium
SANGJIAJING-P0126-R-04,SANGJIAJING,126,R,4,国 2,a²¹ tshi³³ 1h³³ zi³³ ne³³,A21 tshi33 1h33 zi33 ne33,ok,0.80,5,现 在 到 来 呢,到 」了现 下呢,UNKNOWN,扫描 OCR + IPA 锚点版面解析（四行对照） | 整理日期 2026-09,medium
SANGJIAJING-P0127-L-01,SANGJIAJING,127,L,1,WI 日,,de1 phu²1 du”3 th121 lo21,failed,0.33,3,打 价 银 一 两,锻 打 银 一 两,UNKNOWN,扫描 OCR + IPA 锚点版面解析（四行对照） | 整理日期 2026-09,medium
SANGJIAJING-P0127-L-02,SANGJIAJING,127,L,2,3 WI,mu³³ pu²¹ thj²¹ tsh³³,"mu""3 pu21 thj21tsh:33",suspect,0.50,4,做 价 金 — 钱,成 形 金 一 钱,UNKNOWN,扫描 OCR + IPA 锚点版面解析（四行对照） | 整理日期 2026-09,medium
SANGJIAJING-P0127-L-03,SANGJIAJING,127,L,3,M WI,,le31 noss ciss th121 2.021,failed,0.33,3,手 活 细 一 厘,细 厘 活 费 一,UNKNOWN,扫描 OCR + IPA 锚点版面解析（四行对照） | 整理日期 2026-09,medium
SANGJIAJING-P0127-L-04,SANGJIAJING,127,L,4,飞 G,kus phu²¹ zɔ ⁴⁴ mb zi³³,ku's phu21 ZO 44 mb zi33,suspect,0.67,3,匠 价 讨 完 呢,工 价 商 讨 完,UNKNOWN,扫描 OCR + IPA 锚点版面解析（四行对照） | 整理日期 2026-09,medium
SANGJIAJING-P0127-R-01,SANGJIAJING,127,R,1,,kus tɒ³³ xw ⁴⁴ de²¹ tɒ³³,ku's tD33 xw 44 de21 tD33,suspect,0.50,4,起 匠 起 铁 打,起 身 去 打 铁,UNKNOWN,扫描 OCR + IPA 锚点版面解析（四行对照） | 整理日期 2026-09,medium
SANGJIAJING-P0127-R-02,SANGJIAJING,127,R,2,效,de²¹ tshi³³ a³³ ne ⁴⁴ niss,de21 tshi33 A33 ne 44 niss,ok,1.00,5,打 砧 乌 鸦 嘴,砧 头 似 鸦 嘴,UNKNOWN,扫描 OCR + IPA 锚点版面解析（四行对照） | 整理日期 2026-09,medium
SANGJIAJING-P0127-R-03,SANGJIAJING,127,R,3,4 效 D Z,,dz.j33 A33 pp niss he33,failed,0.33,3,夹 青 嘴 子 蛙,夹 子 青 蛙 嘴,UNKNOWN,扫描 OCR + IPA 锚点版面解析（四行对照） | 整理日期 2026-09,medium
SANGJIAJING-P0127-R-04,SANGJIAJING,127,R,4,π 安,mɒ³³ dzi²¹ ʊɒ²¹ se³¹ ⁹⁰³³,mp33 dzi21 VD21 Se31 9033,suspect,0.60,5,鸡 毛 生 气 抽,鸡 毛箱抽 风,UNKNOWN,扫描 OCR + IPA 锚点版面解析（四行对照） | 整理日期 2026-09,medium
SANGJIAJING-P0128-L-01,SANGJIAJING,128,L,1,O 金 4,ni2l ³³ tuss 4ɒ³³ ni⁴⁴ zɛ,ni2l 33 tuss 4D33 ni44 ZE,suspect,0.50,4,火 苗 牛 心 大,火 苗 似 牛 心,UNKNOWN,扫描 OCR + IPA 锚点版面解析（四行对照） | 整理日期 2026-09,medium
SANGJIAJING-P0128-L-02,SANGJIAJING,128,L,2,特 2ZZ 7HL 3=,mx ⁴⁴ tsiss mx ⁴⁴ li⁵⁵ s 1i⁵⁵,mx 44 tsiss mx 44 li5s 1i55,suspect,0.50,4,铁 移 铁 炼 炼,夹 铁 火中 烧,UNKNOWN,扫描 OCR + IPA 锚点版面解析（四行对照） | 整理日期 2026-09,medium
SANGJIAJING-P0128-L-03,SANGJIAJING,128,L,3,司 飞 WI,a²¹ 1x⁴⁴ kurs th²¹ z0 ⁴⁴,A21 1x44 kurs th21 Z0 44,suspect,0.50,4,阿 勒 匠 一 人,阿 勒 铁 匠 人,UNKNOWN,扫描 OCR + IPA 锚点版面解析（四行对照） | 整理日期 2026-09,medium
SANGJIAJING-P0128-L-04,SANGJIAJING,128,L,4,科 日,fi³³ de²¹ ɛenq li⁰³3 dzu,fi33 de21 Eenq 1033 dzu,suspect,0.75,4,挥 打 肩 处 齐,抢锤挤肩高,UNKNOWN,扫描 OCR + IPA 锚点版面解析（四行对照） | 整理日期 2026-09,medium
SANGJIAJING-P0128-R-01,SANGJIAJING,128,R,1,科 43,,de21 ph;33 tsh33 tsh33 ms,failed,0.20,5,锋 打 扁 下 下,锋 刃 锐 利 利,UNKNOWN,扫描 OCR + IPA 锚点版面解析（四行对照） | 整理日期 2026-09,medium
SANGJIAJING-P0128-R-02,SANGJIAJING,128,R,2,苏 牛 7,yu de²¹ dzi⁴⁴ ⁴⁴ de²¹,yu de21 dzi44 44 de21,suspect,0.50,4,先 打 砍 铁 打,首先 打 砍 斧,UNKNOWN,扫描 OCR + IPA 锚点版面解析（四行对照） | 整理日期 2026-09,medium
SANGJIAJING-P0128-R-03,SANGJIAJING,128,R,3,7科 科 分,yɒ ³³ de²¹ xo²¹ mx ⁴⁴ d²¹,yD 33 de21 Xo21 mx 44 d21,suspect,0.60,5,后 打 修 铁 打,其 后 打 修 刀,UNKNOWN,扫描 OCR + IPA 锚点版面解析（四行对照） | 整理日期 2026-09,medium
SANGJIAJING-P0128-R-04,SANGJIAJING,128,R,4,7L 日 西,tshi²¹ li⁰³3 dle³¹ ⁴⁴ de²¹ mx,tshi21 1033 dle31 44 de21 mx,suspect,0.67,6,再 处 劈 铁 打,再 后 打 子,UNKNOWN,扫描 OCR + IPA 锚点版面解析（四行对照） | 整理日期 2026-09,medium
SANGJIAJING-P0128-R-05,SANGJIAJING,128,R,5,7科 IM 签,thu³³ de²¹ thi²¹ xu¹⁴4,thu33 de21 th121 xu144,ok,1.00,4,刨 铁 打 一 把,打 一 把 刨 刀,UNKNOWN,扫描 OCR + IPA 锚点版面解析（四行对照） | 整理日期 2026-09,medium
SANGJIAJING-P0129-L-01,SANGJIAJING,129,L,1,,,"t""u”tsu de21 th21 SD33",failed,0.33,3,断 锯 打 一 条,打 一 条 断 锯,UNKNOWN,扫描 OCR + IPA 锚点版面解析（四行对照） | 整理日期 2026-09,medium
SANGJIAJING-P0129-L-02,SANGJIAJING,129,L,2,特 7科 π IM 签,xw ⁴⁴ de²¹ dzi²¹ thi²¹ ɒ³³,xw 44 de21 dzi21 th121 $D33,ok,0.80,5,铁 打 凿 一 把,打 把 凿 子 一,UNKNOWN,扫描 OCR + IPA 锚点版面解析（四行对照） | 整理日期 2026-09,medium
SANGJIAJING-P0129-L-03,SANGJIAJING,129,L,3,飞,,kur's mx liss 1D21 1h33,failed,0.00,2,匠 铁 炼 了 来,火 中 烧 炼 铁,UNKNOWN,扫描 OCR + IPA 锚点版面解析（四行对照） | 整理日期 2026-09,medium
SANGJIAJING-P0129-L-04,SANGJIAJING,129,L,4,W,,Ip21 44 33 ne ob tsiss,failed,0.25,4,牛 黑 水 里 淬,似 牛 人 水 淬,UNKNOWN,扫描 OCR + IPA 锚点版面解析（四行对照） | 整理日期 2026-09,medium
SANGJIAJING-P0129-L-05,SANGJIAJING,129,L,5,面丑 分,the⁴⁴ xw su²¹ mu³³ yɒ,the44 xw su²1 mu33 yD,ok,1.00,4,铁 刃 良 的 得,铁具刃 锋利,UNKNOWN,扫描 OCR + IPA 锚点版面解析（四行对照） | 整理日期 2026-09,medium
SANGJIAJING-P0129-R-01,SANGJIAJING,129,R,1,每 分 2,the⁴⁴ ³³ ³³ do⁴⁴ li³³ mu yɒ,the44 33 33 do44 133 mu YD,suspect,0.50,6,良 的 得 出 来,获 得 良 铁 具,UNKNOWN,扫描 OCR + IPA 锚点版面解析（四行对照） | 整理日期 2026-09,medium
SANGJIAJING-P0129-R-02,SANGJIAJING,129,R,2,? 面 茶,li⁰⁴4 se4 xw ⁴⁴ bɒ²¹ zu³³,1044 Se4 xw 44 bp21 Z.U33,suspect,0.75,4,石 粗 铁 面 拿,粗 石 磨 铁 面,UNKNOWN,扫描 OCR + IPA 锚点版面解析（四行对照） | 整理日期 2026-09,medium
SANGJIAJING-P0129-R-03,SANGJIAJING,129,R,3,口 特面 ?,li⁰⁴ noss mx ⁴⁴ hyss,104 noss mx 44 hyss,suspect,0.67,3,石 软 铁 刃 立,细 石 磨 锋 刃,UNKNOWN,扫描 OCR + IPA 锚点版面解析（四行对照） | 整理日期 2026-09,medium
SANGJIAJING-P0129-R-04,SANGJIAJING,129,R,4,面 勿,the⁴⁴ tless su2l 2ɒ²¹,the44 tless su2l 2D21,suspect,0.50,2,刃 利 鹰 儿 嘴,刃 利 似 鹰 喙,UNKNOWN,扫描 OCR + IPA 锚点版面解析（四行对照） | 整理日期 2026-09,medium
SANGJIAJING-P0129-R-05,SANGJIAJING,129,R,5,田 刀 田 (Z,,the44kh33 21 mp21 mp,failed,0.40,5,不 利 它 不 样,没有厚钝 样,UNKNOWN,扫描 OCR + IPA 锚点版面解析（四行对照） | 整理日期 2026-09,medium
SANGJIAJING-P0130-L-01,SANGJIAJING,130,L,1,7 4P 苏 IU,si⁴⁴ ²¹ thi²¹ ni³³ zɛ dzi⁴⁴,si44 21 th121 ni33 ZE dzi44,suspect,0.60,5,树 大 砍 一 日,砍 大 树 之 日,UNKNOWN,扫描 OCR + IPA 锚点版面解析（四行对照） | 整理日期 2026-09,medium
SANGJIAJING-P0130-L-02,SANGJIAJING,130,L,2,tQ 本 分 田 曼,he³³ ku³³ xɒ ²¹ mp ²¹ m ⁴⁴,he33 ku33 XD 21 mp 21 m 44,suspect,0.60,5,房 建 力 不 叫,无 须 叫 帮 工,UNKNOWN,扫描 OCR + IPA 锚点版面解析（四行对照） | 整理日期 2026-09,medium
SANGJIAJING-P0130-L-03,SANGJIAJING,130,L,3,分 tQ 田,yɒ ²¹ yu ⁴⁴ he³³ ku³³,yD 21 yu 44 he33 ku33,ok,1.00,4,力 叫 房 不 建,靠 hu 难 建 房,UNKNOWN,扫描 OCR + IPA 锚点版面解析（四行对照） | 整理日期 2026-09,medium
SANGJIAJING-P0130-L-04,SANGJIAJING,130,L,4,分 九,,tche44 0.55 21 1h33 YD ne33,failed,0.20,5,村 头 力 也 来,村 头 工 自 来,UNKNOWN,扫描 OCR + IPA 锚点版面解析（四行对照） | 整理日期 2026-09,medium
SANGJIAJING-P0130-R-01,SANGJIAJING,130,R,1,分,,tche44 33 21 me yD pe4 le31,failed,0.25,4,村 尾 力 伙 伴,村 尾 帮 工 伴,UNKNOWN,扫描 OCR + IPA 锚点版面解析（四行对照） | 整理日期 2026-09,medium
SANGJIAJING-P0130-R-02,SANGJIAJING,130,R,2,分 分 >,yɒ²¹ tso h²¹ yɒ ²¹ pe4 le³¹,"YD21 ts""o"" h21 YD 21 pe4 le31",suspect,0.75,4,力 伴 力 伙 伴,伙 伴 来 帮 忙,UNKNOWN,扫描 OCR + IPA 锚点版面解析（四行对照） | 整理日期 2026-09,medium
SANGJIAJING-P0130-R-03,SANGJIAJING,130,R,3,年 IU,tshi³³ thi²¹ kɒ³³ su³³,tsh133 th121 kD33 su3,ok,1.00,4,我 加 三 十 一,加 我 三 十 一,UNKNOWN,扫描 OCR + IPA 锚点版面解析（四行对照） | 整理日期 2026-09,medium
SANGJIAJING-P0130-R-04,SANGJIAJING,130,R,4,住 众 分 可,⁴⁴ tsi³³ d2li³³ yɒ ²¹ ne ⁴⁴ g8,44 tsi33 d2133 YD 21 ne 44 g8,suspect,0.50,6,院 坝 力 黑 谢,院 中 谢 朋 工,UNKNOWN,扫描 OCR + IPA 锚点版面解析（四行对照） | 整理日期 2026-09,medium
SANGJIAJING-P0131-L-01,SANGJIAJING,131,L,1,设餐待早饭,dɒ2 tsu2dzɒ²¹ mb du³³,dp² tsu²dzD²1 mb du33,suspect,0.50,2,黎明早饭 吃 完 后,黎明 吃完 饭,UNKNOWN,扫描 OCR + IPA 锚点版面解析（四行对照） | 整理日期 2026-09,medium
SANGJIAJING-P0131-L-02,SANGJIAJING,131,L,2,日界,dzi4 ⁴⁴ bu³³ li⁰³3 kha³¹,dzi4 44 bu33 1033 kha31,ok,1.00,4,砍 铁肩 上 扛,斧头扛 肩 上,UNKNOWN,扫描 OCR + IPA 锚点版面解析（四行对照） | 整理日期 2026-09,medium
SANGJIAJING-P0131-L-03,SANGJIAJING,131,L,3,772 费日生,x⁰³1 dzo³¹ li⁰³3 th⁴⁴ xu,X031 dzo31 1033 th44 xu,suspect,0.60,5,修 铁 腰 要处 插,修刀插腰间,UNKNOWN,扫描 OCR + IPA 锚点版面解析（四行对照） | 整理日期 2026-09,medium
SANGJIAJING-P0131-L-04,SANGJIAJING,131,L,4,修刀插腰间,thu³³ 4tche³³ xu li⁰³3 bu²¹,"thu33 4tche33 xu"" 1033 bu21",suspect,0.50,4,断铁背处背,断锯背上背,UNKNOWN,扫描 OCR + IPA 锚点版面解析（四行对照） | 整理日期 2026-09,medium
SANGJIAJING-P0131-R-01,SANGJIAJING,131,R,1,日 十,dle³¹ ⁴⁴ le³¹ li⁰³3 tu⁴⁴ mx,dle31 44 le31 1033 tu44 mx,suspect,0.67,6,劈铁 手 处 握,斧手中握,UNKNOWN,扫描 OCR + IPA 锚点版面解析（四行对照） | 整理日期 2026-09,medium
SANGJIAJING-P0131-R-02,SANGJIAJING,131,R,2,斧手中握,tsho²¹ tsho²¹ si²¹ ⁸⁸ mu³³ ³³,tsho21 tsho21 si21 88 mu3 33,suspect,0.67,6,行走行 走 做,路朝前走 一,UNKNOWN,扫描 OCR + IPA 锚点版面解析（四行对照） | 整理日期 2026-09,medium
SANGJIAJING-P0131-R-03,SANGJIAJING,131,R,3,路朝前走 一,tsho²¹ si²¹ tho1 dz⁰⁴ tsh3,tsho21 si21 tho1 dz04 tsh;3,suspect,0.50,4,行·走青松林 到,来到青松 林,UNKNOWN,扫描 OCR + IPA 锚点版面解析（四行对照） | 整理日期 2026-09,medium
SANGJIAJING-P0132-L-01,SANGJIAJING,132,L,1,平u,³³ dzo ⁴⁴ 1o²¹ tshi³³,33 dzo 44 1o21 tshi33,suspect,0.50,4,青栎 林 青栎 凹 到,来 到 青 林 栋,UNKNOWN,扫描 OCR + IPA 锚点版面解析（四行对照） | 整理日期 2026-09,medium
SANGJIAJING-P0132-L-02,SANGJIAJING,132,L,2,7 苏 7 ZI 3=,dzi⁴⁴ si⁴⁴ ni1 ni²¹,dzi44 Si44 n11 n121,suspect,0.67,3,树 砍 树 连 连,砍 树 声 坎坎,UNKNOWN,扫描 OCR + IPA 锚点版面解析（四行对照） | 整理日期 2026-09,medium
SANGJIAJING-P0132-L-03,SANGJIAJING,132,L,3,7 旧 子开,si⁴⁴ bu²¹ tsos mu²¹ dzi²¹,si44 bu²1 tso's mu²1 dzi21,suspect,0.75,4,树 倒 春 雷 鸣,树倒声如雷,UNKNOWN,扫描 OCR + IPA 锚点版面解析（四行对照） | 整理日期 2026-09,medium
SANGJIAJING-P0132-R-01,SANGJIAJING,132,R,1,7 苏 & 76,si⁴⁴ ²¹ ³³ du³³ dzi⁴⁴ mb,si44 21 33 du33 dzi44 mb,suspect,0.50,6,树 大 砍完 后,砍 完 大 树 后,UNKNOWN,扫描 OCR + IPA 锚点版面解析（四行对照） | 整理日期 2026-09,medium
SANGJIAJING-P0132-R-02,SANGJIAJING,132,R,2,米,,thw k033 le31 2144 1h33,failed,0.25,4,快 手 滑 来 断,手快 断 截 成,UNKNOWN,扫描 OCR + IPA 锚点版面解析（四行对照） | 整理日期 2026-09,medium
SANGJIAJING-P0132-R-03,SANGJIAJING,132,R,3,手快 断 截 成,,7 OZO,failed,0.00,1,"tu3 mb 33 du33 zi33 dz,j33",断 完 后 呢 整理,UNKNOWN,扫描 OCR + IPA 锚点版面解析（四行对照） | 整理日期 2026-09,medium
SANGJIAJING-P0132-R-04,SANGJIAJING,132,R,4,7 OZO,tu³³ mb ³³ du³³ zi³³ dzj³³,"tu3 mb 33 du33 zi33 dz,j33",suspect,0.60,5,断 完 后 呢 整理,断 完 整 场 地,UNKNOWN,扫描 OCR + IPA 锚点版面解析（四行对照） | 整理日期 2026-09,medium
SANGJIAJING-P0132-R-05,SANGJIAJING,132,R,5,WI 又,,"dz,i33 1D33 th21 tDss VD33",failed,0.25,4,整理 了 一 处 搁,将 木 搬 一 处,UNKNOWN,扫描 OCR + IPA 锚点版面解析（四行对照） | 整理日期 2026-09,medium
SANGJIAJING-P0132-R-06,SANGJIAJING,132,R,6,米,k⁰³3 le³¹ 1h³³ dle³¹,k033 le31 1h33 dle31,suspect,0.50,4,快 手 滑 的 劈,手快劈滑木,UNKNOWN,扫描 OCR + IPA 锚点版面解析（四行对照） | 整理日期 2026-09,medium
SANGJIAJING-P0133-L-01,SANGJIAJING,133,L,1,OX 茶,,h44 33 tsiss zu,failed,0.00,3,斧头木 节 拿,斧头修 木 节,UNKNOWN,扫描 OCR + IPA 锚点版面解析（四行对照） | 整理日期 2026-09,medium
SANGJIAJING-P0133-L-02,SANGJIAJING,133,L,2,谷西 7 U,,dle31 pu si44 4021 tyss,failed,0.25,4,子 木 面 给,子 劈 木 面,UNKNOWN,扫描 OCR + IPA 锚点版面解析（四行对照） | 整理日期 2026-09,medium
SANGJIAJING-P0133-L-03,SANGJIAJING,133,L,3,分 # 分,³³ dle³¹ zi³³ yɒ tsi³³ zɒ1,33 dle31 zi3 yD ts133 ZD1,suspect,0.60,5,后 劈 边 柱 司 儿,后 劈 滑 小 柱,UNKNOWN,扫描 OCR + IPA 锚点版面解析（四行对照） | 整理日期 2026-09,medium
SANGJIAJING-P0133-L-04,SANGJIAJING,133,L,4,见M U,,dur2l phe31 zi33 33 le31 mp,failed,0.40,5,承中 柱 手 臂,承中柱手臂,UNKNOWN,扫描 OCR + IPA 锚点版面解析（四行对照） | 整理日期 2026-09,medium
SANGJIAJING-P0133-R-01,SANGJIAJING,133,R,1,同 ?,,"mb 33 dlu33 33 sw? tc""e 55 h33 mb",failed,0.33,6,搭 三 根 条,標 条 搭 冏三冏 根,UNKNOWN,扫描 OCR + IPA 锚点版面解析（四行对照） | 整理日期 2026-09,medium
SANGJIAJING-P0133-R-02,SANGJIAJING,133,R,2,子 日,tsh⁰⁴ tshi²¹ mu²¹ kur ³³ li⁰³3,tsh04tshi21 mu²1 kur 33 1033,ok,0.80,5,秋 冬 天 里 处,冬季节 里 秋,UNKNOWN,扫描 OCR + IPA 锚点版面解析（四行对照） | 整理日期 2026-09,medium
SANGJIAJING-P0134-L-01,SANGJIAJING,134,L,1,W 九 O 年 π,tsi³³ ne³³ ³³ 4ɒ³³ kɒ³³ dzi²¹,tsi33 ne3 33 4D33 kD33 dzi21,suspect,0.67,6,阳 与 月 过 值,阳 与 月 下 搁,UNKNOWN,扫描 OCR + IPA 锚点版面解析（四行对照） | 整理日期 2026-09,medium
SANGJIAJING-P0134-L-02,SANGJIAJING,134,L,2,WI 天 焱 6,th²¹ li³³ fe³³ 0i³³,th21 133 fe33 0i33,suspect,0.50,4,一 日 晒 来 干,昼 晒 木 料 干,UNKNOWN,扫描 OCR + IPA 锚点版面解析（四行对照） | 整理日期 2026-09,medium
SANGJIAJING-P0134-L-03,SANGJIAJING,134,L,3,hI ZZ,thi²¹ he³¹ mu li³³ fe³³,th121 he31 mu 133 fe33,suspect,0.75,4,一 夜 吹 来 干,夜 吹 木 料 干,UNKNOWN,扫描 OCR + IPA 锚点版面解析（四行对照） | 整理日期 2026-09,medium
SANGJIAJING-P0134-L-04,SANGJIAJING,134,L,4,排 π π,dzi²¹ tsiss dzi²¹ hɒ³³ fe³³,dzi21 tsiss dzi21 hp3 fe33,suspect,0.75,4,露 值 雨 值 干,沐 露 淋 雨 干,UNKNOWN,扫描 OCR + IPA 锚点版面解析（四行对照） | 整理日期 2026-09,medium
SANGJIAJING-P0134-L-05,SANGJIAJING,134,L,5,7 6 3=,si⁴⁴ fe³³ h3 tsy⁴⁴ 4 tsx,si44 fe33 h3 tsy44 4 tsx,suspect,0.50,4,木 干 来 仄,冏干 仄 木 声,UNKNOWN,扫描 OCR + IPA 锚点版面解析（四行对照） | 整理日期 2026-09,medium
SANGJIAJING-P0134-R-01,SANGJIAJING,134,R,1,U,,tso21 33 pe33 tsh;33 mp,failed,0.40,5,红 栗 轮 里 板,红 栗 轮 里 板,UNKNOWN,扫描 OCR + IPA 锚点版面解析（四行对照） | 整理日期 2026-09,medium
SANGJIAJING-P0134-R-02,SANGJIAJING,134,R,2,平u,vu ³³ tsɒ h²¹ le³¹ ⁹⁰³¹,vu' 33 tsD h21 le31 9031,suspect,0.75,4,青 栎 轮 外 弯,青 栎 轮 弯 板,UNKNOWN,扫描 OCR + IPA 锚点版面解析（四行对照） | 整理日期 2026-09,medium
SANGJIAJING-P0134-R-03,SANGJIAJING,134,R,3,效 飞E,a³³ lis tshɒ²¹ tsha³¹ bɒ²¹,A33 lis tshD²1tsha31 bp21,suspect,0.75,4,棠 栗 轴擦 直,棠 栗 轴 擦 耳,UNKNOWN,扫描 OCR + IPA 锚点版面解析（四行对照） | 整理日期 2026-09,medium
SANGJIAJING-P0134-R-04,SANGJIAJING,134,R,4,茶 7 W,,33 si44 tsp21 1p21 mG,failed,0.40,5,沙松 木 车 担,沙 松 车 担,UNKNOWN,扫描 OCR + IPA 锚点版面解析（四行对照） | 整理日期 2026-09,medium
SANGJIAJING-P0135-L-01,SANGJIAJING,135,L,1,四 3=,ip²¹ pu³³ 1p²¹ ve ⁴⁴ ʊe4,Ip21 pu33 1p21 ve 44 Ve4,suspect,0.60,5,牛 叫 牛,牛 叫 牛,UNKNOWN,扫描 OCR + IPA 锚点版面解析（四行对照） | 整理日期 2026-09,medium
SANGJIAJING-P0135-L-02,SANGJIAJING,135,L,2,2 专,si³³ k⁰³3 le³¹ li³³,si33 k033 le31 13,suspect,0.75,4,快 手 利落 来 拉,拉 木 快 利 落,UNKNOWN,扫描 OCR + IPA 锚点版面解析（四行对照） | 整理日期 2026-09,medium
SANGJIAJING-P0135-L-03,SANGJIAJING,135,L,3,分 4h 专,ip²¹ yɒ2 ²¹ ⁰¹ 1h³³ si³³,Ip21 yD² 21 01 1h33 si33,suspect,0.60,5,牛 力 大 来 拉,役 牛 力 大 拉,UNKNOWN,扫描 OCR + IPA 锚点版面解析（四行对照） | 整理日期 2026-09,medium
SANGJIAJING-P0135-L-04,SANGJIAJING,135,L,4,役 牛 力 大 拉,1ɒ³³ 1ɒ³³ qe³¹ qe³¹,1D33 1D33 qe31 qe31 好,suspect,0.50,4,赶 了 赶 了 走,吆 喝 着 赶 路,UNKNOWN,扫描 OCR + IPA 锚点版面解析（四行对照） | 整理日期 2026-09,medium
SANGJIAJING-P0135-L-05,SANGJIAJING,135,L,5,专 #,si³³ tche4 tsh³³ 1p³³ tsi ³³,si33 tche4 tsh;33 1p33 tsi 33,suspect,0.50,4,拉 了 村 边 到,木 料 拉 村 边,UNKNOWN,扫描 OCR + IPA 锚点版面解析（四行对照） | 整理日期 2026-09,medium
SANGJIAJING-P0135-R-01,SANGJIAJING,135,R,1,飞 分,,A21 1x44 kur's le31,failed,0.33,3,阿 勒 会 手 儿,阿 勒 木 匠 郎,UNKNOWN,扫描 OCR + IPA 锚点版面解析（四行对照） | 整理日期 2026-09,medium
SANGJIAJING-P0135-R-02,SANGJIAJING,135,R,2,B 日 果,tshiss bu³³ li⁰³3 kha³¹,tshiss bu33 1033 kha31,suspect,0.67,3,尺 弯 肩 处 扛,弯 尺 挂 肩 上,UNKNOWN,扫描 OCR + IPA 锚点版面解析（四行对照） | 整理日期 2026-09,medium
SANGJIAJING-P0135-R-03,SANGJIAJING,135,R,3,日 Z,pu³³ le³¹ li⁰³3 ʊli³³ sɒ²¹,pu3 le31 1033 V133 SD21,ok,0.80,5,墨 斗 手 处 拿,墨 斗 手 上 拿,UNKNOWN,扫描 OCR + IPA 锚点版面解析（四行对照） | 整理日期 2026-09,medium
SANGJIAJING-P0135-R-04,SANGJIAJING,135,R,4,包 开,,niss thu33 ni's no 55 1h3,failed,0.00,3,短 要 短 来 断,作 断 要 短 短,UNKNOWN,扫描 OCR + IPA 锚点版面解析（四行对照） | 整理日期 2026-09,medium
SANGJIAJING-P0136-L-01,SANGJIAJING,136,L,1,效,,A21 1x44 kur's le31,failed,0.33,3,阿 勒 会 手 高,阿 勒 高 木 匠,UNKNOWN,扫描 OCR + IPA 锚点版面解析（四行对照） | 整理日期 2026-09,medium
SANGJIAJING-P0136-L-02,SANGJIAJING,136,L,2,7 + 马 hh,si⁴⁴ tu³³ ³³1 h³³ dza ³¹,si44 tu33 3.31 h33 dza 31,suspect,0.60,5,木 直 线 条 弹,弹 线 木 头 直,UNKNOWN,扫描 OCR + IPA 锚点版面解析（四行对照） | 整理日期 2026-09,medium
SANGJIAJING-P0136-L-03,SANGJIAJING,136,L,3,7 田,,si44 TeOb le31 mp² 1eOb,failed,0.33,3,木 弯 手 不 弯,木 弯 手 不 弯,UNKNOWN,扫描 OCR + IPA 锚点版面解析（四行对照） | 整理日期 2026-09,medium
SANGJIAJING-P0136-L-04,SANGJIAJING,136,L,4,西,,:44 dle31 Z1 tu33 ID33 Z1 :44,failed,0.40,5,劈 滑 刨 了 滑,劈 刨 木 光 滑,UNKNOWN,扫描 OCR + IPA 锚点版面解析（四行对照） | 整理日期 2026-09,medium
SANGJIAJING-P0136-R-01,SANGJIAJING,136,R,1,7 4,,si44 33 1 ku33 1D33 mb,failed,0.20,5,木 大 做 了 完,木 料 备 完 毕,UNKNOWN,扫描 OCR + IPA 锚点版面解析（四行对照） | 整理日期 2026-09,medium
SANGJIAJING-P0136-R-02,SANGJIAJING,136,R,2,to,,"21 he33 zi33 ts 6""0 h21 3",failed,0.33,6,日 吉 房 柱 竖,吉 日 竖 房 柱,UNKNOWN,扫描 OCR + IPA 锚点版面解析（四行对照） | 整理日期 2026-09,medium
SANGJIAJING-P0136-R-03,SANGJIAJING,136,R,3,去 Z4,zi³³ tsh⁰²1 du²¹ zi³³,zi33 tsh021 du21 zi33,suspect,0.75,4,柱 竖 的 想 呢,心 想 竖 柱 子,UNKNOWN,扫描 OCR + IPA 锚点版面解析（四行对照） | 整理日期 2026-09,medium
SANGJIAJING-P0136-R-04,SANGJIAJING,136,R,4,住 7科 田 目,1ɒ³³ tsi³³ de²¹ mɒ²¹ t⁰³3,1D33 tsi33 de21 mp21 t$033,suspect,0.60,5,地 基 不 有 啊,没 有 宅 基 地,UNKNOWN,扫描 OCR + IPA 锚点版面解析（四行对照） | 整理日期 2026-09,medium
SANGJIAJING-P0136-R-05,SANGJIAJING,136,R,5,住 科 全 G 不,si²¹ tsi³³ de²¹ sɒ ³³,S121 tsi33 de21 SD 33,ok,1.00,4,地 基 找 要 还,还 要 找 宅 基,UNKNOWN,扫描 OCR + IPA 锚点版面解析（四行对照） | 整理日期 2026-09,medium
SANGJIAJING-P0137-L-01,SANGJIAJING,137,L,1,希丑 田 分,khɒ²¹ ne2 ²¹ mp ²¹ yɒ ³³ 2i³³,khD21 ne² 21 mp 21 yD 33 2i33,suspect,0.60,5,地 良 不 得 呢,没 荒 地 有 闲,UNKNOWN,扫描 OCR + IPA 锚点版面解析（四行对照） | 整理日期 2026-09,medium
SANGJIAJING-P0137-L-02,SANGJIAJING,137,L,2,企 企 专,mi ³³ ne ⁴⁴ mi ³³ si³³ h³³,mi 33 ne 44 mi 33 si33 h33,ok,0.80,5,地 看 地 主 来,择 基 风 水 师,UNKNOWN,扫描 OCR + IPA 锚点版面解析（四行对照） | 整理日期 2026-09,medium
SANGJIAJING-P0137-L-03,SANGJIAJING,137,L,3,3= 子,kh³³ tɒ²¹ ne³¹ ne³¹ mu²¹,kh33 tp21 ne31 ne31 mu²1,ok,0.80,5,早 早 天 那 时,远古 的 时 候,UNKNOWN,扫描 OCR + IPA 锚点版面解析（四行对照） | 整理日期 2026-09,medium
SANGJIAJING-P0137-R-01,SANGJIAJING,137,R,1,甘 日,h³³ dɒ²¹ ve³¹ mi tce li⁰³3,"h33 dD21 ve31 mr"" tc""e"""" 1033",suspect,0.50,4,岛 文 地 上 处,岛 文 地 面 上②,UNKNOWN,扫描 OCR + IPA 锚点版面解析（四行对照） | 整理日期 2026-09,medium
SANGJIAJING-P0137-R-02,SANGJIAJING,137,R,2,世,ne2i th²¹ mi³³ tsu³³,ne2i th21 m133 tsu33,suspect,0.67,3,地 良 一 片 藏,藏 片 地 一 宝,UNKNOWN,扫描 OCR + IPA 锚点版面解析（四行对照） | 整理日期 2026-09,medium
SANGJIAJING-P0137-R-03,SANGJIAJING,137,R,3,又,khɒ²¹ ne th²¹ tp s,khp²1 ne th21 tp-s,suspect,0.67,3,地 良 片 搁 一,空 一 片 宝 地,UNKNOWN,扫描 OCR + IPA 锚点版面解析（四行对照） | 整理日期 2026-09,medium
SANGJIAJING-P0137-R-04,SANGJIAJING,137,R,4,日 丑 7,qɒ³³ ne2 ²¹ 1ɒ³³ li⁰³3 sass,qD33 ne² 21 1D33 1033 saSs,ok,0.80,5,哪 里 良 知 啊,宝 地 在 哪 里,UNKNOWN,扫描 OCR + IPA 锚点版面解析（四行对照） | 整理日期 2026-09,medium
SANGJIAJING-P0137-R-05,SANGJIAJING,137,R,5,企,²¹ qe⁴⁴ h³³ mi³³ zɒ,21 qe44 h33 m133 ZD,suspect,0.60,5,地 看 儿 强 来,高 明 风 水 师,UNKNOWN,扫描 OCR + IPA 锚点版面解析（四行对照） | 整理日期 2026-09,medium
SANGJIAJING-P0138-L-01,SANGJIAJING,138,L,1,日,pha³¹ li⁰³1 yu li⁰³3 tsi³³,pha31 1031 yu 1033 tsi33,suspect,0.75,4,罗 盘 前 处 支,罗 盘 摆 跟 前,UNKNOWN,扫描 OCR + IPA 锚点版面解析（四行对照） | 整理日期 2026-09,medium
SANGJIAJING-P0138-L-02,SANGJIAJING,138,L,2,万 住 7 全,kh³³ zi³³ tsi³³ de²¹ sɒ ³³,kh33 zi33 tsi33 de21 SD 33,ok,0.80,5,那 样 地 基 找,如 此 择 宅 基,UNKNOWN,扫描 OCR + IPA 锚点版面解析（四行对照） | 整理日期 2026-09,medium
SANGJIAJING-P0138-L-03,SANGJIAJING,138,L,3,企 丰 分 平u,tsi³³ mi³³ ni4 gi³³,ts133 m13 ni4 G133,suspect,0.67,3,地 看 儿 师 傅,择 地 风 水 师,UNKNOWN,扫描 OCR + IPA 锚点版面解析（四行对照） | 整理日期 2026-09,medium
SANGJIAJING-P0138-L-04,SANGJIAJING,138,L,4,日 目 目,,qD33 IP 1033 t$033 $03,failed,0.25,4,哪 里 有 的 在,宝 地 在 哪 儿,UNKNOWN,扫描 OCR + IPA 锚点版面解析（四行对照） | 整理日期 2026-09,medium
SANGJIAJING-P0138-R-01,SANGJIAJING,138,R,1,效 与,khɒ²¹ a²¹ ³³ ni⁴⁴ sɒ tep,khD21 A21 33 ni44 SD Te!P,suspect,0.60,5,地 看 谁 人 行,勘 舆 谁 高 明,UNKNOWN,扫描 OCR + IPA 锚点版面解析（四行对照） | 整理日期 2026-09,medium
SANGJIAJING-P0138-R-02,SANGJIAJING,138,R,2,Q,vi³³ ce ⁴⁴ tsi³³ se⁴⁴,vI33 ce 44 tsi33 Se44,ok,1.00,4,汉 家 汉 师 傅,汉 人 风 水 师,UNKNOWN,扫描 OCR + IPA 锚点版面解析（四行对照） | 整理日期 2026-09,medium
SANGJIAJING-P0138-R-03,SANGJIAJING,138,R,3,W 日,tshɒ²¹ 1p²¹ li⁰³3 le³¹ dur²¹,tshD21 1p21 1033 le31 dur²1,ok,0.80,5,盐 茶 手 处 放,地 面 撒 盐 茶,UNKNOWN,扫描 OCR + IPA 锚点版面解析（四行对照） | 整理日期 2026-09,medium
SANGJIAJING-P0138-R-04,SANGJIAJING,138,R,4,U 日 +,ab hn³³ mp ³³ le³¹ li⁰³3 tu4,ab hn33 mp 33 le31 1033 tu4,ok,0.80,5,粮 食 手 处 握,谷粮 中 掌 握,UNKNOWN,扫描 OCR + IPA 锚点版面解析（四行对照） | 整理日期 2026-09,medium
SANGJIAJING-P0139-L-01,SANGJIAJING,139,L,1,光日,qhɒ³³ 1p²¹ tche³³ li⁰³3 bu²¹,qhD33 1p²1 tche33 1033 bu²1,ok,0.80,5,粮 茶 上 处 背,粮 茶 背 上 背,UNKNOWN,扫描 OCR + IPA 锚点版面解析（四行对照） | 整理日期 2026-09,medium
SANGJIAJING-P0139-L-02,SANGJIAJING,139,L,2,全,khɒ²¹ ³³ mi³³ 3g ²¹ sɒ,khD21 33 m133 3G 21 SD,suspect,0.60,5,地 良 地 良 找,找 风 水 宝 地,UNKNOWN,扫描 OCR + IPA 锚点版面解析（四行对照） | 整理日期 2026-09,medium
SANGJIAJING-P0139-L-03,SANGJIAJING,139,L,3,住,tsi³³ de²¹ sɒ ³³ do⁴⁴ 2li³³,tsi33 de21 SD 33 do44 2133,ok,0.80,5,地 基 找 出 去,出 门 找 宅 基,UNKNOWN,扫描 OCR + IPA 锚点版面解析（四行对照） | 整理日期 2026-09,medium
SANGJIAJING-P0139-L-04,SANGJIAJING,139,L,4,田 N. 电 日,,tsh;33 1033 tsh:33 mp² tu33,failed,0.25,4,不 到 地 处 到,走 到 远 方 地,UNKNOWN,扫描 OCR + IPA 锚点版面解析（四行对照） | 整理日期 2026-09,medium
SANGJIAJING-P0139-L-05,SANGJIAJING,139,L,5,与 至,,"tsh,33 ni21 tsh:33 4e33",failed,0.25,4,十 二 山 大 到,到 十 大 山 二,UNKNOWN,扫描 OCR + IPA 锚点版面解析（四行对照） | 整理日期 2026-09,medium
SANGJIAJING-P0139-R-01,SANGJIAJING,139,R,1,与 至 台 日,tshi³³ ni²¹ ⁰⁵5 ⁴³ li⁰³3,tsh133 ni21 055 43 1033,suspect,0.60,5,十 二 山 头 处,十 二 大 山 上,UNKNOWN,扫描 OCR + IPA 锚点版面解析（四行对照） | 整理日期 2026-09,medium
SANGJIAJING-P0139-R-02,SANGJIAJING,139,R,2,科 万 田 丑,tsi³³ de²¹ khi³³ mɒ2 nei,tsi33 de21 kh133 mD2 ne?i,suspect,0.75,4,宅 地 基 不 良,不 宜 作 宅 基,UNKNOWN,扫描 OCR + IPA 锚点版面解析（四行对照） | 整理日期 2026-09,medium
SANGJIAJING-P0139-R-03,SANGJIAJING,139,R,3,特 众 田 3,dzi³³ khi³³ ³³ kɒ³³ mɒ2l sɒ,dz133 kh133 33 kD33 mp2l SD,suspect,0.60,5,路 根源 它 不 舒,来 往 路 不 畅,UNKNOWN,扫描 OCR + IPA 锚点版面解析（四行对照） | 整理日期 2026-09,medium
SANGJIAJING-P0139-R-04,SANGJIAJING,139,R,4,飞E,tsh³³ hɒ³³ li⁰²1 pu ³³ bɒ²¹,tsh;33 hp33 1021 pu 33 bp21,ok,0.80,5,郝 罗 山 坡 到,至 郝 坡 罗 半,UNKNOWN,扫描 OCR + IPA 锚点版面解析（四行对照） | 整理日期 2026-09,medium
SANGJIAJING-P0140-L-01,SANGJIAJING,140,L,1,飞E 日,hɒ³³ 1o²¹ pur ³³ bɒ²¹ li⁰³3,hp33 1o21 pur 33 bp21 1033,ok,0.80,5,郝 罗 山 坡 处,郝 罗 山 半 坡,UNKNOWN,扫描 OCR + IPA 锚点版面解析（四行对照） | 整理日期 2026-09,medium
SANGJIAJING-P0140-L-02,SANGJIAJING,140,L,2,7= Z,du²¹ qu²¹ niss tsiss nɒs,du²1 q*u21 niss tsiss nD's,suspect,0.67,3,洞 口 绊 跌 多,洞 口 跌 绊 多,UNKNOWN,扫描 OCR + IPA 锚点版面解析（四行对照） | 整理日期 2026-09,medium
SANGJIAJING-P0140-L-03,SANGJIAJING,140,L,3,住 科 每 田 与,de²¹ iep tsi³³ mu³³,de21 IeP tsi33 mu33,suspect,0.67,3,地 基 做 不 行,不 宜 做 宅 基,UNKNOWN,扫描 OCR + IPA 锚点版面解析（四行对照） | 整理日期 2026-09,medium
SANGJIAJING-P0140-L-04,SANGJIAJING,140,L,4,年 甘 #,a³³ na ⁴⁴ dɒ²¹ tsi³³,A33 na 44 dp21 ts133,ok,1.00,4,阿 纳 道 路 边,阿 纳 大 道 边?,UNKNOWN,扫描 OCR + IPA 锚点版面解析（四行对照） | 整理日期 2026-09,medium
SANGJIAJING-P0140-R-01,SANGJIAJING,140,R,1,住 7科 日,de²¹ kh³³ tsi³³ li⁰³3 sɒ²¹,de21 kh33 tsi3 1033 SD21,ok,0.80,5,地 基 那 标,宅 基 择 那 里,UNKNOWN,扫描 OCR + IPA 锚点版面解析（四行对照） | 整理日期 2026-09,medium
SANGJIAJING-P0140-R-02,SANGJIAJING,140,R,2,九万 田 (),ne³³ kh³³ mɒ²¹,ne33 kh33 mp21,suspect,0.67,3,良 也 它 不 像,好 此 地 非 太,UNKNOWN,扫描 OCR + IPA 锚点版面解析（四行对照） | 整理日期 2026-09,medium
SANGJIAJING-P0140-R-03,SANGJIAJING,140,R,3,7h 专 GZ 中,,si33 055 SDSS 4D33 4055,failed,0.25,4,知 主 舌 头 涮,地 师 舌 头 动,UNKNOWN,扫描 OCR + IPA 锚点版面解析（四行对照） | 整理日期 2026-09,medium
SANGJIAJING-P0140-R-04,SANGJIAJING,140,R,4,地 师 舌 头 动,zi³³ thi²¹ tch²¹ thu³³ tɒss,zi33 th121 tch21thu3 tDss,ok,0.80,5,句 点 搁 呢,句 点 来 指,UNKNOWN,扫描 OCR + IPA 锚点版面解析（四行对照） | 整理日期 2026-09,medium
SANGJIAJING-P0141-L-01,SANGJIAJING,141,L,1,效 年 甘 U,,A33 44 33 na dp21 kp33 mp,failed,0.33,6,阿 纳 道 路 大,阿 纳大 马路,UNKNOWN,扫描 OCR + IPA 锚点版面解析（四行对照） | 整理日期 2026-09,medium
SANGJIAJING-P0141-L-02,SANGJIAJING,141,L,2,阿 纳大 马路,,dzi2i kD33 muss kD33 yD 33,failed,0.33,3,官过 将 过 属,是官道 道 将,UNKNOWN,扫描 OCR + IPA 锚点版面解析（四行对照） | 整理日期 2026-09,medium
SANGJIAJING-P0141-L-03,SANGJIAJING,141,L,3,半 Z00 半,si²¹ tsi³³ mus dle³³,si21 tsi33 mu's dle33,suspect,0.67,3,地 瘩 流 氓 多,地 痞 流 氓 多,UNKNOWN,扫描 OCR + IPA 锚点版面解析（四行对照） | 整理日期 2026-09,medium
SANGJIAJING-P0141-L-04,SANGJIAJING,141,L,4,住科 田 与,tsi³³ de²¹ mu ³³ mp ²¹ iep,tsi33 de21 mu 33 mp 21 IeP,ok,0.80,5,地基 做 不 行,不宜做宅基,UNKNOWN,扫描 OCR + IPA 锚点版面解析（四行对照） | 整理日期 2026-09,medium
SANGJIAJING-P0141-R-01,SANGJIAJING,141,R,1,众 九 田,,33 21 kD33 d2133 ne mp SD21,failed,0.20,5,路 各旁 也 不 标,不 择 官道 边,UNKNOWN,扫描 OCR + IPA 锚点版面解析（四行对照） | 整理日期 2026-09,medium
SANGJIAJING-P0141-R-02,SANGJIAJING,141,R,2,地到它 择 处,as ³³ ip²¹ pu³³ tce4tsh³³,as 33 Ip²1 pu33tce4tsh33,suspect,0.75,4,找 了… 村寨 到,择基到村寨,UNKNOWN,扫描 OCR + IPA 锚点版面解析（四行对照） | 整理日期 2026-09,medium
SANGJIAJING-P0141-R-03,SANGJIAJING,141,R,3,择基到村寨,,pu3tche4tche4dz031t tsh;33,failed,0.33,3,村寨寨腰 到,择基到寨 央,UNKNOWN,扫描 OCR + IPA 锚点版面解析（四行对照） | 整理日期 2026-09,medium
SANGJIAJING-P0142-L-01,SANGJIAJING,142,L,1,四电,tche4dz⁰³1 muss t³⁰³³ tu³³,tche4dz.031 muss t3033 tu33,suspect,0.67,3,村腰将 子在地,村央兵营地,UNKNOWN,扫描 OCR + IPA 锚点版面解析（四行对照） | 整理日期 2026-09,medium
SANGJIAJING-P0142-L-02,SANGJIAJING,142,L,2,交斋雨 虫,dzi²¹ khɒ²¹ mi³³ thɒ²¹ ne²¹,dzi²1khD21 m13 thD21 ne21,ok,1.00,5,官距地莫 近,莫近官府居,UNKNOWN,扫描 OCR + IPA 锚点版面解析（四行对照） | 整理日期 2026-09,medium
SANGJIAJING-P0142-L-03,SANGJIAJING,142,L,3,莫近官府居,muskhɒ²¹ m³³ thɒ²¹ ne1,mu*skhp²1 m33 thp21 ne?1,suspect,0.50,4,将 子距地莫 近,莫 近兵营居,UNKNOWN,扫描 OCR + IPA 锚点版面解析（四行对照） | 整理日期 2026-09,medium
SANGJIAJING-P0142-L-04,SANGJIAJING,142,L,4,7 7,,ob si21 m23 thbp21 vi21 33,failed,0.40,5,亲 联 地莫 远,联 姻莫 距远,UNKNOWN,扫描 OCR + IPA 锚点版面解析（四行对照） | 整理日期 2026-09,medium
SANGJIAJING-P0142-L-05,SANGJIAJING,142,L,5,联 姻莫 距远,,dzi21 mukhD²1 qD² ne21,failed,0.33,3,官 将距若 近,居若近衙营,UNKNOWN,扫描 OCR + IPA 锚点版面解析（四行对照） | 整理日期 2026-09,medium
SANGJIAJING-P0142-R-01,SANGJIAJING,142,R,1,,mus tche³¹ mu⁵⁵ s li⁰²1 np ns5,mu*s tche31mu5s 1021 np ns5,suspect,0.50,4,马勤马 槽 多,丁 粮 多 派 摊,UNKNOWN,扫描 OCR + IPA 锚点版面解析（四行对照） | 整理日期 2026-09,medium
SANGJIAJING-P0142-R-02,SANGJIAJING,142,R,2,丁 粮 多 派 摊,⁹⁰²¹ si²¹ mi2 ³³ qɒ h³³ vi²¹,"9021 si21 m1² 33 q""D h33 vi21",ok,0.80,5,亲 联 地 東若 远,联 姻 距 若 远,UNKNOWN,扫描 OCR + IPA 锚点版面解析（四行对照） | 整理日期 2026-09,medium
SANGJIAJING-P0142-R-03,SANGJIAJING,142,R,3,田,,tsh:33 mp21 tsh;33,failed,0.33,3,想 到走 不 到,惦念难见面,UNKNOWN,扫描 OCR + IPA 锚点版面解析（四行对照） | 整理日期 2026-09,medium
SANGJIAJING-P0142-R-04,SANGJIAJING,142,R,4,惦念难见面,pu³³ tche4tce,"p""u3tche4tce",suspect,0.50,2,村寨寨 尾 到,择基到 川寨尾,UNKNOWN,扫描 OCR + IPA 锚点版面解析（四行对照） | 整理日期 2026-09,medium
SANGJIAJING-P0142-R-05,SANGJIAJING,142,R,5,目 电,tche⁴⁴ ne kurs t⁰³3 tu,tche44 ne kur's t$0.33 tu,suspect,0.67,3,寨尾 匠 在 地,寨尾匠居地,UNKNOWN,扫描 OCR + IPA 锚点版面解析（四行对照） | 整理日期 2026-09,medium
SANGJIAJING-P0143-L-01,SANGJIAJING,143,L,1,4住,,"tsi'3 h33 21 en ku"" ab ne",failed,0.25,4,人 居 匠 若 近,居处 若 近 匠,UNKNOWN,扫描 OCR + IPA 锚点版面解析（四行对照） | 整理日期 2026-09,medium
SANGJIAJING-P0143-L-02,SANGJIAJING,143,L,2,7 本 A,kurs tshɒ³³ de²¹ ku³³ nɒs,"kur""s tshD33 de21 ku33 nDs",suspect,0.75,4,匠热 打 做 多,气 热 噪 声 多,UNKNOWN,扫描 OCR + IPA 锚点版面解析（四行对照） | 整理日期 2026-09,medium
SANGJIAJING-P0143-L-03,SANGJIAJING,143,L,3,田 丑 山,,ne² 21 th12i kh033 mD SD21,failed,0.33,3,不 良 一 桩 标,另 外 择 一 基,UNKNOWN,扫描 OCR + IPA 锚点版面解析（四行对照） | 整理日期 2026-09,medium
SANGJIAJING-P0143-L-04,SANGJIAJING,143,L,4,4b 日,kw⁴⁴ p²¹ tsi³³ np ɒ⁵⁵ li⁰³3 sɒ,kw44 p21 tsi33 np D55 1033 SD,suspect,0.67,6,东角 端 处 标,选择村东 角,UNKNOWN,扫描 OCR + IPA 锚点版面解析（四行对照） | 整理日期 2026-09,medium
SANGJIAJING-P0143-R-01,SANGJIAJING,143,R,1,,qɒ³³ mɒ³³ tshɒ²¹ 1ɒ²¹ 2,qD33 mp3tshD²1 1D21 .2,suspect,0.60,5,粮 食 盐 茶 压,埋 压谷 盐 茶,UNKNOWN,扫描 OCR + IPA 锚点版面解析（四行对照） | 整理日期 2026-09,medium
SANGJIAJING-P0143-R-02,SANGJIAJING,143,R,2,马 A,sɒ²¹ 1ɒ³³ lu²¹ bu³³ dzo²¹,SD21 1D33 lu21 bu33 dzo21,ok,0.80,5,标 了 鲁 脊 合,择 鲁 脊 脉 在,UNKNOWN,扫描 OCR + IPA 锚点版面解析（四行对照） | 整理日期 2026-09,medium
SANGJIAJING-P0143-R-03,SANGJIAJING,143,R,3,Z4 住 A 住,t4u³³ tsi³³ lu²¹ 3g ²¹ tsi³³,t4u33 tsi33 lu21 3G 21 tsi33,suspect,0.60,5,人 宅 宅 鲁 神,人 宅鲁 神 宅,UNKNOWN,扫描 OCR + IPA 锚点版面解析（四行对照） | 整理日期 2026-09,medium
SANGJIAJING-P0143-R-04,SANGJIAJING,143,R,4,丑 住,dzi³¹ lu²¹ ne1 tsi³³ teiss,dz131 lu²1 ne1 tsi33 teiss,suspect,0.75,4,畜 牧 鲁 神 迎,迎 畜 牧 鲁 神,UNKNOWN,扫描 OCR + IPA 锚点版面解析（四行对照） | 整理日期 2026-09,medium
SANGJIAJING-P0143-R-05,SANGJIAJING,143,R,5,年 丑 住,²¹ kɒ³³ ⁹⁰²¹ lu²¹ ³⁰ tsi³³,21 kD33 9021 lu21 30 tsi33,suspect,0.50,6,庭 中 鲁 神 迎,迎 家庭 鲁神,UNKNOWN,扫描 OCR + IPA 锚点版面解析（四行对照） | 整理日期 2026-09,medium
SANGJIAJING-P0144-L-01,SANGJIAJING,144,L,1,Z 丑 住,lu²¹ duss ⁹⁰²¹ ɒei tsi³³,lu21 duss 9021 Dei tsi33,suspect,0.67,3,播 种 鲁 神 迎,迎 播 种 鲁 神,UNKNOWN,扫描 OCR + IPA 锚点版面解析（四行对照） | 整理日期 2026-09,medium
SANGJIAJING-P0144-L-02,SANGJIAJING,144,L,2,命 住,⁵⁵ mu³³ lu²¹ ne²¹ tsi³³,55 mu33 lu21 ne21 tsi33,ok,0.80,5,耕 耘 鲁 神 迎,迎 耘 神 耕 鲁,UNKNOWN,扫描 OCR + IPA 锚点版面解析（四行对照） | 整理日期 2026-09,medium
SANGJIAJING-P0144-L-03,SANGJIAJING,144,L,3,田泓 丑,lu²¹ ²¹ mɒ²¹ dzo²¹ sɒ²¹,lu21 21 mD21 dzo21 SD21,ok,0.80,5,鲁 标 下 神 不,鲁 神 不 降 临,UNKNOWN,扫描 OCR + IPA 锚点版面解析（四行对照） | 整理日期 2026-09,medium
SANGJIAJING-P0144-L-04,SANGJIAJING,144,L,4,田 丑飞田,tchi³³ ne2 mp ɒe1,tch133 ne² mp De1,suspect,0.50,2,不 良它 不 良,不 宜 啊 不 宜,UNKNOWN,扫描 OCR + IPA 锚点版面解析（四行对照） | 整理日期 2026-09,medium
SANGJIAJING-P0144-L-05,SANGJIAJING,144,L,5,灶 日 WI 7張,thi²¹ kho³³ ²¹ du²¹ li⁰³3 sɒ,th121 kho33 21 du²1 1033 SD,ok,0.83,6,后 处 一 桩 标,后来择 一 基,UNKNOWN,扫描 OCR + IPA 锚点版面解析（四行对照） | 整理日期 2026-09,medium
SANGJIAJING-P0144-R-01,SANGJIAJING,144,R,1,￥,sɒ²¹ iɒ³³ ng³³ bu³³,SD21 ID33 ng33 bu33,suspect,0.75,4,标 了 楠 脊 下,择 在 楠 神脊,UNKNOWN,扫描 OCR + IPA 锚点版面解析（四行对照） | 整理日期 2026-09,medium
SANGJIAJING-P0144-R-02,SANGJIAJING,144,R,2,田 丑飞田开,ne²¹ mɒ²¹ ne2 tch³³ mɒ,ne21 mD21 ne² tch33 mD,suspect,0.75,4,不 良 它 不 良,宜 不 宜 啊 不,UNKNOWN,扫描 OCR + IPA 锚点版面解析（四行对照） | 整理日期 2026-09,medium
SANGJIAJING-P0144-R-03,SANGJIAJING,144,R,3,7 日,me ⁵⁵ li⁰³3 thi²¹ kho³³ sɒ ²¹,me 55 1033 th121 kho33 SD 21,ok,1.00,5,尾 处 一 桩 标,最 后 择 一 基,UNKNOWN,扫描 OCR + IPA 锚点版面解析（四行对照） | 整理日期 2026-09,medium
SANGJIAJING-P0144-R-04,SANGJIAJING,144,R,4,63 日,pu³³ tche4tce⁴⁴ li⁰³3 le³¹,"p""u3tche4tce44 1033 le31",suspect,0.75,4,村寨寨 手 处,村 边 寨 边 处,UNKNOWN,扫描 OCR + IPA 锚点版面解析（四行对照） | 整理日期 2026-09,medium
SANGJIAJING-P0144-R-05,SANGJIAJING,144,R,5,#,tsiss tche⁴⁴ le³¹ tche⁴⁴ 4i³³,tsiss tChe44 le31 tche44 4i33,suspect,0.50,4,村手村南 方,南方村寨边,UNKNOWN,扫描 OCR + IPA 锚点版面解析（四行对照） | 整理日期 2026-09,medium
SANGJIAJING-P0145-L-01,SANGJIAJING,145,L,1,日,4i³³ tsiss tche⁴⁴ le³¹ li⁰³3,4i33 tsiss tche44 le31 1033,suspect,0.50,4,南 方村 手 处,村 寨 之 南 边,UNKNOWN,扫描 OCR + IPA 锚点版面解析（四行对照） | 整理日期 2026-09,medium
SANGJIAJING-P0145-L-02,SANGJIAJING,145,L,2,村 寨 之 南 边,tche⁴⁴ le³¹ lu²¹ le³¹ ⁹⁰³¹,tche44 le31 lu21 le31 9031,ok,0.80,5,村 手 龙 手 弯,村 边龙 脉 抢,UNKNOWN,扫描 OCR + IPA 锚点版面解析（四行对照） | 整理日期 2026-09,medium
SANGJIAJING-P0145-L-03,SANGJIAJING,145,L,3,住 科 日,tsi³³ de²¹ khi³³ li⁰³3 sɒ²¹,tsi33 de21 kh133 1033 SD21,ok,1.00,5,地 基 它 处 标,宅 基择 那 里,UNKNOWN,扫描 OCR + IPA 锚点版面解析（四行对照） | 整理日期 2026-09,medium
SANGJIAJING-P0145-L-04,SANGJIAJING,145,L,4,特 3 住 7科 企,³³ kɒ³³ sɒ tsi³³ de²¹ mi³³,33 kD33 SD tsi33 de21 m133,suspect,0.60,5,过 舒 地 基 地,宅 基 宝 福 地,UNKNOWN,扫描 OCR + IPA 锚点版面解析（四行对照） | 整理日期 2026-09,medium
SANGJIAJING-P0145-L-05,SANGJIAJING,145,L,5,万 日 又,kh³³ li⁰³3 sɒ²¹ 1ɒ³³ tɒss,"kh,33 1033 SD21 1D33 tDss",suspect,0.60,5,好 标 了 搁,勘 择 在 那 雷,UNKNOWN,扫描 OCR + IPA 锚点版面解析（四行对照） | 整理日期 2026-09,medium
SANGJIAJING-P0145-R-01,SANGJIAJING,145,R,1,介 分,qe⁴⁴ mi³³ ni⁴⁴ zɒ²¹ li³³,qe44 m13 ni44 ZD21 133,ok,1.00,5,地 看 儿 强 来,高 明 风 水 师,UNKNOWN,扫描 OCR + IPA 锚点版面解析（四行对照） | 整理日期 2026-09,medium
SANGJIAJING-P0145-R-02,SANGJIAJING,145,R,2,△,,4u33 tsh33 1n33 5133,failed,0.00,4,酒 白 下 来 标,滴 白 酒 来 择,UNKNOWN,扫描 OCR + IPA 锚点版面解析（四行对照） | 整理日期 2026-09,medium
SANGJIAJING-P0145-R-03,SANGJIAJING,145,R,3,u A 茶,,q”D33 mp33 4u33 1a33 2i44,failed,0.40,5,粮 食 白 来 压,埋 压 五 谷 粮,UNKNOWN,扫描 OCR + IPA 锚点版面解析（四行对照） | 整理日期 2026-09,medium
SANGJIAJING-P0145-R-04,SANGJIAJING,145,R,4,W 3=,,tshD21 1p21 tsh33 4u33 4u33,failed,0.20,5,盐 茶 白 白 下,盐 茶 撒 地 面,UNKNOWN,扫描 OCR + IPA 锚点版面解析（四行对照） | 整理日期 2026-09,medium
SANGJIAJING-P0145-R-05,SANGJIAJING,145,R,5,盐 茶 撒 地 面,,to 7 Z,failed,0.00,1,he33 si21 1e88 ku,房 主 家 里 家,UNKNOWN,扫描 OCR + IPA 锚点版面解析（四行对照） | 整理日期 2026-09,medium
SANGJIAJING-P0145-R-06,SANGJIAJING,145,R,6,to 7 Z,he³³ si²¹ 1e⁸⁸ ku,he33 si21 1e88 ku,suspect,0.75,4,房 主 家 里 家,择基 基主人家,UNKNOWN,扫描 OCR + IPA 锚点版面解析（四行对照） | 整理日期 2026-09,medium
SANGJIAJING-P0146-L-01,SANGJIAJING,146,L,1,ZZ 分,he³¹ xɒ ³³ tsh³³ ni³³,he31 XD 33 tsh:33 ni3,suspect,0.75,4,三 夜 次 日 到,三 夜 后次 日,UNKNOWN,扫描 OCR + IPA 锚点版面解析（四行对照） | 整理日期 2026-09,medium
SANGJIAJING-P0146-L-02,SANGJIAJING,146,L,2,三 夜 后次 日,⁴⁴ khɒ²¹ ne⁴⁴ md q⁰³1,44 khD21 ne44 md q031,suspect,0.50,4,返 回 地 良 看,返 回 看 福 地,UNKNOWN,扫描 OCR + IPA 锚点版面解析（四行对照） | 整理日期 2026-09,medium
SANGJIAJING-P0146-L-03,SANGJIAJING,146,L,3,住 日,khɒ1 ²¹ ne tsi³³ de²¹ li⁰³3,khD1 21 ne tsi33 de21 1033,suspect,0.75,4,地 良 地 基 处,择 下 N 福 地,UNKNOWN,扫描 OCR + IPA 锚点版面解析（四行对照） | 整理日期 2026-09,medium
SANGJIAJING-P0146-R-01,SANGJIAJING,146,R,1,田 W,³³ cab h³³ mp le³¹ 1g,33 cab h33 mp le31 .1g,suspect,0.50,4,粮 食 手 不 沾,手 五 谷 不 沾,UNKNOWN,扫描 OCR + IPA 锚点版面解析（四行对照） | 整理日期 2026-09,medium
SANGJIAJING-P0146-R-02,SANGJIAJING,146,R,2,W 包 田,,tshp21 1D21 niss ho44,failed,0.33,3,盐 茶 土 不 拌,盐 茶无 土色,UNKNOWN,扫描 OCR + IPA 锚点版面解析（四行对照） | 整理日期 2026-09,medium
SANGJIAJING-P0146-R-03,SANGJIAJING,146,R,3,丑万 国,ne²¹ kh³³ tsi³³ mi³³ ɒe³³,ne²1 kh33 ts133 m133 De33,ok,0.80,5,地 良 它 是 真,真 是 福 宝 地,UNKNOWN,扫描 OCR + IPA 锚点版面解析（四行对照） | 整理日期 2026-09,medium
SANGJIAJING-P0146-R-04,SANGJIAJING,146,R,4,斋丑万 国,kɒ²¹ khi³³ ³³ tsi³³ ɒe1 ³⁰,kp21 kh133 33 tsi33 De1 30,ok,0.80,5,地 良 它 是 真,福 宝 地 不 假,UNKNOWN,扫描 OCR + IPA 锚点版面解析（四行对照） | 整理日期 2026-09,medium
SANGJIAJING-P0146-R-05,SANGJIAJING,146,R,5,企 万 分 又,mi ³³ ne⁴⁴ kh³³ yɒ ³³ tɒss,mi 33 ne44 kh33 yD 33 tDSs,ok,0.80,5,地 看 它 处 搁,宅基定此 处,UNKNOWN,扫描 OCR + IPA 锚点版面解析（四行对照） | 整理日期 2026-09,medium
SANGJIAJING-P0147-L-01,SANGJIAJING,147,L,1,万 日 71,khɒ²¹ ne⁴⁴ khi³³ li⁰³3 do²¹,khp21 ne44 kh133 1033 do21,ok,1.00,5,地 看 那 里 掉,选 准 在 那 里,UNKNOWN,扫描 OCR + IPA 锚点版面解析（四行对照） | 整理日期 2026-09,medium
SANGJIAJING-P0147-L-02,SANGJIAJING,147,L,2,开 住 7科 日,tsi³³ de²¹ kh³³ li⁰³3,"tsi33 de21 kh,33 1033",suspect,0.75,4,地 基 那 里 良,宅基那 里 好,UNKNOWN,扫描 OCR + IPA 锚点版面解析（四行对照） | 整理日期 2026-09,medium
SANGJIAJING-P0147-L-03,SANGJIAJING,147,L,3,特V万 8 3,khɒ³³ dzi³³ khi³³ li⁰³3 sɒ³³,khD33 dz133 kh133 1033 SD33,ok,1.00,5,过 根源 那 里 舒,家 道 能 兴 旺,UNKNOWN,扫描 OCR + IPA 锚点版面解析（四行对照） | 整理日期 2026-09,medium
SANGJIAJING-P0147-L-04,SANGJIAJING,147,L,4,住 7科 分,³³ iɒ³³ ³³ tsi³³ de²¹ sɒ yɒ,33 ID33 33 tsi33 de21 SD YD,suspect,0.50,6,地 基 找 了 得,找 到 了 宅 基,UNKNOWN,扫描 OCR + IPA 锚点版面解析（四行对照） | 整理日期 2026-09,medium
SANGJIAJING-P0147-L-05,SANGJIAJING,147,L,5,全 分,khɒ²¹ ɒei as ³³ 1ɒ³³ yɒ ³³,khp21 De?i as 33 1D33 YD 33,suspect,0.75,4,地 良 找 了 得,找到 福基 了,UNKNOWN,扫描 OCR + IPA 锚点版面解析（四行对照） | 整理日期 2026-09,medium
SANGJIAJING-P0147-R-01,SANGJIAJING,147,R,1,开 住 科,ni³³ tsi³³ de²¹ dzi³³,ni33 tsi33 de21 dzi33,ok,1.00,4,日 吉 地 基,吉 平 地 基 日,UNKNOWN,扫描 OCR + IPA 锚点版面解析（四行对照） | 整理日期 2026-09,medium
SANGJIAJING-P0147-R-02,SANGJIAJING,147,R,2,住 WI 天,tsi³³ de²¹ dzj³³ th²¹ ni³³,tsi33 de21 dzj33 th21 ni33,suspect,0.60,5,地 基 整理 一 日,平 地 基 N 日,UNKNOWN,扫描 OCR + IPA 锚点版面解析（四行对照） | 整理日期 2026-09,medium
SANGJIAJING-P0147-R-03,SANGJIAJING,147,R,3,分 π 可,,dzi21 g8 44 1h33 D1 ne44,failed,0.25,4,力 黑 生 抵 来,壮 实 棒 伙 子,UNKNOWN,扫描 OCR + IPA 锚点版面解析（四行对照） | 整理日期 2026-09,medium
SANGJIAJING-P0147-R-04,SANGJIAJING,147,R,4,日 Z,ph³³ mu ³³ dzj³³ li⁰³3,ph;33 mu 33 dzj33 1033,suspect,0.50,4,高 整理 低 处 平,取 高 填 低 处,UNKNOWN,扫描 OCR + IPA 锚点版面解析（四行对照） | 整理日期 2026-09,medium
SANGJIAJING-P0148-L-01,SANGJIAJING,148,L,1,住科 7% &,tsi³³ de²¹ dzi³³ qu du³³,"tsi33 de21 dz,i33 qu du33",suspect,0.75,4,地 基 整理 完 后,平 整 地 基 后,UNKNOWN,扫描 OCR + IPA 锚点版面解析（四行对照） | 整理日期 2026-09,medium
SANGJIAJING-P0148-L-02,SANGJIAJING,148,L,2,?,tsh³³ li⁰⁴ pu ⁴⁴ zi³³ noss,tsh;33 10.4 pu 44 zi33 noSs,ok,0.80,5,石 翻 柱 脚 垫,石 头 垫 柱 脚,UNKNOWN,扫描 OCR + IPA 锚点版面解析（四行对照） | 整理日期 2026-09,medium
SANGJIAJING-P0148-L-03,SANGJIAJING,148,L,3,包 口 每 7科,niss tshi²¹ lu³³ mu³³ de²¹,niss tshi21 lu33 mu33 de21,suspect,0.75,4,泥 土 墙 做 打,泥 土 春 屋 墙,UNKNOWN,扫描 OCR + IPA 锚点版面解析（四行对照） | 整理日期 2026-09,medium
SANGJIAJING-P0148-L-04,SANGJIAJING,148,L,4,口 7科 口 五,lu³³ de²¹ lu³³ kus ty4,lu33 de21 lu33 ku's ty4,ok,1.00,4,墙 打 墙 九 屋,墙 春 九 板 高 8,UNKNOWN,扫描 OCR + IPA 锚点版面解析（四行对照） | 整理日期 2026-09,medium
SANGJIAJING-P0148-L-05,SANGJIAJING,148,L,5,ZZ 安,tsa4 ze³¹ tsha⁴⁴ he³¹ ʊe³³,tsa4 Ze31 tsha44 he31 Ve33,suspect,0.50,4,栅 编 栅 八 方,八方 栅 栏 围,UNKNOWN,扫描 OCR + IPA 锚点版面解析（四行对照） | 整理日期 2026-09,medium
SANGJIAJING-P0148-R-01,SANGJIAJING,148,R,1,口 会,lu³³ de²¹ iɒ³³ tɒ³³,lu33 de21 ID33 tD33,ok,1.00,4,墙 大 打 了 起,春 好 了 屋 墙,UNKNOWN,扫描 OCR + IPA 锚点版面解析（四行对照） | 整理日期 2026-09,medium
SANGJIAJING-P0148-R-02,SANGJIAJING,148,R,2,天,zi³³ tso²¹ ni³³,zi33 tso21 ni33,ok,1.00,3,日 吉 柱 大 竖,吉 冏日 竖 柱 子,UNKNOWN,扫描 OCR + IPA 锚点版面解析（四行对照） | 整理日期 2026-09,medium
SANGJIAJING-P0148-R-03,SANGJIAJING,148,R,3,IL,zi³³ 1 tsho²¹ thi²¹ ni³³,zi33 1 tsho21 th121 ni33,suspect,0.75,4,柱 大 竖 一 日,竖 房 柱 之 日,UNKNOWN,扫描 OCR + IPA 锚点版面解析（四行对照） | 整理日期 2026-09,medium
SANGJIAJING-P0148-R-04,SANGJIAJING,148,R,4,竖 房 柱 之 日,zi³³ 4u2 tce³³,zi33 4u² tce33,suspect,0.50,2,皮 条 柱 头 拴,皮条 拴 柱 头,UNKNOWN,扫描 OCR + IPA 锚点版面解析（四行对照） | 整理日期 2026-09,medium
SANGJIAJING-P0149-L-01,SANGJIAJING,149,L,1,m,zi³³ tso²¹ diss ³³1 h³³,zi33 tso21 diss 3.31 h33,suspect,0.75,4,柱 竖 柱 四 根,中 柱 竖 四 根,UNKNOWN,扫描 OCR + IPA 锚点版面解析（四行对照） | 整理日期 2026-09,medium
SANGJIAJING-P0149-L-02,SANGJIAJING,149,L,2,翔 分,si³³ ⁰⁵5 tce ⁴⁴ 2i³³ zɒ²¹,S133 0.55 tce 44 2i33 ZD21,suspect,0.60,5,棕 绳 柱 小 头,棕绳拴 小 柱,UNKNOWN,扫描 OCR + IPA 锚点版面解析（四行对照） | 整理日期 2026-09,medium
SANGJIAJING-P0149-L-03,SANGJIAJING,149,L,3,勿,zi³³ he³¹ tghe³³ zɒ²¹,zi33 he31 tghe33 ZD²1,ok,1.00,4,柱 小 八 根起,小 柱 竖 八 根,UNKNOWN,扫描 OCR + IPA 锚点版面解析（四行对照） | 整理日期 2026-09,medium
SANGJIAJING-P0149-L-04,SANGJIAJING,149,L,4,见,dur²¹ phe⁴⁴ le³¹ lur³³,dur21 phe44 le31 lur33,ok,1.00,4,承中 呢 手 拿,承中 修 拿手,UNKNOWN,扫描 OCR + IPA 锚点版面解析（四行对照） | 整理日期 2026-09,medium
SANGJIAJING-P0149-L-05,SANGJIAJING,149,L,5,承中 修 拿手,,ssms 55,failed,0.00,1,任 眼 任 三 根,任眼穿 三根,UNKNOWN,扫描 OCR + IPA 锚点版面解析（四行对照） | 整理日期 2026-09,medium
SANGJIAJING-P0149-R-01,SANGJIAJING,149,R,1,標 条 搭架 子,zi³³ zetso²¹ iɒ³³ ɛaip,zi33 zetso²1 ID33 EaIP,suspect,0.75,4,柱大 竖 了 成,房架 已竖起,UNKNOWN,扫描 OCR + IPA 锚点版面解析（四行对照） | 整理日期 2026-09,medium
SANGJIAJING-P0149-R-02,SANGJIAJING,149,R,2,房架 已竖起,tho²¹ dlu³³,tho21 dlu33,ok,1.00,2,松条 椽 上 铺,標 上廠 铺 橡 子,UNKNOWN,扫描 OCR + IPA 锚点版面解析（四行对照） | 整理日期 2026-09,medium
SANGJIAJING-P0149-R-03,SANGJIAJING,149,R,3,標 上廠 铺 橡 子,du²¹ qo2niu2 gess ti³³,du²1 qo²niu² Gess t$i33,suspect,0.50,2,橡 铺 猪 牙 岔,標 条 似猪 牙,UNKNOWN,扫描 OCR + IPA 锚点版面解析（四行对照） | 整理日期 2026-09,medium
SANGJIAJING-P0149-R-04,SANGJIAJING,149,R,4,標 条 似猪 牙,du²¹ qo²¹ du²¹ qu ³³ du³³,du²1 qo21 du²1 qu 33 du33,ok,1.00,5,橡铺橡完 后,铺钉完橡后,UNKNOWN,扫描 OCR + IPA 锚点版面解析（四行对照） | 整理日期 2026-09,medium
SANGJIAJING-P0150-L-01,SANGJIAJING,150,L,1,的甬田,be⁴⁴ qe³¹ dzar mp li⁰³3,be44 qe31 dzar mp 1$033,suspect,0.67,3,条 赶 条 不 有,条无 绑 木 条,UNKNOWN,扫描 OCR + IPA 锚点版面解析（四行对照） | 整理日期 2026-09,medium
SANGJIAJING-P0150-L-02,SANGJIAJING,150,L,2,甬丑 日,dza⁴⁴ qhɒ³³ li⁰³3 li⁰³3,dz.a44 qhD33 1033 1$033,ok,1.00,4,哪 条 良 里 有,哪 里有 木 条,UNKNOWN,扫描 OCR + IPA 锚点版面解析（四行对照） | 整理日期 2026-09,medium
SANGJIAJING-P0150-R-01,SANGJIAJING,150,R,1,飞,,33 33 21 dza ob m6 tu33 dza31,failed,0.20,5,条 抽 架 直 编,木 条 顺 直 编,UNKNOWN,扫描 OCR + IPA 锚点版面解析（四行对照） | 整理日期 2026-09,medium
SANGJIAJING-P0150-R-02,SANGJIAJING,150,R,2,W t,,tsiss yu²1 hg33 be44 2433,failed,0.25,4,拿 麻 秆 房 条,麻 秆 配 以 编,UNKNOWN,扫描 OCR + IPA 锚点版面解析（四行对照） | 整理日期 2026-09,medium
SANGJIAJING-P0150-R-03,SANGJIAJING,150,R,3,tQ F,he³³ be4 th²¹ ni³³ qe³¹,he33 be4 th21 ni33 qe31,suspect,0.75,4,房 条 赶 一 日,偏 条 子 N 日,UNKNOWN,扫描 OCR + IPA 锚点版面解析（四行对照） | 整理日期 2026-09,medium
SANGJIAJING-P0150-R-04,SANGJIAJING,150,R,4,2 3,3g ³³ t4i⁴⁴ ne ⁴⁴ de³¹,3G 33 t4i44 ne 44 de31,suspect,0.50,4,藤 缠 蛇 串 串,缠藤 绞 似 蛇,UNKNOWN,扫描 OCR + IPA 锚点版面解析（四行对照） | 整理日期 2026-09,medium
SANGJIAJING-P0151-L-01,SANGJIAJING,151,L,1,Z,,44 thp1 be44 ge31 ne SeSs,failed,0.25,4,条 赶 眼 莫 岔,条 眼 莫 岔 错,UNKNOWN,扫描 OCR + IPA 锚点版面解析（四行对照） | 整理日期 2026-09,medium
SANGJIAJING-P0151-L-02,SANGJIAJING,151,L,2,条 眼 莫 岔 错,be⁴⁴ qess ne ⁴⁴ ab h³³,be44 qess ne 44 ab h33,suspect,0.67,3,条 赶 眼 若 岔,条 岔 错 眼 若,UNKNOWN,扫描 OCR + IPA 锚点版面解析（四行对照） | 整理日期 2026-09,medium
SANGJIAJING-P0151-L-03,SANGJIAJING,151,L,3,田 面,,21 kh033 dlp33 mp De21 sw's,failed,0.40,5,不 良 三 桩 成,现 三 不 吉 像,UNKNOWN,扫描 OCR + IPA 锚点版面解析（四行对照） | 整理日期 2026-09,medium
SANGJIAJING-P0151-L-04,SANGJIAJING,151,L,4,tQ 里 WI 天,p2w³³ thi²¹ ni³³ he³³ ²¹,p²w33 th121 ni33 he33 21,suspect,0.60,5,房 大 盖 一 日,盖房 顶 N 日,UNKNOWN,扫描 OCR + IPA 锚点版面解析（四行对照） | 整理日期 2026-09,medium
SANGJIAJING-P0151-R-01,SANGJIAJING,151,R,1,t里 用 田 目,he³³ pu2 ³³ ²¹ mp t⁰³3,"he33 p""u²? 33 21 mp t$033",suspect,0.50,4,房 盖 草 不 有,盖 房 顶 无 草,UNKNOWN,扫描 OCR + IPA 锚点版面解析（四行对照） | 整理日期 2026-09,medium
SANGJIAJING-P0151-R-02,SANGJIAJING,151,R,2,W 云 日,tsi³³ do⁴⁴ pw3 dzu2l li⁰³3,tsi33 do44 pw3 dzu2l 1033,suspect,0.67,3,东 方 山 梁 处,东 梁 处 方 山,UNKNOWN,扫描 OCR + IPA 锚点版面解析（四行对照） | 整理日期 2026-09,medium
SANGJIAJING-P0151-R-03,SANGJIAJING,151,R,3,3 Z卅,md h ³³ 0 ⁰⁵5 si⁵⁵ ne ⁴⁴,m..d h..-33 0° 055 si55 ne 44,suspect,0.50,4,山 头 草 黄 深,山 头 黄 草 深,UNKNOWN,扫描 OCR + IPA 锚点版面解析（四行对照） | 整理日期 2026-09,medium
SANGJIAJING-P0151-R-04,SANGJIAJING,151,R,4,WI 用 面 十,thi²¹ be2i siss su ⁵⁵ tu⁴⁴,th121 be2i siss su 55 tu44,suspect,0.67,3,一 捆 草 三 把,一 捆 三 把 草,UNKNOWN,扫描 OCR + IPA 锚点版面解析（四行对照） | 整理日期 2026-09,medium
SANGJIAJING-P0151-R-05,SANGJIAJING,151,R,5,A + Z卅 WI,si⁵⁵ th²¹ su tu⁴⁴ be²¹,si55 th21 su tu44 be21,suspect,0.50,4,三 把 草 一 捆,三 把 草 捆 一,UNKNOWN,扫描 OCR + IPA 锚点版面解析（四行对照） | 整理日期 2026-09,medium
SANGJIAJING-P0152-L-01,SANGJIAJING,152,L,1,用 丑 日,siss kh³³ ne²¹ li⁰³3 ky4,"siss kh,33 ne21 1033 ky4",suspect,0.75,4,草 良 那 里 割,那 里 割 好 草,UNKNOWN,扫描 OCR + IPA 锚点版面解析（四行对照） | 整理日期 2026-09,medium
SANGJIAJING-P0152-L-02,SANGJIAJING,152,L,2,用 Z,,siss ky4 si5s ky4 1D33,failed,0.00,2,草 割 草 割 啊,」草 草 割 啊 割,UNKNOWN,扫描 OCR + IPA 锚点版面解析（四行对照） | 整理日期 2026-09,medium
SANGJIAJING-P0152-L-03,SANGJIAJING,152,L,3,用 Z 飞画,si⁵⁵ s ky4 si⁵⁵ s bɒ³³,si5s ky4 si5s bD33,suspect,0.67,3,草 草 参 割 硬,草 中 夹 硬 物,UNKNOWN,扫描 OCR + IPA 锚点版面解析（四行对照） | 整理日期 2026-09,medium
SANGJIAJING-P0152-L-04,SANGJIAJING,152,L,4,画,siss bɒ³³ li³³ zi³³ ⁰³1,siss bp33 133 zi33 031,suspect,0.50,4,草 硬 参 来 呢,有 硬 物 参 草,UNKNOWN,扫描 OCR + IPA 锚点版面解析（四行对照） | 整理日期 2026-09,medium
SANGJIAJING-P0152-R-01,SANGJIAJING,152,R,1,田 丑,²¹ thi²¹ kh⁰³3 mp ne²¹ dlɒ³³,21 th121 kh033 mp ne21 dlp3,suspect,0.60,5,不 吉 一 桩 成,现 一 不 吉 像,UNKNOWN,扫描 OCR + IPA 锚点版面解析（四行对照） | 整理日期 2026-09,medium
SANGJIAJING-P0152-R-02,SANGJIAJING,152,R,2,现 一 不 吉 像,thi²¹ kh⁰³3 dlɒ³³ li³³ li⁵⁰3,th121 kh033 dlp33 133 1503,ok,0.80,5,不 桩 成 来 在,吉像 现 不,UNKNOWN,扫描 OCR + IPA 锚点版面解析（四行对照） | 整理日期 2026-09,medium
SANGJIAJING-P0152-R-03,SANGJIAJING,152,R,3,里WI 天 tQ,ze p w3 he³³ thi²¹,Ze p”w3 he33 thi21,suspect,0.50,2,房 大 盖 日 一,盖 屋 顶 之 日,UNKNOWN,扫描 OCR + IPA 锚点版面解析（四行对照） | 整理日期 2026-09,medium
SANGJIAJING-P0152-R-04,SANGJIAJING,152,R,4,用 U 女多里,siss mp ³³ he tcepu,"si'ss mp 33 he” tc""e""p""u",suspect,0.50,2,上盖 草 母 房,白 花 草 盖 顶,UNKNOWN,扫描 OCR + IPA 锚点版面解析（四行对照） | 整理日期 2026-09,medium
SANGJIAJING-P0152-R-05,SANGJIAJING,152,R,5,用 3 tQ 7 茶,,siss si33 he33 enq e&p,failed,0.33,3,草 黄 房 脊 压,黄草 压屋脊,UNKNOWN,扫描 OCR + IPA 锚点版面解析（四行对照） | 整理日期 2026-09,medium
SANGJIAJING-P0153-L-01,SANGJIAJING,153,L,1,用,siss be²¹ nu ³³ li³³ do²¹,"siss be21 nu 33 1,33 do21",suspect,0.75,4,草辫 女 来 丢,妇女丢 草 辫,UNKNOWN,扫描 OCR + IPA 锚点版面解析（四行对照） | 整理日期 2026-09,medium
SANGJIAJING-P0153-L-02,SANGJIAJING,153,L,2,用 分 里,,"siss 133 h.33 2D21 p""u",failed,0.25,4,草 编 儿 来 盖,男 子 盖 草 辫 口,UNKNOWN,扫描 OCR + IPA 锚点版面解析（四行对照） | 整理日期 2026-09,medium
SANGJIAJING-P0153-L-03,SANGJIAJING,153,L,3,用 7 口 学,siss do²¹ bu²¹ lu³³ eem,siss do21 bu²1 lu33 eem,suspect,0.75,4,草 丢 蝴 蝶 飞,草 辫 似 蝶 飞,UNKNOWN,扫描 OCR + IPA 锚点版面解析（四行对照） | 整理日期 2026-09,medium
SANGJIAJING-P0153-L-04,SANGJIAJING,153,L,4,雪 乱 2,,dess le31 k033 1h33 tsess,failed,0.25,4,伙子 接 手 快 来,伙 子快 速接,UNKNOWN,扫描 OCR + IPA 锚点版面解析（四行对照） | 整理日期 2026-09,medium
SANGJIAJING-P0153-L-05,SANGJIAJING,153,L,5,用 3= 年,siss du²¹ zu²¹ zu²¹ kɒ³³,siss du²1 Zu21 Zu21 kD33,suspect,0.75,4,草 编 加,草辫 刷添,UNKNOWN,扫描 OCR + IPA 锚点版面解析（四行对照） | 整理日期 2026-09,medium
SANGJIAJING-P0153-R-01,SANGJIAJING,153,R,1,用 用,,siss dur²1 siss pu33 mu33,failed,0.33,3,盖 草 编 草 做,编 草 又 盖草,UNKNOWN,扫描 OCR + IPA 锚点版面解析（四行对照） | 整理日期 2026-09,medium
SANGJIAJING-P0153-R-02,SANGJIAJING,153,R,2,去 介 女 天,³³ ³³ ne m³³ ho³³ bur,33 33 ne m33 ho33 bur,suspect,0.60,5,楠 密 玛 禾 山,楠 密 玛 禾 山,UNKNOWN,扫描 OCR + IPA 锚点版面解析（四行对照） | 整理日期 2026-09,medium
SANGJIAJING-P0153-R-03,SANGJIAJING,153,R,3,楠 密 玛 禾 山,,3E to,failed,0.00,1,mp 33 da44 he33 le31 Sess,竹 断 房 手 岔,UNKNOWN,扫描 OCR + IPA 锚点版面解析（四行对照） | 整理日期 2026-09,medium
SANGJIAJING-P0153-R-04,SANGJIAJING,153,R,4,3E to,mp ³³ da⁴⁴ he³³ le³¹ sess,mp 33 da44 he33 le31 Sess,ok,0.80,5,竹 断 房 手 岔,蔑 草 辫 片 固,UNKNOWN,扫描 OCR + IPA 锚点版面解析（四行对照） | 整理日期 2026-09,medium
SANGJIAJING-P0153-R-05,SANGJIAJING,153,R,5,企 平u,mi ³³ dze ip²¹ siss,mi 33 dze Ip21 siss,ok,1.00,3,尖 草 地 荒 刀,荒 地 刀 尖 草,UNKNOWN,扫描 OCR + IPA 锚点版面解析（四行对照） | 整理日期 2026-09,medium
SANGJIAJING-P0153-R-06,SANGJIAJING,153,R,6,平u,,ID21 he tshi334 du² G133,failed,0.33,3,刀尖 草 房檐放,刀 尖 草檐边,UNKNOWN,扫描 OCR + IPA 锚点版面解析（四行对照） | 整理日期 2026-09,medium
SANGJIAJING-P0154-L-01,SANGJIAJING,154,L,1,tQ tQ U,he³³ ku³³ he³³ ³³ mp,he33 ku33 he33 33 mp,suspect,0.60,5,房 建 房 大 大,建盖 大 房 屋,UNKNOWN,扫描 OCR + IPA 锚点版面解析（四行对照） | 整理日期 2026-09,medium
SANGJIAJING-P0154-L-02,SANGJIAJING,154,L,2,W tQ 必,zi³³ luss he³³ ku³³ dlɒ³³,zi33 luss he33 ku33 dlp33,suspect,0.75,4,喜 房 建 成 呢,新 房 建 成 了,UNKNOWN,扫描 OCR + IPA 锚点版面解析（四行对照） | 整理日期 2026-09,medium
SANGJIAJING-P0154-L-03,SANGJIAJING,154,L,3,tQ 天 3,zzi¹⁴ he³³ ni³³ sɒ³³,Zzi14 he33 ni33 SD.33,ok,1.00,4,房 居 顺 舒 家,家 住 进 吉 祥,UNKNOWN,扫描 OCR + IPA 锚点版面解析（四行对照） | 整理日期 2026-09,medium
SANGJIAJING-P0154-L-04,SANGJIAJING,154,L,4,3 to 7,hg³³ si²¹ h²¹ pɒ,"hg33 si21 h21 p""D",suspect,0.50,4,，房 人 顺 舒 主,吉 祥 房 主 人,UNKNOWN,扫描 OCR + IPA 锚点版面解析（四行对照） | 整理日期 2026-09,medium
SANGJIAJING-P0154-L-05,SANGJIAJING,154,L,5,面,,pe4  su*5 qh031 1031 Y831,failed,0.25,4,家 伙 三 年 满,成家满 冏三 年,UNKNOWN,扫描 OCR + IPA 锚点版面解析（四行对照） | 整理日期 2026-09,medium
SANGJIAJING-P0154-R-01,SANGJIAJING,154,R,1,7HL 口 田,,! lu33 a mp21 hy31,failed,0.33,3,花 朵 蜂 不 站,花 朵 不 落 蜂,UNKNOWN,扫描 OCR + IPA 锚点版面解析（四行对照） | 整理日期 2026-09,medium
SANGJIAJING-P0154-R-02,SANGJIAJING,154,R,2,田 每,qhɒ³³ mp hy³¹ zi³³ mu2 ³³,qhD33 mp hy31 Zi33 mu² 33,suspect,0.75,4,不 站 怎 么 做,办 不 落 怎 以,UNKNOWN,扫描 OCR + IPA 锚点版面解析（四行对照） | 整理日期 2026-09,medium
SANGJIAJING-P0154-R-03,SANGJIAJING,154,R,3,田 与,mp ²¹ ⁴⁴ h ³³ zi³³ di²¹ zɔ ab,mp 21 44 h-33 zi33 dr²1 ZO ab,suspect,0.50,6,不 的 生 怎 么,不 孕 怎 么 办,UNKNOWN,扫描 OCR + IPA 锚点版面解析（四行对照） | 整理日期 2026-09,medium
SANGJIAJING-P0154-R-04,SANGJIAJING,154,R,4,金 日 田 4,ni⁴⁴ li⁰³3 thi³³ 1y⁴⁴ mɒ²¹,ni44 1033 th133 1y44 mp²1,ok,0.80,5,心 处 不 太 踏实,心 中不踏实,UNKNOWN,扫描 OCR + IPA 锚点版面解析（四行对照） | 整理日期 2026-09,medium
SANGJIAJING-P0155-L-01,SANGJIAJING,155,L,1,,mu⁵⁵ tche³¹ mu gɒ ²¹ ti³³,mu5tche31 mu gD 21 t133,suspect,0.75,4,潜 镐 装 木 木,装 木 潜 木 镐?,UNKNOWN,扫描 OCR + IPA 锚点版面解析（四行对照） | 整理日期 2026-09,medium
SANGJIAJING-P0155-L-02,SANGJIAJING,155,L,2,目 女四 介,th⁴⁴ li⁰³3 mi³³,th44 1$033 m133,suspect,0.67,3,巫 有 纳 特 地,纳 特 有 巫 师,UNKNOWN,扫描 OCR + IPA 锚点版面解析（四行对照） | 整理日期 2026-09,medium
SANGJIAJING-P0155-L-03,SANGJIAJING,155,L,3,田 44 女,mp ²¹ 1x⁴⁴ si²¹ nɒ³³,mp 21 1x44 si21 nD33,suspect,0.50,4,不 踏实 亚 话 问,师 心 问 巫,UNKNOWN,扫描 OCR + IPA 锚点版面解析（四行对照） | 整理日期 2026-09,medium
SANGJIAJING-P0155-R-01,SANGJIAJING,155,R,1,分,pu ³³ tshi³³ dzɒ³³ ku³³ yɒ ³³,"pu 33 tshi33dz,D33 ku33 yD 33",ok,1.00,5,山 脚 处 召 做,山 脚 祭 召 处,UNKNOWN,扫描 OCR + IPA 锚点版面解析（四行对照） | 整理日期 2026-09,medium
SANGJIAJING-P0155-R-02,SANGJIAJING,155,R,2,不丑,,"dzD"" 33 21 4u33 kh033 ne te33",failed,0.20,5,召 神 白 枝 插,祭 召 神 插 枝,UNKNOWN,扫描 OCR + IPA 锚点版面解析（四行对照） | 整理日期 2026-09,medium
SANGJIAJING-P0155-R-03,SANGJIAJING,155,R,3,丑,lu²¹ ne²¹ fu³³ kh⁰³3 ms ³³,lu²1 ne21 fu33 kh033 ms 33,suspect,0.60,5,鲁 神 白 枝 插,祭 鲁 神 插 枝,UNKNOWN,扫描 OCR + IPA 锚点版面解析（四行对照） | 整理日期 2026-09,medium
SANGJIAJING-P0155-R-04,SANGJIAJING,155,R,4,祭 鲁 神 插 枝,th²¹ tgh2thu³³ do⁴⁴ zi³³,th21 tgh2thu33 do44 zi33,suspect,0.50,4,一 句 点 出 呢,点 示 了 一 句,UNKNOWN,扫描 OCR + IPA 锚点版面解析（四行对照） | 整理日期 2026-09,medium
SANGJIAJING-P0155-R-05,SANGJIAJING,155,R,5,不丑,,"33 tshi33 dz,D33 21 md ne ku33",failed,0.40,5,山 脚 召 神 做,山 脚祭 冬召神,UNKNOWN,扫描 OCR + IPA 锚点版面解析（四行对照） | 整理日期 2026-09,medium
SANGJIAJING-P0156-L-01,SANGJIAJING,156,L,1,IM %,thi²¹ kh⁰³3 ³³ ku³³ iɒ³³ xɒ,th121 kh033 33 ku33 ID33 XD,suspect,0.67,6,一 桩 做 了 掉,举 行 一 祭 仪,UNKNOWN,扫描 OCR + IPA 锚点版面解析（四行对照） | 整理日期 2026-09,medium
SANGJIAJING-P0156-L-02,SANGJIAJING,156,L,2,A Z A,kho³³ lu²¹ m6 lu²¹ ms,kho33 lu21 m6 lu21 ms,suspect,0.50,4,鲁 坛 鲁 桩 收,祭 鲁 神 享 献,UNKNOWN,扫描 OCR + IPA 锚点版面解析（四行对照） | 整理日期 2026-09,medium
SANGJIAJING-P0156-L-03,SANGJIAJING,156,L,3,祭 鲁 神 享 献,,th21 kho33 ms 33 1D33 qo 31,failed,0.40,5,一 桩 收 了 回,享 受 一 献 祭,UNKNOWN,扫描 OCR + IPA 锚点版面解析（四行对照） | 整理日期 2026-09,medium
SANGJIAJING-P0156-L-04,SANGJIAJING,156,L,4,to 亏 日,he³³ zi⁴⁴ 1e⁸⁸ li⁰³3 ni³³,he33 zi44 1e88 1033 ni33,ok,0.80,5,房 居 顺 家 处,居 屋 祥 顺 家,UNKNOWN,扫描 OCR + IPA 锚点版面解析（四行对照） | 整理日期 2026-09,medium
SANGJIAJING-P0156-R-01,SANGJIAJING,156,R,1,分 u 九 u,,33 2D1 nw33 ne33,failed,0.33,3,儿 孕 女 也 孕,男 女 皆 可 生,UNKNOWN,扫描 OCR + IPA 锚点版面解析（四行对照） | 整理日期 2026-09,medium
SANGJIAJING-P0156-R-02,SANGJIAJING,156,R,2,u,pɒ hn²¹ li³³ thɒ²¹ nu³³,"p""D"" hn21 133 thp21 nu33",ok,1.00,4,父 亲 你 孕 时,父 亲 孕 你 时,UNKNOWN,扫描 OCR + IPA 锚点版面解析（四行对照） | 整理日期 2026-09,medium
SANGJIAJING-P0156-R-03,SANGJIAJING,156,R,3,子 面 O 平u,phɒ²¹ yo²¹ suss 4ɒ³³,php21 Yo21 suss 4D33,suspect,0.67,3,父 际 三 月 孕,父 身 孕 三 月,UNKNOWN,扫描 OCR + IPA 锚点版面解析（四行对照） | 整理日期 2026-09,medium
SANGJIAJING-P0156-R-04,SANGJIAJING,156,R,4,亚u U 71,1p³³ mɒ ³³ yo ³¹ do²¹,1p33 mD 33 yo 31 do21,suspect,0.75,4,孕 了 母 际 搁,母 身 存 期 孕,UNKNOWN,扫描 OCR + IPA 锚点版面解析（四行对照） | 整理日期 2026-09,medium
SANGJIAJING-P0157-L-01,SANGJIAJING,157,L,1,U 平u 九4 O,,"33 kur""s tsh33 mp 4D33",failed,0.33,3,孕 九 十 月,母孕 九 十月,UNKNOWN,扫描 OCR + IPA 锚点版面解析（四行对照） | 整理日期 2026-09,medium
SANGJIAJING-P0157-L-02,SANGJIAJING,157,L,2,几 平u 目 雨,,tp21 mp 33 t$03,failed,0.33,3,每 身 孕 在 时,身 舟 有 孕 时,UNKNOWN,扫描 OCR + IPA 锚点版面解析（四行对照） | 整理日期 2026-09,medium
SANGJIAJING-P0157-L-03,SANGJIAJING,157,L,3,平u,,tsh;33 dz1² 1D33 dla44,failed,0.33,3,弱 脚 伸 啊 软,腿 软 无 力 伸,UNKNOWN,扫描 OCR + IPA 锚点版面解析（四行对照） | 整理日期 2026-09,medium
SANGJIAJING-P0157-L-04,SANGJIAJING,157,L,4,U 平亚u,si²¹ lu²¹ mp ³³ dy³¹,si21 lu21 mp 33 dy31,suspect,0.50,4,果 子 果 结 孕,嘴 馋 想 果 孕,UNKNOWN,扫描 OCR + IPA 锚点版面解析（四行对照） | 整理日期 2026-09,medium
SANGJIAJING-P0157-R-01,SANGJIAJING,157,R,1,U 每,,33 h33 33 44 mp nu ZO mu33,failed,0.00,5,母 来 你 生 做,母 亲 生 产 你,UNKNOWN,扫描 OCR + IPA 锚点版面解析（四行对照） | 整理日期 2026-09,medium
SANGJIAJING-P0157-R-02,SANGJIAJING,157,R,2,Z出 又,nu³³ zɔ mp ³³ tpss,nu33 Z.O mp 33 tp.ss,suspect,0.67,3,你 生 际 搁,身 旁 你 生,UNKNOWN,扫描 OCR + IPA 锚点版面解析（四行对照） | 整理日期 2026-09,medium
SANGJIAJING-P0157-R-03,SANGJIAJING,157,R,3,tQ 日,nu ³³ zɔ ⁴⁴ he³³ li⁰³3 tsh³³,nu 33 ZO 44 he33 1033 tsh33,ok,0.80,5,你 下 生 房 处,你 在 房 中 生,UNKNOWN,扫描 OCR + IPA 锚点版面解析（四行对照） | 整理日期 2026-09,medium
SANGJIAJING-P0157-R-04,SANGJIAJING,157,R,4,Z4 七,,44 tsh33thD21 nu33 ZO nu33,failed,0.40,5,你 生 你 下 时,你 生 下 来 时,UNKNOWN,扫描 OCR + IPA 锚点版面解析（四行对照） | 整理日期 2026-09,medium
SANGJIAJING-P0157-R-05,SANGJIAJING,157,R,5,U,mp ³³ zɔ ⁴⁴ pɒ h²¹ mb ³³ mu³³,"mp 33 ZO"""" 44 p""D h21 mb 33 mu33",suspect,0.60,5,母 生 父 拾 做,母 生父 来 抱,UNKNOWN,扫描 OCR + IPA 锚点版面解析（四行对照） | 整理日期 2026-09,medium
SANGJIAJING-P0158-L-01,SANGJIAJING,158,L,1,天,tshi³³ zɔ sur ni³³ li⁰³1,tsh133 ZO sur ni33 1031,suspect,0.67,3,生 下 三 天 满,出 生 满 三 天,UNKNOWN,扫描 OCR + IPA 锚点版面解析（四行对照） | 整理日期 2026-09,medium
SANGJIAJING-P0158-L-02,SANGJIAJING,158,L,2,出 生 满 三 天,,Z4 WI,failed,0.00,1,th21 ni33 me33 b121,人 名 给 一 日,UNKNOWN,扫描 OCR + IPA 锚点版面解析（四行对照） | 整理日期 2026-09,medium
SANGJIAJING-P0158-L-03,SANGJIAJING,158,L,3,Z4 WI,th²¹ ni³³ me³³ bi²¹,th21 ni33 me33 b121,suspect,0.75,4,人 名 给 一 日,给 你 取 名 日,UNKNOWN,扫描 OCR + IPA 锚点版面解析（四行对照） | 整理日期 2026-09,medium
SANGJIAJING-P0158-L-04,SANGJIAJING,158,L,4,分 Zm Z,me³³ a³³ tsi³³ m8 ³³,me33 A33 tsi33 m8 33,suspect,0.75,4,儿 名 阿 支 取,男 名 取 阿 支,UNKNOWN,扫描 OCR + IPA 锚点版面解析（四行对照） | 整理日期 2026-09,medium
SANGJIAJING-P0158-L-05,SANGJIAJING,158,L,5,飞,,33 Z03 phu² b121 nu me3,failed,0.00,4,女 名 若 坡 取,女 名 取 若 坡,UNKNOWN,扫描 OCR + IPA 锚点版面解析（四行对照） | 整理日期 2026-09,medium
SANGJIAJING-P0158-R-01,SANGJIAJING,158,R,1,五 O 亏 W,ni³³ ad ⁵⁵ 4ɒ³³ te³³ dzo²¹,ni33 ad 55 4D33 te33 dz.o²1,ok,0.80,5,五 月 坐 立 稳,五 月 坐 姿 稳,UNKNOWN,扫描 OCR + IPA 锚点版面解析（四行对照） | 整理日期 2026-09,medium
SANGJIAJING-P0158-R-02,SANGJIAJING,158,R,2,三 O 全 7科 司,kh⁰³1 4ɒ³³ de²¹ li⁰³3,kh031 4D33 de21 1$0.33,suspect,0.50,4,六 月 周 圆 转,月 周 六 身 转,UNKNOWN,扫描 OCR + IPA 锚点版面解析（四行对照） | 整理日期 2026-09,medium
SANGJIAJING-P0159-L-01,SANGJIAJING,159,L,1,700 O 亏 了,si²¹ 4ɒ³³ ni³³ te³³ ʊe²¹,si21 4D33 ni33 te33 Ve21,suspect,0.60,5,七 月 坐 立 旋,七 月 坐 身 灵,UNKNOWN,扫描 OCR + IPA 锚点版面解析（四行对照） | 整理日期 2026-09,medium
SANGJIAJING-P0159-L-02,SANGJIAJING,159,L,2,ZZ O 里,,44 4D33 1031 nu ZO he31,failed,0.25,4,你 长 八 月 满,长 到 八 月 满,UNKNOWN,扫描 OCR + IPA 锚点版面解析（四行对照） | 整理日期 2026-09,medium
SANGJIAJING-P0159-L-03,SANGJIAJING,159,L,3,ZZ O 小,he³¹ 1ɒ³³ du²¹ tce le³¹,he31 1D33 du²1 tce le31,suspect,0.50,4,八 月 挖 耙 手,齿 爬 手 似,UNKNOWN,扫描 OCR + IPA 锚点版面解析（四行对照） | 整理日期 2026-09,medium
SANGJIAJING-P0159-L-04,SANGJIAJING,159,L,4,O 州 火,,kur's 4D33 hy31 tsh;33 tsa,failed,0.25,4,九 月 站 脚 移,九 双 脚 移,UNKNOWN,扫描 OCR + IPA 锚点版面解析（四行对照） | 整理日期 2026-09,medium
SANGJIAJING-P0159-L-05,SANGJIAJING,159,L,5,Z4,z0 th²¹ qh⁰³1 li⁰³1 nu³³,Z.0 th21 qh031 1031 nu33,suspect,0.50,4,你 长 一 岁 满,你长 满 一 岁,UNKNOWN,扫描 OCR + IPA 锚点版面解析（四行对照） | 整理日期 2026-09,medium
SANGJIAJING-P0159-R-01,SANGJIAJING,159,R,1,答,tce³³ kurs li4 1e³³,tce33 kur's 14 1e33,suspect,0.50,2,滚 跑 会 线 团,跑 似 线 团 滚,UNKNOWN,扫描 OCR + IPA 锚点版面解析（四行对照） | 整理日期 2026-09,medium
SANGJIAJING-P0159-R-02,SANGJIAJING,159,R,2,语 声 蜂 鸣 似,nu³³ zɔ ⁴⁴ nu ³³ zɔ ⁴⁴ ip³³,nu33 Z.O 44 nu 33 Z.O 44 Ip33,ok,1.00,5,你 长 你 长 啊,你 在 日 日 长,UNKNOWN,扫描 OCR + IPA 锚点版面解析（四行对照） | 整理日期 2026-09,medium
SANGJIAJING-P0160-L-01,SANGJIAJING,160,L,1,W OX,tshi³³ tsiss tsess tess,tshi33 tsiss tsess tess,suspect,0.50,2,麻 绩 母 脚 绊,母 绩 麻 绊 腿,UNKNOWN,扫描 OCR + IPA 锚点版面解析（四行对照） | 整理日期 2026-09,medium
SANGJIAJING-P0160-L-02,SANGJIAJING,160,L,2,牧 畜不 怕畜,,Z.044 tsh33 44 q031,failed,0.00,4,你 长 十 岁 五,你 满 十 五 岁,UNKNOWN,扫描 OCR + IPA 锚点版面解析（四行对照） | 整理日期 2026-09,medium
SANGJIAJING-P0160-L-03,SANGJIAJING,160,L,3,7:,tshi³³ tsi³³ te³³ me²¹ nu³³,tshi33 tsi33 te33 me21 nu33,ok,1.00,5,妻 娶 你 家 立,该 娶 妻 立 家,UNKNOWN,扫描 OCR + IPA 锚点版面解析（四行对照） | 整理日期 2026-09,medium
SANGJIAJING-P0160-R-01,SANGJIAJING,160,R,1,写 to 田,enu z0 ⁴⁴ he³³ mɒ²¹ bu³³,enu Z.0 44 he3 mp21 bu33,suspect,0.75,4,你 人 房 不 有,你 有房 屋 没,UNKNOWN,扫描 OCR + IPA 锚点版面解析（四行对照） | 整理日期 2026-09,medium
SANGJIAJING-P0160-R-02,SANGJIAJING,160,R,2,专 九,zɔ ⁴⁴ kɒ³³ bu³³ ³³ ne,ZO 44 kD33 bu33 33 ne,ok,0.80,5,别人 人 庭 有 也,别 人 有 屋 庭,UNKNOWN,扫描 OCR + IPA 锚点版面解析（四行对照） | 整理日期 2026-09,medium
SANGJIAJING-P0160-R-03,SANGJIAJING,160,R,3,特 田强,z0 nu³³ kɒ³³ mɒ²¹ bu³³,Z.0 nu33 kD33 mD21 bu33,suspect,0.75,4,你 人 庭 不 有,你 没 有 屋 庭,UNKNOWN,扫描 OCR + IPA 锚点版面解析（四行对照） | 整理日期 2026-09,medium
SANGJIAJING-P0160-R-04,SANGJIAJING,160,R,4,不,si²¹ nu³³ kɒ³³ tsh⁰⁴4 ²⁰ s,S121 nu33 kD33 tsh044 20.S,suspect,0.50,6,你 庭筹 要 还,需筹建你 庭,UNKNOWN,扫描 OCR + IPA 锚点版面解析（四行对照） | 整理日期 2026-09,medium
SANGJIAJING-P0161-L-01,SANGJIAJING,161,L,1,百7 田,kɒ³³ tsh⁰⁴4 si⁴⁴ ²¹ mp li³⁰3,kD33 tsh044. Si44 21 mp 1303,suspect,0.60,5,庭筹 木 不 有,建 房 没 木 料,UNKNOWN,扫描 OCR + IPA 锚点版面解析（四行对照） | 整理日期 2026-09,medium
SANGJIAJING-P0161-L-02,SANGJIAJING,161,L,2,20 众,qe⁴⁴ lh³³ dzi³³ zɒ²¹,qe44 lh33 dz133 ZD21,suspect,0.75,4,家 根源 儿 强 来,家 中 N 英 郎,UNKNOWN,扫描 OCR + IPA 锚点版面解析（四行对照） | 整理日期 2026-09,medium
SANGJIAJING-P0161-L-03,SANGJIAJING,161,L,3,专 与,qe⁴⁴ si³³ ni²¹,qe44 si33 ni²1,ok,1.00,3,儿 强 主 二 人,英 郎 夫 妻 俩,UNKNOWN,扫描 OCR + IPA 锚点版面解析（四行对照） | 整理日期 2026-09,medium
SANGJIAJING-P0161-L-04,SANGJIAJING,161,L,4,米 分,hɒ³³ 1o²¹ zi⁴⁴ zɒ1,hp3 1o21 Zi44 ZD1,suspect,0.75,4,郝 罗 硕 依 绕,郝 罗 硕 依 绕,UNKNOWN,扫描 OCR + IPA 锚点版面解析（四行对照） | 整理日期 2026-09,medium
SANGJIAJING-P0161-R-01,SANGJIAJING,161,R,1,百日 分,kɒ³³ tsho⁴⁴ li⁰³3 ²¹ yɒ mu³³,kD33 tsho44 1033 21 yD mu33,suspect,0.60,5,庭筹处 力 做,为 建房 出力,UNKNOWN,扫描 OCR + IPA 锚点版面解析（四行对照） | 整理日期 2026-09,medium
SANGJIAJING-P0161-R-02,SANGJIAJING,161,R,2,写 丑 每住,ne²¹ nu³³ mu³³ tsi³³,ne21 nu33 mu33 tsi33,ok,1.00,4,你 人 美 的 合,你 们 美 婚 合,UNKNOWN,扫描 OCR + IPA 锚点版面解析（四行对照） | 整理日期 2026-09,medium
SANGJIAJING-P0161-R-03,SANGJIAJING,161,R,3,丑 每住 又,mu³³ tsi³³ tɒss zi³³,mu33 tsi3 tDSs zi33,suspect,0.67,3,美 的 合 搁 呢,已 经美 合 婚,UNKNOWN,扫描 OCR + IPA 锚点版面解析（四行对照） | 整理日期 2026-09,medium
SANGJIAJING-P0161-R-04,SANGJIAJING,161,R,4,已 经美 合 婚,,21 h33 1D21 mx ab,failed,0.25,4,此粮 这 食 找,如 今找 粮 食,UNKNOWN,扫描 OCR + IPA 锚点版面解析（四行对照） | 整理日期 2026-09,medium
SANGJIAJING-P0161-R-05,SANGJIAJING,161,R,5,去,qɒ³³ 2i³³ 1p²¹ tciss,qD33 2i33 1p21 tciss,suspect,0.50,4,粮食 找 的 呢,找粮正在时,UNKNOWN,扫描 OCR + IPA 锚点版面解析（四行对照） | 整理日期 2026-09,medium
SANGJIAJING-P0162-L-01,SANGJIAJING,162,L,1,专 田百,mɒ²¹ sh⁰⁴4 tc1s tso²¹ si³³,mp21 sh044 tc1s tso21 si33,suspect,0.50,4,找扶 别人 不筹,为 人筹 非 别,UNKNOWN,扫描 OCR + IPA 锚点版面解析（四行对照） | 整理日期 2026-09,medium
SANGJIAJING-P0162-L-02,SANGJIAJING,162,L,2,日古,,tc1ss 1D33 Eenu 1033 tsh044,failed,0.00,3,处筹 找 了 你,专 为 建 房筹,UNKNOWN,扫描 OCR + IPA 锚点版面解析（四行对照） | 整理日期 2026-09,medium
SANGJIAJING-P0162-L-03,SANGJIAJING,162,L,3,tQ 又 每,he³³ ku³³ kɒ³³ tɒss mu³³,he33 ku33 kD33 tDss mu33,suspect,0.75,4,房 建 品 庭 搁 做,建 房 立 家 庭,UNKNOWN,扫描 OCR + IPA 锚点版面解析（四行对照） | 整理日期 2026-09,medium
SANGJIAJING-P0162-L-04,SANGJIAJING,162,L,4,7 日,si⁴⁴ ne ²¹ ab h³³ li⁰³3,si44 ne 21 ab h33 1033,ok,1.00,4,木 良 哪 里 找,木 料 里找 哪,UNKNOWN,扫描 OCR + IPA 锚点版面解析（四行对照） | 整理日期 2026-09,medium
SANGJIAJING-P0162-R-01,SANGJIAJING,162,R,1,天 弯 日,tche³³ ni³³ li⁰⁵5 pu li⁰³3,tche33 ni33 1055 pu 1033,suspect,0.75,4,野 外 山 上 处,野外 之 山 上,UNKNOWN,扫描 OCR + IPA 锚点版面解析（四行对照） | 整理日期 2026-09,medium
SANGJIAJING-P0162-R-02,SANGJIAJING,162,R,2,为见 4,tho²¹ du ɔ ⁵⁵ du²¹,tho21 du $O 55 du21,ok,1.00,3,青松 筒 嗑松 筒 大,青松 嗑 松 大,UNKNOWN,扫描 OCR + IPA 锚点版面解析（四行对照） | 整理日期 2026-09,medium
SANGJIAJING-P0162-R-03,SANGJIAJING,162,R,3,Z 田4,,t1s ts02 h21 dz04,failed,0.00,3,找扶 别人 田 沾,找木 非为 1人,UNKNOWN,扫描 OCR + IPA 锚点版面解析（四行对照） | 整理日期 2026-09,medium
SANGJIAJING-P0163-L-01,SANGJIAJING,163,L,1,特百下,,kD3 tsh044 :44 b121 S1* mu33,failed,0.40,5,庭筹 木 做 给,用 来 筹 建 房,UNKNOWN,扫描 OCR + IPA 锚点版面解析（四行对照） | 整理日期 2026-09,medium
SANGJIAJING-P0163-L-02,SANGJIAJING,163,L,2,住科 ZZ 安,tsi³³ de²¹ mi³³ he³¹ ʊe³³,tsi33 de21 m133 he31 Ve33,ok,0.80,5,地 基 地 八 方,宅 方 基 地 八,UNKNOWN,扫描 OCR + IPA 锚点版面解析（四行对照） | 整理日期 2026-09,medium
SANGJIAJING-P0163-L-03,SANGJIAJING,163,L,3,口 特 众 m,kɒ³³ d2li³³ mi³³ di⁵⁵ s lu³³,kD33 d2133 m133 di5s lu33,ok,0.80,5,庭 院 地 四,庭 院 墙 四 周,UNKNOWN,扫描 OCR + IPA 锚点版面解析（四行对照） | 整理日期 2026-09,medium
SANGJIAJING-P0163-L-04,SANGJIAJING,163,L,4,tQ 每,he³³ ku³³ kɒ³³ mu bi²¹,he33 ku33 kp33 mu b121,suspect,0.75,4,房 建 庭 做 给,用 来 建 房 屋,UNKNOWN,扫描 OCR + IPA 锚点版面解析（四行对照） | 整理日期 2026-09,medium
SANGJIAJING-P0163-L-05,SANGJIAJING,163,L,5,? 特百 ?,kɒ³³ tsh⁰⁴4 li0 ⁴⁴ pu ⁴⁴ li⁰⁴4,kD33 tsh044 10 44 pu 44 1044,ok,0.80,5,石 翻 庭筹 石,翻石筹石头,UNKNOWN,扫描 OCR + IPA 锚点版面解析（四行对照） | 整理日期 2026-09,medium
SANGJIAJING-P0163-R-01,SANGJIAJING,163,R,1,每 么,kɒ³³ t tsh⁰⁴4 li⁰⁴4 bi²¹ mu³³,kD33 t tsh044 1044 b121 mu3,ok,0.80,5,庭 筹 石 做 给,用 作 房 基 石,UNKNOWN,扫描 OCR + IPA 锚点版面解析（四行对照） | 整理日期 2026-09,medium
SANGJIAJING-P0163-R-02,SANGJIAJING,163,R,2,包 特百包,,niss ty4 kp33 tsh044 niss,failed,0.33,3,土 撮 庭 筹 土,土 筹 泥 土,UNKNOWN,扫描 OCR + IPA 锚点版面解析（四行对照） | 整理日期 2026-09,medium
SANGJIAJING-P0163-R-03,SANGJIAJING,163,R,3,特百包 每,kɒ³³ tsho⁴⁴ niss mu³³ bi²¹,kD33 tsho44 niss mu33 b121,suspect,0.75,4,庭 筹 土 做 给,用 作 春 墙 土,UNKNOWN,扫描 OCR + IPA 锚点版面解析（四行对照） | 整理日期 2026-09,medium
SANGJIAJING-P0163-R-04,SANGJIAJING,163,R,4,包 74 包 五 司,,niss de21 niss ku's tso3 33,failed,0.00,3,土 打 土 九 转,春 土 转 九 板,UNKNOWN,扫描 OCR + IPA 锚点版面解析（四行对照） | 整理日期 2026-09,medium
SANGJIAJING-P0163-R-05,SANGJIAJING,163,R,5,7,si⁴⁴ m6 ³³ dɒ²¹ li2n6 1sɒ³³,si44 m6 33 dD21 12n6 1SD.33,suspect,0.50,4,树 枝 墙 筋 条,树枝做 墙筋,UNKNOWN,扫描 OCR + IPA 锚点版面解析（四行对照） | 整理日期 2026-09,medium
SANGJIAJING-P0164-L-01,SANGJIAJING,164,L,1,安,tsa4 ³¹ h⁴⁴ he³¹ ze tsa,"ts""α*4 31 h44 he31 ze ts""a",suspect,0.50,4,栅 编 栅 八 方,栅 拦 围 八 方,UNKNOWN,扫描 OCR + IPA 锚点版面解析（四行对照） | 整理日期 2026-09,medium
SANGJIAJING-P0164-L-02,SANGJIAJING,164,L,2,Z,du2 tche³³ niu³³ t5i³³ sess,du² tche3niu3 t5i33 Sess,suspect,0.50,4,椽条 猪 牙 叉,橡交 似 猪 牙,UNKNOWN,扫描 OCR + IPA 锚点版面解析（四行对照） | 整理日期 2026-09,medium
SANGJIAJING-P0164-L-03,SANGJIAJING,164,L,3,W 蒸tr,,tsiss yu2i he33 be4 ge31,failed,0.00,2,麻 杆 房 产日 条 赶,麻 杆 做 铺 条,UNKNOWN,扫描 OCR + IPA 锚点版面解析（四行对照） | 整理日期 2026-09,medium
SANGJIAJING-P0164-L-04,SANGJIAJING,164,L,4,to 为,mp ³³ he³³ le³¹,mp 33 he33 le31,suspect,0.67,3,竹 金 房 手 叉,蔑 片 固沿边,UNKNOWN,扫描 OCR + IPA 锚点版面解析（四行对照） | 整理日期 2026-09,medium
SANGJIAJING-P0164-L-05,SANGJIAJING,164,L,5,u,1p²¹ he³³ tshi³³ 4u²¹ gi³³,1p21 he33 tshi33 4u²1 G133,suspect,0.60,5,尖刀 草 房檐放,尖刀草屋檐,UNKNOWN,扫描 OCR + IPA 锚点版面解析（四行对照） | 整理日期 2026-09,medium
SANGJIAJING-P0164-R-01,SANGJIAJING,164,R,1,用 Ht 昆里,si⁵⁵ h³³ he ³³ bp pu ²¹ h³³ pe,"si55 h33 he 33 bp"" p""u 21 h33 p""e""",suspect,0.67,6,草 灰 房 面 盖,灰 草 盖 两 面,UNKNOWN,扫描 OCR + IPA 锚点版面解析（四行对照） | 整理日期 2026-09,medium
SANGJIAJING-P0164-R-02,SANGJIAJING,164,R,2,用 to,si⁵⁵ s si³³ he³³ bu³³,si5s si33 he33 bu33,ok,1.00,4,草 黄 房 脊 压,黄 草 压 房脊,UNKNOWN,扫描 OCR + IPA 锚点版面解析（四行对照） | 整理日期 2026-09,medium
SANGJIAJING-P0164-R-03,SANGJIAJING,164,R,3,与 本 OX,ni²¹ qɒ ³³ tsess mu2 ³³ ku³³,ni21 qD 33 tsess mu² 33 ku33,suspect,0.75,4,两 门 接 做 造,建 成 两 门 房,UNKNOWN,扫描 OCR + IPA 锚点版面解析（四行对照） | 整理日期 2026-09,medium
SANGJIAJING-P0164-R-04,SANGJIAJING,164,R,4,与 OX 九 开,ni²¹ ³³ tsess ne ³³ qɒ ɒe1,ni21 33 tsess ne 33 qD De1,suspect,0.50,4,两 门 接 也 良,两 门 房 吉祥,UNKNOWN,扫描 OCR + IPA 锚点版面解析（四行对照） | 整理日期 2026-09,medium
SANGJIAJING-P0164-R-05,SANGJIAJING,164,R,5,3 每,³³ ku³³ sɒss qɒ sɒ³³ mu³³,33 ku3 SDSS qD SD3 mu33,suspect,0.50,4,三 门 舒 做 造,建成 三门房,UNKNOWN,扫描 OCR + IPA 锚点版面解析（四行对照） | 整理日期 2026-09,medium
SANGJIAJING-P0165-L-01,SANGJIAJING,165,L,1,tQ,he³³ ku³³ mb ³³,he33 ku33 mb 33,suspect,0.67,3,房 大 造 成 完,建 盖 好 大 房,UNKNOWN,扫描 OCR + IPA 锚点版面解析（四行对照） | 整理日期 2026-09,medium
SANGJIAJING-P0165-L-02,SANGJIAJING,165,L,2,丑 住,nu³³ zɔ ⁴⁴ mu³³ tsi³³,nu33 ZO 44 mu33 tsi33,ok,1.00,4,你 合 人 美 的,你 合 完 美 婚,UNKNOWN,扫描 OCR + IPA 锚点版面解析（四行对照） | 整理日期 2026-09,medium
SANGJIAJING-P0165-L-03,SANGJIAJING,165,L,3,WI,tsi³³ thi²¹ ni³³ mu,tsi33 th121 ni33 mu,ok,1.00,4,良 的 合 一 日,合 美 婚 之 日,UNKNOWN,扫描 OCR + IPA 锚点版面解析（四行对照） | 整理日期 2026-09,medium
SANGJIAJING-P0165-L-04,SANGJIAJING,165,L,4,子 面,kho³³ zi³¹ mu²¹ kh⁰³3 m1 ³³,kho33 zi31 mu²1 kh033 m1 33,suspect,0.60,5,天 面 地 面 晶,天地 射 晶 光,UNKNOWN,扫描 OCR + IPA 锚点版面解析（四行对照） | 整理日期 2026-09,medium
SANGJIAJING-P0165-R-01,SANGJIAJING,165,R,1,子 安 W 米 开,,33 2i14 33 mu 21 ob t5133 dzu,failed,0.33,6,天 空 阳 影 齐,太 阳 光 辉 映,UNKNOWN,扫描 OCR + IPA 锚点版面解析（四行对照） | 整理日期 2026-09,medium
SANGJIAJING-P0165-R-02,SANGJIAJING,165,R,2,又,ph³³ 1ɒ³³ thi²¹ zi⁴⁴ tɒss,ph33 1D33 th121 zi44 tDSs,suspect,0.60,5,一 辈 压 了 搁,结 下 一 世 缘,UNKNOWN,扫描 OCR + IPA 锚点版面解析（四行对照） | 整理日期 2026-09,medium
SANGJIAJING-P0165-R-03,SANGJIAJING,165,R,3,O 专 Z: 77,4ɒ³³ si³³ si³³ dzu ³³,4D33 si33 si33 dzu 33,suspect,0.75,4,月 主 齐 星 主,月 与 星 双 齐,UNKNOWN,扫描 OCR + IPA 锚点版面解析（四行对照） | 整理日期 2026-09,medium
SANGJIAJING-P0165-R-04,SANGJIAJING,165,R,4,了 专 专,te³³ si³³ hɒ³³ si³³ mzp ³³,te33 si33 hp33 si33 mzp 33,ok,0.80,5,云 主 雨 主齐,云 与 雨 双 齐,UNKNOWN,扫描 OCR + IPA 锚点版面解析（四行对照） | 整理日期 2026-09,medium
SANGJIAJING-P0165-R-05,SANGJIAJING,165,R,5,mI Z 茶 又,,th21 ph33 zi4 1D33 tDs,failed,0.25,4,一 辈 压 了 搁,结 世缘 下 一,UNKNOWN,扫描 OCR + IPA 锚点版面解析（四行对照） | 整理日期 2026-09,medium
SANGJIAJING-P0166-L-01,SANGJIAJING,166,L,1,IM 又,th²¹ tghi²¹ tsu³³ 1ɒ³³ tɒss,th21 tgh121tsu33 1D33 tDss,suspect,0.60,5,一 世 商 了 搁,商 谈 过 一 世,UNKNOWN,扫描 OCR + IPA 锚点版面解析（四行对照） | 整理日期 2026-09,medium
SANGJIAJING-P0166-L-02,SANGJIAJING,166,L,2,专 ? 专,pu ³³ si³³ li⁰⁴4 si³³ dzu,pu 33 si33 1044 si33 dzu,ok,1.00,5,主 山 石 主 齐,山 与 石 双 齐,UNKNOWN,扫描 OCR + IPA 锚点版面解析（四行对照） | 整理日期 2026-09,medium
SANGJIAJING-P0166-L-03,SANGJIAJING,166,L,3,Z 又,,th21 ph33 zi44 1D33 tDSs,failed,0.40,5,一 世 压 了 搁,结 下 一 世 缘,UNKNOWN,扫描 OCR + IPA 锚点版面解析（四行对照） | 整理日期 2026-09,medium
SANGJIAJING-P0166-L-04,SANGJIAJING,166,L,4,用 7 ® 住,siss si⁴⁴ li⁰⁴4 tsi³³,siss si44 1044 tsi33,suspect,0.67,3,草 木 石 大 合,草 合 木 石 相,UNKNOWN,扫描 OCR + IPA 锚点版面解析（四行对照） | 整理日期 2026-09,medium
SANGJIAJING-P0166-L-05,SANGJIAJING,166,L,5,7 IU 4 Z 住,si⁴⁴ thi²¹ ph³³ tsi³³,si44 th121 ph33 tsi33,suspect,0.75,4,木 大 一 世 合,木 合 处 一 世,UNKNOWN,扫描 OCR + IPA 锚点版面解析（四行对照） | 整理日期 2026-09,medium
SANGJIAJING-P0166-R-01,SANGJIAJING,166,R,1,WI Z 又,,"th21 ph33 zi44 1D33 tD,s",failed,0.40,5,一 世 压 了 搁,结 缘 下 一 世,UNKNOWN,扫描 OCR + IPA 锚点版面解析（四行对照） | 整理日期 2026-09,medium
SANGJIAJING-P0166-R-02,SANGJIAJING,166,R,2,分 专 住,lu²¹ si³³ tsi³³,lu21 si33 tsi33,ok,1.00,3,水 的 龙 主 合,水 与 龙 相 合,UNKNOWN,扫描 OCR + IPA 锚点版面解析（四行对照） | 整理日期 2026-09,medium
SANGJIAJING-P0166-R-03,SANGJIAJING,166,R,3,与 A,lɒ²¹ ni²¹ xw ⁴⁴ fu²¹ lu²¹,lp21 ni21 xw 44 fu21 lu21,ok,0.80,5,陆 良 湖 白 龙,陆 湖 白 龙 良,UNKNOWN,扫描 OCR + IPA 锚点版面解析（四行对照） | 整理日期 2026-09,medium
SANGJIAJING-P0166-R-04,SANGJIAJING,166,R,4,丰 W ?,lurs xw ⁴⁴ ni⁴⁴ lu²¹,lur's xw 44 ni44 lu21,ok,1.00,3,路 南 湖 青 龙,路 南 湖 青龙,UNKNOWN,扫描 OCR + IPA 锚点版面解析（四行对照） | 整理日期 2026-09,medium
SANGJIAJING-P0167-L-01,SANGJIAJING,167,L,1,Z 又,,ph33 zi144 th21 1D33 tDss,failed,0.40,5,一 世 压 了 搁,结 世 缘 下 一,UNKNOWN,扫描 OCR + IPA 锚点版面解析（四行对照） | 整理日期 2026-09,medium
SANGJIAJING-P0167-L-02,SANGJIAJING,167,L,2,A 3= 与,lu²¹ lu²¹ tsh³³ ni²¹ lu²¹,lu21 lu²1 tsh33 ni²1 lu21,ok,0.80,5,鲁 鲁 十 二 鲁,鲁 神 十 二 类,UNKNOWN,扫描 OCR + IPA 锚点版面解析（四行对照） | 整理日期 2026-09,medium
SANGJIAJING-P0167-L-03,SANGJIAJING,167,L,3,A 又,lu²¹ ne ²¹ zi⁴⁴ 1ɒ³³ tɒss,lu21 ne 21 Zi44 1D33 tDss,ok,0.80,5,鲁 神 压 了 搁,强 压 下 鲁 神,UNKNOWN,扫描 OCR + IPA 锚点版面解析（四行对照） | 整理日期 2026-09,medium
SANGJIAJING-P0167-R-01,SANGJIAJING,167,R,1,去 又 九,zi⁴⁴ lu²¹ ne³³ tɒss ne ³³,zi44 lu21 ne33 tDss ne 33,suspect,0.75,4,鲁 楠 压 搁 也,强 留 鲁 楠 神,UNKNOWN,扫描 OCR + IPA 锚点版面解析（四行对照） | 整理日期 2026-09,medium
SANGJIAJING-P0167-R-02,SANGJIAJING,167,R,2,丑 专 住 to,si³³ tsi³³ he³³ 3g ²¹ 3g ⁵⁵,si33 tsi33 he33 3G 21 3G 55,suspect,0.60,5,别人 基 房 良 是,别 人 宅 基 吉,UNKNOWN,扫描 OCR + IPA 锚点版面解析（四行对照） | 整理日期 2026-09,medium
SANGJIAJING-P0167-R-03,SANGJIAJING,167,R,3,亏 tQ 田 丑,ni³³ he³³ ²¹ nu³³ ne,ni33 he33 21 nu33 ne,ok,0.80,5,你 居 房 不 良,你 宅 基 不 吉,UNKNOWN,扫描 OCR + IPA 锚点版面解析（四行对照） | 整理日期 2026-09,medium
SANGJIAJING-P0167-R-04,SANGJIAJING,167,R,4,专 住 3 九,,si33 33 33 tsj33 kD33 sD ne,failed,0.33,6,别人 宅 过 舒 也,别 人 家 幸 福,UNKNOWN,扫描 OCR + IPA 锚点版面解析（四行对照） | 整理日期 2026-09,medium
SANGJIAJING-P0167-R-05,SANGJIAJING,167,R,5,Z出 住 特 田,nu³³ tsi³³ kɒ³³ mp ²¹ sɒ ³³,nu33 tsi33 kD33 mp 21 sD 33,ok,0.80,5,你 宅 过 不 舒,你家 幸 不 福,UNKNOWN,扫描 OCR + IPA 锚点版面解析（四行对照） | 整理日期 2026-09,medium
SANGJIAJING-P0168-L-01,SANGJIAJING,168,L,1,分 亏 特 # 住,yɒ ni³³ kɒ³³ sp ³³ ne ³³,YD ni33 kD33 sp 33 ne 33,suspect,0.50,4,次 日 路 边 迎,次 边 守 日 路,UNKNOWN,扫描 OCR + IPA 锚点版面解析（四行对照） | 整理日期 2026-09,medium
SANGJIAJING-P0168-L-02,SANGJIAJING,168,L,2,次 边 守 日 路,,tQ 7 正 IM,failed,0.00,1,he33 si21. tch33 th21 子1,房 主 那 一 家,UNKNOWN,扫描 OCR + IPA 锚点版面解析（四行对照） | 整理日期 2026-09,medium
SANGJIAJING-P0168-L-03,SANGJIAJING,168,L,3,tQ 7 正 IM,,he33 si21. tch33 th21 子1,failed,0.40,5,房 主 那 一 家,房 屋 N 主 人,UNKNOWN,扫描 OCR + IPA 锚点版面解析（四行对照） | 整理日期 2026-09,medium
SANGJIAJING-P0168-L-04,SANGJIAJING,168,L,4,田 力 专 女 每,²¹ si³³ np ³³ mp mu³³,21 si33 np 33 mp mu33,suspect,0.50,4,不 知 别人 问 做,不 知 问 别 人,UNKNOWN,扫描 OCR + IPA 锚点版面解析（四行对照） | 整理日期 2026-09,medium
SANGJIAJING-P0168-L-05,SANGJIAJING,168,L,5,专 不 每,si³³ zi³³ dzɒ ku mu,si33 zi33 dzD” ku mu,suspect,0.67,3,别人 呢 召 祭 做,别 人多 祭 召 神,UNKNOWN,扫描 OCR + IPA 锚点版面解析（四行对照） | 整理日期 2026-09,medium
SANGJIAJING-P0168-R-01,SANGJIAJING,168,R,1,无不,ne³³ dzɒ³³ ku³³ mu³³,"ne33 dz,D3 ku33 mu33",ok,1.00,4,你 也 召 祭 做,你 神 也 召 祭,UNKNOWN,扫描 OCR + IPA 锚点版面解析（四行对照） | 整理日期 2026-09,medium
SANGJIAJING-P0168-R-02,SANGJIAJING,168,R,2,不丑 与,dzɒ²¹ ne²¹ tsh³³ ni²¹,dz.D21 ne21 tsh33 ni21,suspect,0.75,4,召 神 十 二 样,召 神 十 二 种,UNKNOWN,扫描 OCR + IPA 锚点版面解析（四行对照） | 整理日期 2026-09,medium
SANGJIAJING-P0168-R-03,SANGJIAJING,168,R,3,不 住,dzɒ ³³ zɛ ²¹ tsi³³ thi²¹ ni³³,"dz,D 33 ZE 21 tsi33 th121 ni33",ok,1.00,5,召 大 迎 一 日,祭 召 神 之 日,UNKNOWN,扫描 OCR + IPA 锚点版面解析（四行对照） | 整理日期 2026-09,medium
SANGJIAJING-P0168-R-04,SANGJIAJING,168,R,4,系 #,,"tsi33 44 4u31 ze dz,D 33",failed,0.25,4,皮 熟 衍 尼 召,支 熟 衍 尼 召,UNKNOWN,扫描 OCR + IPA 锚点版面解析（四行对照） | 整理日期 2026-09,medium
SANGJIAJING-P0169-L-01,SANGJIAJING,169,L,1,专 不,⁴⁴ si³³ ³³ ve³¹ ne bu²¹ dzɒ,"44 si33 33 ve31 ne bu²1 dz,D",suspect,0.50,6,文 乃 布 斯 召,文 乃 布 斯 召,UNKNOWN,扫描 OCR + IPA 锚点版面解析（四行对照） | 整理日期 2026-09,medium
SANGJIAJING-P0169-L-02,SANGJIAJING,169,L,2,电 不,ni2l hɒ³³ li⁰³3 ni⁴⁴ dzɒ ³³,"ni2l hp33 1033 ni44 dz,D 33",suspect,0.75,4,郝 罗 额 尼 召,郝 罗 额 尼 召,UNKNOWN,扫描 OCR + IPA 锚点版面解析（四行对照） | 整理日期 2026-09,medium
SANGJIAJING-P0169-L-03,SANGJIAJING,169,L,3,不 A,lu³³ lu²¹ bur³³ dzɒ ³³ ⁹⁰³³,"lu33 lu21 bur33 dz,D 33 9033",ok,0.80,5,鲁 郭 鲁 伯 召,鲁 郭 鲁 伯 召,UNKNOWN,扫描 OCR + IPA 锚点版面解析（四行对照） | 整理日期 2026-09,medium
SANGJIAJING-P0169-L-04,SANGJIAJING,169,L,4,特 茶,kɒ³³ ob ³³ si²¹ lu²¹ dzɒ ³³,"kD33 ob 33 si21 lu²1 dz,D 33",ok,1.00,5,高 郭 斯 鲁 召,高 郭 斯 鲁 召,UNKNOWN,扫描 OCR + IPA 锚点版面解析（四行对照） | 整理日期 2026-09,medium
SANGJIAJING-P0169-L-05,SANGJIAJING,169,L,5,e,ip²¹ tche⁴⁴ ne do⁴⁴ dzɒ ³³,"Ip²1 tche44 ne do44 dz,D 33",suspect,0.75,4,劳 乃 潜 夺 召,劳乃 潜夺,UNKNOWN,扫描 OCR + IPA 锚点版面解析（四行对照） | 整理日期 2026-09,medium
SANGJIAJING-P0169-R-01,SANGJIAJING,169,R,1,,,33 33 si21 ku²dzD pu mu,failed,0.25,4,伯 木 斯 库 召,伯 木 斯 库 召,UNKNOWN,扫描 OCR + IPA 锚点版面解析（四行对照） | 整理日期 2026-09,medium
SANGJIAJING-P0169-R-02,SANGJIAJING,169,R,2,伯 木 斯 库 召,ni²¹ ni⁴⁴ 1p²¹ me⁴⁴ dzɒ ³³,ni²1 ni44 1p21 me44 dz.D 33,ok,0.80,5,额 尼 劳 买 召,额 劳买 尼 召,UNKNOWN,扫描 OCR + IPA 锚点版面解析（四行对照） | 整理日期 2026-09,medium
SANGJIAJING-P0169-R-03,SANGJIAJING,169,R,3,了 3 列不,te³³ si²¹ ku2dzɒ,"te33 si21 ku²dz,D",suspect,0.67,3,当 诗 库 召 斯,当 诗 斯 库 召,UNKNOWN,扫描 OCR + IPA 锚点版面解析（四行对照） | 整理日期 2026-09,medium
SANGJIAJING-P0169-R-04,SANGJIAJING,169,R,4,不丑4 与,dzɒ³³ ne2i tsh³³ ni²¹ toss,"dZ,D3 ne2i tsh33 ni21 toss",suspect,0.75,4,召 良 十 二 叠,叠 迎 十 二 召,UNKNOWN,扫描 OCR + IPA 锚点版面解析（四行对照） | 整理日期 2026-09,medium
SANGJIAJING-P0169-R-05,SANGJIAJING,169,R,5,不丹 住 &,zi³³ dzɒ ³³ ²¹ tsi³³ mb ³³,"zi33 dz.D"" 33 21 tsi33 mb 33",suspect,0.60,5,召 神 迎 完 呢,迎 祭 完 召神,UNKNOWN,扫描 OCR + IPA 锚点版面解析（四行对照） | 整理日期 2026-09,medium
SANGJIAJING-P0170-L-01,SANGJIAJING,170,L,1,专 田 住 Z世 住,si³³ mp ²¹ tsi³³ siss tsi³³,si33 mp 21 tsi3 siss tsi33,suspect,0.50,4,别人 不 迎 先 迎,先 于 他 人 迎,UNKNOWN,扫描 OCR + IPA 锚点版面解析（四行对照） | 整理日期 2026-09,medium
SANGJIAJING-P0170-L-02,SANGJIAJING,170,L,2,住 日,pu1 h ²¹ pɒ nh²¹ yo ³¹ li⁰³3 tsi³³,"p""u""""1 h、21 P""D nh21 yo 31 1033 tsi33",ok,0.80,5,祖 先 际 处 迎,迎 祭 祖 先 灵,UNKNOWN,扫描 OCR + IPA 锚点版面解析（四行对照） | 整理日期 2026-09,medium
SANGJIAJING-P0170-L-03,SANGJIAJING,170,L,3,住 天,phu²¹ y⁰³1 tsi³³ thi²¹ ni³³,phu21 y031 tsi33 th121 ni33,ok,0.80,5,祖 际 迎 一 日,迎 祭 祖 灵 日,UNKNOWN,扫描 OCR + IPA 锚点版面解析（四行对照） | 整理日期 2026-09,medium
SANGJIAJING-P0170-L-04,SANGJIAJING,170,L,4,亚u 7.0 ?,phu2l t tshi²¹ vu³³ dlu³³,phu²l t tshi21 vu33 dlu33,suspect,0.67,3,青 栎 祖 灵 盒,青 栎 祖 灵 盒,UNKNOWN,扫描 OCR + IPA 锚点版面解析（四行对照） | 整理日期 2026-09,medium
SANGJIAJING-P0170-L-05,SANGJIAJING,170,L,5,甲,tho²¹ ni4 phu²¹ yo ³¹ ɒis,tho21 ni4 phu21 yo 31 Di'S,suspect,0.75,4,松 绿 祖 围 腰,腰 绿 松 祖 围,UNKNOWN,扫描 OCR + IPA 锚点版面解析（四行对照） | 整理日期 2026-09,medium
SANGJIAJING-P0170-R-01,SANGJIAJING,170,R,1,介 W 亏 分,kx5s 1x5s phu²¹ ni³³ ɒ³³,kx5s 1x5s phu21 ni33 D3,suspect,0.67,3,竹节 草 祖 坐 处,竹 节 草 祖 坐,UNKNOWN,扫描 OCR + IPA 锚点版面解析（四行对照） | 整理日期 2026-09,medium
SANGJIAJING-P0170-R-02,SANGJIAJING,170,R,2,4 勾 白,pu ³³ no ⁴⁴ phu²¹ tsw h³³,"pu 33 no 44 phu21 ts""w h.33",suspect,0.75,4,绵羊 毛 祖 头 发,绵 羊 毛 祖 发,UNKNOWN,扫描 OCR + IPA 锚点版面解析（四行对照） | 整理日期 2026-09,medium
SANGJIAJING-P0170-R-03,SANGJIAJING,170,R,3,π 包,tche³³ dzi2pu2 dz⁰² niss,tche33 dzi²pu² dz.0² niss,suspect,0.67,3,丝 线 祖 腰 带,丝 线祖 腰 带,UNKNOWN,扫描 OCR + IPA 锚点版面解析（四行对照） | 整理日期 2026-09,medium
SANGJIAJING-P0170-R-04,SANGJIAJING,170,R,4,必 日,⁴⁴ h³³ pu²¹ vi³¹ lu³³ md pɒ,"44h33 pu21 vi31 lu33 md p""D""",suspect,0.67,6,绸 布 祖 衣 裳,绸 布 祖 衣 裳,UNKNOWN,扫描 OCR + IPA 锚点版面解析（四行对照） | 整理日期 2026-09,medium
SANGJIAJING-P0171-L-01,SANGJIAJING,171,L,1,3 亏 to,³³ si³³ phu²¹ mp ni³³ hg³³,33 si33 phu21 mp ni33 hg33,suspect,0.60,5,竹 金 祖 住 房,金 竹 祖 居 房,UNKNOWN,扫描 OCR + IPA 锚点版面解析（四行对照） | 整理日期 2026-09,medium
SANGJIAJING-P0171-L-02,SANGJIAJING,171,L,2,灶 住,zi³³ phu²¹ du³³ tsi³³ mb ³³,zi33 phu21 du33 tsi33 mb 33,ok,0.80,5,祖 处 迎 完 后,迎 祭 完 祖 灵,UNKNOWN,扫描 OCR + IPA 锚点版面解析（四行对照） | 整理日期 2026-09,medium
SANGJIAJING-P0171-L-03,SANGJIAJING,171,L,3,日 年 3,ab h³³ li⁰³3 pru²¹ np ²¹ sɒ ³³,ab h33 1033 pru21 np 21 SD 33,ok,0.80,5,哪 落 舒 里 祖,哪 里 放 祖 灵,UNKNOWN,扫描 OCR + IPA 锚点版面解析（四行对照） | 整理日期 2026-09,medium
SANGJIAJING-P0171-L-04,SANGJIAJING,171,L,4,r,tche³³ kurs be⁴⁴ thi²¹,tche3 kur's be44 th121,suspect,0.67,3,九 条 一 根站,灵插第 九根,UNKNOWN,扫描 OCR + IPA 锚点版面解析（四行对照） | 整理日期 2026-09,medium
SANGJIAJING-P0171-R-01,SANGJIAJING,171,R,1,(μ),,mu' 33 1D33 mu 1D33,failed,0.33,3,高 了 高 了 像,过 于 置 高 了,UNKNOWN,扫描 OCR + IPA 锚点版面解析（四行对照） | 整理日期 2026-09,medium
SANGJIAJING-P0171-R-02,SANGJIAJING,171,R,2,700 川年,tche³³ si²¹ be⁴⁴ thi²¹ np ²¹,tche33 si21 be44 th121 np 21,ok,0.80,5,七 条 一 根 落,第 冏七 根 处 插,UNKNOWN,扫描 OCR + IPA 锚点版面解析（四行对照） | 整理日期 2026-09,medium
SANGJIAJING-P0171-R-03,SANGJIAJING,171,R,3,田 每 田 3=,mu mp ²¹ ne³³ ne³³ mɒ²¹,mu mp 21 ne33 ne33 mD21,ok,1.00,4,不 高 不 低 低,不 高 又 不 低,UNKNOWN,扫描 OCR + IPA 锚点版面解析（四行对照） | 整理日期 2026-09,medium
SANGJIAJING-P0171-R-04,SANGJIAJING,171,R,4,日,,be44 th21tc33 sur's 1033,failed,0.25,4,三 条 二 根 处,第 冏三 条 处 插,UNKNOWN,扫描 OCR + IPA 锚点版面解析（四行对照） | 整理日期 2026-09,medium
SANGJIAJING-P0171-R-05,SANGJIAJING,171,R,5,单,phu²¹ hy³¹ dzi²¹ dzi²¹,phu21 hy31 dzi21 dz.i21,suspect,0.75,4,祖 站 汗,祖灵 活灵灵,UNKNOWN,扫描 OCR + IPA 锚点版面解析（四行对照） | 整理日期 2026-09,medium
SANGJIAJING-P0172-L-01,SANGJIAJING,172,L,1,W 赵电九,tshi³³ tu ⁴⁴ diss le4t me,tsh133 tu 44 diss le4t me,suspect,0.67,3,孙 重孙 十 地 盛,后 代 万 业 盛,UNKNOWN,扫描 OCR + IPA 锚点版面解析（四行对照） | 整理日期 2026-09,medium
SANGJIAJING-P0172-L-02,SANGJIAJING,172,L,2,州 不 3=,phu²¹ hy³¹ ³³ si²¹,phu21 hy31 33 S121,suspect,0.50,4,祖 站 笑 眯,祖 灵 笑 眯 眯,UNKNOWN,扫描 OCR + IPA 锚点版面解析（四行对照） | 整理日期 2026-09,medium
SANGJIAJING-P0172-L-03,SANGJIAJING,172,L,3,W 雪 鸟 田,4iss 4e⁴⁴ ni³¹ mɒ²¹ dzi²¹,4iss 4e44 ni31 mp21 dzi21,suspect,0.75,4,孙 重孙 饿 不 值,后 代 不 挨 饿,UNKNOWN,扫描 OCR + IPA 锚点版面解析（四行对照） | 整理日期 2026-09,medium
SANGJIAJING-P0172-L-04,SANGJIAJING,172,L,4,星司 亏,pul pɒ h²¹ tso ³³ mu,"pul p""D"" h21 tso 33 mu",suspect,0.67,3,祖 先 有 的 住,家 有 祖 先 佑,UNKNOWN,扫描 OCR + IPA 锚点版面解析（四行对照） | 整理日期 2026-09,medium
SANGJIAJING-P0172-L-05,SANGJIAJING,172,L,5,W 田 π,1iss 4e⁴⁴ mp dzi²¹,1iss 4e44 mp dzi21,suspect,0.50,2,孙 重孙 冷 不 值,后 代 不挨 冷,UNKNOWN,扫描 OCR + IPA 锚点版面解析（四行对照） | 整理日期 2026-09,medium
SANGJIAJING-P0172-R-01,SANGJIAJING,172,R,1,星洲星九 w,,phu²1 hx²phu²1 ne lurs's,failed,0.33,3,祖 站 祖 也 喜,祖 灵 心 喜 欢,UNKNOWN,扫描 OCR + IPA 锚点版面解析（四行对照） | 整理日期 2026-09,medium
SANGJIAJING-P0172-R-02,SANGJIAJING,172,R,2,电 九,pru²¹ hy³¹ tur3 ne ³³ sɒ ³³,pru21 hy31 tur3 ne 33 SD 33,suspect,0.50,4,祖 站 地 也 舒,祖 灵 心 舒 畅,UNKNOWN,扫描 OCR + IPA 锚点版面解析（四行对照） | 整理日期 2026-09,medium
SANGJIAJING-P0172-R-03,SANGJIAJING,172,R,3,电 九 3,phu²¹ qɒ ³³ tur³³ ne³³ sɒ³³,phu21 qD 33 tur33. ne33 SD33,ok,1.00,5,祖 玩 地 也 舒,祖 灵 玩 也 乐,UNKNOWN,扫描 OCR + IPA 锚点版面解析（四行对照） | 整理日期 2026-09,medium
SANGJIAJING-P0172-R-04,SANGJIAJING,172,R,4,灶 住,,phu2l 33 2zi33 du33 tsi33 mb,failed,0.40,5,祖 处 迎 完 呢,迎 祭 完 祖 灵,UNKNOWN,扫描 OCR + IPA 锚点版面解析（四行对照） | 整理日期 2026-09,medium
SANGJIAJING-P0172-R-05,SANGJIAJING,172,R,5,t t 亏,he³³ ni³³ he³³ si²¹ pɒ²¹,he33 ni33 he33 si21 pD21,ok,1.00,5,房 住 房 主人,房屋 之主人,UNKNOWN,扫描 OCR + IPA 锚点版面解析（四行对照） | 整理日期 2026-09,medium
SANGJIAJING-P0173-L-01,SANGJIAJING,173,L,1,Z4 正,,tch33 t4u33 V133 31 1D33,failed,0.00,5,人 家 那 家 啊,房 中 那 家 人,UNKNOWN,扫描 OCR + IPA 锚点版面解析（四行对照） | 整理日期 2026-09,medium
SANGJIAJING-P0173-L-02,SANGJIAJING,173,L,2,日,su ⁵⁵ bu³³ ho³³ li⁰³3 ⁹⁰²¹,su 55 bu33 ho33 1033 9021,ok,0.80,5,三 次 梦 做 处,做 了 三 次 梦,UNKNOWN,扫描 OCR + IPA 锚点版面解析（四行对照） | 整理日期 2026-09,medium
SANGJIAJING-P0173-L-03,SANGJIAJING,173,L,3,DZ,,duss mu 33 55 kD33 tur33 np,failed,0.40,5,播 做 犁 过 地,在 那 田 野 上,UNKNOWN,扫描 OCR + IPA 锚点版面解析（四行对照） | 整理日期 2026-09,medium
SANGJIAJING-P0173-L-04,SANGJIAJING,173,L,4,专 特 m 日,si³³ di⁵⁵ s ⁵⁵ kɒ³³ li⁰³3 np,si33 di5s 55 kD33 1033 np,suspect,0.67,6,别人 路 口 处 犁,别 人 地 界 犁,UNKNOWN,扫描 OCR + IPA 锚点版面解析（四行对照） | 整理日期 2026-09,medium
SANGJIAJING-P0173-L-05,SANGJIAJING,173,L,5,专 九,si³³ ag ⁵⁵ ne³³ dzo²¹ te³³,si33 aG 55 ne33 dzo²1 te33,ok,1.00,5,别人 犁 也 属 着,犁 着 他 人 地,UNKNOWN,扫描 OCR + IPA 锚点版面解析（四行对照） | 整理日期 2026-09,medium
SANGJIAJING-P0173-R-01,SANGJIAJING,173,R,1,Z4,nu³³ nɒ ⁵⁵ ng³³ dzo²¹ te³³,nu33 nD 55 ng33 dzo21 te33,ok,0.80,5,你 犁 也 属 着,你 地 也 犁 着,UNKNOWN,扫描 OCR + IPA 锚点版面解析（四行对照） | 整理日期 2026-09,medium
SANGJIAJING-P0173-R-02,SANGJIAJING,173,R,2,U 77,,21 VD mp 33 tsD's dzi21 b121,failed,0.25,4,鸡 大 喂 献 给,献 鸡 牲 驱 除,UNKNOWN,扫描 OCR + IPA 锚点版面解析（四行对照） | 整理日期 2026-09,medium
SANGJIAJING-P0173-R-03,SANGJIAJING,173,R,3,用 日 3=,ss li⁰²1 phe³¹ sa ⁴⁴ s⁰⁴4,Ss 1021 phe31 sa 44 S0.44,suspect,0.75,4,草 处 叶 鲜 鲜,草 茂 树 枝 繁,UNKNOWN,扫描 OCR + IPA 锚点版面解析（四行对照） | 整理日期 2026-09,medium
SANGJIAJING-P0174-L-01,SANGJIAJING,174,L,1,Z K 又,thi²¹ phi²¹ zi⁴⁴ 1p³³ tɒss,th121 ph121 Zi44 1p33 tDSs,ok,0.80,5,一 世 压 了 搁,强 留 住 世 一,UNKNOWN,扫描 OCR + IPA 锚点版面解析（四行对照） | 整理日期 2026-09,medium
SANGJIAJING-P0174-L-02,SANGJIAJING,174,L,2,级 专 专,tce ⁵⁵ si³³ fi³³ si³³ reni,tce 55 si33 fi33 si33 renI,ok,0.80,5,汗 主 挥 主 鲁,勤 肢 健 体 鲁,UNKNOWN,扫描 OCR + IPA 锚点版面解析（四行对照） | 整理日期 2026-09,medium
SANGJIAJING-P0174-L-03,SANGJIAJING,174,L,3,發 飞E 發 U,³³ bɒ²¹ mp ³³ lu²¹,33 bp21 mp 33 lu21,suspect,0.50,4,阿 爸 阿 妈 鲁,阿 爸 阿 妈 鲁,UNKNOWN,扫描 OCR + IPA 锚点版面解析（四行对照） | 整理日期 2026-09,medium
SANGJIAJING-P0174-L-04,SANGJIAJING,174,L,4,WI Z 又,,th21 ph33 zi31 1D33 tpss,failed,0.20,5,一 世 压 了 搁,强 留 下 一 世,UNKNOWN,扫描 OCR + IPA 锚点版面解析（四行对照） | 整理日期 2026-09,medium
SANGJIAJING-P0174-L-05,SANGJIAJING,174,L,5,强 留 下 一 世,dzi²¹ tci dzp ob ²¹ lu²¹,"dz121 tcr"" dzp ob 21 lu21",suspect,0.67,3,畜 牧 粮 种 鲁,畜牧 鲁 种 粮,UNKNOWN,扫描 OCR + IPA 锚点版面解析（四行对照） | 整理日期 2026-09,medium
SANGJIAJING-P0174-R-01,SANGJIAJING,174,R,1,A 安 答 A,,4u33 1e33 lu21 #06,failed,0.25,4,银 金 圆 宝 鲁,银 金 圆 宝 鲁,UNKNOWN,扫描 OCR + IPA 锚点版面解析（四行对照） | 整理日期 2026-09,medium
SANGJIAJING-P0174-R-02,SANGJIAJING,174,R,2,Dz 丰,ni²¹ dzi2l tsh⁰⁴4 ni⁴⁴ lu²¹,ni²1 dzi2l tsh044 ni44 lu21,suspect,0.75,4,葬 官 着 看 鲁,彝官 治 理 鲁,UNKNOWN,扫描 OCR + IPA 锚点版面解析（四行对照） | 整理日期 2026-09,medium
SANGJIAJING-P0174-R-03,SANGJIAJING,174,R,3,Z4 住 2.00,tsi³³ si²¹ dzi³¹ lu²¹ t4u³³,tsi33 si21 dzi31 lu²1 t4u33,ok,0.80,5,人 宅 全 齐 鲁,家 庭 齐 全 鲁,UNKNOWN,扫描 OCR + IPA 锚点版面解析（四行对照） | 整理日期 2026-09,medium
SANGJIAJING-P0174-R-04,SANGJIAJING,174,R,4,台 4,si³³ ⁰⁵5 4u³³ li⁵⁵ li³³ lu²¹,si33 0.55 4u33 15133 lu²1,suspect,0.67,6,头 白 皮 黄 鲁,头白 鲁 皮 黄,UNKNOWN,扫描 OCR + IPA 锚点版面解析（四行对照） | 整理日期 2026-09,medium
SANGJIAJING-P0175-L-01,SANGJIAJING,175,L,1,A,phɒ²¹ mp dzu dzi³¹ lu²¹,php21 mp” dzu dzi31 lu²1,suspect,0.67,3,父 双 齐 鲁,父 母 双 齐 鲁,UNKNOWN,扫描 OCR + IPA 锚点版面解析（四行对照） | 整理日期 2026-09,medium
SANGJIAJING-P0175-L-02,SANGJIAJING,175,L,2,7当开 A,me²¹ z⁰⁴ emzp dzi³¹ lu²¹,me21 Z.04 emzp dzi31 lu21,suspect,0.50,4,妻 人 双 齐 鲁,齐 鲁 夫 妻 双,UNKNOWN,扫描 OCR + IPA 锚点版面解析（四行对照） | 整理日期 2026-09,medium
SANGJIAJING-P0175-L-03,SANGJIAJING,175,L,3,分 飞 A,zɒ ²¹ nu tu³³ ³³ lu²¹,ZD 21 nu tu33 33 lu21,suspect,0.50,4,儿 女 直 笑 鲁,儿 女身 挺 鲁,UNKNOWN,扫描 OCR + IPA 锚点版面解析（四行对照） | 整理日期 2026-09,medium
SANGJIAJING-P0175-L-04,SANGJIAJING,175,L,4,W A,,liss 4e44 tghg21 lu21,failed,0.33,3,孙 重孙 聪 笑 鲁,后 孙 聪 明 鲁,UNKNOWN,扫描 OCR + IPA 锚点版面解析（四行对照） | 整理日期 2026-09,medium
SANGJIAJING-P0175-L-05,SANGJIAJING,175,L,5,A 去 与 A,,tsh33 ni1 lu21 ng33 lu²1,failed,0.25,4,鲁 楠 十 二 鲁,鲁楠神 十 二,UNKNOWN,扫描 OCR + IPA 锚点版面解析（四行对照） | 整理日期 2026-09,medium
SANGJIAJING-P0175-R-01,SANGJIAJING,175,R,1,Z 又,,th21 ph33 1D33 tD$s,failed,0.25,4,一 世 压 了 搁,强 留 下 一 世,UNKNOWN,扫描 OCR + IPA 锚点版面解析（四行对照） | 整理日期 2026-09,medium
SANGJIAJING-P0175-R-02,SANGJIAJING,175,R,2,田 3= 又,zi³³ lur²¹ lu²¹ zi³¹ tɒss,zi33 lur²1 lu²1 zi31 tDss,ok,1.00,5,样 样 压 搁 呢,样 压 留 样 都,UNKNOWN,扫描 OCR + IPA 锚点版面解析（四行对照） | 整理日期 2026-09,medium
SANGJIAJING-P0175-R-03,SANGJIAJING,175,R,3,开 住 又,ne²¹ mu ³³ tsi³³ tɒss zi³³,ne21 mu 33 tsi33 tDss zi33,suspect,0.75,4,美 的 合 搁 呢,吉 美 合 下 婚,UNKNOWN,扫描 OCR + IPA 锚点版面解析（四行对照） | 整理日期 2026-09,medium
SANGJIAJING-P0176-L-01,SANGJIAJING,176,L,1,平亚u 丑,kho²¹ ²¹ 1p³³ ne,kho21 21 1p33 ne,suspect,0.50,4,柯 兴 诗 安 啊,柯 兴 诗 安 啊,UNKNOWN,扫描 OCR + IPA 锚点版面解析（四行对照） | 整理日期 2026-09,medium
SANGJIAJING-P0176-L-02,SANGJIAJING,176,L,2,Z4 飞 tQ 日,ʊli³³ nu³³ he³³ li⁰³3,V133 nu33 he33 1033,suspect,0.75,4,你 家 房 大 处,在 你 房 屋 中,UNKNOWN,扫描 OCR + IPA 锚点版面解析（四行对照） | 整理日期 2026-09,medium
SANGJIAJING-P0176-L-03,SANGJIAJING,176,L,3,学,,ms 55 bu33 g0 44 h33 ho33,failed,0.40,5,三 次 怕 来 梦,做 三 次 恶 梦,UNKNOWN,扫描 OCR + IPA 锚点版面解析（四行对照） | 整理日期 2026-09,medium
SANGJIAJING-P0176-L-04,SANGJIAJING,176,L,4,ZZ 万 分 勿,,th121 he31 kh33 33 yD np²1,failed,0.40,5,夜 它 的 落,夜 接 连 梦,UNKNOWN,扫描 OCR + IPA 锚点版面解析（四行对照） | 整理日期 2026-09,medium
SANGJIAJING-P0176-R-01,SANGJIAJING,176,R,1,7办 灶 面,,55 si33 33 me4 du33 su pD,failed,0.20,5,梦 处 三 样 参,梦 境 应 样 三,UNKNOWN,扫描 OCR + IPA 锚点版面解析（四行对照） | 整理日期 2026-09,medium
SANGJIAJING-P0176-R-02,SANGJIAJING,176,R,2,7办 丑 五 子,²¹ si³³ me4 ⁴⁴ 3g kurs ho³³,21 si33 me4 44 3G kur*'s ho33,suspect,0.50,4,梦 境 九 样 梦,梦中九样境,UNKNOWN,扫描 OCR + IPA 锚点版面解析（四行对照） | 整理日期 2026-09,medium
SANGJIAJING-P0177-L-01,SANGJIAJING,177,L,1,灶t 面 子,me du³³ su pp ³³,me du33 su pp 33,suspect,0.50,2,梦 处 三 样 参,梦 境 应 样 三,UNKNOWN,扫描 OCR + IPA 锚点版面解析（四行对照） | 整理日期 2026-09,medium
SANGJIAJING-P0177-L-02,SANGJIAJING,177,L,2,面 子 中,⁵⁵ si³³ qhɒ³³ zi³³ ho³³ sw,55 si33 qhD33 zi33 ho33 sw,suspect,0.67,6,三 样 怎 么 梦,三 样 梦 何 境,UNKNOWN,扫描 OCR + IPA 锚点版面解析（四行对照） | 整理日期 2026-09,medium
SANGJIAJING-P0177-L-03,SANGJIAJING,177,L,3,tQ W tQ U,,21 33 he33 lur*'s hg33 mp,failed,0.40,5,房 大 喜 房 大,主 家 大 房 子,UNKNOWN,扫描 OCR + IPA 锚点版面解析（四行对照） | 整理日期 2026-09,medium
SANGJIAJING-P0177-L-04,SANGJIAJING,177,L,4,W to 住 众 日,lurss hg³³ tsi³³ dzi³³ li⁰³3,lurss hg33 tsi?3 dz133 1033,ok,1.00,4,喜 房 院 坝 处,房前 院 坝 ！中,UNKNOWN,扫描 OCR + IPA 锚点版面解析（四行对照） | 整理日期 2026-09,medium
SANGJIAJING-P0177-R-01,SANGJIAJING,177,R,1,住 众 田,tsi³³ dzi³³ pu ³³ mp ²¹ te³³,tsi3 dz133 pu 33 mp 21 te33,ok,0.80,5,院 坝 山 不 立,院 坝 本 无 山,UNKNOWN,扫描 OCR + IPA 锚点版面解析（四行对照） | 整理日期 2026-09,medium
SANGJIAJING-P0177-R-02,SANGJIAJING,177,R,2,? ?,li0 ⁴⁴ pu³³ li⁰⁴4 1a³¹ me4,10 44 pu33 1044 1a31 me4,ok,0.80,5,石 推 石 塌 倒,推 石 石 倒 塌,UNKNOWN,扫描 OCR + IPA 锚点版面解析（四行对照） | 整理日期 2026-09,medium
SANGJIAJING-P0177-R-03,SANGJIAJING,177,R,3,7 7 74,si⁴⁴ si⁴⁴ ⁴⁴ bur²¹ 1a³¹ me,si44 si44 44 bur²1 1a31 me,suspect,0.67,6,树 倒 树 塌 梦,树 木 在 倾 倒,UNKNOWN,扫描 OCR + IPA 锚点版面解析（四行对照） | 整理日期 2026-09,medium
SANGJIAJING-P0177-R-04,SANGJIAJING,177,R,4,發 74,li³³ zi³³ me qhɒ³³ ho³³,133 Zi33 me qhD33 ho33,suspect,0.75,4,这 样 梦 若 梦,梦 中境若 此,UNKNOWN,扫描 OCR + IPA 锚点版面解析（四行对照） | 整理日期 2026-09,medium
SANGJIAJING-P0178-L-01,SANGJIAJING,178,L,1,五 去,di²¹ a³³ mi³³ tci sas,d121 A33 m133 tci sa$s,suspect,0.75,4,什 么 兆 知 的,它 征 兆 什 么,UNKNOWN,扫描 OCR + IPA 锚点版面解析（四行对照） | 整理日期 2026-09,medium
SANGJIAJING-P0178-L-02,SANGJIAJING,178,L,2,子 会 田,ttess mɒ²¹ kuuss q⁰³3,ttess mp²1 kuuss q033,suspect,0.50,2,天 中 鹰 不 过,天 空无 鹰 飞,UNKNOWN,扫描 OCR + IPA 锚点版面解析（四行对照） | 整理日期 2026-09,medium
SANGJIAJING-P0178-L-03,SANGJIAJING,178,L,3,△ 学,,t4ess 4u33 t4u33 m133,failed,0.33,3,鹰 白 飞 做 梦,梦 中 见 白 鹰,UNKNOWN,扫描 OCR + IPA 锚点版面解析（四行对照） | 整理日期 2026-09,medium
SANGJIAJING-P0178-L-04,SANGJIAJING,178,L,4,發,li³³ 2i³³ qɒ³³ ho³³ 1ɒ³³,133 2i33 qD33 ho33 1D33,suspect,0.60,5,这 样 若 梦 啊,果这 如 1 样 梦,UNKNOWN,扫描 OCR + IPA 锚点版面解析（四行对照） | 整理日期 2026-09,medium
SANGJIAJING-P0178-R-01,SANGJIAJING,178,R,1,力,a³³ m³³ tci³³ ssɔs li³³,A33 m33 tc133 SSOS 133,suspect,0.50,4,什 么 兆 知 的,它 兆 征 什 么,UNKNOWN,扫描 OCR + IPA 锚点版面解析（四行对照） | 整理日期 2026-09,medium
SANGJIAJING-P0178-R-02,SANGJIAJING,178,R,2,金 张,,"$0"" 33 P""D h33 tc1 33 dy31 .",failed,0.25,4,孝 布 兆 影 着,征 兆 戴 孝 布,UNKNOWN,扫描 OCR + IPA 锚点版面解析（四行对照） | 整理日期 2026-09,medium
SANGJIAJING-P0178-R-03,SANGJIAJING,178,R,3,专 # 又,nu³³ tci³³ si³³ tsiss tɒss,nu3 tc133 si33 tsiss tDss,suspect,0.75,4,你 兆 别人 前 搁,涉 你 先 他 人,UNKNOWN,扫描 OCR + IPA 锚点版面解析（四行对照） | 整理日期 2026-09,medium
SANGJIAJING-P0178-R-04,SANGJIAJING,178,R,4,专 # 又 3=,,si33 1D33 tDss tD$s,failed,0.33,3,别人 前 搁 搁 啊,先 涉 可 能 大,UNKNOWN,扫描 OCR + IPA 锚点版面解析（四行对照） | 整理日期 2026-09,medium
SANGJIAJING-P0178-R-05,SANGJIAJING,178,R,5,面 3= Z飞,sw dur³³ ʊi mx ²¹,sw dur33 VI mx 21,suspect,0.50,2,三 更 更 际 旁,分 三 更 夜 时,UNKNOWN,扫描 OCR + IPA 锚点版面解析（四行对照） | 整理日期 2026-09,medium
SANGJIAJING-P0179-L-01,SANGJIAJING,179,L,1,面 ZZ,sw ni³³ kɒ³³ su ⁵⁵ he³¹,sw ni33 kD33 su 55 he31,ok,1.00,4,过 夜 三 日 三,三 昼 又 三 夜,UNKNOWN,扫描 OCR + IPA 锚点版面解析（四行对照） | 整理日期 2026-09,medium
SANGJIAJING-P0179-L-02,SANGJIAJING,179,L,2,w 住 日,,V133 lur's tsi33 1033,failed,0.33,3,主 家 宅 际 处,梦 主 宅 庭 里,UNKNOWN,扫描 OCR + IPA 锚点版面解析（四行对照） | 整理日期 2026-09,medium
SANGJIAJING-P0179-L-03,SANGJIAJING,179,L,3,M Z 田,e4 phu³³ nis mp ²¹ pu³³,e4 phu33 nis mp 21 pu33,suspect,0.67,3,公 鸡 嘴 不 鸣,公 鸡 鸟不打 鸣,UNKNOWN,扫描 OCR + IPA 锚点版面解析（四行对照） | 整理日期 2026-09,medium
SANGJIAJING-P0179-R-01,SANGJIAJING,179,R,1,系 W GZ,phu³³ niss ⁰⁴ 4ɒ³³ ⁴⁰⁵⁵,phu33 niss 04 4D33 4055,suspect,0.50,4,母 鸡 舌 嘴 涮,声 母 鸡 嘴 出,UNKNOWN,扫描 OCR + IPA 锚点版面解析（四行对照） | 整理日期 2026-09,medium
SANGJIAJING-P0179-R-02,SANGJIAJING,179,R,2,U 致,ʊɒ1 mp tciss pu ³³ mu ³³,VD1 mp tciss pu 33 mu 33,suspect,0.50,2,鸡 母 尖 鸣 做,母 鸡 高 声 鸣,UNKNOWN,扫描 OCR + IPA 锚点版面解析（四行对照） | 整理日期 2026-09,medium
SANGJIAJING-P0179-R-03,SANGJIAJING,179,R,3,田,,21 mp me4 th121 kh033 ho33,failed,0.25,4,不 祥 一 样 梦,梦 不 祥 境 一,UNKNOWN,扫描 OCR + IPA 锚点版面解析（四行对照） | 整理日期 2026-09,medium
SANGJIAJING-P0179-R-04,SANGJIAJING,179,R,4,效,a³³ m1 ³³ tci³³ 2li⁴⁴,A33 m1 33 tc133 2144,suspect,0.50,4,什 么 兆 影 着,它 征 兆 什么,UNKNOWN,扫描 OCR + IPA 锚点版面解析（四行对照） | 整理日期 2026-09,medium
SANGJIAJING-P0180-L-01,SANGJIAJING,180,L,1,张,si³³ tsho²¹ torss i4,si33 tsho21 torss i4,suspect,0.67,3,死 扶 兆 影 着,征 兆 着 丧 事,UNKNOWN,扫描 OCR + IPA 锚点版面解析（四行对照） | 整理日期 2026-09,medium
SANGJIAJING-P0180-L-02,SANGJIAJING,180,L,2,3: 飞,ʊli³³ dur³³ dur³³,V133 dur33 dur33,suspect,0.67,3,三 更 更 际 旁,分 三 更 夜 时,UNKNOWN,扫描 OCR + IPA 锚点版面解析（四行对照） | 整理日期 2026-09,medium
SANGJIAJING-P0180-L-03,SANGJIAJING,180,L,3,面 田效 飞 分,ms mp dur³³ yɒ,ms mp dur33 YD,ok,1.00,2,更 际 处 三 不,三 更 夜 临 时,UNKNOWN,扫描 OCR + IPA 锚点版面解析（四行对照） | 整理日期 2026-09,medium
SANGJIAJING-P0180-L-04,SANGJIAJING,180,L,4,天 ZZ,,kh031 ni33 tsh0²1kh031 he31,failed,0.40,5,六 日 伴六 夜,六 昼 又 六 夜,UNKNOWN,扫描 OCR + IPA 锚点版面解析（四行对照） | 整理日期 2026-09,medium
SANGJIAJING-P0180-R-01,SANGJIAJING,180,R,1,★ 有 3,si³³ gɒ ²¹ kɒss lɒ²¹ pu³³,si33 gD 21 kDss lp21 pu33,suspect,0.75,4,上 堂 牛 黄 叫,堂 上 黄 牛 叫,UNKNOWN,扫描 OCR + IPA 锚点版面解析（四行对照） | 整理日期 2026-09,medium
SANGJIAJING-P0180-R-02,SANGJIAJING,180,R,2,發,³³ li³³ zi³³ 1p²¹ qɒ h³³ ²¹ gɒ,"33 133 zi33 1p21 q""D h33 21 gD",suspect,0.57,7,这 样 若 闻 啊,听 到 此 般 声,UNKNOWN,扫描 OCR + IPA 锚点版面解析（四行对照） | 整理日期 2026-09,medium
SANGJIAJING-P0180-R-03,SANGJIAJING,180,R,3,听 到 此 般 声,a³³ zi⁴⁴ mi³³ tci³³,A33 zi44 m13 tc133,ok,1.00,4,什 么 兆 影 着,征 兆 着 什 么,UNKNOWN,扫描 OCR + IPA 锚点版面解析（四行对照） | 整理日期 2026-09,medium
SANGJIAJING-P0180-R-04,SANGJIAJING,180,R,4,7开 住 众,²¹ dzi²¹ tsi³³ dzi³³ dy³¹,"21 dz,i21 tsi33 dzi33 dy31",suspect,0.60,5,铜 锣 兆 影 着,着 铜 锣 征 兆,UNKNOWN,扫描 OCR + IPA 锚点版面解析（四行对照） | 整理日期 2026-09,medium
SANGJIAJING-P0181-L-01,SANGJIAJING,181,L,1,,,to 4 W tQ 日,failed,0.00,1,he33 21 luyss he33 1033,房 大 主 房 处,UNKNOWN,扫描 OCR + IPA 锚点版面解析（四行对照） | 整理日期 2026-09,medium
SANGJIAJING-P0181-L-02,SANGJIAJING,181,L,2,to 4 W tQ 日,he³³ ²¹ luyss he³³ li⁰³3,he33 21 luyss he33 1033,suspect,0.50,4,房 大 主 房 处,主 家 房 屋 里,UNKNOWN,扫描 OCR + IPA 锚点版面解析（四行对照） | 整理日期 2026-09,medium
SANGJIAJING-P0181-L-03,SANGJIAJING,181,L,3,W 飞,,lur's V133 Ip21 4033 9033,failed,0.25,4,主 家 牛 圈 中,主 家 牛 圈 中,UNKNOWN,扫描 OCR + IPA 锚点版面解析（四行对照） | 整理日期 2026-09,medium
SANGJIAJING-P0181-L-04,SANGJIAJING,181,L,4,面,ms ³³ 4u¹³3 ip²¹ ehd,ms 33 4u133 Ip21 ehd,suspect,0.50,4,三 更 牛 大 叫,三 更 大 牛 叫,UNKNOWN,扫描 OCR + IPA 锚点版面解析（四行对照） | 整理日期 2026-09,medium
SANGJIAJING-P0181-L-05,SANGJIAJING,181,L,5,能 74,tsi³³ tsi³³ ⁴⁴ me ⁴⁴ pe³³ xy,tsi33 tsi33 44 me 44 pe3 XY,suspect,0.67,6,酒 瓶 酒 倒 梦,梦酒瓶 倒酒,UNKNOWN,扫描 OCR + IPA 锚点版面解析（四行对照） | 整理日期 2026-09,medium
SANGJIAJING-P0181-R-01,SANGJIAJING,181,R,1,米,a³³ mi³³ tci³³ 2i4,A33 m133 tc133 2i4,suspect,0.75,4,什 么 兆 影 着,征 兆 着 什 么,UNKNOWN,扫描 OCR + IPA 锚点版面解析（四行对照） | 整理日期 2026-09,medium
SANGJIAJING-P0181-R-02,SANGJIAJING,181,R,2,% 米 光,,ax 1021 tc133 dy31,failed,0.33,3,肉 满 兆 影 着,征 兆 着 牲 肉,UNKNOWN,扫描 OCR + IPA 锚点版面解析（四行对照） | 整理日期 2026-09,medium
SANGJIAJING-P0181-R-03,SANGJIAJING,181,R,3,住 包 3=,tsi³³ niss tshi²¹ bu ³³,tsi33 niss tshi21 bu 33,suspect,0.67,3,院 坝 土 粪 堆,院 坝 堆 冏土 粪,UNKNOWN,扫描 OCR + IPA 锚点版面解析（四行对照） | 整理日期 2026-09,medium
SANGJIAJING-P0181-R-04,SANGJIAJING,181,R,4,又 日,tshi²¹ bu³³ tpss ⁸⁰³¹ li⁰³3,tshi21 bu33 tpss 8031 1033,suspect,0.75,4,粪堆 搁 际 处,堆粪院 坝 处,UNKNOWN,扫描 OCR + IPA 锚点版面解析（四行对照） | 整理日期 2026-09,medium
SANGJIAJING-P0182-L-01,SANGJIAJING,182,L,1,包 百 7科,ni⁴⁴ tshi²¹ ⁴⁴ ni⁴⁴ ty4 me,ni44 tshi21 44 ni44 ty4 me,suspect,0.60,5,土 粪 土 撒 梦,梦 见 粪 土,UNKNOWN,扫描 OCR + IPA 锚点版面解析（四行对照） | 整理日期 2026-09,medium
SANGJIAJING-P0182-L-02,SANGJIAJING,182,L,2,张,si³³ tsp ³³ tci ³³ reap,si33 tsp 33 tcr' 33 reap,suspect,0.75,4,死 饭 兆 影 着,征 兆 着 丧 饭,UNKNOWN,扫描 OCR + IPA 锚点版面解析（四行对照） | 整理日期 2026-09,medium
SANGJIAJING-P0182-L-03,SANGJIAJING,182,L,3,住 众 田 送,tsi³³ bu2 zi³³ mɒ²¹,tsi33 bu² Z133 mp21,suspect,0.67,3,院 坝 水 不 流,院 坝 本 无 水,UNKNOWN,扫描 OCR + IPA 锚点版面解析（四行对照） | 整理日期 2026-09,medium
SANGJIAJING-P0182-L-04,SANGJIAJING,182,L,4,效 企,a³³ mi³³ tci³³ li³³ do⁴⁴,"A33 m133 tc133 1,33 do44",ok,1.00,5,什 么 兆 来 出,着 征 兆 什 么,UNKNOWN,扫描 OCR + IPA 锚点版面解析（四行对照） | 整理日期 2026-09,medium
SANGJIAJING-P0182-R-01,SANGJIAJING,182,R,1,2,li⁵⁵ tse tsi³³ tci³³ iɒ³³,"1,5 tse? tsi33 tc133 ID33",suspect,0.75,4,接 酒 兆 来 啊,征 兆 着 接 酒,UNKNOWN,扫描 OCR + IPA 锚点版面解析（四行对照） | 整理日期 2026-09,medium
SANGJIAJING-P0182-R-02,SANGJIAJING,182,R,2,-1= 了 A,,mu21 903 te33 4u33 tsp's,failed,0.40,5,天 中 云 白 发,天 空 结 白 云,UNKNOWN,扫描 OCR + IPA 锚点版面解析（四行对照） | 整理日期 2026-09,medium
SANGJIAJING-P0182-R-03,SANGJIAJING,182,R,3,7画 7,tg³³ tspss ze ³¹ me ⁴⁴,tg33 tspss ze 31 me 44,suspect,0.67,3,云 彩 发 做 梦,梦 中 见 云 团,UNKNOWN,扫描 OCR + IPA 锚点版面解析（四行对照） | 整理日期 2026-09,medium
SANGJIAJING-P0182-R-04,SANGJIAJING,182,R,4,效 介,a³³ mi³³ 1h³³ 1ɒ³³ tci³³,A33 m133 1h33 1D33 tc133,suspect,0.60,5,什 么 兆 来 啊,征 兆 着 什 么,UNKNOWN,扫描 OCR + IPA 锚点版面解析（四行对照） | 整理日期 2026-09,medium
SANGJIAJING-P0183-L-01,SANGJIAJING,183,L,1,4 金 田,th³³ t4u³³ ni⁴⁴ mɒ²¹,th33 t4u33 ni44 mp21,suspect,0.50,4,小 人 心 不 十分 死,心 中 实 不 甘,UNKNOWN,扫描 OCR + IPA 锚点版面解析（四行对照） | 整理日期 2026-09,medium
SANGJIAJING-P0183-L-02,SANGJIAJING,183,L,2,与 日,tsh³³ ni²¹ tee⁴⁴ li⁰³3,tsh33 ni²1 tee44 1033,suspect,0.75,4,十 二 寨 里 处,十 二 村 寨 中,UNKNOWN,扫描 OCR + IPA 锚点版面解析（四行对照） | 整理日期 2026-09,medium
SANGJIAJING-P0183-L-03,SANGJIAJING,183,L,3,田 44 专 水 女,,mp 21 1y44 do21 np 33,failed,0.25,4,别人 话 问 不 踏实,心 虑 问 别 人,UNKNOWN,扫描 OCR + IPA 锚点版面解析（四行对照） | 整理日期 2026-09,medium
SANGJIAJING-P0183-L-04,SANGJIAJING,183,L,4,ZZ,,tche²11 h1²1 1h33 mu n1s,failed,0.00,3,聪 的 分 来,圣 者 点 邪 孽,UNKNOWN,扫描 OCR + IPA 锚点版面解析（四行对照） | 整理日期 2026-09,medium
SANGJIAJING-P0183-L-05,SANGJIAJING,183,L,5,Z4,th²¹ do²¹ t4u³³ gɒ ²¹,th21 do21 t4u33 gD 21,suspect,0.50,4,话 人 家 闻,句 告 家 人,UNKNOWN,扫描 OCR + IPA 锚点版面解析（四行对照） | 整理日期 2026-09,medium
SANGJIAJING-P0183-R-01,SANGJIAJING,183,R,1,7 3 7水,si⁴⁴ do²¹ 1p²¹ bu³³,si44 do21 1p21 bu33,suspect,0.75,4,斯 诗 跌 牯 迈,牯 牛 斯 诗 跌?,UNKNOWN,扫描 OCR + IPA 锚点版面解析（四行对照） | 整理日期 2026-09,medium
SANGJIAJING-P0183-R-02,SANGJIAJING,183,R,2,万 永 罗路3,kh³³ do²¹ tsu³³ bur³³ bu³³,kh33 do21 tsu33 bur33 bu33,ok,0.80,5,它 迈 对 有 有,它 走 可 成 对,UNKNOWN,扫描 OCR + IPA 锚点版面解析（四行对照） | 整理日期 2026-09,medium
SANGJIAJING-P0183-R-03,SANGJIAJING,183,R,3,罗田路 万 羽,kh³³ do²¹ tsumɒ²¹ bur,kh33 do21 tsump²1 bur,suspect,0.50,4,它 迈 对 不 有,它 走 不 成 对,UNKNOWN,扫描 OCR + IPA 锚点版面解析（四行对照） | 整理日期 2026-09,medium
SANGJIAJING-P0183-R-04,SANGJIAJING,183,R,4,弯 引 3=,⁴⁰³³ mp li³³ tci⁴⁴ tci⁴⁴,"4033 mp 1,33 tci44 tci44",suspect,0.75,4,硕 脱 来 欲 欲,硕 邪 欲 作 崇,UNKNOWN,扫描 OCR + IPA 锚点版面解析（四行对照） | 整理日期 2026-09,medium
SANGJIAJING-P0183-R-05,SANGJIAJING,183,R,5,ZI 3=,1h³³ ni²¹ to³³ dlu²¹ ni²¹,"1h,33 n1²1 to33 dlu²1 ni²1",ok,0.80,5,夺 脱 来 连 连,夺 邪 狂 四 区,UNKNOWN,扫描 OCR + IPA 锚点版面解析（四行对照） | 整理日期 2026-09,medium
SANGJIAJING-P0184-L-01,SANGJIAJING,184,L,1,弯 的 去 7,li³³ di²¹ ⁴⁰³³ qe³¹ du²¹,"1,33 di21 4033 qe31 du²1",ok,0.80,5,硕 赶 来 的 想,想 驱 赶 硕 邪,UNKNOWN,扫描 OCR + IPA 锚点版面解析（四行对照） | 整理日期 2026-09,medium
SANGJIAJING-P0184-L-02,SANGJIAJING,184,L,2,去 品,do³³ dza³¹ li³³ ip du2,do33 dza31 133 iP du2!,suspect,0.75,4,夺 挥 来 的 想,想 打 走 夺 邪,UNKNOWN,扫描 OCR + IPA 锚点版面解析（四行对照） | 整理日期 2026-09,medium
SANGJIAJING-P0184-L-03,SANGJIAJING,184,L,3,不 丑 日,pi³³ qɒ³³ ɒei li⁰³3 t³⁰³³,p133 qD33 Dei 1033 t3033,suspect,0.50,4,毕摩 圣 哪 里 有,何 处 有 毕 摩,UNKNOWN,扫描 OCR + IPA 锚点版面解析（四行对照） | 整理日期 2026-09,medium
SANGJIAJING-P0184-L-04,SANGJIAJING,184,L,4,不 丑,3g ²¹ ge³¹ do⁴⁴ ɒli³³,3G 21 ge31 do44 D13,suspect,0.50,4,毕摩 圣 赶 出 去,出 门 找 毕 摩,UNKNOWN,扫描 OCR + IPA 锚点版面解析（四行对照） | 整理日期 2026-09,medium
SANGJIAJING-P0184-R-01,SANGJIAJING,184,R,1,田 电 日,li⁰³3 tshi³³ tsh³³,1033 tshi33 tsh;33,suspect,0.67,3,不 到 地 处 到,来 到 遥 远 地,UNKNOWN,扫描 OCR + IPA 锚点版面解析（四行对照） | 整理日期 2026-09,medium
SANGJIAJING-P0184-R-02,SANGJIAJING,184,R,2,不 目 电,pi³³ li⁰³3 tur³³,p133 1$033 tur33,ok,1.00,3,硕 乃 毕摩 有 地,摩 硕 乃 有 毕,UNKNOWN,扫描 OCR + IPA 锚点版面解析（四行对照） | 整理日期 2026-09,medium
SANGJIAJING-P0184-R-03,SANGJIAJING,184,R,3,不 口,pi li³³ do⁴⁴ lu³³ sɔs ne ⁴⁴,pr 133 do44 lu33 SOs ne 44,suspect,0.50,4,毕摩 出 城 硕 乃,毕 出 硕 乃 城,UNKNOWN,扫描 OCR + IPA 锚点版面解析（四行对照） | 整理日期 2026-09,medium
SANGJIAJING-P0184-R-04,SANGJIAJING,184,R,4,不 π 企,hy³¹ kurs dzi²¹ pi³³ mi³³,hy31 kurs dzi21 p133 m133,suspect,0.50,4,毕摩 站 格 资 地,毕 在 格 资 处,UNKNOWN,扫描 OCR + IPA 锚点版面解析（四行对照） | 整理日期 2026-09,medium
SANGJIAJING-P0184-R-05,SANGJIAJING,184,R,5,飞 7,,"kur's si21 h21 kur*s p""D",failed,0.00,3,格 家 格 主 人,天 庭主 格资,UNKNOWN,扫描 OCR + IPA 锚点版面解析（四行对照） | 整理日期 2026-09,medium
SANGJIAJING-P0185-L-01,SANGJIAJING,185,L,1,Z 飞④ 3=,,33 br21 ku's V33 aG b1²1,failed,0.25,4,格 家 我 给 给,可 给 我 毕 摩,UNKNOWN,扫描 OCR + IPA 锚点版面解析（四行对照） | 整理日期 2026-09,medium
SANGJIAJING-P0185-L-02,SANGJIAJING,185,L,2,飞# 7,,p²p21 kur's V133 kurss si2i,failed,0.00,3,格 家 格 主 人,主 天 庭 格 资,UNKNOWN,扫描 OCR + IPA 锚点版面解析（四行对照） | 整理日期 2026-09,medium
SANGJIAJING-P0185-L-03,SANGJIAJING,185,L,3,IM 中 2,th²¹ tchi²¹ ⁴⁰⁵⁵ do ⁴⁴ li³³,"th21 tch121 4055 do 44 1,33",suspect,0.60,5,句 涮 呢 一 出,应 答 了 一 句,UNKNOWN,扫描 OCR + IPA 锚点版面解析（四行对照） | 整理日期 2026-09,medium
SANGJIAJING-P0185-L-04,SANGJIAJING,185,L,4,不 丑 田,nu ³³ ²¹ bi²¹ pi³³ mp,nu 33 21 b121 p133 mp,suspect,0.60,5,毕摩 圣 你 不 给,不 给 你 毕 摩,UNKNOWN,扫描 OCR + IPA 锚点版面解析（四行对照） | 整理日期 2026-09,medium
SANGJIAJING-P0185-R-01,SANGJIAJING,185,R,1,不 G,,phu21 D133 b1²1 204 1D33,failed,0.40,5,诵 价 给 要 啊,他 要 诵 经 钱,UNKNOWN,扫描 OCR + IPA 锚点版面解析（四行对照） | 整理日期 2026-09,medium
SANGJIAJING-P0185-R-02,SANGJIAJING,185,R,2,不,zi³³ pi³³ phu²¹ z⁰⁴4 1h³³,zi33 p133 phu21 Z044 1h33,suspect,0.60,5,诵 价 讨 来 呢,讨 钱 要 诵 经,UNKNOWN,扫描 OCR + IPA 锚点版面解析（四行对照） | 整理日期 2026-09,medium
SANGJIAJING-P0185-R-03,SANGJIAJING,185,R,3,Z % IM 签,,niss b121 XD 21 th21,failed,0.33,3,嘴 给 肉 一 条,诵 价 一 条 肉,UNKNOWN,扫描 OCR + IPA 锚点版面解析（四行对照） | 整理日期 2026-09,medium
SANGJIAJING-P0185-R-04,SANGJIAJING,185,R,4,不 不,ne ²¹ pi³³ phu²¹ bi²¹ pi³³,ne 21 p133 phu21 b1²1 p13,ok,1.00,5,毕摩 圣 诵 价 给,作 为 诵 经 酬,UNKNOWN,扫描 OCR + IPA 锚点版面解析（四行对照） | 整理日期 2026-09,medium
SANGJIAJING-P0185-R-05,SANGJIAJING,185,R,5,不 分,pi³³ zi³³ pu h²¹ zɔ ⁴⁴ yɒ ³³,"p133 zi33 p""u h21 ZO 44 yD 33",ok,1.00,5,诵 价 讨 得 呢,讨 到 了 酬 金,UNKNOWN,扫描 OCR + IPA 锚点版面解析（四行对照） | 整理日期 2026-09,medium
SANGJIAJING-P0186-L-01,SANGJIAJING,186,L,1,专 不 7,,"ku's si33 si33 h21 D133 p""D",failed,0.40,5,会 主 诵 主 人,圣 者 诵 经 师,UNKNOWN,扫描 OCR + IPA 锚点版面解析（四行对照） | 整理日期 2026-09,medium
SANGJIAJING-P0186-L-02,SANGJIAJING,186,L,2,不 5 π,pi³³ ne2l tshi³³ ni²¹ dzi²¹,p133 ne²l tsh133 ni²1 dzi21,suspect,0.75,4,诵 良 十 二 指,十 章 经 文 二,UNKNOWN,扫描 OCR + IPA 锚点版面解析（四行对照） | 整理日期 2026-09,medium
SANGJIAJING-P0186-L-03,SANGJIAJING,186,L,3,丑 不 日,³⁰ ²¹ li⁰³3 bi²¹ ɒli³³ nu³³,30 21 1033 b121 D133 nu33,suspect,0.50,6,诵 良 你 处 给,经 文 诵 与 你,UNKNOWN,扫描 OCR + IPA 锚点版面解析（四行对照） | 整理日期 2026-09,medium
SANGJIAJING-P0186-L-04,SANGJIAJING,186,L,4,不,le³¹ dza ɒli³³,le31 dza D13,suspect,0.50,2,果诗 诵 手 周 挥,果 诗 舞手诵,UNKNOWN,扫描 OCR + IPA 锚点版面解析（四行对照） | 整理日期 2026-09,medium
SANGJIAJING-P0186-R-01,SANGJIAJING,186,R,1,又 不,a²¹ tɒss ɒli³³,A21 tDss D133,suspect,0.50,2,阿 细 火 搁 诵,阿 细 燃 火 诵,UNKNOWN,扫描 OCR + IPA 锚点版面解析（四行对照） | 整理日期 2026-09,medium
SANGJIAJING-P0186-R-02,SANGJIAJING,186,R,2,开限 致 不,a²¹ dzi²¹ bu²¹ teiss,A21 dzi21 bu²1 teiss,ok,1.00,4,阿 哲 虫 尖 诵,阿 哲 鸣 诵 虫,UNKNOWN,扫描 OCR + IPA 锚点版面解析（四行对照） | 整理日期 2026-09,medium
SANGJIAJING-P0186-R-03,SANGJIAJING,186,R,3,不 驰 不,,se' 44 siss $O 033 Eeld Eeld,failed,0.33,3,汉 诵 字 识 诵,汉 人 读 书 诵,UNKNOWN,扫描 OCR + IPA 锚点版面解析（四行对照） | 整理日期 2026-09,medium
SANGJIAJING-P0186-R-04,SANGJIAJING,186,R,4,飞 九 与 不,tsh³³ ni²¹ pi³³ kus ʊli³³,tsh33 ni²1 p133 ku*'s V133,suspect,0.50,4,会 家 十 二 诵,毕 摩 十 二 诵,UNKNOWN,扫描 OCR + IPA 锚点版面解析（四行对照） | 整理日期 2026-09,medium
SANGJIAJING-P0187-L-01,SANGJIAJING,187,L,1,零,⁴⁰³³ qe³¹ to³³ ɒzp nu,4033 qe31 to33 D'zp nu,suspect,0.50,4,硕 赶 夺 挥 做,为 驱 硕 夺 邪,UNKNOWN,扫描 OCR + IPA 锚点版面解析（四行对照） | 整理日期 2026-09,medium
SANGJIAJING-P0187-L-02,SANGJIAJING,187,L,2,飞WI 正 分 苗,tchi³³ thi³³ t tch³³ yɒ ³³ ³³ as,tch133 th133t tch33 yD 33 33 as,suspect,0.67,6,他 一 请 得 难,圣 毕 摩 难 诵,UNKNOWN,扫描 OCR + IPA 锚点版面解析（四行对照） | 整理日期 2026-09,medium
SANGJIAJING-P0187-L-03,SANGJIAJING,187,L,3,专 Z 日 田,si³³ ʊi³³ li⁰³3 ³³ mu,si33 VI33 1033 33 mu,suspect,0.60,5,别人 家 处 不 做,不 为 他 人 做,UNKNOWN,扫描 OCR + IPA 锚点版面解析（四行对照） | 整理日期 2026-09,medium
SANGJIAJING-P0187-R-01,SANGJIAJING,187,R,1,科 公会,de²¹ ⁴⁰³³ t⁰³3 tɒ³³ mu³³,de21 4033 t033 tD33 mu33,suspect,0.60,5,硕 打 夺 起 做,硕 夺 打 起 身,UNKNOWN,扫描 OCR + IPA 锚点版面解析（四行对照） | 整理日期 2026-09,medium
SANGJIAJING-P0187-R-02,SANGJIAJING,187,R,2,tQ 亏 专正,ni³³ si²¹ tch³³ he³³,ni33 si21 tch.33 he33 好,suspect,0.75,4,房 居 主 那 口 家,房 屋 之 主 人,UNKNOWN,扫描 OCR + IPA 锚点版面解析（四行对照） | 整理日期 2026-09,medium
SANGJIAJING-P0187-R-03,SANGJIAJING,187,R,3,不 住 众,m ⁴⁴ tsi³³ dzi³³ ni³³ pi³³,m 44 tsi33 dz133 ni33 p133,ok,0.80,5,毕摩 叫 院 坝 坐,请 毕 摩 到 家,UNKNOWN,扫描 OCR + IPA 锚点版面解析（四行对照） | 整理日期 2026-09,medium
SANGJIAJING-P0187-R-04,SANGJIAJING,187,R,4,770 至 日 7.0,tshi²¹ li⁰³3 tshi²¹ 2e³¹ ⁴⁸³³,tshi21 1033 tshi21 2e31 4833,suspect,0.60,5,布 织 山 处 织,山 上 织 布 匹,UNKNOWN,扫描 OCR + IPA 锚点版面解析（四行对照） | 整理日期 2026-09,medium
SANGJIAJING-P0188-L-01,SANGJIAJING,188,L,1,70 开 ：,tghe³³ ⁰³1 tshi²¹,tghe33 031 tshi21,suspect,0.67,3,布 织 线 条 交,线 织 布 经 岔,UNKNOWN,扫描 OCR + IPA 锚点版面解析（四行对照） | 整理日期 2026-09,medium
SANGJIAJING-P0188-L-02,SANGJIAJING,188,L,2,to -二 忘,he³³ ob ³³ tless m,he3 ob 33 tless m,ok,1.00,3,飞 房 中 鹰 白,屋 中 白 鹰 飞,UNKNOWN,扫描 OCR + IPA 锚点版面解析（四行对照） | 整理日期 2026-09,medium
SANGJIAJING-P0188-L-03,SANGJIAJING,188,L,3,有 U,gɒ ²¹ kɒss ʊɒ²¹ mp ³³ pu³³,"gD 21 kD,Ss VD21 mp 33 pu33",suspect,0.50,4,正 堂 鸡 母 啼,正 堂 母 鸡 啼,UNKNOWN,扫描 OCR + IPA 锚点版面解析（四行对照） | 整理日期 2026-09,medium
SANGJIAJING-P0188-L-04,SANGJIAJING,188,L,4,包 3 ZI 3=,,1p21 si33 ni² n1²1 py33,failed,0.25,4,牛 黄 叫 连 连,黄 牛 不 停 叫,UNKNOWN,扫描 OCR + IPA 锚点版面解析（四行对照） | 整理日期 2026-09,medium
SANGJIAJING-P0188-R-01,SANGJIAJING,188,R,1,女 系,su du³³ ni²¹ ni⁴⁴ pu³³,su du33 ni²1 ni44 pu33,suspect,0.75,4,三 更 牛 红 叫,红 牛 三 更 叫,UNKNOWN,扫描 OCR + IPA 锚点版面解析（四行对照） | 整理日期 2026-09,medium
SANGJIAJING-P0188-R-02,SANGJIAJING,188,R,2,U 分,niu ³³ niu³³ dzɒ²¹ ³³ mp zɒ,niu 33 niu33 dzD21 33 mp ZD,ok,0.80,5,猪 母 猪 儿 吃,母 猪 吃 猪 崽,UNKNOWN,扫描 OCR + IPA 锚点版面解析（四行对照） | 整理日期 2026-09,medium
SANGJIAJING-P0188-R-03,SANGJIAJING,188,R,3,Z,,mp 33 niss siss dze4 dze44,failed,0.00,2,嘴 滴 母 血 滴,母 嘴 血 淋淋,UNKNOWN,扫描 OCR + IPA 锚点版面解析（四行对照） | 整理日期 2026-09,medium
SANGJIAJING-P0189-L-01,SANGJIAJING,189,L,1,住 众 田,tsi³³ dzi³³ noss ne⁴⁴ dz8,tsi33 dz133 noss ne44 dz.8,suspect,0.50,4,院 坝 猴 黑,院 中 黑 猴,UNKNOWN,扫描 OCR + IPA 锚点版面解析（四行对照） | 整理日期 2026-09,medium
SANGJIAJING-P0189-L-02,SANGJIAJING,189,L,2,万 弯,kh³³ zi³³ ⁴⁰³³ mu³³ dlɒ³³,kh33 zi33 4033 mu33 dlp3,suspect,0.60,5,它 呢 硕 的 成,此 景 是 硕 邪,UNKNOWN,扫描 OCR + IPA 锚点版面解析（四行对照） | 整理日期 2026-09,medium
SANGJIAJING-P0189-L-03,SANGJIAJING,189,L,3,亏 7科,tohe⁴⁴ to³³ mu ³³ de²¹,tohe44 to33 mu 33 de21,suspect,0.75,4,村 中 夺 做 打,村 中 打 夺 邪,UNKNOWN,扫描 OCR + IPA 锚点版面解析（四行对照） | 整理日期 2026-09,medium
SANGJIAJING-P0189-L-04,SANGJIAJING,189,L,4,包 包 百,,niss tshi21 44 niss ty4 me,failed,0.00,3,土 粪 土 梦,梦粪堆攝粪,UNKNOWN,扫描 OCR + IPA 锚点版面解析（四行对照） | 整理日期 2026-09,medium
SANGJIAJING-P0189-R-01,SANGJIAJING,189,R,1,女亏,tche³³ tshi²¹ ne⁴⁴ he³³ t ⁰³,tche33 tsh121 ne44 he33 t 03,ok,0.80,5,狗 黑 房 上 坐,黑 狗 蹲 房 顶,UNKNOWN,扫描 OCR + IPA 锚点版面解析（四行对照） | 整理日期 2026-09,medium
SANGJIAJING-P0189-R-02,SANGJIAJING,189,R,2,孔 口 口,,dzD lu33 44 lu33 mu² 33 mG,failed,0.40,5,骂 吠 哭 吠 做,吠 声 似 哭 骂,UNKNOWN,扫描 OCR + IPA 锚点版面解析（四行对照） | 整理日期 2026-09,medium
SANGJIAJING-P0189-R-03,SANGJIAJING,189,R,3,吠 声 似 哭 骂,tshi²¹ phi³¹ phi³¹ niss mu³³,tshi21 phi31 phi31 niss mu33,suspect,0.75,4,狗 」吐 嘴 吐 做,狗嘴在 呕 吐,UNKNOWN,扫描 OCR + IPA 锚点版面解析（四行对照） | 整理日期 2026-09,medium
SANGJIAJING-P0190-L-01,SANGJIAJING,190,L,1,子 -= 3 A,,21 33 4u33 mu qo t033 tspss,failed,0.00,5,天 中 云 白 发,天 空 结 白 云,UNKNOWN,扫描 OCR + IPA 锚点版面解析（四行对照） | 整理日期 2026-09,medium
SANGJIAJING-P0190-L-02,SANGJIAJING,190,L,2,7办,la³¹ pu ³³ pu⁴⁴ pu ³³ me ⁴⁴,la31 pu 33 pu44 pu 33 me 44,ok,1.00,5,山 推 山 塌 梦,推 山 山 倒 塌,UNKNOWN,扫描 OCR + IPA 锚点版面解析（四行对照） | 整理日期 2026-09,medium
SANGJIAJING-P0190-L-03,SANGJIAJING,190,L,3,7 ? 7 7办4,si⁴⁴ bur²¹ si⁴⁴ la³¹ me ⁴⁴,si44 bur²1 si44 la31 me 44,ok,1.00,5,树 倒 树 塌 梦,大 树 在 倾 倒,UNKNOWN,扫描 OCR + IPA 锚点版面解析（四行对照） | 整理日期 2026-09,medium
SANGJIAJING-P0190-L-04,SANGJIAJING,190,L,4,住 众 田,tsi³³ d2li³³ mp ²¹ bu²¹,tsi33 d2133 mp 21 bu²1,suspect,0.50,4,院 坝 水 不 流,院 前 本 无水,UNKNOWN,扫描 OCR + IPA 锚点版面解析（四行对照） | 整理日期 2026-09,medium
SANGJIAJING-P0190-R-01,SANGJIAJING,190,R,1,4 Z,,thu33 mu”3 tch133 y31 V133,failed,0.25,4,人 做 那 庭 家,人 间 庭 此 家,UNKNOWN,扫描 OCR + IPA 锚点版面解析（四行对照） | 整理日期 2026-09,medium
SANGJIAJING-P0190-R-02,SANGJIAJING,190,R,2,罗,,"55 nh21 1p21 th21 tsu 33 p""D",failed,0.33,6,三 父 牛 对 一,爷 仁 一 架 牛,UNKNOWN,扫描 OCR + IPA 锚点版面解析（四行对照） | 整理日期 2026-09,medium
SANGJIAJING-P0190-R-03,SANGJIAJING,190,R,3,天,do⁴⁴ thi²¹ ni³³ qo²¹ mu³³,do44 th121 ni33 qo21 mu33,ok,1.00,5,播 出 做 一 日,去 播 种 N 日,UNKNOWN,扫描 OCR + IPA 锚点版面解析（四行对照） | 整理日期 2026-09,medium
SANGJIAJING-P0190-R-04,SANGJIAJING,190,R,4,Z WI,th²¹ nij³³ duss tɒ³³ mu ³³,th21 nij33 duss tD33 mu 33,suspect,0.50,4,种 起 做 一 日,去种 地 之 日,UNKNOWN,扫描 OCR + IPA 锚点版面解析（四行对照） | 整理日期 2026-09,medium
SANGJIAJING-P0191-L-01,SANGJIAJING,191,L,1,4与 日,tshi³³ ni²¹ kɒ³³ li⁰³3,tsh133 ni21 kD3 1033,ok,1.00,4,十 二 路 大 处,十 二 路 大 上,UNKNOWN,扫描 OCR + IPA 锚点版面解析（四行对照） | 整理日期 2026-09,medium
SANGJIAJING-P0191-L-02,SANGJIAJING,191,L,2,3 #号 3E,1ɒ³³ si³³ kɒ³³ dz⁰³1 da⁴⁴,1D33 si33 kD3 dz031 da44,suspect,0.60,5,麻 蛇 路 腰 横,麻 蛇 横 路 中,UNKNOWN,扫描 OCR + IPA 锚点版面解析（四行对照） | 整理日期 2026-09,medium
SANGJIAJING-P0191-L-03,SANGJIAJING,191,L,3,旷大 空 田 里,,1p21 enb dlDp33,failed,0.00,2,大 牛 壹 脖 成,役 牛 脖 梗 壹,UNKNOWN,扫描 OCR + IPA 锚点版面解析（四行对照） | 整理日期 2026-09,medium
SANGJIAJING-P0191-L-04,SANGJIAJING,191,L,4,74 果 Z OX,,44 de21 1n6 niss mx tsess,failed,0.33,3,铁 打 犁 嘴 接,铁铧接犁头,UNKNOWN,扫描 OCR + IPA 锚点版面解析（四行对照） | 整理日期 2026-09,medium
SANGJIAJING-P0191-R-01,SANGJIAJING,191,R,1,3,,niss si33 1n6 tche33 1g33,failed,0.00,3,上廠 土 黄 犁 滚,生 土 犁 上 翻,UNKNOWN,扫描 OCR + IPA 锚点版面解析（四行对照） | 整理日期 2026-09,medium
SANGJIAJING-P0191-R-02,SANGJIAJING,191,R,2,企 办 甘,mi ³³ ag ⁵⁵ dɒ²¹ th⁰³3 ⁴⁸4,mi 33 aG 55 dp21 th033 484,suspect,0.60,5,地 犁 地 底 通,犁 地 陷 地 洞,UNKNOWN,扫描 OCR + IPA 锚点版面解析（四行对照） | 整理日期 2026-09,medium
SANGJIAJING-P0191-R-03,SANGJIAJING,191,R,3,万 九,kh³³ ne³³ ⁴⁰³³ mu ³³ dlɒ³³,"kh,33 ne33 4033 mu 33 dlp33",suspect,0.60,5,的 成 它 也 硕,此 状 成 硕 邪,UNKNOWN,扫描 OCR + IPA 锚点版面解析（四行对照） | 整理日期 2026-09,medium
SANGJIAJING-P0191-R-04,SANGJIAJING,191,R,4,此 状 成 硕 邪,,tce44 mu de21 ob to33 33,failed,0.25,4,村 中 夺 做 打,村中打夺邪,UNKNOWN,扫描 OCR + IPA 锚点版面解析（四行对照） | 整理日期 2026-09,medium
SANGJIAJING-P0192-L-01,SANGJIAJING,192,L,1,W X,,tsiss thi21 ni33 tse-ss mu33,failed,0.33,3,麻 绩 做 一 天,绩 麻 N 当 日,UNKNOWN,扫描 OCR + IPA 锚点版面解析（四行对照） | 整理日期 2026-09,medium
SANGJIAJING-P0192-L-02,SANGJIAJING,192,L,2,W XW 下卅,,tsiss tsess tsiss mess thu3,failed,0.00,1,麻 绩 麻 尾断,绩麻 线 头 断,UNKNOWN,扫描 OCR + IPA 锚点版面解析（四行对照） | 整理日期 2026-09,medium
SANGJIAJING-P0192-L-03,SANGJIAJING,192,L,3,WI 天,tghe³³ vuss mu³³ thi²¹,tGhe33 vuss mu33 thi21,suspect,0.67,3,线 纺 做 日 一,纺 线 之 当 日,UNKNOWN,扫描 OCR + IPA 锚点版面解析（四行对照） | 整理日期 2026-09,medium
SANGJIAJING-P0192-L-04,SANGJIAJING,192,L,4,田,tche³³ mp dlɒ³³ vu³³ purs,tche33 mp dlp33 vu33 pur's,ok,1.00,4,线纺 锭 不 成,纺 线 不成 锭,UNKNOWN,扫描 OCR + IPA 锚点版面解析（四行对照） | 整理日期 2026-09,medium
SANGJIAJING-P0192-L-05,SANGJIAJING,192,L,5,WI 天,,"th21 ni33 tc""e""tce? h33",failed,0.33,3,线煮 做 一 日,煮线之 当 日,UNKNOWN,扫描 OCR + IPA 锚点版面解析（四行对照） | 整理日期 2026-09,medium
SANGJIAJING-P0192-R-01,SANGJIAJING,192,R,1,,,"h33 h33 55 dy31 tc""e""tce” tc""e"""" nx""",failed,0.00,5,线煮 线糊 烧,煮线 线焦 糊,UNKNOWN,扫描 OCR + IPA 锚点版面解析（四行对照） | 整理日期 2026-09,medium
SANGJIAJING-P0192-R-02,SANGJIAJING,192,R,2,7²70 丞 WI 天,thi²¹ ze³¹ tshi²¹ mu³³ ni³³,th121 Ze31 tshi21 mu33 ni33,ok,1.00,5,布 织 做 一 日,织 N 当 日 布,UNKNOWN,扫描 OCR + IPA 锚点版面解析（四行对照） | 整理日期 2026-09,medium
SANGJIAJING-P0192-R-03,SANGJIAJING,192,R,3,770 子 720,ze³¹ tshi²¹ mu²¹ tiss,Ze31 tshi21 mu21 tiss,ok,1.00,4,布，织 苍 蝇 敲,织 布 夹 苍 蝇,UNKNOWN,扫描 OCR + IPA 锚点版面解析（四行对照） | 整理日期 2026-09,medium
SANGJIAJING-P0192-R-04,SANGJIAJING,192,R,4,子 3=,2li³³ mu²¹ si⁵⁵ ²⁸²¹,"2,133 mu21 si55 2821",suspect,0.50,4,苍 蝇 血 冒 冒,苍 蝇 血 渗渗,UNKNOWN,扫描 OCR + IPA 锚点版面解析（四行对照） | 整理日期 2026-09,medium
SANGJIAJING-P0192-R-05,SANGJIAJING,192,R,5,苍 蝇 血 渗渗,,"si5s h33 ne 4 p""D ne 4 ho33",failed,0.33,3,血 黑 布 黑 染,蝇 血染 白布,UNKNOWN,扫描 OCR + IPA 锚点版面解析（四行对照） | 整理日期 2026-09,medium
SANGJIAJING-P0193-L-01,SANGJIAJING,193,L,1,万 弯,kh³³ ⁴⁰³³ dlɒ³³ mu³³,kh33 4033 dlD33 mu33,suspect,0.50,4,它 也 硕 的 成,此 状 7 成 硕 邪,UNKNOWN,扫描 OCR + IPA 锚点版面解析（四行对照） | 整理日期 2026-09,medium
SANGJIAJING-P0193-L-02,SANGJIAJING,193,L,2,此 状 7 成 硕 邪,tehe⁴⁴ do³³ mu³³ dza,tehe44 do33 mu33 dza,suspect,0.75,4,村 中 夺 做 挥,村 中 驱 夺 邪,UNKNOWN,扫描 OCR + IPA 锚点版面解析（四行对照） | 整理日期 2026-09,medium
SANGJIAJING-P0193-L-03,SANGJIAJING,193,L,3,7科 &,to³³ de²¹ ³³ to³³ mb,to33 de21 33 to33 mb,suspect,0.60,5,夺 打 夺 完 呢,打 走 完 夺 邪,UNKNOWN,扫描 OCR + IPA 锚点版面解析（四行对照） | 整理日期 2026-09,medium
SANGJIAJING-P0193-L-04,SANGJIAJING,193,L,4,A 的 日,te³³ 4u³³ qe³¹ li⁰³3,te33 4u33 qe31 1033,suspect,0.75,4,云 白 山 梁 处,白云 山 梁 冏上,UNKNOWN,扫描 OCR + IPA 锚点版面解析（四行对照） | 整理日期 2026-09,medium
SANGJIAJING-P0193-R-01,SANGJIAJING,193,R,1,了 3,si³³ ³³ tche³³ t⁰³3 md qe³¹,si33 33 tche33 t033 md qe31,suspect,0.60,5,云 黄 山 梁 上,黄 云 山 梁 上,UNKNOWN,扫描 OCR + IPA 锚点版面解析（四行对照） | 整理日期 2026-09,medium
SANGJIAJING-P0193-R-02,SANGJIAJING,193,R,2,A 水 ZX,,44 ku33 4u33 ku33 ne Ses's,failed,0.40,5,做 白 做 黑 交叉,黑 白 云 交 汇,UNKNOWN,扫描 OCR + IPA 锚点版面解析（四行对照） | 整理日期 2026-09,medium
SANGJIAJING-P0193-R-03,SANGJIAJING,193,R,3,A 电,,VD21 4u33 VD21 ni44 tur33,failed,0.40,5,雪 白 雪 凌 地,白 雪 成 冰 凌,UNKNOWN,扫描 OCR + IPA 锚点版面解析（四行对照） | 整理日期 2026-09,medium
SANGJIAJING-P0193-R-04,SANGJIAJING,193,R,4,了 田 日,,33 1033 t@33 me33 pur qe31,failed,0.40,5,云 尾 山 梁 处,云 脚 冏山 梁 处,UNKNOWN,扫描 OCR + IPA 锚点版面解析（四行对照） | 整理日期 2026-09,medium
SANGJIAJING-P0194-L-01,SANGJIAJING,194,L,1,△ 系,,Ze 44 44 i44 21 4u33 ze ni zu,failed,0.33,6,鸡 白 鸡 红 使,红 白 鸡 祭 牲,UNKNOWN,扫描 OCR + IPA 锚点版面解析（四行对照） | 整理日期 2026-09,medium
SANGJIAJING-P0194-L-02,SANGJIAJING,194,L,2,田 3=,lu²¹ lu²¹ zu²¹ 1ɒ³³ ɒ³³,lu²1 lu²1 zu²1 1D33 D33,ok,0.80,5,样 样 使 了 掉,法 事 全 做完,UNKNOWN,扫描 OCR + IPA 锚点版面解析（四行对照） | 整理日期 2026-09,medium
SANGJIAJING-P0194-L-03,SANGJIAJING,194,L,3,不 丑 3= 田,pi³³ ne1 lu²¹ lu²¹ sess,pi33 ne1 lu21 lu²1 Sess,suspect,0.75,4,毕摩 圣 个 个 降,圣 毕 摩 全 至,UNKNOWN,扫描 OCR + IPA 锚点版面解析（四行对照） | 整理日期 2026-09,medium
SANGJIAJING-P0194-L-04,SANGJIAJING,194,L,4,圣 毕 摩 全 至,,mu²1 4u3t th33qh031t tshi33,failed,0.40,5,天 白 它 年 到,天 时 至 年 关,UNKNOWN,扫描 OCR + IPA 锚点版面解析（四行对照） | 整理日期 2026-09,medium
SANGJIAJING-P0194-L-05,SANGJIAJING,194,L,5,企 正 O,tchi³³ tsh³³ mi³³ ne⁴⁴ 4ɒ³³,tch133 tsh;33 m133 ne44 4D33,suspect,0.60,5,地 黑 它 月 到,地候 至月期,UNKNOWN,扫描 OCR + IPA 锚点版面解析（四行对照） | 整理日期 2026-09,medium
SANGJIAJING-P0194-R-01,SANGJIAJING,194,R,1,U,,tDss tsh;33 33 33 VD ob mp,failed,0.25,4,搁 到 雪 里 大,冰 雪 中 到 来,UNKNOWN,扫描 OCR + IPA 锚点版面解析（四行对照） | 整理日期 2026-09,medium
SANGJIAJING-P0194-R-02,SANGJIAJING,194,R,2,O 里 田,tho²¹ 4ɒ³³ 2li⁴⁴ pu²¹ lu²¹,tho21 4D33 2144 pu21 lu²1,suspect,0.60,5,兔月 影 蓬 繁,兔 月 草 木 发,UNKNOWN,扫描 OCR + IPA 锚点版面解析（四行对照） | 整理日期 2026-09,medium
SANGJIAJING-P0194-R-03,SANGJIAJING,194,R,3,系 N. ZZ O,,ne4 he31 4D33 tsh;33,failed,0.00,3,鸡 黑 八 月 到,鸡 属 八 月 到,UNKNOWN,扫描 OCR + IPA 锚点版面解析（四行对照） | 整理日期 2026-09,medium
SANGJIAJING-P0194-R-04,SANGJIAJING,194,R,4,分 司 五 2,si²¹ lh³³ t⁰³3 do⁴⁴,si21 lh33 t$033 do44,suspect,0.50,4,走 儿 转 出 来,游子车 转 回来,UNKNOWN,扫描 OCR + IPA 锚点版面解析（四行对照） | 整理日期 2026-09,medium
SANGJIAJING-P0195-L-01,SANGJIAJING,195,L,1,弯司,⁴⁰³³ do⁴⁴ to ³³ do ⁴⁴ 1h³³,4033 do44 t$o 33 do 44 1h33,suspect,0.60,5,来 硕 夺 转 出,硕 夺 邪 转 至,UNKNOWN,扫描 OCR + IPA 锚点版面解析（四行对照） | 整理日期 2026-09,medium
SANGJIAJING-P0195-L-02,SANGJIAJING,195,L,2,万,kh³³ zi³³ do⁴⁴ li³³,"kh,33 zi33 do44 133",suspect,0.75,4,那 样 出 来 呢,此 般 转 回 来,UNKNOWN,扫描 OCR + IPA 锚点版面解析（四行对照） | 整理日期 2026-09,medium
SANGJIAJING-P0195-L-03,SANGJIAJING,195,L,3,W 飞 正,lurss ʊli³³ tchi³³ y8 ⁴⁴ zi³³,lurss V133 tch133 y8 44 Zi33,suspect,0.50,4,主 家 那 家 呢,人 房 屋 N 主,UNKNOWN,扫描 OCR + IPA 锚点版面解析（四行对照） | 整理日期 2026-09,medium
SANGJIAJING-P0195-L-04,SANGJIAJING,195,L,4,弯 74 弯 奖 每,,4033 de21 4033 t4133 mu33,failed,0.40,5,硕 打 硕 攀 做,打 硕 又 攀 硕,UNKNOWN,扫描 OCR + IPA 锚点版面解析（四行对照） | 整理日期 2026-09,medium
SANGJIAJING-P0195-L-05,SANGJIAJING,195,L,5,打 硕 又 攀 硕,de²¹ mu ³³ to³³ to³³ tɒ³³,de21 mu 33 to33 to33 tD33,ok,1.00,5,夺 打 夺 起 做,打夺夺逃 飞身,UNKNOWN,扫描 OCR + IPA 锚点版面解析（四行对照） | 整理日期 2026-09,medium
SANGJIAJING-P0195-R-01,SANGJIAJING,195,R,1,弯 子 日 G,,4033 t4133 mu²1 1033 Z0.33,failed,0.40,5,讨 硕 攀 天 处,硕 邪 向 天 央,UNKNOWN,扫描 OCR + IPA 锚点版面解析（四行对照） | 整理日期 2026-09,medium
SANGJIAJING-P0195-R-02,SANGJIAJING,195,R,2,子 日,de²¹ ⁴⁴ to³³ mu²¹ li⁰³3 zɔ,de21 44 to33 mu²1 1033 ZO,ok,0.83,6,夺 打 天 处 讨,夺 邪 向 天 央,UNKNOWN,扫描 OCR + IPA 锚点版面解析（四行对照） | 整理日期 2026-09,medium
SANGJIAJING-P0195-R-03,SANGJIAJING,195,R,3,子 日 G 田 里,mu²¹ li⁰³3 ²⁰³³ mp ²¹ pi³³,mu21 1033 2033 mp 21 p133,suspect,0.60,5,天 处 讨 不 成,央 求 天 不 成,UNKNOWN,扫描 OCR + IPA 锚点版面解析（四行对照） | 整理日期 2026-09,medium
SANGJIAJING-P0195-R-04,SANGJIAJING,195,R,4,弯 7科 司 每,⁴⁰³³ de²¹ li⁰³3 to ³³ mu³³,4033 de21 1033 t$o 33 mu33,ok,0.80,5,硕 打 转 做 硕,打 硕 硕 转 逃,UNKNOWN,扫描 OCR + IPA 锚点版面解析（四行对照） | 整理日期 2026-09,medium
SANGJIAJING-P0195-R-05,SANGJIAJING,195,R,5,亏 7科 司 每,de²¹ tso to³³ t⁰³3 mu³³,de21 tso to33 t033 mu33,suspect,0.50,4,夺 打 夺 转 做,打夺 硕转逃,UNKNOWN,扫描 OCR + IPA 锚点版面解析（四行对照） | 整理日期 2026-09,medium
SANGJIAJING-P0196-L-01,SANGJIAJING,196,L,1,司 W O G,,44 1D33 t5133 4D33 ZO,failed,0.20,5,转 了 阳 月 讨,转 向 阳 月 央,UNKNOWN,扫描 OCR + IPA 锚点版面解析（四行对照） | 整理日期 2026-09,medium
SANGJIAJING-P0196-L-02,SANGJIAJING,196,L,2,W O 田 里,,tsi33 4D33 204 mp 21 D13,failed,0.20,5,阳 月 讨 不 成,成 央 阳 月 不,UNKNOWN,扫描 OCR + IPA 锚点版面解析（四行对照） | 整理日期 2026-09,medium
SANGJIAJING-P0196-L-03,SANGJIAJING,196,L,3,司 了 G,,1p33 tce te33 204,failed,0.00,3,转 了 星 云 讨,转 向 星 云 央,UNKNOWN,扫描 OCR + IPA 锚点版面解析（四行对照） | 整理日期 2026-09,medium
SANGJIAJING-P0196-L-04,SANGJIAJING,196,L,4,了 G 田 里,toe³³ te³³ ²⁰4 mp ²¹ ɒ³³,toe33 te33 204 mp 21 D3,suspect,0.60,5,星 云 讨 不 成,央 星 云 不 成,UNKNOWN,扫描 OCR + IPA 锚点版面解析（四行对照） | 整理日期 2026-09,medium
SANGJIAJING-P0196-R-01,SANGJIAJING,196,R,1,司 介,,44 tsh;33 t$033 1D33 1m133 ne',failed,0.17,6,转 了 地 黑 到,转 逃 至 黑 地,UNKNOWN,扫描 OCR + IPA 锚点版面解析（四行对照） | 整理日期 2026-09,medium
SANGJIAJING-P0196-R-02,SANGJIAJING,196,R,2,介 出3,,"n133 ne4 2i44 p""u²p""u²",failed,0.33,3,地 黑 影 蓬蓬,黑 茂 地 草 木,UNKNOWN,扫描 OCR + IPA 锚点版面解析（四行对照） | 整理日期 2026-09,medium
SANGJIAJING-P0196-R-03,SANGJIAJING,196,R,3,介 司 甘 张,mi³³ ku³³ dɒ²¹ ve³¹ t ³⁹1 ch³³,m133 ku33 dp21 ve31 t 3.91 ch33,suspect,0.67,6,地 中 岛 文 上,地 神 岛 文 上,UNKNOWN,扫描 OCR + IPA 锚点版面解析（四行对照） | 整理日期 2026-09,medium
SANGJIAJING-P0197-L-01,SANGJIAJING,197,L,1,? 至 G,,10 44 Y031 4e33 yo 31 204,failed,0.40,5,石 际 林 际 讨,向 木 央 求 石,UNKNOWN,扫描 OCR + IPA 锚点版面解析（四行对照） | 整理日期 2026-09,medium
SANGJIAJING-P0197-L-02,SANGJIAJING,197,L,2,至 G 田 里,,4e33 ZO 44 mp 21 Y031 Eeld,failed,0.40,5,林 际 讨 不 成,向 木 央 未 成,UNKNOWN,扫描 OCR + IPA 锚点版面解析（四行对照） | 整理日期 2026-09,medium
SANGJIAJING-P0197-R-01,SANGJIAJING,197,R,1,司 用,,t5033 1D3 Y031 Z033,failed,0.00,4,转 了 草 际 讨,转 向 草 央 求,UNKNOWN,扫描 OCR + IPA 锚点版面解析（四行对照） | 整理日期 2026-09,medium
SANGJIAJING-P0197-R-02,SANGJIAJING,197,R,2,用 九 田,,siss yo ne 33 mp 21 ax 33,failed,0.33,3,草 际 也 不 完毕,求 草 亦 无 果,UNKNOWN,扫描 OCR + IPA 锚点版面解析（四行对照） | 整理日期 2026-09,medium
SANGJIAJING-P0197-R-03,SANGJIAJING,197,R,3,司 专 介 G,,1p33 si33 t$033 m133 204,failed,0.40,5,转 了 别人 地 讨,转 向 他 乡 央,UNKNOWN,扫描 OCR + IPA 锚点版面解析（四行对照） | 整理日期 2026-09,medium
SANGJIAJING-P0197-R-04,SANGJIAJING,197,R,4,司 G 3,t⁰³3 iɒ³³ tghe⁴⁴ ob ³³ ²⁰4,t$033 ID3 tGhe44 ob 33 204,suspect,0.60,5,转 了 村 中 央,转 向 村 中 央,UNKNOWN,扫描 OCR + IPA 锚点版面解析（四行对照） | 整理日期 2026-09,medium
SANGJIAJING-P0198-L-01,SANGJIAJING,198,L,1,田 的 九,the⁴⁴ ob ³³ ne³³ mp ²¹ xɒ ³³,the44 ob 33 ne33 mp 21 XD 33,ok,0.80,5,村 中 也 不 完毕,村 中 亦 无 果,UNKNOWN,扫描 OCR + IPA 锚点版面解析（四行对照） | 整理日期 2026-09,medium
SANGJIAJING-P0198-L-02,SANGJIAJING,198,L,2,弯 司 司 每,,4033 t$033 4033 t$033 mu33,failed,0.20,5,硕 转 硕 转 做,硕 邪 转 游 逃,UNKNOWN,扫描 OCR + IPA 锚点版面解析（四行对照） | 整理日期 2026-09,medium
SANGJIAJING-P0198-L-03,SANGJIAJING,198,L,3,司 司 每,,t$033 to33 t033 3033 mu3,failed,0.40,5,夺 转 夺 转 做,夺 邪 转 游 逃,UNKNOWN,扫描 OCR + IPA 锚点版面解析（四行对照） | 整理日期 2026-09,medium
SANGJIAJING-P0198-L-04,SANGJIAJING,198,L,4,万 司万 年 每,,"kh,33 t$033 kh33 np21 mu 33",failed,0.40,5,它 转 它 停 做,转 它 它歇 脚,UNKNOWN,扫描 OCR + IPA 锚点版面解析（四行对照） | 整理日期 2026-09,medium
SANGJIAJING-P0198-L-05,SANGJIAJING,198,L,5,田 年 电 年,mp ²¹ nɒ²¹ tu³³ th³³,mp 21 np21 tu33 th33,suspect,0.50,4,不 停 方 停 地,停 歇 在 一 处,UNKNOWN,扫描 OCR + IPA 锚点版面解析（四行对照） | 整理日期 2026-09,medium
SANGJIAJING-P0198-R-01,SANGJIAJING,198,R,1,tQ 年,nu³³ ʊi¹³3 he³³ bu³³ np,nu33 VI133 he33 bu33 np,suspect,0.60,5,你 家 房 顶 停,停 你 家 房 顶,UNKNOWN,扫描 OCR + IPA 锚点版面解析（四行对照） | 整理日期 2026-09,medium
SANGJIAJING-P0198-R-02,SANGJIAJING,198,R,2,Z飞 tQ 日,ɛnu ʊli³³ he³³ bu³³ li⁰³3,Enu V133 he3 bu33 1033,suspect,0.75,4,你 家 房 顶 处,你 家 房 顶 上,UNKNOWN,扫描 OCR + IPA 锚点版面解析（四行对照） | 整理日期 2026-09,medium
SANGJIAJING-P0198-R-03,SANGJIAJING,198,R,3,t 弯 ￥,he³³ 1h3 si²¹ bu³³ li⁰³3,he33 1h3 si21 bu33 1033,suspect,0.75,4,房 顶 硕 来 走,房 顶 硕 邪 走,UNKNOWN,扫描 OCR + IPA 锚点版面解析（四行对照） | 整理日期 2026-09,medium
SANGJIAJING-P0198-R-04,SANGJIAJING,198,R,4,to N. 2,tsh³³ he³³ to³³ 1h³³ ve³¹,tsh;33 he33 to33 1h33 ve31,suspect,0.60,5,房 脚 夺 来 拱,房 脚 夺 邪 拱,UNKNOWN,扫描 OCR + IPA 锚点版面解析（四行对照） | 整理日期 2026-09,medium
SANGJIAJING-P0198-R-05,SANGJIAJING,198,R,5,弯 司 toi 7 又,⁴⁰³³ t⁰³3 he³³ bu³³ tɒss,4033 t$033 he33 bu33 tDss,suspect,0.60,5,硕 转 房 顶 搁,硕 转 停 房 顶,UNKNOWN,扫描 OCR + IPA 锚点版面解析（四行对照） | 整理日期 2026-09,medium
SANGJIAJING-P0199-L-01,SANGJIAJING,199,L,1,司 tQ 年,do³³ t⁰³3 he³³ np ²¹,do33 t$033 he33 np 21,suspect,0.50,4,夺 转 房 中 歇,夺 转 房 中 歇,UNKNOWN,扫描 OCR + IPA 锚点版面解析（四行对照） | 整理日期 2026-09,medium
SANGJIAJING-P0199-L-02,SANGJIAJING,199,L,2,Z tQ 同 ?,nu³³ he³³ mb ³³ dlu²¹,nu33 he33 mb 33 dlu²1,suspect,0.75,4,你 家 房 標 条,你 家 房 条,UNKNOWN,扫描 OCR + IPA 锚点版面解析（四行对照） | 整理日期 2026-09,medium
SANGJIAJING-P0199-L-03,SANGJIAJING,199,L,3,同 ? Z,dlu²¹ tsh⁴⁴ si⁵⁵ 4,dlu21 tsh;44 si55 4,suspect,0.50,4,檸 条 断 像 样,標条 似 欲 断,UNKNOWN,扫描 OCR + IPA 锚点版面解析（四行对照） | 整理日期 2026-09,medium
SANGJIAJING-P0199-L-04,SANGJIAJING,199,L,4,同 ? 九 田铁,,mp²l tsh;44 ng33,failed,0.00,2,条 也 不 断,標 条 终 未 断,UNKNOWN,扫描 OCR + IPA 锚点版面解析（四行对照） | 整理日期 2026-09,medium
SANGJIAJING-P0199-L-05,SANGJIAJING,199,L,5,见不 安 分,tyss phe⁴⁴ dle³¹ yɒ ³³ dɒ³³,tyss phe44 dle31 YD 33 dD33,ok,1.00,4,承 中 坏 处 成,中 裂痕 承 有,UNKNOWN,扫描 OCR + IPA 锚点版面解析（四行对照） | 整理日期 2026-09,medium
SANGJIAJING-P0199-R-01,SANGJIAJING,199,R,1,见不铁 Z,,tus phe44 tsh:44 siss ze4 44,failed,0.00,3,承 中 断 像 样,承 中 似 欲 断,UNKNOWN,扫描 OCR + IPA 锚点版面解析（四行对照） | 整理日期 2026-09,medium
SANGJIAJING-P0199-R-02,SANGJIAJING,199,R,2,见 田铁 九,tus phe⁴⁴ ne ³³,tu*s phe44 ne 33,suspect,0.50,2,承 中 也 不 断,承 中 终 未 断,UNKNOWN,扫描 OCR + IPA 锚点版面解析（四行对照） | 整理日期 2026-09,medium
SANGJIAJING-P0199-R-03,SANGJIAJING,199,R,3,A 九 田 全,²¹ p³³ du³³ mp sɒ,21 p33 du33 mp SD,suspect,0.50,4,洞 耳 也 不 伤,洞 眼 终 未 崩,UNKNOWN,扫描 OCR + IPA 锚点版面解析（四行对照） | 整理日期 2026-09,medium
SANGJIAJING-P0199-R-04,SANGJIAJING,199,R,4,￥ 分 司,si²¹ tsh³³ zɒ ²¹ to ³³ 1ɒ³³,si21 tsh33 ZD 21 t$o 33 1D33,suspect,0.60,5,斯 儿 转 了 下,斯 下来 邪 转,UNKNOWN,扫描 OCR + IPA 锚点版面解析（四行对照） | 整理日期 2026-09,medium
SANGJIAJING-P0200-L-01,SANGJIAJING,200,L,1,焱 分 司,,21 ZD t3033 1p33 tsh33,failed,0.25,4,舍 儿 转 了 下,舍 邪 转 来 下,UNKNOWN,扫描 OCR + IPA 锚点版面解析（四行对照） | 整理日期 2026-09,medium
SANGJIAJING-P0200-L-02,SANGJIAJING,200,L,2,弯 分 司,⁴⁰³³ zɒ ²¹ to ³³ 1ɒ³³ dlɒp³³,4033 ZD 21 t$o* 33 1D33 dlDp33,suspect,0.60,5,硕 儿 转 了 成,硕 邪 转 而 至,UNKNOWN,扫描 OCR + IPA 锚点版面解析（四行对照） | 整理日期 2026-09,medium
SANGJIAJING-P0200-L-03,SANGJIAJING,200,L,3,分 司,to³³ zɒ ²¹ 1p³³ dlɒ³³ t⁰³3,to33 ZD 21 1p33 dlp33 t$033,suspect,0.60,5,夺 儿 转 了 成,夺 邪 转 而 至,UNKNOWN,扫描 OCR + IPA 锚点版面解析（四行对照） | 整理日期 2026-09,medium
SANGJIAJING-P0200-L-04,SANGJIAJING,200,L,4,tQ 山 号 Z,he³³ ob ³³ nu³³ gu ²¹,he33 ob 33 nu33 gu 21,ok,1.00,4,房 中 你 睡 床,房 中 你 睡 床,UNKNOWN,扫描 OCR + IPA 锚点版面解析（四行对照） | 整理日期 2026-09,medium
SANGJIAJING-P0200-R-01,SANGJIAJING,200,R,1,Z4 号 飞= 台 日,zzi³¹ ⁰⁵5 nu³³ m6 ²¹ li⁰³3,Zzi31 055 nu33 m6 21 1033,suspect,0.60,5,你 睡 床 头 处,你 的 床 头 处,UNKNOWN,扫描 OCR + IPA 锚点版面解析（四行对照） | 整理日期 2026-09,medium
SANGJIAJING-P0200-R-02,SANGJIAJING,200,R,2,司 飞,,si21 t$o 33 m6 21 055 tsh:33,failed,0.40,5,斯 转 床 头 到,斯 邪 到 床 头,UNKNOWN,扫描 OCR + IPA 锚点版面解析（四行对照） | 整理日期 2026-09,medium
SANGJIAJING-P0200-R-03,SANGJIAJING,200,R,3,弯 司,,"4033 t033 1p33 l,33 t$033",failed,0.00,5,硕 夺 转 了 来,硕 夺 邪 临 至,UNKNOWN,扫描 OCR + IPA 锚点版面解析（四行对照） | 整理日期 2026-09,medium
SANGJIAJING-P0200-R-04,SANGJIAJING,200,R,4,7科 九 弯 田 里,de²¹ ne³³ ⁴⁰³³ mp ²¹ pi³³,de21 ne33 4033 mp 21 p133,suspect,0.60,5,打 也 硕 不 胜,打 硕 硕 不 降,UNKNOWN,扫描 OCR + IPA 锚点版面解析（四行对照） | 整理日期 2026-09,medium
SANGJIAJING-P0201-L-01,SANGJIAJING,201,L,1,去 Z 田,,44 21 33 1D33 ng33 ne mp ne,failed,0.00,6,春 鸟 不 是 啊,你虽不是 鸟,UNKNOWN,扫描 OCR + IPA 锚点版面解析（四行对照） | 整理日期 2026-09,medium
SANGJIAJING-P0201-R-01,SANGJIAJING,201,R,1,3 Z43 (2),tshi³³ tsh³³ ³³ tu³³ mu,tsh133tsh33 33 tu33 mu,suspect,0.60,5,醉 垂 垂 的 样,但 似 鸟 折 翅,UNKNOWN,扫描 OCR + IPA 锚点版面解析（四行对照） | 整理日期 2026-09,medium
SANGJIAJING-P0201-R-02,SANGJIAJING,201,R,2,去 田 国,iɒ³³ ng³³ dlɒ²¹ mɒ²¹ ɒe³³,ID33 ng33 dlp21 mp21 De33,ok,0.80,5,春 蜂 不 是 啊,你 虽 非 春 蜂,UNKNOWN,扫描 OCR + IPA 锚点版面解析（四行对照） | 整理日期 2026-09,medium
SANGJIAJING-P0201-R-03,SANGJIAJING,201,R,3,3= 贝,ho³³ dur²¹ dur²¹ mu³³ ze e⁴⁴,ho33 dur21 dur²1 mu33 ze e44,ok,1.00,5,昏 沉 沉 的 样,似 春 蜂 昏 沉,UNKNOWN,扫描 OCR + IPA 锚点版面解析（四行对照） | 整理日期 2026-09,medium
SANGJIAJING-P0201-R-04,SANGJIAJING,201,R,4,亚u 田,,mp 21 1D33 6133 ve31,failed,0.25,4,夏 猪 不 是 啊,你 虽 非 夏 猪,UNKNOWN,扫描 OCR + IPA 锚点版面解析（四行对照） | 整理日期 2026-09,medium
SANGJIAJING-P0201-R-05,SANGJIAJING,201,R,5,3=,qess tsi³³ mu³³,qess tsi33 mu33,suspect,0.50,2,叉 牙 牙 的 样,像夏猪 者叉牙,UNKNOWN,扫描 OCR + IPA 锚点版面解析（四行对照） | 整理日期 2026-09,medium
SANGJIAJING-P0202-L-01,SANGJIAJING,202,L,1,? 田 国,,33 1044 ne44 mp 21 ne 1D33,failed,0.40,5,石 黑 不 是 啊,你 虽 非 石 头,UNKNOWN,扫描 OCR + IPA 锚点版面解析（四行对照） | 整理日期 2026-09,medium
SANGJIAJING-P0202-L-02,SANGJIAJING,202,L,2,卉 3= (Z,ti²¹ tu³³ tu³³ mu ³³ ze,ti21 tu33 tu33 mu 33 Ze,ok,1.00,5,重 沉 沉 的 样,你 身 似 石 沉,UNKNOWN,扫描 OCR + IPA 锚点版面解析（四行对照） | 整理日期 2026-09,medium
SANGJIAJING-P0202-L-03,SANGJIAJING,202,L,3,4MI 九 勿,tshu³³ thi²¹ ³³ ³³ tohe³³ ne np,tshu33th121 33 33 tohe33 ne np,suspect,0.50,6,发 一 根 也 疼,每 根 发 都 疼,UNKNOWN,扫描 OCR + IPA 锚点版面解析（四行对照） | 整理日期 2026-09,medium
SANGJIAJING-P0202-L-04,SANGJIAJING,202,L,4,7科4 f2 勿,,mx de2i nie31 px 44 np 33,failed,0.00,3,骨 打 肌 肉 疼,碰骨 肌 疼 肉,UNKNOWN,扫描 OCR + IPA 锚点版面解析（四行对照） | 整理日期 2026-09,medium
SANGJIAJING-P0202-R-01,SANGJIAJING,202,R,1,% WI 不 田 (),,th21 si55 egib XD21 mp 21,failed,0.25,4,肉 一 丝 不 剩,不 剩 一 丝 肉,UNKNOWN,扫描 OCR + IPA 锚点版面解析（四行对照） | 整理日期 2026-09,medium
SANGJIAJING-P0202-R-02,SANGJIAJING,202,R,2,面 田 3=,lu²¹ lu2l tchi³¹ ɒ³³,lu²1 lu²l tchi31 D33,suspect,0.67,3,甲 全 个 个 寒,手 脚 甲 都 寒,UNKNOWN,扫描 OCR + IPA 锚点版面解析（四行对照） | 整理日期 2026-09,medium
SANGJIAJING-P0202-R-03,SANGJIAJING,202,R,3,习 金 勿,,1D33 1D33 nD33,failed,0.33,3,叫 了 吟 了 疼,疼 得 叫 又 哼,UNKNOWN,扫描 OCR + IPA 锚点版面解析（四行对照） | 整理日期 2026-09,medium
SANGJIAJING-P0203-L-01,SANGJIAJING,203,L,1,住 # 专,,33 21 21 tsi33 ts133 SI mu gD,failed,0.33,6,宅 边 别人 老 告知,邻 居 老 者 语,UNKNOWN,扫描 OCR + IPA 锚点版面解析（四行对照） | 整理日期 2026-09,medium
SANGJIAJING-P0203-L-02,SANGJIAJING,203,L,2,庄# 专,tsi³³ tsi³³ si³³ mu²¹ li³³,"tsi33 ts133 si33 mu²1 1,33",ok,1.00,5,宅 边 别人 老 来,邻 居 N 者 老,UNKNOWN,扫描 OCR + IPA 锚点版面解析（四行对照） | 整理日期 2026-09,medium
SANGJIAJING-P0203-L-03,SANGJIAJING,203,L,3,专 金 专,si³³ mu ²¹ si³³ ni⁴⁴,si33 mu 21 si33 ni44,ok,1.00,4,别人 老 别人 心 诚,老 者 心 真 诚,UNKNOWN,扫描 OCR + IPA 锚点版面解析（四行对照） | 整理日期 2026-09,medium
SANGJIAJING-P0203-L-04,SANGJIAJING,203,L,4,日,th²¹ tchi²¹ nu³³ li⁰³3 du³³,th21 tch121 nu33 1033 du33,ok,0.80,5,句 你 处 告诉,句 J人你 直,UNKNOWN,扫描 OCR + IPA 锚点版面解析（四行对照） | 整理日期 2026-09,medium
SANGJIAJING-P0203-R-01,SANGJIAJING,203,R,1,勿 田圣,³³ zi³³ mɒ²¹ kɒ²¹ np,"33 zi33 mp²1 k""p21 np",suspect,0.60,5,病 呢 看 不 效,探 视 无 济 病,UNKNOWN,扫描 OCR + IPA 锚点版面解析（四行对照） | 整理日期 2026-09,medium
SANGJIAJING-P0203-R-02,SANGJIAJING,203,R,2,去,ko²¹ ab h³³ zi³³ 1ɒ³³,ko21 ab h33 zi33 1D33,suspect,0.75,4,怎 么 的 了 效,如 何 才 有 效,UNKNOWN,扫描 OCR + IPA 锚点版面解析（四行对照） | 整理日期 2026-09,medium
SANGJIAJING-P0203-R-03,SANGJIAJING,203,R,3,勿,zi³³ tshi²¹ tsis khɒ²¹ nɒ³³,zi33 tshi21 tsi's khD21 nD33,suspect,0.75,4,病 呢 汤药 喝 效,病 要 喝 汤 药,UNKNOWN,扫描 OCR + IPA 锚点版面解析（四行对照） | 整理日期 2026-09,medium
SANGJIAJING-P0204-L-01,SANGJIAJING,204,L,1,,,n1ss ku33 kD²1kD2 n1ss,failed,0.33,3,孽 驱 孽 效效,法 事 可 有效,UNKNOWN,扫描 OCR + IPA 锚点版面解析（四行对照） | 整理日期 2026-09,medium
SANGJIAJING-P0204-L-02,SANGJIAJING,204,L,2,ZZL 勿,tshi²¹ qɒ³³ tsiss nɒ³³,tshi21 qD33 tsiss nD33,suspect,0.67,3,药 喝 病 若 是,若 是 喝 药病,UNKNOWN,扫描 OCR + IPA 锚点版面解析（四行对照） | 整理日期 2026-09,medium
SANGJIAJING-P0204-L-03,SANGJIAJING,204,L,3,万 田 G,ni⁵⁵ s khy4 ku³³ mp ²¹ zɔ ³³,n15s khy4 ku33 mp 21 ZO 33,suspect,0.50,4,孽 它 驱 不 须,无 须 做 法,UNKNOWN,扫描 OCR + IPA 锚点版面解析（四行对照） | 整理日期 2026-09,medium
SANGJIAJING-P0204-L-04,SANGJIAJING,204,L,4,光希与,,"niss qD33khD21 zw""""",failed,0.33,3,文能 使 若效,法 事 若 有效,UNKNOWN,扫描 OCR + IPA 锚点版面解析（四行对照） | 整理日期 2026-09,medium
SANGJIAJING-P0204-L-05,SANGJIAJING,204,L,5,X 九希与,tshi²¹ kɒ²¹ tsiss ng³³ iep,tshi21 kp²1 tsiss ng33 IeP,ok,1.00,4,汤药 喝 也 效能,喝 汤药有效,UNKNOWN,扫描 OCR + IPA 锚点版面解析（四行对照） | 整理日期 2026-09,medium
SANGJIAJING-P0204-R-01,SANGJIAJING,204,R,1,,,"21 tsiss 33 kp21 d31 m1 ne""",failed,0.40,5,粉药 喝 也 效 能,喝 粉 药 有交 效,UNKNOWN,扫描 OCR + IPA 锚点版面解析（四行对照） | 整理日期 2026-09,medium
SANGJIAJING-P0204-R-02,SANGJIAJING,204,R,2,子 天,mu²¹ h³³ li²¹ ni³³ tsh³³,mu²1 h33 121 ni33 tsh:33,suspect,0.60,5,天 来 今 日 到,时 日 至 今 日,UNKNOWN,扫描 OCR + IPA 锚点版面解析（四行对照） | 整理日期 2026-09,medium
SANGJIAJING-P0204-R-03,SANGJIAJING,204,R,3,O 民 平u 住,bɒ³³ 4ɒ³³ tsi³³ sɔs ɛelg,bp33 4D33 tsi33 SOS Eelg,suspect,0.50,4,月 亮 硕 欣 树,月中 硕 欣 树,UNKNOWN,扫描 OCR + IPA 锚点版面解析（四行对照） | 整理日期 2026-09,medium
SANGJIAJING-P0205-L-01,SANGJIAJING,205,L,1,田,mɒ²¹ dzi²¹ nu³³ li³³ 0s,mp21 dzi21 nu33 133 $0'S,ok,0.80,5,不幸你 来获,不幸降临你,UNKNOWN,扫描 OCR + IPA 锚点版面解析（四行对照） | 整理日期 2026-09,medium
SANGJIAJING-P0205-L-02,SANGJIAJING,205,L,2,冏日 宋 目,nu³³ li⁰³3 nu³³ ɔss tso ³³,nu33 1033 nu33 $OSS tso 33,suspect,0.75,4,你处 你 获在,该你者你获,UNKNOWN,扫描 OCR + IPA 锚点版面解析（四行对照） | 整理日期 2026-09,medium
SANGJIAJING-P0205-R-01,SANGJIAJING,205,R,1,田不子Z,mp ²¹ dzi²¹ mu2l m³³ hi²¹,mp 21 dzi21 mu2l m33 h1²1,suspect,0.50,4,不幸天地挑,天地挑生死,UNKNOWN,扫描 OCR + IPA 锚点版面解析（四行对照） | 整理日期 2026-09,medium
SANGJIAJING-P0205-R-02,SANGJIAJING,205,R,2,I开 4,,"33 1033 1h121 33 YD dz,i21 np",failed,0.17,6,后处 一 章听,它事听另章,UNKNOWN,扫描 OCR + IPA 锚点版面解析（四行对照） | 整理日期 2026-09,medium
SANGJIAJING-P0209-L-01,SANGJIAJING,209,L,1,子,,mu²l dzi²1 t q04 te33,failed,0.33,3,天官云 帽戴,天神戴云帽,UNKNOWN,扫描 OCR + IPA 锚点版面解析（四行对照） | 整理日期 2026-09,medium
SANGJIAJING-P0209-L-02,SANGJIAJING,209,L,2,分,⁰⁵5 mi³³ dzi2l tɒ³³ zɒ²¹,0.55 mi33 dzi²l tD33 ZD21,suspect,0.50,4,地 官蕨 儿 头 日,地神蕨当帽,UNKNOWN,扫描 OCR + IPA 锚点版面解析（四行对照） | 整理日期 2026-09,medium
SANGJIAJING-P0209-L-03,SANGJIAJING,209,L,3,V,q⁰⁴4 du³³ yɒ³³ q⁰⁴ dzi³³,q044 du3 YD33 q04 dz133,suspect,0.60,5,戴饰 市的戴物,冠帽之戴饰,UNKNOWN,扫描 OCR + IPA 锚点版面解析（四行对照） | 整理日期 2026-09,medium
SANGJIAJING-P0209-R-01,SANGJIAJING,209,R,1,#,,thi²1 dzi2l ts133 tDSs 1D33,failed,0.33,3,一 章剩搁呢,尚 遗 一 章经,UNKNOWN,扫描 OCR + IPA 锚点版面解析（四行对照） | 整理日期 2026-09,medium
SANGJIAJING-P0209-R-02,SANGJIAJING,209,R,2,尚 遗 一 章经,kho²¹ 2li³³ si³³ ne2i nu³³,kho21 2133 si33 ne²i nu3,suspect,0.50,4,柯 兴 诗安 你,柯 J兴诗安你?,UNKNOWN,扫描 OCR + IPA 锚点版面解析（四行对照） | 整理日期 2026-09,medium
SANGJIAJING-P0209-R-03,SANGJIAJING,209,R,3,柯 J兴诗安你?,a²¹ bo³³ tsiss dzɒ²¹ si³³,A21 bo33 tsiss dzD21 si33,suspect,0.75,4,阿 厂波 前 吃主,阿波前吃主,UNKNOWN,扫描 OCR + IPA 锚点版面解析（四行对照） | 整理日期 2026-09,medium
SANGJIAJING-P0210-L-01,SANGJIAJING,210,L,1,女,,thaemu3 44 li33 1D33 np,failed,0.20,5,醒 的 听 来 吧,聪 来 听 吧,UNKNOWN,扫描 OCR + IPA 锚点版面解析（四行对照） | 整理日期 2026-09,medium
SANGJIAJING-P0210-L-02,SANGJIAJING,210,L,2,7 九 效,a³³ tsiss ne ³³,A33 tsiss ne 33,suspect,0.50,2,前 吃 也 露 水,饭 食 靠 露 水,UNKNOWN,扫描 OCR + IPA 锚点版面解析（四行对照） | 整理日期 2026-09,medium
SANGJIAJING-P0210-L-03,SANGJIAJING,210,L,3,配 π 九 全,ɛes dzi²¹ ng³³ as ³³ nos,Ee!s dzi21 ng33 as 33 nos,suspect,0.50,4,夏 季 也 禾 茬,夏 收 留 荐 桩,UNKNOWN,扫描 OCR + IPA 锚点版面解析（四行对照） | 整理日期 2026-09,medium
SANGJIAJING-P0210-R-01,SANGJIAJING,210,R,1,举 # 效 A,si²¹ ne tsiss a³³ lu²¹,si21 ne tsiss A33 lu21,suspect,0.67,3,刺 莓 露 阿 龙,阿 龙 吐 白 露,UNKNOWN,扫描 OCR + IPA 锚点版面解析（四行对照） | 整理日期 2026-09,medium
SANGJIAJING-P0210-R-02,SANGJIAJING,210,R,2,司,zi³³ ku³³ li³³ pu ⁴⁴ ne⁴⁴,"z,133 ku33 li33 pu 44 ne44",ok,1.00,5,水 中 深 的 翻,水 深 处 翻 腾,UNKNOWN,扫描 OCR + IPA 锚点版面解析（四行对照） | 整理日期 2026-09,medium
SANGJIAJING-P0210-R-03,SANGJIAJING,210,R,3,水 深 处 翻 腾,,055 li33 44 be21 md,failed,0.40,5,水 头 野鸭 来 翻,水 面 野 鸭 扑,UNKNOWN,扫描 OCR + IPA 锚点版面解析（四行对照） | 整理日期 2026-09,medium
SANGJIAJING-P0210-R-04,SANGJIAJING,210,R,4,年 nI 口 U 考,,np 55 th33 lu33 mp 33 md 44,failed,0.20,5,纳 提 城 大 反,纳 提 城 造 反,UNKNOWN,扫描 OCR + IPA 锚点版面解析（四行对照） | 整理日期 2026-09,medium
SANGJIAJING-P0211-L-01,SANGJIAJING,211,L,1,分,ssɔb zɒ²¹ th²¹ lu³³ hu²¹,SsOb ZD21 th21 lu33 hu21,suspect,0.50,4,昆 明 一 城 闹,昆 城 城 喧 嚣,UNKNOWN,扫描 OCR + IPA 锚点版面解析（四行对照） | 整理日期 2026-09,medium
SANGJIAJING-P0211-L-02,SANGJIAJING,211,L,2,分 口,,th21 lu33 44 SsOb ZD21 md,failed,0.20,5,昆 明 一 城 反,昆 明 城 造 反,UNKNOWN,扫描 OCR + IPA 锚点版面解析（四行对照） | 整理日期 2026-09,medium
SANGJIAJING-P0211-L-03,SANGJIAJING,211,L,3,WI 口,thi²¹ lu²¹ dlɒ²¹ lu³³ hur²¹,th121 lu²1 dlp21 lu33 hur²1,ok,1.00,5,澄 江 一 城 闹,澄 江 城 喧 器,UNKNOWN,扫描 OCR + IPA 锚点版面解析（四行对照） | 整理日期 2026-09,medium
SANGJIAJING-P0211-L-04,SANGJIAJING,211,L,4,日,lu²¹ blɒ²¹ thi²¹ lu³³,lu21 blp21 th121 lu33,ok,1.00,4,澄 江 一 城 反,澄 江 城 造 反,UNKNOWN,扫描 OCR + IPA 锚点版面解析（四行对照） | 整理日期 2026-09,medium
SANGJIAJING-P0211-L-05,SANGJIAJING,211,L,5,电州 IU 口,dur²¹ pu ³³ thi²¹ lu³³ hu²¹,dur²1 pu? 33 th121 lu33 hu21,ok,1.00,5,良 宜 一 城 闹,宜 良 城 喧 器,UNKNOWN,扫描 OCR + IPA 锚点版面解析（四行对照） | 整理日期 2026-09,medium
SANGJIAJING-P0211-R-01,SANGJIAJING,211,R,1,电州 Wi 日,du²¹ pur³³ thi²¹ lu³³ pur ³³,du²1 pur33 thi21 lu33 pur 33,ok,1.00,5,宜 良 一 城 反,宜 良 城 造 反,UNKNOWN,扫描 OCR + IPA 锚点版面解析（四行对照） | 整理日期 2026-09,medium
SANGJIAJING-P0211-R-02,SANGJIAJING,211,R,2,W 口,lus d³³ thj²¹ lu³³ hu2,lu's d33 thj21 lu33 hu²,suspect,0.75,4,路 南 一 城 闹,路 南 城 喧 嚣,UNKNOWN,扫描 OCR + IPA 锚点版面解析（四行对照） | 整理日期 2026-09,medium
SANGJIAJING-P0211-R-03,SANGJIAJING,211,R,3,W 口,,th21 lur's lu33 md 44,failed,0.00,3,路 南 一 城 反,路 南 城 造 反,UNKNOWN,扫描 OCR + IPA 锚点版面解析（四行对照） | 整理日期 2026-09,medium
SANGJIAJING-P0211-R-04,SANGJIAJING,211,R,4,口 与 WI,1ɒ²¹ ni²¹ thi2i lu³³ hu2,1D21 ni²1 thi2i lu33 hu²,suspect,0.50,4,陆 良 一 城 闹,陆 良 城 喧 嚣,UNKNOWN,扫描 OCR + IPA 锚点版面解析（四行对照） | 整理日期 2026-09,medium
SANGJIAJING-P0211-R-05,SANGJIAJING,211,R,5,与 口,,1p21 ni21 th21 lu33 md,failed,0.40,5,陆 良 一 城 反,陆 良 城 造 反,UNKNOWN,扫描 OCR + IPA 锚点版面解析（四行对照） | 整理日期 2026-09,medium
SANGJIAJING-P0212-L-01,SANGJIAJING,212,L,1,子 口 WI 口,mu²¹ lu³³ th²¹ lu³³ hu2,mu²1 lu33 th21 lu33 hu²,ok,0.80,5,弥 勒 一 城 闹,弥 勒 城 喧 嚣,UNKNOWN,扫描 OCR + IPA 锚点版面解析（四行对照） | 整理日期 2026-09,medium
SANGJIAJING-P0212-L-02,SANGJIAJING,212,L,2,口 IM 口,,mu² lu33 th12i lu33 44 md,failed,0.00,4,弥 勒 一 城 反,弥 勒 城 造 反,UNKNOWN,扫描 OCR + IPA 锚点版面解析（四行对照） | 整理日期 2026-09,medium
SANGJIAJING-P0212-L-03,SANGJIAJING,212,L,3,π 必 习 九,tzi³³ dzi²¹ ne³³ a³³ t5li³³,tzi33 dzi21 ne3 A33 t5133,ok,0.80,5,知 官 也 阿 支,州 官 之 阿 支,UNKNOWN,扫描 OCR + IPA 锚点版面解析（四行对照） | 整理日期 2026-09,medium
SANGJIAJING-P0212-L-04,SANGJIAJING,212,L,4,π 九 效 配,dzi²¹ a³³ ne³³ ɒos,dzi21 A33 ne33 Dos,ok,1.00,4,县 司 也 阿 哦,县官 之 阿 哦,UNKNOWN,扫描 OCR + IPA 锚点版面解析（四行对照） | 整理日期 2026-09,medium
SANGJIAJING-P0212-R-01,SANGJIAJING,212,R,1,驰 必 效,siss ne ⁴⁴ ⁰⁵ li³³ a³³ lu³³,siss ne 44 05133 A33 lu33,suspect,0.60,5,书 看 司 阿 鲁,师 爷 N 阿 鲁,UNKNOWN,扫描 OCR + IPA 锚点版面解析（四行对照） | 整理日期 2026-09,medium
SANGJIAJING-P0212-R-02,SANGJIAJING,212,R,2,飞 面 π Z,ʊli³³ su ⁵⁵ dzi²¹ si³³,V133 su 55 dzi21 si33,suspect,0.75,4,我 家 三 司 主,我 家 三 司 主,UNKNOWN,扫描 OCR + IPA 锚点版面解析（四行对照） | 整理日期 2026-09,medium
SANGJIAJING-P0212-R-03,SANGJIAJING,212,R,3,Z 省田,si³³ kh³³ thɒ²¹ mɒ ²¹ pu,si33 kh33 thp21 mD 21 pu,ok,0.80,5,别人 不 反 那 时,人 未 造 反 时,UNKNOWN,扫描 OCR + IPA 锚点版面解析（四行对照） | 整理日期 2026-09,medium
SANGJIAJING-P0212-R-04,SANGJIAJING,212,R,4,与 九,z0s ʊli³³ pu ⁴⁴ ne³³ rep,Z.0's V133 pu 44 ne33 reP,suspect,0.75,4,我 家 反 也 行,我 家 即 可 反,UNKNOWN,扫描 OCR + IPA 锚点版面解析（四行对照） | 整理日期 2026-09,medium
SANGJIAJING-P0212-R-05,SANGJIAJING,212,R,5,7 3 4 U,si⁴⁴ si³³ ⁵⁵ ³³ pu ³³ np mp,si44 si33 55 33 pu 33 np mp,suspect,0.50,6,黄 栗 箭 大 弓,黄 栗 木 做 弓,UNKNOWN,扫描 OCR + IPA 锚点版面解析（四行对照） | 整理日期 2026-09,medium
SANGJIAJING-P0213-L-01,SANGJIAJING,213,L,1,目弘,as5 1i²¹ dze²¹ yu ³³ mu³³,AS5 1i21 dze21 yu 33 mu33,suspect,0.75,4,麻 秆 梭标 杆 做,梭 杆 麻 秆 标,UNKNOWN,扫描 OCR + IPA 锚点版面解析（四行对照） | 整理日期 2026-09,medium
SANGJIAJING-P0213-L-02,SANGJIAJING,213,L,2,4 每,tho²¹ q⁰⁴4 le p,tho21 q044 le&p,suspect,0.67,3,张 戴 纸 帽 的,头上戴 纸 帽,UNKNOWN,扫描 OCR + IPA 锚点版面解析（四行对照） | 整理日期 2026-09,medium
SANGJIAJING-P0213-R-01,SANGJIAJING,213,R,1,弯,,ZO's vi31 vi31 Z.OSS 12ab,failed,0.33,3,我 穿 我 穿 披,自 我戴穿披,UNKNOWN,扫描 OCR + IPA 锚点版面解析（四行对照） | 整理日期 2026-09,medium
SANGJIAJING-P0213-R-02,SANGJIAJING,213,R,2,效 介 3,,A55 ai2i dlu21 ky.ss,failed,0.33,3,麻 秆 断 枝,麻 秆 断 成 叉,UNKNOWN,扫描 OCR + IPA 锚点版面解析（四行对照） | 整理日期 2026-09,medium
SANGJIAJING-P0213-R-03,SANGJIAJING,213,R,3,A 勾 3=,tho²¹ li2li2 dze³¹ no²¹ no²¹,tho21 1212 dze31 no²1 no²1,suspect,0.75,4,纸 张 垂 细 细,成 条 纸 帽 破,UNKNOWN,扫描 OCR + IPA 锚点版面解析（四行对照） | 整理日期 2026-09,medium
SANGJIAJING-P0213-R-04,SANGJIAJING,213,R,4,7 3 24 口,si⁴⁴ si³³ np ⁵⁵ ²¹ dlu²¹ mx,si44 si33 np 55 21 dlu21 mX,suspect,0.50,6,黄 断 栗 箭 弓,黄栗 箭 奇弓断,UNKNOWN,扫描 OCR + IPA 锚点版面解析（四行对照） | 整理日期 2026-09,medium
SANGJIAJING-P0213-R-05,SANGJIAJING,213,R,5,4斑 %,a²¹ tce⁴⁴ tshi⁴⁴ nɒss,A21 tce44 tshi44 nDSs,ok,1.00,4,箭 麻 箭 弦 断,箭麻箭弦断,UNKNOWN,扫描 OCR + IPA 锚点版面解析（四行对照） | 整理日期 2026-09,medium
SANGJIAJING-P0214-L-01,SANGJIAJING,214,L,1,主,,AS5 khD21 np 55 dlu21,failed,0.33,3,蒿枝 箭 杆 断,蒿枝 箭 杆 断,UNKNOWN,扫描 OCR + IPA 锚点版面解析（四行对照） | 整理日期 2026-09,medium
SANGJIAJING-P0214-L-02,SANGJIAJING,214,L,2,T ?,q⁰⁴ li⁰⁴4 fa⁴⁴ khɒ²¹ ⁴⁴ ne,q04 1044 fa44 khp21 44 ne,suspect,0.67,6,戴 帽 筛子 眼,帽 破 成 筛 眼,UNKNOWN,扫描 OCR + IPA 锚点版面解析（四行对照） | 整理日期 2026-09,medium
SANGJIAJING-P0214-L-03,SANGJIAJING,214,L,3,T 全 每,q⁰⁴4 q⁰⁴4 sɒ²¹ qe³¹ mu³³,q044 q044 SD21 qe31 mu33,suspect,0.60,5,戴 找 戴 赶 做,赶程去寻 帽,UNKNOWN,扫描 OCR + IPA 锚点版面解析（四行对照） | 整理日期 2026-09,medium
SANGJIAJING-P0214-R-01,SANGJIAJING,214,R,1,田 电九,tsh³³ tur³³ ng³³ tshi³³,tsh;33 tur33 ng33 tshi33,suspect,0.50,4,不 到 地 也 到,到 处 去 访,UNKNOWN,扫描 OCR + IPA 锚点版面解析（四行对照） | 整理日期 2026-09,medium
SANGJIAJING-P0214-R-02,SANGJIAJING,214,R,2,效,a³³ tsi³³ tsh³³ lur³³ kuuss,A33 tsi33 tsh;33 lur33 kuuss,ok,0.80,5,阿 勒 匠 院 到,寻 到 阿 勒 匠,UNKNOWN,扫描 OCR + IPA 锚点版面解析（四行对照） | 整理日期 2026-09,medium
SANGJIAJING-P0214-R-03,SANGJIAJING,214,R,3,效 司 飞 住 日,a³³ lu³³ kus tsi³³ li⁰³3,A33 lu33 ku's tsi33 1033,suspect,0.75,4,阿 勒 匠 院 处,阿 勒 工 匠 屋,UNKNOWN,扫描 OCR + IPA 锚点版面解析（四行对照） | 整理日期 2026-09,medium
SANGJIAJING-P0214-R-04,SANGJIAJING,214,R,4,Z ?,q⁰⁴4 li⁰⁴4 ku³³ t tsh³³,q044 1044 ku33 t tsh33,suspect,0.50,4,九十九 戴 帽,帽 子 九 十九,UNKNOWN,扫描 OCR + IPA 锚点版面解析（四行对照） | 整理日期 2026-09,medium
SANGJIAJING-P0214-R-05,SANGJIAJING,214,R,5,T A 田,q⁰⁴4 bu³³ 4u³³ mɒ²¹,q044 bu33 4u33 mp21,suspect,0.50,4,帽 顶 银 不 抹,帽顶没封银,UNKNOWN,扫描 OCR + IPA 锚点版面解析（四行对照） | 整理日期 2026-09,medium
SANGJIAJING-P0215-L-01,SANGJIAJING,215,L,1,3 田,q⁰⁴4 bɒ²¹ si³³ mɒ²¹ dzi³³,q044 bD21 si33 mp21 dz133,ok,0.80,5,帽 边 金 不 晃,帽 叶 没 上 金,UNKNOWN,扫描 OCR + IPA 锚点版面解析（四行对照） | 整理日期 2026-09,medium
SANGJIAJING-P0215-L-02,SANGJIAJING,215,L,2,T ? # 每,0yb li⁰⁴4 dɒ³³ tsi³³ mu,0yb 1044 dD33 ts133 mu,suspect,0.75,4,戴 帽 剩 的 成,制 帽 未 完 工,UNKNOWN,扫描 OCR + IPA 锚点版面解析（四行对照） | 整理日期 2026-09,medium
SANGJIAJING-P0215-L-03,SANGJIAJING,215,L,3,π 田,dzi²¹ pu q⁰⁴4 mɒ 3g ⁰³3,dzi21 pu q044 mD 3G 033,suspect,0.67,3,官 反 帽 不 是,不 官 帽 是 反,UNKNOWN,扫描 OCR + IPA 锚点版面解析（四行对照） | 整理日期 2026-09,medium
SANGJIAJING-P0215-L-04,SANGJIAJING,215,L,4,田,,muss o.b h44 mp 21 33 ne,failed,0.25,4,将 反 帽 不 是,不 是 反 将 帽,UNKNOWN,扫描 OCR + IPA 锚点版面解析（四行对照） | 整理日期 2026-09,medium
SANGJIAJING-P0215-L-05,SANGJIAJING,215,L,5,π 九 效 必,dzi²¹ a³³ tsi³³ tsi³³,dzi21 A33 tsi33 tsi33,ok,1.00,4,州 官 也 阿 支,州官之 阿 支,UNKNOWN,扫描 OCR + IPA 锚点版面解析（四行对照） | 整理日期 2026-09,medium
SANGJIAJING-P0215-R-01,SANGJIAJING,215,R,1,π 配,dzi²¹ a³³ noss,dzi21 A33 noss,ok,1.00,3,13 哦 县 官 找 阿,县 官 品 N 阿 哦,UNKNOWN,扫描 OCR + IPA 锚点版面解析（四行对照） | 整理日期 2026-09,medium
SANGJIAJING-P0215-R-02,SANGJIAJING,215,R,2,琴 效 A,,siss A33 lu21 ne4. tsj33,failed,0.33,3,书 看 知 阿 鲁,师 爷 之 阿 鲁,UNKNOWN,扫描 OCR + IPA 锚点版面解析（四行对照） | 整理日期 2026-09,medium
SANGJIAJING-P0215-R-03,SANGJIAJING,215,R,3,7 面 π Z,,si33 Z.0's V133 su's dzi21,failed,0.33,3,我 家 三 官 主,我 们 官 人 三,UNKNOWN,扫描 OCR + IPA 锚点版面解析（四行对照） | 整理日期 2026-09,medium
SANGJIAJING-P0215-R-04,SANGJIAJING,215,R,4,田 与,,q044 bp² mu33 21 di31 mp,failed,0.20,5,帽 边 做 不 行,不 能 做 帽 叶,UNKNOWN,扫描 OCR + IPA 锚点版面解析（四行对照） | 整理日期 2026-09,medium
SANGJIAJING-P0216-L-01,SANGJIAJING,216,L,1,田,tshi³³ tsi³³ mɒ²¹ zi³³ ɒe³³,tshi33 tsi33 mD²1 zi33 De3,ok,1.00,5,鹿 皮 是 不 呢,不 是 花 鹿 皮,UNKNOWN,扫描 OCR + IPA 锚点版面解析（四行对照） | 整理日期 2026-09,medium
SANGJIAJING-P0216-L-02,SANGJIAJING,216,L,2,田,1ɒ³³ tsi³³ mp ²¹ ɒe³³,1D33 tsi33 mp 21 De33,suspect,0.50,4,獐 皮 不 是 呢,不 是 獐 子 皮,UNKNOWN,扫描 OCR + IPA 锚点版面解析（四行对照） | 整理日期 2026-09,medium
SANGJIAJING-P0216-L-03,SANGJIAJING,216,L,3,田 T 7K,q⁰⁴4 na ³¹ tce mp ²¹ mu³³,q044 na 31 tce mp 21 mu33,suspect,0.75,4,帽 缝 线 不 做,不 做 缝 帽 线,UNKNOWN,扫描 OCR + IPA 锚点版面解析（四行对照） | 整理日期 2026-09,medium
SANGJIAJING-P0216-L-04,SANGJIAJING,216,L,4,π 田 国,dzi²¹ ³³ ɛend,dzi21 33 Eend,suspect,0.67,3,豪猪 刺 不 是 呢,不 是 豪 猪 刺,UNKNOWN,扫描 OCR + IPA 锚点版面解析（四行对照） | 整理日期 2026-09,medium
SANGJIAJING-P0216-R-01,SANGJIAJING,216,R,1,7 20 田发,q⁰⁴ na ³¹ mɒ²¹ mu³³,q0*4 na 31 mD21 mu33,suspect,0.75,4,帽 缝 针 不 做,不 做 缝 帽 针,UNKNOWN,扫描 OCR + IPA 锚点版面解析（四行对照） | 整理日期 2026-09,medium
SANGJIAJING-P0216-R-02,SANGJIAJING,216,R,2,π 效 配,dzi²¹ a³³ si³³,dzi21 A33 S133,ok,1.00,3,县 官 找 阿 哦,县 官 之 阿 哦,UNKNOWN,扫描 OCR + IPA 锚点版面解析（四行对照） | 整理日期 2026-09,medium
SANGJIAJING-P0216-R-03,SANGJIAJING,216,R,3,举 效,siss ne ⁴⁴ tsi³³ a³³ lu²¹,siss ne 44 tsi33 A33 lu21,suspect,0.75,4,书 看 知 阿 鲁,师 之 阿 鲁 父,UNKNOWN,扫描 OCR + IPA 锚点版面解析（四行对照） | 整理日期 2026-09,medium
SANGJIAJING-P0216-R-04,SANGJIAJING,216,R,4,必 π 九 效,tsi³³ dzi²¹ nae a³³ tsi³³,tsi33 dzi21 nae A33 tsi33,ok,1.00,4,州 官 也 阿 支,州 官 之 阿 支,UNKNOWN,扫描 OCR + IPA 锚点版面解析（四行对照） | 整理日期 2026-09,medium
SANGJIAJING-P0216-R-05,SANGJIAJING,216,R,5,面 π Z,zɔ ⁵⁵ su ⁵⁵ dzi²¹ si³³ ʊ³³,Z.O 55 su 55 dzi21 si33 V33,ok,0.80,5,我 家 三 司 主,我 们 三 官人,UNKNOWN,扫描 OCR + IPA 锚点版面解析（四行对照） | 整理日期 2026-09,medium
SANGJIAJING-P0217-L-01,SANGJIAJING,217,L,1,3 办 正 G 不,si³³ tshi²¹ ³³ si²¹ as zɔss,si33 tshi21 33 s121 as ZOSS,suspect,0.60,5,猎 狗 找 要 还,尚 需 寻 猎 狗,UNKNOWN,扫描 OCR + IPA 锚点版面解析（四行对照） | 整理日期 2026-09,medium
SANGJIAJING-P0217-L-02,SANGJIAJING,217,L,2,了 yf,si³³ tshi²¹ sɒ ³³ do⁴⁴ l³³,si33 tshi21 SD 33 do44 l;33,ok,0.80,5,猎 狗 找 出 来,出 门 寻 猎 狗,UNKNOWN,扫描 OCR + IPA 锚点版面解析（四行对照） | 整理日期 2026-09,medium
SANGJIAJING-P0217-L-03,SANGJIAJING,217,L,3,田 电 日,,tsh;33 twr 1033 tsh;33,failed,0.00,3,不 到 地 方 到,遍 地 去 寻 找,UNKNOWN,扫描 OCR + IPA 锚点版面解析（四行对照） | 整理日期 2026-09,medium
SANGJIAJING-P0217-L-04,SANGJIAJING,217,L,4,7 世庄 N.,tsi³³ tsh³³ te³³ ³⁰4 tsur3,tsi3 tsh;33 te33 304 tsur3,suspect,0.60,5,当 演者 资 到,到当演者资,UNKNOWN,扫描 OCR + IPA 锚点版面解析（四行对照） | 整理日期 2026-09,medium
SANGJIAJING-P0217-R-01,SANGJIAJING,217,R,1,7,,"33 h21 t033 ms tsj33 p""D",failed,0.20,5,当 演 者 资 帕,当 演 者 资 帕,UNKNOWN,扫描 OCR + IPA 锚点版面解析（四行对照） | 整理日期 2026-09,medium
SANGJIAJING-P0217-R-02,SANGJIAJING,217,R,2,开 2,tshi²¹ li³³ ne2i nu³³ ho³³,tshi21 li33 ne²i nu33 ho33,suspect,0.75,4,狗 好 你 来 养,你 养 好 猎 狗,UNKNOWN,扫描 OCR + IPA 锚点版面解析（四行对照） | 整理日期 2026-09,medium
SANGJIAJING-P0217-R-03,SANGJIAJING,217,R,3,Z4 办 2,ni³³ tshi²¹ np ³³ li³³ sag,ni33 tshi21 np 33 li33 saG,ok,0.80,5,你 狗 我 借 来,猎 狗 借 给 我,UNKNOWN,扫描 OCR + IPA 锚点版面解析（四行对照） | 整理日期 2026-09,medium
SANGJIAJING-P0217-R-04,SANGJIAJING,217,R,4,A 国,,44 33 ne33 dzD21 pe ne33 3G,failed,0.33,6,美 吃 伴 也 是,亦是美食伴,UNKNOWN,扫描 OCR + IPA 锚点版面解析（四行对照） | 整理日期 2026-09,medium
SANGJIAJING-P0218-L-01,SANGJIAJING,218,L,1,Z ZZL,,si21 tsiss tsho21 33 3G,failed,0.25,4,走 喝 伴 也 是,又 是 喝 酒 伴,UNKNOWN,扫描 OCR + IPA 锚点版面解析（四行对照） | 整理日期 2026-09,medium
SANGJIAJING-P0218-L-02,SANGJIAJING,218,L,2,住,te³³ ze ⁴⁴ ms tsi³³ pɒ h²¹,"te33 ze 44 ms tsi33 p""D h21",ok,1.00,4,当 演 者 资 帕,帕 原 演 者 资,UNKNOWN,扫描 OCR + IPA 锚点版面解析（四行对照） | 整理日期 2026-09,medium
SANGJIAJING-P0218-L-03,SANGJIAJING,218,L,3,用 年 WI 云,si⁵⁵ s thi2i dzu³³ nɒ³³ ɒɒss,si5s th12i dzu33 np33 DDss,suspect,0.75,4,首 先 一 对 借,先 借 给 一 对,UNKNOWN,扫描 OCR + IPA 锚点版面解析（四行对照） | 整理日期 2026-09,medium
SANGJIAJING-P0218-R-01,SANGJIAJING,218,R,1,办 A 分 妙弘,tshi²¹ 4u³³ mzp ⁵⁵ zɒ ag,tshi21 4u33 mzp 55 ZD aG,suspect,0.50,4,狗 白 小 对 借,借 一 对 白 狗,UNKNOWN,扫描 OCR + IPA 锚点版面解析（四行对照） | 整理日期 2026-09,medium
SANGJIAJING-P0218-R-02,SANGJIAJING,218,R,2,WI,thi²¹ ⁵⁵ li³³ mzp np do ⁴⁴,th121 55 li33 mzp np do 44,suspect,0.75,4,一 对 借 出 来,借 得 — 对 来,UNKNOWN,扫描 OCR + IPA 锚点版面解析（四行对照） | 整理日期 2026-09,medium
SANGJIAJING-P0218-R-03,SANGJIAJING,218,R,3,了 目,te³³ ⁸⁰³¹ te³³ tche,te33 8031 te33 tche,suspect,0.75,4,山 脚 山 上 转,追 猎 山 林 间,UNKNOWN,扫描 OCR + IPA 锚点版面解析（四行对照） | 整理日期 2026-09,medium
SANGJIAJING-P0218-R-04,SANGJIAJING,218,R,4,号 3,he⁴⁴ si³³ he dzɒ2 tsh²¹,he44 si33 he dzD² tsh21,suspect,0.67,3,兽 猎 狗 兽 吃,猎 获 便 吃 掉⑧,UNKNOWN,扫描 OCR + IPA 锚点版面解析（四行对照） | 整理日期 2026-09,medium
SANGJIAJING-P0218-R-05,SANGJIAJING,218,R,5,3 办 田,si³³ tshi²¹ ²¹ ³³ 1ɒ³³ mp ne,si33 tshi21 21 33 1D3 mp ne,suspect,0.50,6,猎 狗 不 是 啊,此非好 猎狗,UNKNOWN,扫描 OCR + IPA 锚点版面解析（四行对照） | 整理日期 2026-09,medium
SANGJIAJING-P0219-L-01,SANGJIAJING,219,L,1,Z 分,tshi²¹ phe³³ niss ne ⁴⁴ zɒ1,tsh121 phe33 niss ne 44 ZD1,suspect,0.75,4,狗 灰 嘴 黑 小,黑 嘴 灰 狗 毛,UNKNOWN,扫描 OCR + IPA 锚点版面解析（四行对照） | 整理日期 2026-09,medium
SANGJIAJING-P0219-L-02,SANGJIAJING,219,L,2,nI,th²¹ emzp np ⁵⁵ do⁴⁴ 1i³³,th21 emzp np 55 do44 1i33,suspect,0.50,4,一 对 借 出 来,借 一 对 过 来,UNKNOWN,扫描 OCR + IPA 锚点版面解析（四行对照） | 整理日期 2026-09,medium
SANGJIAJING-P0219-L-03,SANGJIAJING,219,L,3,田 电 九,,mp² tshi33 tur ne 33 tshi33,failed,0.33,3,不 到 地 也 到,到 处 去 狩 猎,UNKNOWN,扫描 OCR + IPA 锚点版面解析（四行对照） | 整理日期 2026-09,medium
SANGJIAJING-P0219-L-04,SANGJIAJING,219,L,4,O,,"31 h:33 mx 44 yo mx 44 3.51 h.33 ts""r",failed,0.29,7,湖 边 湖 上 到,狩 猎 到 湖 边,UNKNOWN,扫描 OCR + IPA 锚点版面解析（四行对照） | 整理日期 2026-09,medium
SANGJIAJING-P0219-R-01,SANGJIAJING,219,R,1,3 D 严办,,55 si33 dzp² tshj21 pp,failed,0.25,4,蛙 猎 蛙 吃 狗,猎 狗 抓 蛙 吃,UNKNOWN,扫描 OCR + IPA 锚点版面解析（四行对照） | 整理日期 2026-09,medium
SANGJIAJING-P0219-R-02,SANGJIAJING,219,R,2,3 田 国,si³³ tshi²¹ g³³ mɒ²¹ ɒe³³,si33 tshi21 G33 mD21 De33,ok,0.80,5,犀牛 猎 不 是 狗,此 非 猎 狗 犀,UNKNOWN,扫描 OCR + IPA 锚点版面解析（四行对照） | 整理日期 2026-09,medium
SANGJIAJING-P0219-R-03,SANGJIAJING,219,R,3,WI,,th121 mzp 55 do44 1i33 np,failed,0.40,5,一 对 借 出 来,借 过 一 对 来,UNKNOWN,扫描 OCR + IPA 锚点版面解析（四行对照） | 整理日期 2026-09,medium
SANGJIAJING-P0219-R-04,SANGJIAJING,219,R,4,办 开办 分,,"tsh21 tsh;21 21 ,mG 21 ne 44 ZD",failed,0.33,6,狗 好 狗 黑 小,对 俊 無黑 狗,UNKNOWN,扫描 OCR + IPA 锚点版面解析（四行对照） | 整理日期 2026-09,medium
SANGJIAJING-P0220-L-01,SANGJIAJING,220,L,1,九 了 办,kh³³ si³³ tshi²¹ ³³ ng³³ ne,"kh,33 si33 tshi21 33 ng33 ne",suspect,0.50,6,它 也 猎 狗 是,它 是 好 猎 狗,UNKNOWN,扫描 OCR + IPA 锚点版面解析（四行对照） | 整理日期 2026-09,medium
SANGJIAJING-P0220-L-02,SANGJIAJING,220,L,2,3 yf 国 九 分 日,tshi²¹ si³³ ne ³³ yɒ ³³,tshi21 si33 ne 33 yD 33,ok,1.00,4,猎 狗 借 也 得,猎 借 了 狗 到,UNKNOWN,扫描 OCR + IPA 锚点版面解析（四行对照） | 整理日期 2026-09,medium
SANGJIAJING-P0220-L-03,SANGJIAJING,220,L,3,必 π 九 效,,t51j33 dzi²1 A33 ng33 6133,failed,0.33,6,州 也 阿 支 官,州 官 之 阿 支,UNKNOWN,扫描 OCR + IPA 锚点版面解析（四行对照） | 整理日期 2026-09,medium
SANGJIAJING-P0220-L-04,SANGJIAJING,220,L,4,π 全 效 配,dzi²¹ sɒ ³³ a³³ ɒos,dzi21 SD 33 A33 Do's,ok,1.00,4,县 官 找 阿 哦,县 官 之 阿 哦,UNKNOWN,扫描 OCR + IPA 锚点版面解析（四行对照） | 整理日期 2026-09,medium
SANGJIAJING-P0220-L-05,SANGJIAJING,220,L,5,驰 效,si⁵⁵ tsi³³ a³³ lu²¹,si55 tsi33 A33 lu²1,ok,1.00,4,书 看 知 阿 鲁,师 爷之 阿 鲁,UNKNOWN,扫描 OCR + IPA 锚点版面解析（四行对照） | 整理日期 2026-09,medium
SANGJIAJING-P0220-R-01,SANGJIAJING,220,R,1,3 3 w,si³³ ⁴⁴ si³³ me he⁴⁴ tsiss,si33 44 si33 me he44 tsiss,suspect,0.60,5,猎 兵 猎 人 备,邀 约 猎 人 狗,UNKNOWN,扫描 OCR + IPA 锚点版面解析（四行对照） | 整理日期 2026-09,medium
SANGJIAJING-P0220-R-02,SANGJIAJING,220,R,2,A 日,ʊɒ ²¹ 4u³³ tche³³ li⁰³3 bu²¹,VD? 21 4u33 tche33 1033 bu21,suspect,0.60,5,网 白 背 处 背,猎 网 背 上 背,UNKNOWN,扫描 OCR + IPA 锚点版面解析（四行对照） | 整理日期 2026-09,medium
SANGJIAJING-P0220-R-03,SANGJIAJING,220,R,3,卉 日 +,²¹ tu³³ le³¹ li⁰³3 tu⁴⁴ ʊɒ,21 tu33 le31 1033 tu44 VD,suspect,0.67,6,网 桩 手 处 握,网 桩 手 中 拿,UNKNOWN,扫描 OCR + IPA 锚点版面解析（四行对照） | 整理日期 2026-09,medium
SANGJIAJING-P0220-R-04,SANGJIAJING,220,R,4,田 电 日,,tsh;33 tsh;33 mp 21 tur33 1033,failed,0.40,5,不 到 地 方 地,到 处 去狩 猎,UNKNOWN,扫描 OCR + IPA 锚点版面解析（四行对照） | 整理日期 2026-09,medium
SANGJIAJING-P0221-L-01,SANGJIAJING,221,L,1,h 至,,"tsh,33 ni21 tsh:33 433",failed,0.25,4,十 二 林 大 到,来 到 山 林 中,UNKNOWN,扫描 OCR + IPA 锚点版面解析（四行对照） | 整理日期 2026-09,medium
SANGJIAJING-P0221-L-02,SANGJIAJING,221,L,2,A,,VD21 4u33 pho²1 1D33 te33,failed,0.40,5,网 白 铺 了 支,铺 理 好 猎 网,UNKNOWN,扫描 OCR + IPA 锚点版面解析（四行对照） | 整理日期 2026-09,medium
SANGJIAJING-P0221-L-03,SANGJIAJING,221,L,3,卉号 了,,VD 21 tu33 1D33 tg33,failed,0.25,4,网 桩 钉 了 支,钉 稳 了 网 桩,UNKNOWN,扫描 OCR + IPA 锚点版面解析（四行对照） | 整理日期 2026-09,medium
SANGJIAJING-P0221-L-04,SANGJIAJING,221,L,4,4 &,,4u33 33 1D33 q044 VD21 mb,failed,0.00,6,网 白 拾 了 盖,猎 网 挂 网 桩,UNKNOWN,扫描 OCR + IPA 锚点版面解析（四行对照） | 整理日期 2026-09,medium
SANGJIAJING-P0221-L-05,SANGJIAJING,221,L,5,了 九科 毛,si³³ tshi²¹ de²¹ ⁴³3 t4ur³³,si33 tshi21 de21 433 t4ur33,suspect,0.60,5,猎狗 赶 林 人,吆狗人山林,UNKNOWN,扫描 OCR + IPA 锚点版面解析（四行对照） | 整理日期 2026-09,medium
SANGJIAJING-P0221-R-01,SANGJIAJING,221,R,1,3 九孔 ZI 3=,si³³ tshi²¹ dzɒ ²¹ ni²¹ n1i,si33 tshi21 dzD 21 ni²1 n1i,ok,0.80,5,猎 狗 吠,猎 狗 吠,UNKNOWN,扫描 OCR + IPA 锚点版面解析（四行对照） | 整理日期 2026-09,medium
SANGJIAJING-P0221-R-02,SANGJIAJING,221,R,2,3 □3=,si³³ de⁵⁵ s qhu2lthu³³ thu³³,si33 de5s qhu²lthu33 thu33,suspect,0.75,4,猎 伙子 声,猎 人 吆 喝 喝,UNKNOWN,扫描 OCR + IPA 锚点版面解析（四行对照） | 整理日期 2026-09,medium
SANGJIAJING-P0221-R-03,SANGJIAJING,221,R,3,77 ? 7科,dzj²¹ li⁰⁴ li⁰⁴4 de²¹,dzj21 104 1044 de21,suspect,0.75,4,铜 锣 响 锣 打,敲 铜 锣 壮 声,UNKNOWN,扫描 OCR + IPA 锚点版面解析（四行对照） | 整理日期 2026-09,medium
SANGJIAJING-P0221-R-04,SANGJIAJING,221,R,4,70 分 采,tshi³³ kha⁴⁴ li0 4 ³³ ne,tshi33 kha44 10 4 33 ne,ok,1.00,4,枪 的 锡 锣 响,锡 锣 似 枪 响?,UNKNOWN,扫描 OCR + IPA 锚点版面解析（四行对照） | 整理日期 2026-09,medium
SANGJIAJING-P0221-R-05,SANGJIAJING,221,R,5,田 Z 九,si³³ nae mɒ²¹ do⁴⁴ ³³ do⁴⁴,si33 nae mD21 do44 33 do44,suspect,0.60,5,不 出 别人 也 出,兽物 J非全 出,UNKNOWN,扫描 OCR + IPA 锚点版面解析（四行对照） | 整理日期 2026-09,medium
SANGJIAJING-P0222-L-01,SANGJIAJING,222,L,1,分,,"1D33 h33 21 dzu33 do 44 p""e ZD",failed,0.33,6,獐 灰 小 对 出,出 一 对 灰 獐,UNKNOWN,扫描 OCR + IPA 锚点版面解析（四行对照） | 整理日期 2026-09,medium
SANGJIAJING-P0222-L-02,SANGJIAJING,222,L,2,日 年,,pur tce 33 pu 1o21 kD33,failed,0.33,3,山 梁 山 凹 过,獐 跑 山 梁 凹,UNKNOWN,扫描 OCR + IPA 锚点版面解析（四行对照） | 整理日期 2026-09,medium
SANGJIAJING-P0222-L-03,SANGJIAJING,222,L,3,日,pu³³ thi²¹ tce ³³ li⁰³3 1i³³,pu33 thi21 tce 33 1033 1i33,ok,0.80,5,山 处 梁 处 来,山 林 岭 梁 处,UNKNOWN,扫描 OCR + IPA 锚点版面解析（四行对照） | 整理日期 2026-09,medium
SANGJIAJING-P0222-L-04,SANGJIAJING,222,L,4,Z470 日,,"tsh33 tsh:33 1033 h33 ts""D",failed,0.40,5,网 十 张 处 擦,擦 过 十 张 网,UNKNOWN,扫描 OCR + IPA 锚点版面解析（四行对照） | 整理日期 2026-09,medium
SANGJIAJING-P0222-L-05,SANGJIAJING,222,L,5,WI 70 日 2,thi²¹ tshi³³ li³³ li³³ ʊɒ³³,th121 tshi33 li33 li33 VD3,ok,0.80,5,网 一 张 来 来,撞 上 一 张 网,UNKNOWN,扫描 OCR + IPA 锚点版面解析（四行对照） | 整理日期 2026-09,medium
SANGJIAJING-P0222-R-01,SANGJIAJING,222,R,1,飞WI 日,,th12i tch33 no 4 1033,failed,0.00,2,那 一 眼 处 通,独 一 网 眼 散,UNKNOWN,扫描 OCR + IPA 锚点版面解析（四行对照） | 整理日期 2026-09,medium
SANGJIAJING-P0222-R-02,SANGJIAJING,222,R,2,金 弯,k⁰³3 le³¹ dess li³³ li⁰³3,k033 le31 dess li33 1033,suspect,0.50,4,快 手 伙子 来 拦,敏 捷 者 堵 拦,UNKNOWN,扫描 OCR + IPA 锚点版面解析（四行对照） | 整理日期 2026-09,medium
SANGJIAJING-P0222-R-03,SANGJIAJING,222,R,3,分 4 7科,,21 21 dess 1i33 de21 XD,failed,0.40,5,力 大 伙子 来 打,力 大 者 棒 打,UNKNOWN,扫描 OCR + IPA 锚点版面解析（四行对照） | 整理日期 2026-09,medium
SANGJIAJING-P0222-R-04,SANGJIAJING,222,R,4,科 开 与 ZX,ni²¹ de²¹ ne2l ti³³ sɔs,ni21 de21 ne²l t133 SOS,suspect,0.75,4,打 具 两 轮 叉,棍 棒轮番举,UNKNOWN,扫描 OCR + IPA 锚点版面解析（四行对照） | 整理日期 2026-09,medium
SANGJIAJING-P0223-L-01,SANGJIAJING,223,L,1,7 开 与,si4 ne²¹ ni²¹ 1e³³ tshi³³,Si4 ne21 ni²1 1e33 tshi33,suspect,0.50,4,木 好 二 圆 砧,佳 木 作 砧 板,UNKNOWN,扫描 OCR + IPA 锚点版面解析（四行对照） | 整理日期 2026-09,medium
SANGJIAJING-P0223-L-02,SANGJIAJING,223,L,2,正 Az,mo2l tch³³ li³³ ne4,mo²l tch33 li33 ne4,suspect,0.67,3,老 请 美 来 看,请 老 者 主 持,UNKNOWN,扫描 OCR + IPA 锚点版面解析（四行对照） | 整理日期 2026-09,medium
SANGJIAJING-P0223-L-03,SANGJIAJING,223,L,3,3 3 办,si³³ si⁵⁵ si³³ tshi²¹ to³³,si33 si55 si33 tshi21 to33,ok,1.00,5,兽 血 猎 狗 喝,兽 血 喂 猎 狗,UNKNOWN,扫描 OCR + IPA 锚点版面解析（四行对照） | 整理日期 2026-09,medium
SANGJIAJING-P0223-L-04,SANGJIAJING,223,L,4,3 %,si³³ xɒ1 si³³ z⁰³3 fi³³,si33 XD1 si33 Z033 fi33,suspect,0.50,4,兽 肉 猎 人 分,兽 肉 分 猎 人,UNKNOWN,扫描 OCR + IPA 锚点版面解析（四行对照） | 整理日期 2026-09,medium
SANGJIAJING-P0223-R-01,SANGJIAJING,223,R,1,开 每 飞,tsh³³ tsi³³ mu ³³ ʊi³³,tsh:33 tsi33 mu 33 VI33,suspect,0.50,4,麂子 皮 好 的 拿,拿 起 花 鹿 皮,UNKNOWN,扫描 OCR + IPA 锚点版面解析（四行对照） | 整理日期 2026-09,medium
SANGJIAJING-P0223-R-02,SANGJIAJING,223,R,2,π 九 效,tsi³³ dzi²¹ a³³ ne³³,tsi33 dzi21 A33 ne33,ok,1.00,4,州 官 也 阿 支,州 官 N 阿 支,UNKNOWN,扫描 OCR + IPA 锚点版面解析（四行对照） | 整理日期 2026-09,medium
SANGJIAJING-P0223-R-03,SANGJIAJING,223,R,3,4 日,³³ tchg1 ʊɒ 4u³³ li⁰³3 bu²¹,33 tchg1 VD 4u33 1033 bu21,suspect,0.50,4,网 白 背 处 背,猎 网 背 上 背,UNKNOWN,扫描 OCR + IPA 锚点版面解析（四行对照） | 整理日期 2026-09,medium
SANGJIAJING-P0223-R-04,SANGJIAJING,223,R,4,日 十,ʊɒ ²¹ tu³³ le³¹ li⁰³3 tu⁴⁴,VD 21 tu33 le31 1033 tu44,ok,0.80,5,网 桩 手 处 握,网 桩 手中 握,UNKNOWN,扫描 OCR + IPA 锚点版面解析（四行对照） | 整理日期 2026-09,medium
SANGJIAJING-P0223-R-05,SANGJIAJING,223,R,5,3 九73,si³³ tshi²¹ mbmb ²¹,"si33 tshi21 mb,mb 21",suspect,0.67,3,猎 狗 诱 惑 领,诱领 着猎 狗,UNKNOWN,扫描 OCR + IPA 锚点版面解析（四行对照） | 整理日期 2026-09,medium
SANGJIAJING-P0224-L-01,SANGJIAJING,224,L,1,,tsho²¹ si²¹ tsho²¹ mu³³,tsho21 si21 tsho21 mu33,ok,1.00,4,伴 走 伴 走 做,结 伴 上 路 程,UNKNOWN,扫描 OCR + IPA 锚点版面解析（四行对照） | 整理日期 2026-09,medium
SANGJIAJING-P0224-L-02,SANGJIAJING,224,L,2,田 电九,,"h:33 ng33 tsh:33 mp""ts""i 21",failed,0.25,4,不 到 地 也 到,到 处 找 猎 场,UNKNOWN,扫描 OCR + IPA 锚点版面解析（四行对照） | 整理日期 2026-09,medium
SANGJIAJING-P0224-L-03,SANGJIAJING,224,L,3,ZZ 分,he³¹ 1o²¹ ness tsh³³,he31 1o21 ness tsh:33,suspect,0.67,3,八 凹 深 处 到,至 深 山 密 林,UNKNOWN,扫描 OCR + IPA 锚点版面解析（四行对照） | 整理日期 2026-09,medium
SANGJIAJING-P0224-L-04,SANGJIAJING,224,L,4,日 田,,"33 4u33 h44 21 VD ts"""""" mp ne",failed,0.00,5,网 白 插 不 是,猎网 二 难 自 支,UNKNOWN,扫描 OCR + IPA 锚点版面解析（四行对照） | 整理日期 2026-09,medium
SANGJIAJING-P0224-L-05,SANGJIAJING,224,L,5,卉生 又,ʊɒ ³³ tsh⁸⁴4 tu³³ iɒ³³ tɒss,VD 33 tsh844 tu33 ID33 tDSs,suspect,0.60,5,网 桩 插 了 搁,网桩插稳实,UNKNOWN,扫描 OCR + IPA 锚点版面解析（四行对照） | 整理日期 2026-09,medium
SANGJIAJING-P0224-R-01,SANGJIAJING,224,R,1,3 A W,,4u133 qho21 1D33 tsh33 VD,failed,0.20,5,网 白 铺 了 下,猪 网 铺 挂 上,UNKNOWN,扫描 OCR + IPA 锚点版面解析（四行对照） | 整理日期 2026-09,medium
SANGJIAJING-P0224-R-02,SANGJIAJING,224,R,2,3 办,tshi²¹ tho³³ tsh³³ 1o²¹,tshi21 tho33 tsh33 1o21,suspect,0.50,4,猎 狗 底 下,猎 狗 人 山 阱,UNKNOWN,扫描 OCR + IPA 锚点版面解析（四行对照） | 整理日期 2026-09,medium
SANGJIAJING-P0224-R-03,SANGJIAJING,224,R,3,了 九孔 ZI 3=,tshi2 tsɒ²¹ ni²¹ ni²¹,tshi2! tSD21 ni²1 ni21,suspect,0.67,3,猎 狗 吠 汪 汪,猎 狗 吠 汪 汪,UNKNOWN,扫描 OCR + IPA 锚点版面解析（四行对照） | 整理日期 2026-09,medium
SANGJIAJING-P0224-R-04,SANGJIAJING,224,R,4,与#口3: 3,³³ si³³ deskhu³³ thu³³ thu³³,33 si33 deskhu33thu33thu33,suspect,0.60,5,伙子声 猎,猎 人 日 吆 喝 急,UNKNOWN,扫描 OCR + IPA 锚点版面解析（四行对照） | 整理日期 2026-09,medium
SANGJIAJING-P0224-R-05,SANGJIAJING,224,R,5,田 Z 九 五,²¹ si³³ mp do⁴⁴ ne³³ do⁴⁴,21 si33 mp do44 ne33 do44,ok,0.80,5,不 出 别人 也 也,野 子兽非全出,UNKNOWN,扫描 OCR + IPA 锚点版面解析（四行对照） | 整理日期 2026-09,medium
SANGJIAJING-P0225-L-01,SANGJIAJING,225,L,1,光 主 勿,nu ³³ dlo²¹ tsu do⁴⁴,nu 33 dlo21 tsu do44,suspect,0.67,3,野猎 小 对 出,出 一 对 野 猪,UNKNOWN,扫描 OCR + IPA 锚点版面解析（四行对照） | 整理日期 2026-09,medium
SANGJIAJING-P0225-L-02,SANGJIAJING,225,L,2,WI 日 2,pur³³ thi³³ tee li⁰³3 li³³,pur33 thi33 tee 1033 li33,suspect,0.75,4,山 处 梁 处 来,处 追 至 岭 梁,UNKNOWN,扫描 OCR + IPA 锚点版面解析（四行对照） | 整理日期 2026-09,medium
SANGJIAJING-P0225-L-03,SANGJIAJING,225,L,3,子 田,,"VD 33 tsh,33 33 mp 33 te33 $1",failed,0.17,6,网 十 张 不 着,十 网 没 套 住,UNKNOWN,扫描 OCR + IPA 锚点版面解析（四行对照） | 整理日期 2026-09,medium
SANGJIAJING-P0225-R-01,SANGJIAJING,225,R,1,正 WI 日,tch³³ thj²¹ li⁰³3 ne ⁴⁴,tch33 thj21 1033 ne 44,suspect,0.50,4,那 一 眼 处 通,独 有 一 眼 散,UNKNOWN,扫描 OCR + IPA 锚点版面解析（四行对照） | 整理日期 2026-09,medium
SANGJIAJING-P0225-R-02,SANGJIAJING,225,R,2,金 奖,,k033 1e31 dess li33 t4133,failed,0.00,4,快 手 伙子 来 攀,敏 捷 追 者 围,UNKNOWN,扫描 OCR + IPA 锚点版面解析（四行对照） | 整理日期 2026-09,medium
SANGJIAJING-P0225-R-03,SANGJIAJING,225,R,3,分 7科,²¹ de⁵⁵ s l³³ de²¹ yɒ,21 de5s l;33 de21 yD,suspect,0.60,5,力 大 伙子 来 打,力 大 者 来 打,UNKNOWN,扫描 OCR + IPA 锚点版面解析（四行对照） | 整理日期 2026-09,medium
SANGJIAJING-P0225-R-04,SANGJIAJING,225,R,4,7科 开 与 ZX,de²¹ ne²¹ ni²¹ tci³³ sess,de21 ne21 ni²1 tci33 Ses's,ok,1.00,5,打 具 二 边 交,棍 棒 两 边 打,UNKNOWN,扫描 OCR + IPA 锚点版面解析（四行对照） | 整理日期 2026-09,medium
SANGJIAJING-P0226-L-01,SANGJIAJING,226,L,1,7 开 与,,si44 21 ni²1 1e33 tsh;33 3G,failed,0.33,6,木 美 二 圆 砧,佳 木 做 砧 板,UNKNOWN,扫描 OCR + IPA 锚点版面解析（四行对照） | 整理日期 2026-09,medium
SANGJIAJING-P0226-L-02,SANGJIAJING,226,L,2,正 Az,tch³³ li³³ mo²¹ 2li³³ ne 4,tch33 li33 mo²1 2133 ne 4,suspect,0.60,5,老 请 美 来 看,请 老 者 分 配,UNKNOWN,扫描 OCR + IPA 锚点版面解析（四行对照） | 整理日期 2026-09,medium
SANGJIAJING-P0226-L-03,SANGJIAJING,226,L,3,光 % 3,nu³³ xɒ ²¹ dess tsess,nu33 XD 21 dess tsess,suspect,0.67,3,野猎 肉 猎 伙子 接,猪 肉 分 与 众,UNKNOWN,扫描 OCR + IPA 锚点版面解析（四行对照） | 整理日期 2026-09,medium
SANGJIAJING-P0226-L-04,SANGJIAJING,226,L,4,Z 办,nu ³³ si⁵⁵ s si³³ tshi²¹ to³³,nu 33 si5s si33 tshi21 to33,ok,1.00,5,野猪 血 猎 狗 喝,猪 血 喂 猎 狗,UNKNOWN,扫描 OCR + IPA 锚点版面解析（四行对照） | 整理日期 2026-09,medium
SANGJIAJING-P0226-L-05,SANGJIAJING,226,L,5,π 九,tsi³³ dzi2l a³³ tsh³³ ne³³,tsi33 dzi2l A33 tsh:33 ne33,suspect,0.50,4,州 官 也 阿 支,州官之阿支,UNKNOWN,扫描 OCR + IPA 锚点版面解析（四行对照） | 整理日期 2026-09,medium
SANGJIAJING-P0226-R-01,SANGJIAJING,226,R,1,A 日,,33 4u33 tohe33 1033 bu21 VD,failed,0.33,6,网 白 背 处 背,猎 网 背 上 背,UNKNOWN,扫描 OCR + IPA 锚点版面解析（四行对照） | 整理日期 2026-09,medium
SANGJIAJING-P0226-R-02,SANGJIAJING,226,R,2,田 电,,2.0SS mp21 tsh:33 tsh33,failed,0.25,4,我 不 到 地 到,到 处 寻 猎 场,UNKNOWN,扫描 OCR + IPA 锚点版面解析（四行对照） | 整理日期 2026-09,medium
SANGJIAJING-P0226-R-03,SANGJIAJING,226,R,3,3 九7= ® 每,,si33 tshi2l Irmb 21 33,failed,0.33,3,狗诱 做 猎 领,诱 领 着 猎 狗,UNKNOWN,扫描 OCR + IPA 锚点版面解析（四行对照） | 整理日期 2026-09,medium
SANGJIAJING-P0226-R-04,SANGJIAJING,226,R,4,诱 领 着 猎 狗,tsh⁰²1 si³³ tsho²¹ mu³³,tsh021 si33 tsho21 mu33,suspect,0.75,4,伴 走 伴 走 做,结伴把 路赶,UNKNOWN,扫描 OCR + IPA 锚点版面解析（四行对照） | 整理日期 2026-09,medium
SANGJIAJING-P0227-L-01,SANGJIAJING,227,L,1,田 电,mp tshi³³ tu³³ nae³³ tshi³³,mp tshi33 tu33 nae33 tshi33,ok,1.00,4,到 不 地 也 到,到 处 猎 场,UNKNOWN,扫描 OCR + IPA 锚点版面解析（四行对照） | 整理日期 2026-09,medium
SANGJIAJING-P0227-L-02,SANGJIAJING,227,L,2,ZZ 日 分,he³¹ li⁰² i yɒ³³ tsh³³ ness,he31 102i YD33 tsh:33 ness,suspect,0.60,5,八 凹 深 处 到,至 深 山 密 林,UNKNOWN,扫描 OCR + IPA 锚点版面解析（四行对照） | 整理日期 2026-09,medium
SANGJIAJING-P0227-L-03,SANGJIAJING,227,L,3,生 C 了,ʊɒ ³³ tu³³ tshx4 1p³³ te³³,VD 33 tu33 tshx4 1p33 te33,suspect,0.50,4,网 桩 插 了 立,网 桩 实 插 稳,UNKNOWN,扫描 OCR + IPA 锚点版面解析（四行对照） | 整理日期 2026-09,medium
SANGJIAJING-P0227-L-04,SANGJIAJING,227,L,4,A 又,,VD 33 4u33 1204b 1D33 tDs,failed,0.40,5,网 白 铺 了 搁,猎 网 铺 理 开,UNKNOWN,扫描 OCR + IPA 锚点版面解析（四行对照） | 整理日期 2026-09,medium
SANGJIAJING-P0227-L-05,SANGJIAJING,227,L,5,3 A & Z,,33 1p33 q044 VD? 4u33 Eemb,failed,0.20,5,网 白 拾 了 盖,挂起 了 猎 网,UNKNOWN,扫描 OCR + IPA 锚点版面解析（四行对照） | 整理日期 2026-09,medium
SANGJIAJING-P0227-R-01,SANGJIAJING,227,R,1,了,,tshi21 1o21 tho² tsh133,failed,0.33,3,猎 狗 凹 底 下,猎 狗 人 山 阱,UNKNOWN,扫描 OCR + IPA 锚点版面解析（四行对照） | 整理日期 2026-09,medium
SANGJIAJING-P0227-R-02,SANGJIAJING,227,R,2,3 写 7m,si³³ ve xzpx2zp,Si33 ve* xzpx²zp,suspect,0.50,2,猎 人 吆 喝 喝,猎 人 吆 声 急,UNKNOWN,扫描 OCR + IPA 锚点版面解析（四行对照） | 整理日期 2026-09,medium
SANGJIAJING-P0227-R-03,SANGJIAJING,227,R,3,田 Z. 九,²¹ do⁴⁴ si³³ do 4 mp ng³³,21 do44 si33 do 4 mp ng33,suspect,0.50,4,别人 出 不 出 也,野 物 非 全 出,UNKNOWN,扫描 OCR + IPA 锚点版面解析（四行对照） | 整理日期 2026-09,medium
SANGJIAJING-P0227-R-04,SANGJIAJING,227,R,4,野 物 非 全 出,³³ phu²¹ dzu ³³ zɒ²¹ do⁴⁴,33 phu21 dzu' 33 ZD²1 do44,ok,0.80,5,犀牛 遇 一 对 出,出 一 对 犀牛,UNKNOWN,扫描 OCR + IPA 锚点版面解析（四行对照） | 整理日期 2026-09,medium
SANGJIAJING-P0228-L-01,SANGJIAJING,228,L,1,分 O,,go$s ZD 21 Z033 tce33 mx 44,failed,0.25,4,昆 明 滇 池 湖,昆 明 滇 池 湖,UNKNOWN,扫描 OCR + IPA 锚点版面解析（四行对照） | 整理日期 2026-09,medium
SANGJIAJING-P0228-L-02,SANGJIAJING,228,L,2,3 4 田,si³³ tshi²¹ do⁴⁴ nɒs mo²¹,si33 tshi21 do44 nD's mo21,suspect,0.75,4,猎 狗 旁 不 出,不 现 猎 狗 旁,UNKNOWN,扫描 OCR + IPA 锚点版面解析（四行对照） | 整理日期 2026-09,medium
SANGJIAJING-P0228-L-03,SANGJIAJING,228,L,3,了 田,si³³ ²⁰4 yu2 mo²¹ do⁴⁴,si33 2.04 yu²! mo21 do44,suspect,0.50,4,猎 人 前 不 出,不 现 猎 人前,UNKNOWN,扫描 OCR + IPA 锚点版面解析（四行对照） | 整理日期 2026-09,medium
SANGJIAJING-P0228-R-01,SANGJIAJING,228,R,1,3= 田,,33 4u33 4u33 do44 VD mp,failed,0.20,5,网 白 白 不 出,不 现 猎 网 前,UNKNOWN,扫描 OCR + IPA 锚点版面解析（四行对照） | 整理日期 2026-09,medium
SANGJIAJING-P0228-R-02,SANGJIAJING,228,R,2,举 4,kus tche³³ si²¹ t4u³³ pu³³,"ku""$s tche33 si21 t4u33 pu3",suspect,0.50,4,走 人 棒 九 根,猎 人 棒九 根,UNKNOWN,扫描 OCR + IPA 锚点版面解析（四行对照） | 整理日期 2026-09,medium
SANGJIAJING-P0228-R-03,SANGJIAJING,228,R,3,Z4,pu³³ kuws tche³³ te³³,"pu33 kuw""s tche33 te33",suspect,0.67,3,人 棒 九 根 立,手 柱 木 棒 守,UNKNOWN,扫描 OCR + IPA 锚点版面解析（四行对照） | 整理日期 2026-09,medium
SANGJIAJING-P0228-R-04,SANGJIAJING,228,R,4,3 分 & 3,,si33 tshi21 33 33 33 yD mb SD,failed,0.33,6,猎 狗 得 完 了,猎 狗 已 聚 毕,UNKNOWN,扫描 OCR + IPA 锚点版面解析（四行对照） | 整理日期 2026-09,medium
SANGJIAJING-P0229-L-01,SANGJIAJING,229,L,1,3 九科 Z,tshi²¹ zi³³ de²¹ dlu³³,"tshi21 Z,133 de21 dlu33",ok,1.00,4,猎 狗 打 水 人,吆 狗 人 水 中,UNKNOWN,扫描 OCR + IPA 锚点版面解析（四行对照） | 整理日期 2026-09,medium
SANGJIAJING-P0229-L-02,SANGJIAJING,229,L,2,亏,,mX 21 ni33 do44 1i33 4033,failed,0.40,5,头 天 出 来 等,头 天 来 等 候,UNKNOWN,扫描 OCR + IPA 锚点版面解析（四行对照） | 整理日期 2026-09,medium
SANGJIAJING-P0229-L-03,SANGJIAJING,229,L,3,亏 田,ni³³ mp ²¹ do⁴⁴ li³³,ni33 mp 21 do44 li33,suspect,0.75,4,头 天 不 出 来,头 天 没 现 身,UNKNOWN,扫描 OCR + IPA 锚点版面解析（四行对照） | 整理日期 2026-09,medium
SANGJIAJING-P0229-L-04,SANGJIAJING,229,L,4,会,md ⁴⁴ ob ³¹ li³³ tɒ³³,md 44 ob 31 li33 tD33,suspect,0.75,4,返 回 看 来 起,再 返 身 守 望,UNKNOWN,扫描 OCR + IPA 锚点版面解析（四行对照） | 整理日期 2026-09,medium
SANGJIAJING-P0229-R-01,SANGJIAJING,229,R,1,(王) 7=,zɔ ³³ tce mx ⁴⁴ mes dlɒ³³,ZO 33 tce. mx 44 me's dlp33,suspect,0.67,3,滇 池 湖 边 岸,滇 池 湖 岸 边,UNKNOWN,扫描 OCR + IPA 锚点版面解析（四行对照） | 整理日期 2026-09,medium
SANGJIAJING-P0229-R-02,SANGJIAJING,229,R,2,办 每 每,tshi²¹ mu ³³ ³³ mu ³³ do⁴⁴,tshi21 mu 33 33 mu 33 do44,ok,0.80,5,狗 的 犀牛 的 出,狗 犀 浮 水 面,UNKNOWN,扫描 OCR + IPA 锚点版面解析（四行对照） | 整理日期 2026-09,medium
SANGJIAJING-P0229-R-03,SANGJIAJING,229,R,3,万 分 又 O,khi³³ xɒ ³³ pu ³³ tɒss 4ɒ³³,kh133 XD 33 pu 33 tDss 4D33,suspect,0.75,4,那 的 份 搁 吧,犀 肉 依 份 分,UNKNOWN,扫描 OCR + IPA 锚点版面解析（四行对照） | 整理日期 2026-09,medium
SANGJIAJING-P0229-R-04,SANGJIAJING,229,R,4,办 每 &,,tshi21 33 33 133 mu mb do21,failed,0.40,5,狗 的 拾 了 搁,安 放 死 猎 狗,UNKNOWN,扫描 OCR + IPA 锚点版面解析（四行对照） | 整理日期 2026-09,medium
SANGJIAJING-P0229-R-05,SANGJIAJING,229,R,5,% Z,,V133 33 33 mu 33 mb 33 ID33,failed,0.33,6,犀牛 的 拾 了 拿,牛肉 带 走 犀,UNKNOWN,扫描 OCR + IPA 锚点版面解析（四行对照） | 整理日期 2026-09,medium
SANGJIAJING-P0230-L-01,SANGJIAJING,230,L,1,考 π 九 效,tshi³³ a³³ dzi²¹ ne³³ tsi³³,tshi33 A33 dzi21 ne33 tsi33,ok,1.00,5,州 官 楠 阿 支,州 官 楠 阿 支,UNKNOWN,扫描 OCR + IPA 锚点版面解析（四行对照） | 整理日期 2026-09,medium
SANGJIAJING-P0230-L-02,SANGJIAJING,230,L,2,π 全 效 配,gi³³ dzi²¹ sɒ ³³ a³³ ɒ⁰³,G133 dzi21 SD 33 A33 D03,ok,1.00,5,县 官 少 阿 哦,县 官 少 阿 哦,UNKNOWN,扫描 OCR + IPA 锚点版面解析（四行对照） | 整理日期 2026-09,medium
SANGJIAJING-P0230-L-03,SANGJIAJING,230,L,3,举 效,ne ⁴⁴ tsi³³ a³³ lu²¹,ne 44 tsi33 A33 lu21,ok,1.00,4,书 看 支 阿 鲁,师 爷 支 阿 鲁,UNKNOWN,扫描 OCR + IPA 锚点版面解析（四行对照） | 整理日期 2026-09,medium
SANGJIAJING-P0230-L-04,SANGJIAJING,230,L,4,A 7科 办,,4a33 tshi21 0.55 de21 4,failed,0.40,5,银 打 狗 头 抵,银 锭 偿 狗 资,UNKNOWN,扫描 OCR + IPA 锚点版面解析（四行对照） | 整理日期 2026-09,medium
SANGJIAJING-P0230-L-05,SANGJIAJING,230,L,5,了 世,,"t@33 Ze 44 ms 33 tsi? p""p :33h33",failed,0.40,5,演 者 资 帕,当 演者资 帕,UNKNOWN,扫描 OCR + IPA 锚点版面解析（四行对照） | 整理日期 2026-09,medium
SANGJIAJING-P0230-R-01,SANGJIAJING,230,R,1,3 科办 4,si³³ ⁰⁵5 de²¹ tshi²¹ zae ³³,si33 0.55 de21 tshi21 Zae 33,ok,0.80,5,金 打 狗 头 大,金 锭 狗 头 大,UNKNOWN,扫描 OCR + IPA 锚点版面解析（四行对照） | 整理日期 2026-09,medium
SANGJIAJING-P0230-R-02,SANGJIAJING,230,R,2,Az,2i³³ me ⁴⁴ le³¹ 1i³¹,2i33 me 44 le31 1i31,suspect,0.50,4,巧 手 美 来 剥,巧 手 剥 犀 皮,UNKNOWN,扫描 OCR + IPA 锚点版面解析（四行对照） | 整理日期 2026-09,medium
SANGJIAJING-P0230-R-03,SANGJIAJING,230,R,3,%,,Gae 33 tsj33 VI33 do44 lj33,failed,0.40,5,犀牛 皮 拿 过 来,带 犀 皮 过 来,UNKNOWN,扫描 OCR + IPA 锚点版面解析（四行对照） | 整理日期 2026-09,medium
SANGJIAJING-P0230-R-04,SANGJIAJING,230,R,4,田 Z 九 Z,²¹ bi²¹ si³³ bi²¹ mp,21 bi21 si33 bi21 mp,suspect,0.60,5,不 给 别人 也 给,非 人 人 皆 与,UNKNOWN,扫描 OCR + IPA 锚点版面解析（四行对照） | 整理日期 2026-09,medium
SANGJIAJING-P0230-R-05,SANGJIAJING,230,R,5,分,a³³ 1y⁴⁴ zɒ ²¹ bi²¹,A33 1y44 ZD 21 bi21,suspect,0.75,4,阿 勒 匠 儿 给,专 给 阿 勒 匠,UNKNOWN,扫描 OCR + IPA 锚点版面解析（四行对照） | 整理日期 2026-09,medium
SANGJIAJING-P0231-L-01,SANGJIAJING,231,L,1,效 五 分 2,,A33 1i3 1y44 ku ZD21,failed,0.25,4,阿 勒 匠 儿 来,阿 勒 巧 匠 艺,UNKNOWN,扫描 OCR + IPA 锚点版面解析（四行对照） | 整理日期 2026-09,medium
SANGJIAJING-P0231-L-02,SANGJIAJING,231,L,2,%泌,tshi³³ tsi³³ q⁰⁴4 bu²¹ tce⁴⁴,tshi33 tsi33 q044 bu²1 tce44,ok,0.80,5,麂 皮 帽 背 带,鹿 皮 做 帽 带,UNKNOWN,扫描 OCR + IPA 锚点版面解析（四行对照） | 整理日期 2026-09,medium
SANGJIAJING-P0231-L-03,SANGJIAJING,231,L,3,T 7个 %,1p³³ tsi³³ q⁰⁴4 na ³¹ ce ⁴⁴,1p33 tsi33 q044 na 31 ce 44,suspect,0.60,5,獐 皮 帽 缝 带,獐 皮 做 缝 线,UNKNOWN,扫描 OCR + IPA 锚点版面解析（四行对照） | 整理日期 2026-09,medium
SANGJIAJING-P0231-L-04,SANGJIAJING,231,L,4,7,pu ³³ dzi²¹ q⁰⁴4 ³¹ na,pu 33 dzi21 q044 31 na,suspect,0.60,5,豪猪 刺 帽 缝 针,豪 猪 刺 做 针,UNKNOWN,扫描 OCR + IPA 锚点版面解析（四行对照） | 整理日期 2026-09,medium
SANGJIAJING-P0231-L-05,SANGJIAJING,231,L,5,光 7每,q o4qu2 niu³³ tsi³³ mu³³,q”o4qu² niu33 tsi33 mu33,suspect,0.67,3,野猪 皮 帽边 做,猪皮做帽边,UNKNOWN,扫描 OCR + IPA 锚点版面解析（四行对照） | 整理日期 2026-09,medium
SANGJIAJING-P0231-R-01,SANGJIAJING,231,R,1,% 飞E,,33 q044 33 tsi33 bp21,failed,0.40,5,犀牛 皮 帽 壁 做,犀 皮 做 帽 叶,UNKNOWN,扫描 OCR + IPA 锚点版面解析（四行对照） | 整理日期 2026-09,medium
SANGJIAJING-P0231-R-02,SANGJIAJING,231,R,2,72 3,q⁰⁴4 si³³ bu³³ ne⁴⁴ de³¹,q044 si33 bu33 ne44 de31,ok,0.80,5,帽 顶 金 眼 耀,帽 耀 眼 顶 金,UNKNOWN,扫描 OCR + IPA 锚点版面解析（四行对照） | 整理日期 2026-09,medium
SANGJIAJING-P0231-R-03,SANGJIAJING,231,R,3,飞E A 张E,q⁰⁴4 bɒ²¹ lu²¹ zi¹⁴ do4,q044 bp²1 lu21 zi14 do4,ok,0.80,5,帽 龙 影 现 壁,帽 叶 绘 龙 图,UNKNOWN,扫描 OCR + IPA 锚点版面解析（四行对照） | 整理日期 2026-09,medium
SANGJIAJING-P0231-R-04,SANGJIAJING,231,R,4,A O 飞E,qho4th⁰³3 du³³ 4ɒ³³ bɒ²¹,qho4th033 du33 4D33 bp21,suspect,0.50,4,帽 底 白 月 亮,帽 里 似 月 白,UNKNOWN,扫描 OCR + IPA 锚点版面解析（四行对照） | 整理日期 2026-09,medium
SANGJIAJING-P0231-R-05,SANGJIAJING,231,R,5,用 勿 WI N,phe³¹ thi²¹ tyss,phe31 th121 tyss,suspect,0.67,3,首 先 一 顶 戴,第 子 顶 帽,UNKNOWN,扫描 OCR + IPA 锚点版面解析（四行对照） | 整理日期 2026-09,medium
SANGJIAJING-P0232-L-01,SANGJIAJING,232,L,1,田 Z 九,bi²¹ bi²¹ mɒ2 ²¹ si³³ ne³³,bi21 bi21 mp² 21 si33 ne33,ok,1.00,5,不 给 别人 也 给,并 非 人 皆 给,UNKNOWN,扫描 OCR + IPA 锚点版面解析（四行对照） | 整理日期 2026-09,medium
SANGJIAJING-P0232-L-02,SANGJIAJING,232,L,2,分,tshi²¹ dzi2l bi²¹,tshi21 dzi2l bi21,suspect,0.50,2,尺 克 资 若 给,给 尺 克 资 若?,UNKNOWN,扫描 OCR + IPA 锚点版面解析（四行对照） | 整理日期 2026-09,medium
SANGJIAJING-P0232-L-03,SANGJIAJING,232,L,3,田 3= π,lur²¹ lu²¹ dzi²¹ t⁵⁰³³ ɒi4,lur²1 lu²1 dzi21 t5033 Di4,ok,0.80,5,看 样 样 司 处,诸 般 须 问 她,UNKNOWN,扫描 OCR + IPA 锚点版面解析（四行对照） | 整理日期 2026-09,medium
SANGJIAJING-P0232-L-04,SANGJIAJING,232,L,4,Z ? 日,,q04 1044 0.55 1033 q044,failed,0.40,5,帽 子 头 处 戴,帽 子 头 上 戴,UNKNOWN,扫描 OCR + IPA 锚点版面解析（四行对照） | 整理日期 2026-09,medium
SANGJIAJING-P0232-R-01,SANGJIAJING,232,R,1,去 子光3,qɒ³³ qhɒ³³ ng³³ mu²¹,qD3 qhD33 ng33 mu²1,suspect,0.75,4,春 天 多 多 热,无 论 多 么 热,UNKNOWN,扫描 OCR + IPA 锚点版面解析（四行对照） | 整理日期 2026-09,medium
SANGJIAJING-P0232-R-02,SANGJIAJING,232,R,2,7世 子 正 了,ci³³ mu si³³ hɒ³³ 9ɒ²¹,ci33 mu si33 hp33 9D21,suspect,0.50,4,夏 天 黄 下雨,夏 雨 淋 黄 荞,UNKNOWN,扫描 OCR + IPA 锚点版面解析（四行对照） | 整理日期 2026-09,medium
SANGJIAJING-P0232-R-03,SANGJIAJING,232,R,3,Z 田 而,th⁰⁴4 si³³ ti⁴⁴ dzi²¹ nɒ²¹,th044 si33 t144 dzi21 nD21,ok,0.80,5,别人 淋 她 不 淋,淋人 淋 她 不,UNKNOWN,扫描 OCR + IPA 锚点版面解析（四行对照） | 整理日期 2026-09,medium
SANGJIAJING-P0233-L-01,SANGJIAJING,233,L,1,田 3= π 子,lur²¹ lur²¹ dzi²¹ ni4,lur²1 lur²1 dzi21 ni4,ok,1.00,4,样 样 她 守 看,万 般 须 询 她,UNKNOWN,扫描 OCR + IPA 锚点版面解析（四行对照） | 整理日期 2026-09,medium
SANGJIAJING-P0233-L-02,SANGJIAJING,233,L,2,2 每,li⁴⁴ mos q⁰⁴4 mz ²¹,li44 mos q044 mz 21,suspect,0.67,3,缠 教 帽 的 使,用 作 测 戴,UNKNOWN,扫描 OCR + IPA 锚点版面解析（四行对照） | 整理日期 2026-09,medium
SANGJIAJING-P0233-L-03,SANGJIAJING,233,L,3,分 勿 IU 晶,yɒ ³³ np ³³ thi²¹ phe³¹ dyss,"yD 33 np"" 33 thi21 phe31 dyss",suspect,0.60,5,后 来 顶 戴 一,第 二 顶 帽 子,UNKNOWN,扫描 OCR + IPA 锚点版面解析（四行对照） | 整理日期 2026-09,medium
SANGJIAJING-P0233-L-04,SANGJIAJING,233,L,4,田 Z 九,²¹ bi²¹ si³³ ne³³ bi²¹ mp,21 bi21 si33 ne33 bi21 mp,suspect,0.67,6,不 给 别人 也 给,非 见 人 便 给,UNKNOWN,扫描 OCR + IPA 锚点版面解析（四行对照） | 整理日期 2026-09,medium
SANGJIAJING-P0233-L-05,SANGJIAJING,233,L,5,π 九 半 分,dzi³³ ne ³³ mu ⁵⁵ zɒ ²¹ bi²¹,dzi33 ne 33 mu 55 ZD 21 bi21,ok,1.00,5,官 也 将 儿 给,给予官 将 戴,UNKNOWN,扫描 OCR + IPA 锚点版面解析（四行对照） | 整理日期 2026-09,medium
SANGJIAJING-P0233-R-01,SANGJIAJING,233,R,1,万 事 靠 官 将,khɒ²¹ t th⁰³1 q⁰⁴4 mu ³³,khp²1 t th031 q044 mu 33,suspect,0.50,4,拷 迈 帽 的 使,戴 审 案 驰 马,UNKNOWN,扫描 OCR + IPA 锚点版面解析（四行对照） | 整理日期 2026-09,medium
SANGJIAJING-P0233-R-02,SANGJIAJING,233,R,2,7 女 WI,du²¹ thi²¹ phe³¹,du21 thi21 phe31,ok,1.00,3,后 来 顶 戴 一,第 三 顶 帽 子,UNKNOWN,扫描 OCR + IPA 锚点版面解析（四行对照） | 整理日期 2026-09,medium
SANGJIAJING-P0233-R-03,SANGJIAJING,233,R,3,田 Z 九,²¹ bi²¹ si³³ np ³³ bi²¹ mp,21 bi21 si33 np 33 bi21 mp,suspect,0.50,6,不 给 别人 也 给,非 人 见 人 给,UNKNOWN,扫描 OCR + IPA 锚点版面解析（四行对照） | 整理日期 2026-09,medium
SANGJIAJING-P0233-R-04,SANGJIAJING,233,R,4,效 分,a²¹ lu³³ zɒ bi²¹,A21 lu33 ZD bi21,suspect,0.67,3,阿 勒 匠 儿 给,给 阿 勒 匠 人,UNKNOWN,扫描 OCR + IPA 锚点版面解析（四行对照） | 整理日期 2026-09,medium
SANGJIAJING-P0234-L-01,SANGJIAJING,234,L,1,田 3= 司,lu²¹ lu²¹ ku tso ni⁴⁴,lu²1 lu²1 ku tso ni44,suspect,0.67,3,样 样 匠 处 看,器 物 皆 靠 匠,UNKNOWN,扫描 OCR + IPA 锚点版面解析（四行对照） | 整理日期 2026-09,medium
SANGJIAJING-P0234-L-02,SANGJIAJING,234,L,2,Az 光 每,q⁰⁴4 le³¹ mu³³ dy³¹,q044 le31 mu3 dy31,suspect,0.50,4,手 巧 帽 的 戴,帽 给 巧 匠 戴,UNKNOWN,扫描 OCR + IPA 锚点版面解析（四行对照） | 整理日期 2026-09,medium
SANGJIAJING-P0234-L-03,SANGJIAJING,234,L,3,田 h 子 天,,1x44 ku mD21,failed,0.00,2,不 爽 匠 守 看,造 器 找 匠 人,UNKNOWN,扫描 OCR + IPA 锚点版面解析（四行对照） | 整理日期 2026-09,medium
SANGJIAJING-P0234-L-04,SANGJIAJING,234,L,4,7 女 晶,thi²¹ phe³¹ du³³ nɒ³³,thi21 phe31 du33 nD33,ok,1.00,4,后 来 一 顶 戴,第 四 顶 帽 子,UNKNOWN,扫描 OCR + IPA 锚点版面解析（四行对照） | 整理日期 2026-09,medium
SANGJIAJING-P0234-L-05,SANGJIAJING,234,L,5,田 Z 九,mp ²¹ bi²¹ ng³³ bi²¹,mp 21 bi21 ng33 bi21,suspect,0.50,4,不 给 别人 也 给,给 非 人 见 人,UNKNOWN,扫描 OCR + IPA 锚点版面解析（四行对照） | 整理日期 2026-09,medium
SANGJIAJING-P0234-R-01,SANGJIAJING,234,R,1,茶 不 分,,44 bi21 mx 2.133 pj33 ZD21,failed,0.40,5,铁 拿 毕摩 儿 给,给 摇 铃 毕 摩,UNKNOWN,扫描 OCR + IPA 锚点版面解析（四行对照） | 整理日期 2026-09,medium
SANGJIAJING-P0234-R-02,SANGJIAJING,234,R,2,田 3= 不 司 亏,lu2 lu²¹ to ɒiy,lu² lu21 t$o Di'y,suspect,0.50,2,样 样 毕摩 处 看,万 般 须 靠 毕,UNKNOWN,扫描 OCR + IPA 锚点版面解析（四行对照） | 整理日期 2026-09,medium
SANGJIAJING-P0234-R-03,SANGJIAJING,234,R,3,光,,n1ss thu31qh044 mu dy31,failed,0.33,3,邪 点 中 帽 作 戴,作 法 时 戴,UNKNOWN,扫描 OCR + IPA 锚点版面解析（四行对照） | 整理日期 2026-09,medium
SANGJIAJING-P0234-R-04,SANGJIAJING,234,R,4,田 不 亏,²¹ ni⁴⁴ mp pi³³,21 ni44 mp pi33,suspect,0.67,3,不 爽 毕摩 守 看,患 疾 毕 作 法,UNKNOWN,扫描 OCR + IPA 锚点版面解析（四行对照） | 整理日期 2026-09,medium
SANGJIAJING-P0234-R-05,SANGJIAJING,234,R,5,7 日 IM,phe³¹ li⁰³3 thi²¹ tyss,phe31 1033 th121 tyss,suspect,0.75,4,尾 处 — 顶 戴,后 顶 帽 最 一,UNKNOWN,扫描 OCR + IPA 锚点版面解析（四行对照） | 整理日期 2026-09,medium
SANGJIAJING-P0235-L-01,SANGJIAJING,235,L,1,田 Z 九,²¹ si³³ bi²¹ mp bi²¹ ne³³,21 si33 bi21 mp bi21 ne33,ok,0.80,5,不 给 别人 也 给,非 人 见 人 给,UNKNOWN,扫描 OCR + IPA 锚点版面解析（四行对照） | 整理日期 2026-09,medium
SANGJIAJING-P0235-L-02,SANGJIAJING,235,L,2,分,,niss phu33 t4u44 ZD?1 bi21,failed,0.00,3,阴 寨 人 儿 给,给 阴 间 亡 魂,UNKNOWN,扫描 OCR + IPA 锚点版面解析（四行对照） | 整理日期 2026-09,medium
SANGJIAJING-P0235-L-03,SANGJIAJING,235,L,3,去 飞,,ne 33 55 4D33 V33 ku*'s ms,failed,0.40,5,春 当 中 三 月,春 三 月 当 中,UNKNOWN,扫描 OCR + IPA 锚点版面解析（四行对照） | 整理日期 2026-09,medium
SANGJIAJING-P0235-L-04,SANGJIAJING,235,L,4,去 子 当3,ne ³³ qhɒ³³ h³³ mu ab ss g,ne? 33 qhD33 h33 mu ab Ss&G,suspect,0.75,4,春 天 多 多 热,无 论 天 多 热,UNKNOWN,扫描 OCR + IPA 锚点版面解析（四行对照） | 整理日期 2026-09,medium
SANGJIAJING-P0235-R-01,SANGJIAJING,235,R,1,Z4 台 田 了,²¹ te³³ nu³³ ss0 mp,21 te33 nu33 SS0 mp,suspect,0.50,4,你 头 热 不 着,你 头 晒 不 着,UNKNOWN,扫描 OCR + IPA 锚点版面解析（四行对照） | 整理日期 2026-09,medium
SANGJIAJING-P0235-R-02,SANGJIAJING,235,R,2,Z 台 了 九,si³³ ⁰⁵5 te³³ ti⁴⁴ ne³³,si33 055 te33 ti44 ne3,ok,0.80,5,别人 头 淋 着 也,他 人 头 受 淋,UNKNOWN,扫描 OCR + IPA 锚点版面解析（四行对照） | 整理日期 2026-09,medium
SANGJIAJING-P0235-R-03,SANGJIAJING,235,R,3,Z4 台 田 了,,nu33 055 ti44 mp 21 t@33,failed,0.40,5,你 头 淋 不 着,你 淋 雨 头 不,UNKNOWN,扫描 OCR + IPA 锚点版面解析（四行对照） | 整理日期 2026-09,medium
SANGJIAJING-P0236-L-01,SANGJIAJING,236,L,1,? 日 T,q⁰⁴4 ⁰⁵5 li⁰³3 h⁴⁴ li⁰⁴4 ob,"q044 055 1033 h44 1044 o,b",suspect,0.50,6,帽 子 头 处 戴,帽 子 戴 头 上,UNKNOWN,扫描 OCR + IPA 锚点版面解析（四行对照） | 整理日期 2026-09,medium
SANGJIAJING-P0236-L-02,SANGJIAJING,236,L,2,7世 子 开,ci³³ si³³ kho²¹ ɒe²¹ nu³³,C133 si33 kho21 De21 nu33,ok,1.00,5,柯 兴 诗 安 奴,柯 奴 兴 诗 安,UNKNOWN,扫描 OCR + IPA 锚点版面解析（四行对照） | 整理日期 2026-09,medium
SANGJIAJING-P0236-L-03,SANGJIAJING,236,L,3,T 每,q⁰⁴ mu ³³ bi²¹,q04 mu 33 bi21,suspect,0.67,3,帽 影 做 你 给,帽 子 备 与 你,UNKNOWN,扫描 OCR + IPA 锚点版面解析（四行对照） | 整理日期 2026-09,medium
SANGJIAJING-P0236-L-04,SANGJIAJING,236,L,4,米 7 W,si⁴⁴ niss mx ⁴⁴ li2n6 tsess,si44 niss mx 44 12n6 tsess,suspect,0.67,3,铁 犁 木 嘴 接,木 犁 头 接铧,UNKNOWN,扫描 OCR + IPA 锚点版面解析（四行对照） | 整理日期 2026-09,medium
SANGJIAJING-P0236-R-01,SANGJIAJING,236,R,1,日 N. IV 亏,⁵⁵ tsh³³ thi²¹ ni³³ np li⁰³3,55 tsh;33 th121 ni33 np 1033,suspect,0.60,5,阴间 处 到 一 日,去 至 阴 间 日,UNKNOWN,扫描 OCR + IPA 锚点版面解析（四行对照） | 整理日期 2026-09,medium
SANGJIAJING-P0236-R-02,SANGJIAJING,236,R,2,介 九 子,ag ⁵⁵ mi³³ ne³³ mu²¹ nys,aG 55 m133 ne33 mu²1 ny.'s,ok,0.80,5,阴 间 也 天 热,阴 热 间 也 天,UNKNOWN,扫描 OCR + IPA 锚点版面解析（四行对照） | 整理日期 2026-09,medium
SANGJIAJING-P0236-R-03,SANGJIAJING,236,R,3,7世 子 开,,kho21 g21 ne nu33 $03,failed,0.25,4,柯 兴 诗 安 奴,柯 兴 诗 安 奴,UNKNOWN,扫描 OCR + IPA 锚点版面解析（四行对照） | 整理日期 2026-09,medium
SANGJIAJING-P0237-L-01,SANGJIAJING,237,L,1,? 日 T,,q044 1044 055 1033 q044,failed,0.40,5,帽 子 头 处 戴,帽 子 头 处,UNKNOWN,扫描 OCR + IPA 锚点版面解析（四行对照） | 整理日期 2026-09,medium
SANGJIAJING-P0237-L-02,SANGJIAJING,237,L,2,Az,,55 h44 np teiss ob,failed,0.00,3,阴 间 畜 牧 戴,阴 间 畜 牧 戴,UNKNOWN,扫描 OCR + IPA 锚点版面解析（四行对照） | 整理日期 2026-09,medium
SANGJIAJING-P0237-L-03,SANGJIAJING,237,L,3,介,,np 55 mi3 SD33 405 q044,failed,0.40,5,阴 间 耕 作戴,阴 间 耕 作 戴,UNKNOWN,扫描 OCR + IPA 锚点版面解析（四行对照） | 整理日期 2026-09,medium
SANGJIAJING-P0237-L-04,SANGJIAJING,237,L,4,介 70 T,⁵⁵ ³³ tshi²¹ tshi³³ q⁰⁴4 np mi,55 ：33 tshi21 tshi33 q044 np mi,suspect,0.50,6,阴 间 男 娶 戴,阴 间 娶 媳 戴,UNKNOWN,扫描 OCR + IPA 锚点版面解析（四行对照） | 整理日期 2026-09,medium
SANGJIAJING-P0237-L-05,SANGJIAJING,237,L,5,介 21 T,⁵⁵ ³³ tsiss q⁰⁴4 np mi³³ nu,55 33 tsiss q044 np mi33 nu,suspect,0.60,5,阴 间 女 嫁戴,阴间嫁女戴,UNKNOWN,扫描 OCR + IPA 锚点版面解析（四行对照） | 整理日期 2026-09,medium
SANGJIAJING-P0237-R-01,SANGJIAJING,237,R,1,光 7世 开,kho²¹ 3g ²¹ nu³³,kho21 3G 21 nu33,suspect,0.67,3,柯 兴 诗 安 奴,柯 兴 诗 安 奴,UNKNOWN,扫描 OCR + IPA 锚点版面解析（四行对照） | 整理日期 2026-09,medium
SANGJIAJING-P0237-R-02,SANGJIAJING,237,R,2,九4 无,,"ku33 tsh,33 phu2 nu33",failed,0.33,3,九十 你 祖 世,九 冏十 代 你 祖,UNKNOWN,扫描 OCR + IPA 锚点版面解析（四行对照） | 整理日期 2026-09,medium
SANGJIAJING-P0237-R-03,SANGJIAJING,237,R,3,九 冏十 代 你 祖,nu ³³ phu²¹ q⁰⁴4 0s,"nu 33 phu21 q044 $0,'s",suspect,0.50,4,你 祖 帽 得 死,死 你 祖 获 帽,UNKNOWN,扫描 OCR + IPA 锚点版面解析（四行对照） | 整理日期 2026-09,medium
SANGJIAJING-P0237-R-04,SANGJIAJING,237,R,4,ZZ4,he³¹ tsh³³ ³³ h²¹ zi³³ nu p1,"he31 tsh33 33 h21 zi33 nu p""1",suspect,0.50,6,十 女祖 世 八 你,八 十 代 女 祖,UNKNOWN,扫描 OCR + IPA 锚点版面解析（四行对照） | 整理日期 2026-09,medium
SANGJIAJING-P0237-R-05,SANGJIAJING,237,R,5,子,phi²¹ q⁰⁴ nu³³ ɔss,ph121 q04 nu33 $OSS,suspect,0.75,4,你 女祖 帽 得 死,女祖 获 帽 死,UNKNOWN,扫描 OCR + IPA 锚点版面解析（四行对照） | 整理日期 2026-09,medium
SANGJIAJING-P0238-L-01,SANGJIAJING,238,L,1,200 tz 无,si²¹ pɒ2 tsi³³ nu³³,si21 pp2 ts133 nu33,suspect,0.67,3,七 十 你 父 世,七 十 你 父 世,UNKNOWN,扫描 OCR + IPA 锚点版面解析（四行对照） | 整理日期 2026-09,medium
SANGJIAJING-P0238-L-02,SANGJIAJING,238,L,2,U,,kh031tsh33 nu33 mp 33,failed,0.25,4,六十 世 你 母,六 十 你 母 世,UNKNOWN,扫描 OCR + IPA 锚点版面解析（四行对照） | 整理日期 2026-09,medium
SANGJIAJING-P0238-R-01,SANGJIAJING,238,R,1,兄 姐 获 帽 死,,MI z4 N,failed,0.00,1,tsh;33 th21tsh33 nu3 zi33,一 十 你 世 到,UNKNOWN,扫描 OCR + IPA 锚点版面解析（四行对照） | 整理日期 2026-09,medium
SANGJIAJING-P0238-R-02,SANGJIAJING,238,R,2,MI z4 N,,tsh;33 th21tsh33 nu3 zi33,failed,0.40,5,一 十 你 世 到,至 一 十 你 世,UNKNOWN,扫描 OCR + IPA 锚点版面解析（四行对照） | 整理日期 2026-09,medium
SANGJIAJING-P0238-R-03,SANGJIAJING,238,R,3,ZH 九 子,q⁰⁴4 ɔ ⁵⁵ nu³³ ne³³,q044 $O 55 nu33 ne33,suspect,0.75,4,你 也 帽 得 死,你 亦 得 帽 死,UNKNOWN,扫描 OCR + IPA 锚点版面解析（四行对照） | 整理日期 2026-09,medium
SANGJIAJING-P0238-R-04,SANGJIAJING,238,R,4,7开 7开,dzi²¹ 2li³³ si³³ dzi²¹ zi³³,dzi21 2133 si33 dzi21 Z.133,ok,0.80,5,趋 去 魂 趋 去,前 去 魂 前 去,UNKNOWN,扫描 OCR + IPA 锚点版面解析（四行对照） | 整理日期 2026-09,medium
SANGJIAJING-P0238-R-05,SANGJIAJING,238,R,5,去 子 WI 开学,ne³³ mu2i thi2i dzi²¹,ne33 mu²i th12i dzi21,suspect,0.50,2,春 天 一 季 落,春 季 已 逝 一,UNKNOWN,扫描 OCR + IPA 锚点版面解析（四行对照） | 整理日期 2026-09,medium
SANGJIAJING-P0239-L-01,SANGJIAJING,239,L,1,,,th21 kho33dzi2zi3 :33 1D33,failed,0.20,5,样趋去 吧,路前去 吧,UNKNOWN,扫描 OCR + IPA 锚点版面解析（四行对照） | 整理日期 2026-09,medium
SANGJIAJING-P0239-L-02,SANGJIAJING,239,L,2,路前去 吧,a²¹ dz⁰²1 d³³ ni²¹ mi³³,A21 dz.0²1 d33 ni21 mi33,suspect,0.60,5,彝地 阿着底,彝乡阿着底,UNKNOWN,扫描 OCR + IPA 锚点版面解析（四行对照） | 整理日期 2026-09,medium
SANGJIAJING-P0239-R-01,SANGJIAJING,239,R,1,万日,,kh33 1033 tsh33 33 zi3 1D33,failed,0.33,6,那里到去 吧,魂归那里去,UNKNOWN,扫描 OCR + IPA 锚点版面解析（四行对照） | 整理日期 2026-09,medium
SANGJIAJING-P0241-L-01,SANGJIAJING,241,L,1,半科半,dze²¹ de²¹,dze21 de21,ok,1.00,2,梭 打,打 制,UNKNOWN,扫描 OCR + IPA 锚点版面解析（四行对照） | 整理日期 2026-09,medium
SANGJIAJING-P0241-L-02,SANGJIAJING,241,L,2,D4号田,ni²¹ t4u³³ ⁰⁵5 mɒ²¹ tshi⁴⁴,n121 t4u33 0.55 mp21 tshi44,suspect,0.60,5,彝人头 不绝,彝人事 无尽,UNKNOWN,扫描 OCR + IPA 锚点版面解析（四行对照） | 整理日期 2026-09,medium
SANGJIAJING-P0241-L-03,SANGJIAJING,241,L,3,4住 田古,tsi³³ mɒ²¹ tsh⁰⁴4,tsi3 mp21 tsh044,suspect,0.67,3,人处 不着 汉,汉人遍地 居,UNKNOWN,扫描 OCR + IPA 锚点版面解析（四行对照） | 整理日期 2026-09,medium
SANGJIAJING-P0241-L-04,SANGJIAJING,241,L,4,73 &,,dzi2l dzi21 33 33 zi33 $0 mb,failed,0.20,5,章章 诵 完 呢,各章经诵完,UNKNOWN,扫描 OCR + IPA 锚点版面解析（四行对照） | 整理日期 2026-09,medium
SANGJIAJING-P0241-R-01,SANGJIAJING,241,R,1,标 梭,qess hu²¹ tsi³³ do²¹,qess Hu²1 tsi?3 do21,suspect,0.67,3,亲放 院 坝 掉,丧 亲 坝 至 院,UNKNOWN,扫描 OCR + IPA 锚点版面解析（四行对照） | 整理日期 2026-09,medium
SANGJIAJING-P0241-R-02,SANGJIAJING,241,R,2,住V田 电,tsi³³ dzi³³ gess li³³ 1o²¹,tsi33 dz133 gess 133 1o21,suspect,0.50,4,院 坝 亲 来 满,戚站满院 亲,UNKNOWN,扫描 OCR + IPA 锚点版面解析（四行对照） | 整理日期 2026-09,medium
SANGJIAJING-P0241-R-03,SANGJIAJING,241,R,3,戚站满院 亲,ni²¹ le³¹ phɒ³³ da4 dzu,n121 le31 phD33 da4 dzu,suspect,0.75,4,彝 手布裁余,彝手裁布长,UNKNOWN,扫描 OCR + IPA 锚点版面解析（四行对照） | 整理日期 2026-09,medium
SANGJIAJING-P0242-L-01,SANGJIAJING,242,L,1,张 Z,se³¹ le²¹ bu²¹ tci⁴⁴ niss,Se31 le21 bu²1 tci44 niss,ok,1.00,5,汉 手 丝 扯 短,汉 手 扯 丝 短,UNKNOWN,扫描 OCR + IPA 锚点版面解析（四行对照） | 整理日期 2026-09,medium
SANGJIAJING-P0242-L-02,SANGJIAJING,242,L,2,非 不 遗 还 诵,qe⁴⁴ ³³ qhe⁴⁴ mu²¹ mi tsi³³,qe44 33 qhe44 mu²1 mi tsi33,suspect,0.60,5,天 强 地 强 遇,强 天 配 强 地,UNKNOWN,扫描 OCR + IPA 锚点版面解析（四行对照） | 整理日期 2026-09,medium
SANGJIAJING-P0242-L-03,SANGJIAJING,242,L,3,企 X A 本,qhe⁴⁴ tchi²¹ mi ³³ 4u³³ ip²¹,qhe44 tch121 mi 33 4u33 Ip21,ok,0.80,5,地 强 白 犁 铧,犁 铧 胜地 强,UNKNOWN,扫描 OCR + IPA 锚点版面解析（四行对照） | 整理日期 2026-09,medium
SANGJIAJING-P0242-R-01,SANGJIAJING,242,R,1,开 # 又,zi³³ th²¹ dzi²¹ tɒss,"zi33 th21 dz,i21 tDss",suspect,0.75,4,一 章 剩 搁 呢,剩 下 此 章 经,UNKNOWN,扫描 OCR + IPA 锚点版面解析（四行对照） | 整理日期 2026-09,medium
SANGJIAJING-P0242-R-02,SANGJIAJING,242,R,2,ZX,le³¹ qe³¹ tche³³ ⁴⁴ ni,le31 qe31 tche33 :44 ni,ok,0.80,5,线 绕 手 赶 青,手 绕 青 色 线,UNKNOWN,扫描 OCR + IPA 锚点版面解析（四行对照） | 整理日期 2026-09,medium
SANGJIAJING-P0242-R-03,SANGJIAJING,242,R,3,④ 每 不,³³ bi²¹ si²¹ np mu nu³³,33 b121 S121 np mu nu33,suspect,0.50,4,我 做 你 给 还,经 文 诵 与 你,UNKNOWN,扫描 OCR + IPA 锚点版面解析（四行对照） | 整理日期 2026-09,medium
SANGJIAJING-P0242-R-04,SANGJIAJING,242,R,4,与 3=,,ni21 1p21 np 55 ab 1p21,failed,0.25,4,两 耳 伸 扇 扇,两 耳 如 扇 展,UNKNOWN,扫描 OCR + IPA 锚点版面解析（四行对照） | 整理日期 2026-09,medium
SANGJIAJING-P0243-L-01,SANGJIAJING,243,L,1,专每 女,,tohe?( mu? 33 np 33 h33 1D33,failed,0.00,4,聪 的 听 来 啊,耳 聪 来 听 经,UNKNOWN,扫描 OCR + IPA 锚点版面解析（四行对照） | 整理日期 2026-09,medium
SANGJIAJING-P0243-L-02,SANGJIAJING,243,L,2,不 科,ni4 dze²¹ de²¹ li³³ si²¹,ni4 dze21 de21 133 S121,suspect,0.75,4,梭 打 看 来 还,再 来 看 制 梭,UNKNOWN,扫描 OCR + IPA 锚点版面解析（四行对照） | 整理日期 2026-09,medium
SANGJIAJING-P0243-L-03,SANGJIAJING,243,L,3,科 正,li³³ ³³ dze²¹ de²¹ ne 4 qɒ,133 33 dze21 de21 ne 4 qD,suspect,0.60,5,梭 打 着 来 啊,快 来 看 制 梭,UNKNOWN,扫描 OCR + IPA 锚点版面解析（四行对照） | 整理日期 2026-09,medium
SANGJIAJING-P0243-L-04,SANGJIAJING,243,L,4,田 # 7,mp bu tsiss si²¹ dzɒ²¹,mp bu tsiss si21 dZD21,suspect,0.50,2,不 饱 前 走 吃,不 饱 阴 间 吃,UNKNOWN,扫描 OCR + IPA 锚点版面解析（四行对照） | 整理日期 2026-09,medium
SANGJIAJING-P0243-R-01,SANGJIAJING,243,R,1,女,,the?( mu3 np 33 1h3 goss,failed,0.00,3,聪 的 听 来 要,定 要 耳 聪 听,UNKNOWN,扫描 OCR + IPA 锚点版面解析（四行对照） | 整理日期 2026-09,medium
SANGJIAJING-P0243-R-02,SANGJIAJING,243,R,2,五,hɒ³³ 1o²¹ tchi³¹ ku,hp33 1o21 tchi31 ku,suspect,0.75,4,郝 罗 奇 格 娓,郝 罗 奇 格 娓,UNKNOWN,扫描 OCR + IPA 锚点版面解析（四行对照） | 整理日期 2026-09,medium
SANGJIAJING-P0243-R-03,SANGJIAJING,243,R,3,3 专,si³³ si³³ ⁵⁵ h²¹ ⁹⁰5 ms pɒ,"si33 si33 55 h21 90'5 ms p""D",suspect,0.50,6,郭 诗 他 三 父,郭 诗 冏三 父 子②,UNKNOWN,扫描 OCR + IPA 锚点版面解析（四行对照） | 整理日期 2026-09,medium
SANGJIAJING-P0243-R-04,SANGJIAJING,243,R,4,介 N 为#,,m33 phe31 tsis khu33,failed,0.33,3,我 地 叶 伸 丛,我 乡 木 叶 繁,UNKNOWN,扫描 OCR + IPA 锚点版面解析（四行对照） | 整理日期 2026-09,medium
SANGJIAJING-P0243-R-05,SANGJIAJING,243,R,5,3,mi³³ si³³ nɒs,m133 si33 nD's,ok,1.00,3,我 地 猎 关 多,我 乡 猎 场 多,UNKNOWN,扫描 OCR + IPA 锚点版面解析（四行对照） | 整理日期 2026-09,medium
SANGJIAJING-P0244-L-01,SANGJIAJING,244,L,1,IM 天,,dz121 th21 0i33,failed,0.33,3,我 畜 牧 一 日,畜 我 牧 之 日,UNKNOWN,扫描 OCR + IPA 锚点版面解析（四行对照） | 整理日期 2026-09,medium
SANGJIAJING-P0244-L-02,SANGJIAJING,244,L,2,# 分,dzi²¹ tcrs phe³¹ tsiss,"dz121 tcr""s phe31 tsiss",ok,1.00,3,畜 牧 叶 伸 处,放 牧 林 茂 处,UNKNOWN,扫描 OCR + IPA 锚点版面解析（四行对照） | 整理日期 2026-09,medium
SANGJIAJING-P0244-L-03,SANGJIAJING,244,L,3,Z WI 天,,th21 ni33 duss 10b,failed,0.33,3,我 耕 种 一 日,我 耕 种 之 日,UNKNOWN,扫描 OCR + IPA 锚点版面解析（四行对照） | 整理日期 2026-09,medium
SANGJIAJING-P0244-L-04,SANGJIAJING,244,L,4,特 3 ★,kɒ³³ q⁰²1 si³³ ne⁴⁴ nɒss,kD3 q021 si33 ne44 nDss,ok,0.80,5,路 耕 猎 关 多,多 沿 路 猎 场,UNKNOWN,扫描 OCR + IPA 锚点版面解析（四行对照） | 整理日期 2026-09,medium
SANGJIAJING-P0244-L-05,SANGJIAJING,244,L,5,3,si³³ ne4 4e³³ dzi²¹ ⁹⁰5,si33 ne4 4e33 dz121 90$5,suspect,0.50,4,猎 场 山 畜 野,猎 场 猎 野 物,UNKNOWN,扫描 OCR + IPA 锚点版面解析（四行对照） | 整理日期 2026-09,medium
SANGJIAJING-P0244-R-01,SANGJIAJING,244,R,1,WI 专,dzi²¹ th³³ ob ⁵⁵ zɒ ²¹,dzi21 th33 ob 55 ZD 21,suspect,0.75,4,铜 方 它 昆 明,产 铜 之 昆 明,UNKNOWN,扫描 OCR + IPA 锚点版面解析（四行对照） | 整理日期 2026-09,medium
SANGJIAJING-P0244-R-02,SANGJIAJING,244,R,2,中 分 专 口,ob ⁵⁵ si³³ thi²¹ lu³³ zɒ²¹,ob 55 si33 th121 lu33 ZD21,ok,1.00,5,昆 明 它 一 城,昆 明 之 一 城,UNKNOWN,扫描 OCR + IPA 锚点版面解析（四行对照） | 整理日期 2026-09,medium
SANGJIAJING-P0244-R-03,SANGJIAJING,244,R,3,口,lu³³ su³³ tshi³³ tsɒ,lu33 su33 tsh133 tsD,ok,1.00,4,城 放 三 十 道,通 街 三 十 道,UNKNOWN,扫描 OCR + IPA 锚点版面解析（四行对照） | 整理日期 2026-09,medium
SANGJIAJING-P0244-R-04,SANGJIAJING,244,R,4,飞 至,,1p21 zu²1 tho² kuss 4e33,failed,0.33,3,九 牛 使 松 林,牛 犁九 林 地,UNKNOWN,扫描 OCR + IPA 锚点版面解析（四行对照） | 整理日期 2026-09,medium
SANGJIAJING-P0245-L-01,SANGJIAJING,245,L,1,田 3=,,zw 21 b121 mp21 xw 44 xw 44,failed,0.40,5,使 给 不 勤 勤,给 牛 不 勤 犁,UNKNOWN,扫描 OCR + IPA 锚点版面解析（四行对照） | 整理日期 2026-09,medium
SANGJIAJING-P0245-L-02,SANGJIAJING,245,L,2,Y 田 3=,,aG 55 qh031 mp21 44 xw 44,failed,0.40,5,犁 还 不 勤 勤,还 牛 蹭 迟 迟,UNKNOWN,扫描 OCR + IPA 锚点版面解析（四行对照） | 整理日期 2026-09,medium
SANGJIAJING-P0245-L-03,SANGJIAJING,245,L,3,九 与,q⁰²1 ip²¹ iep ng³³,q021 Ip21 IeP ng33,suspect,0.67,3,耕 牛 使 得 也,得 到 耕 牛 使,UNKNOWN,扫描 OCR + IPA 锚点版面解析（四行对照） | 整理日期 2026-09,medium
SANGJIAJING-P0245-R-01,SANGJIAJING,245,R,1,了 专,,goss si33 si33 ssms,failed,0.33,3,郭 诗 他 三 父,郭 诗 三 父 子,UNKNOWN,扫描 OCR + IPA 锚点版面解析（四行对照） | 整理日期 2026-09,medium
SANGJIAJING-P0245-R-02,SANGJIAJING,245,R,2,特 G 不,si²¹ zɔss phu²¹ kɒ³³ zɔss,S121 Z.OSs phu²1 kD33 ZO.Ss,suspect,0.75,4,我 价 加 要 还,尚 须 付 款 工,UNKNOWN,扫描 OCR + IPA 锚点版面解析（四行对照） | 整理日期 2026-09,medium
SANGJIAJING-P0246-L-01,SANGJIAJING,246,L,1,,xw ⁴⁴ zi³³ bu²¹ mu ³³ zi³³,"xw 44 z,133 bu²1 mu 33 z,133",ok,0.80,5,铁 拿 拿 背 做,取 铁 用 背 背,UNKNOWN,扫描 OCR + IPA 锚点版面解析（四行对照） | 整理日期 2026-09,medium
SANGJIAJING-P0246-L-02,SANGJIAJING,246,L,2,包 包,,niss 33 33 Di'Ss qD mu,failed,0.33,3,土 掏 土 玩 做,挖 开 土 层 后,UNKNOWN,扫描 OCR + IPA 锚点版面解析（四行对照） | 整理日期 2026-09,medium
SANGJIAJING-P0246-L-03,SANGJIAJING,246,L,3,包 特 3=,,niss ku33 bu bur3,failed,0.00,2,土 中 铁 堆 堆,出 矿 露 铁 石,UNKNOWN,扫描 OCR + IPA 锚点版面解析（四行对照） | 整理日期 2026-09,medium
SANGJIAJING-P0246-L-04,SANGJIAJING,246,L,4,特 丑 万 日,⁴⁴ khi³³ ³³ mx ne²¹ li⁰³3 sɒ,44 kh13 33 mx ne21 1033 SD,suspect,0.67,6,铁 贵 那 里 找,那里找铁料,UNKNOWN,扫描 OCR + IPA 锚点版面解析（四行对照） | 整理日期 2026-09,medium
SANGJIAJING-P0246-R-01,SANGJIAJING,246,R,1,乱,a³³ kurs le³¹ li³³,"A33 kur's le31 1,33",suspect,0.67,3,阿 勒 会 手 来,人 阿 勒 匠 艺,UNKNOWN,扫描 OCR + IPA 锚点版面解析（四行对照） | 整理日期 2026-09,medium
SANGJIAJING-P0246-R-02,SANGJIAJING,246,R,2,飞丑 又 飞 专,,ku*s ne 21 kur*s si33 tD.ss,failed,0.33,3,匠 贵 走 搁 匠,来 请 其 打 梭,UNKNOWN,扫描 OCR + IPA 锚点版面解析（四行对照） | 整理日期 2026-09,medium
SANGJIAJING-P0246-R-03,SANGJIAJING,246,R,3,效 分,kus le³¹ a³³ 1y⁴⁴ zɒ1,ku's le31 A33 1y44 ZD1,suspect,0.50,4,会 来 阿 勒 儿,阿勒之 工匠,UNKNOWN,扫描 OCR + IPA 锚点版面解析（四行对照） | 整理日期 2026-09,medium
SANGJIAJING-P0247-L-01,SANGJIAJING,247,L,1,飞考 田 日,,ku's si33 mp 21 lu33 2133,failed,0.25,4,匠 走 去 不 愿,工 匠 不 愿 去,UNKNOWN,扫描 OCR + IPA 锚点版面解析（四行对照） | 整理日期 2026-09,medium
SANGJIAJING-P0247-L-02,SANGJIAJING,247,L,2,飞2 五,,kp33 ku si21 kur's pu',failed,0.33,3,匠 路 返 九 走,反 复 请 九 次,UNKNOWN,扫描 OCR + IPA 锚点版面解析（四行对照） | 整理日期 2026-09,medium
SANGJIAJING-P0247-L-03,SANGJIAJING,247,L,3,飞2 专 不 田,kurs si²¹ zi³³ mp ²¹ ne ³³,"kur's si21 Z,133 mp 21 ne 33",suspect,0.50,4,匠 走 去 不 是,非 匠 不 前 去,UNKNOWN,扫描 OCR + IPA 锚点版面解析（四行对照） | 整理日期 2026-09,medium
SANGJIAJING-P0247-L-04,SANGJIAJING,247,L,4,飞# 田,,kurss kD33 pu 44 mp 21 33 ne,failed,0.40,5,路 是 匠 返 不,反复 非 为 别,UNKNOWN,扫描 OCR + IPA 锚点版面解析（四行对照） | 整理日期 2026-09,medium
SANGJIAJING-P0247-L-05,SANGJIAJING,247,L,5,飞( 司,,ku*s phu21 204 t5033 2i33,failed,0.00,4,匠价 讲 在 呢,在讨还 工廠 价,UNKNOWN,扫描 OCR + IPA 锚点版面解析（四行对照） | 整理日期 2026-09,medium
SANGJIAJING-P0247-R-01,SANGJIAJING,247,R,1,飞,,"phu21 ku"" p 4u33 ku*s tshi33",failed,0.33,3,匠 价 银 九 钱,工 钱 银 九 钱,UNKNOWN,扫描 OCR + IPA 锚点版面解析（四行对照） | 整理日期 2026-09,medium
SANGJIAJING-P0247-R-02,SANGJIAJING,247,R,2,飞,,h21 h33 kw*s ph;21 ab,failed,0.25,4,匠 粮九 价 板,再加,UNKNOWN,扫描 OCR + IPA 锚点版面解析（四行对照） | 整理日期 2026-09,medium
SANGJIAJING-P0248-L-01,SANGJIAJING,248,L,1,飞,,ku*s phu21 33 du33 mb,failed,0.25,4,匠 价 讲 完 后,工 价 讲 定 后,UNKNOWN,扫描 OCR + IPA 锚点版面解析（四行对照） | 整理日期 2026-09,medium
SANGJIAJING-P0248-L-02,SANGJIAJING,248,L,2,效 专 飞,a³³ 1y⁴⁴ si³³ kurs ʊli³³,A33 1y44 si33 kur*s V133,suspect,0.50,4,阿 勒 匠 主 家,阿 勒 工 匠 家,UNKNOWN,扫描 OCR + IPA 锚点版面解析（四行对照） | 整理日期 2026-09,medium
SANGJIAJING-P0248-L-03,SANGJIAJING,248,L,3,专 效,kuus si³³ a³³ 1x⁴⁴ pɒ h²¹,"kuu*s si33 A33 1x44 p""D h21",suspect,0.50,4,匠 主 阿 勒 帕,工 匠 阿 勒 帕,UNKNOWN,扫描 OCR + IPA 锚点版面解析（四行对照） | 整理日期 2026-09,medium
SANGJIAJING-P0248-R-01,SANGJIAJING,248,R,1,几 金 W,,33 VD mp Di4,failed,0.00,2,鸟 母 旋 心 粘,羽 毛 箱 中 翻,UNKNOWN,扫描 OCR + IPA 锚点版面解析（四行对照） | 整理日期 2026-09,medium
SANGJIAJING-P0248-R-02,SANGJIAJING,248,R,2,茶,,php21 44 kur's tD33 mx,failed,0.25,4,匠 父 起 铁 拿,铁匠夹铁块,UNKNOWN,扫描 OCR + IPA 锚点版面解析（四行对照） | 整理日期 2026-09,medium
SANGJIAJING-P0249-L-01,SANGJIAJING,249,L,1,7 A N.,du³³ gu ²¹ 4u³³ tsh³³,du33 gu 21 4u33 tsh;33,suspect,0.50,4,低 头 床 白 到,低 腰 至 砧 桩,UNKNOWN,扫描 OCR + IPA 锚点版面解析（四行对照） | 整理日期 2026-09,medium
SANGJIAJING-P0249-L-02,SANGJIAJING,249,L,2,7科 3,tshi³³ ⁴⁴ de²¹ ne 4e³¹,tshi33 44 de21 ne 4e31,suspect,0.50,4,打 砧 黄 黑,砧 桩 发 光 亮,UNKNOWN,扫描 OCR + IPA 锚点版面解析（四行对照） | 整理日期 2026-09,medium
SANGJIAJING-P0249-L-03,SANGJIAJING,249,L,3,7科 效,de²¹ pu³³ a³³ ne ⁴⁴,de21 pu33 A33 ne 44,ok,1.00,4,打 边 乌 鸦 嘴,砧 嘴 乌 鸦 喙,UNKNOWN,扫描 OCR + IPA 锚点版面解析（四行对照） | 整理日期 2026-09,medium
SANGJIAJING-P0249-L-04,SANGJIAJING,249,L,4,山 口 学,,44 1i21 bu²1 lu33 xw t4u33,failed,0.40,5,铁 屎 蝴 蝶 飞,铁屑亻 似 蝶 飞,UNKNOWN,扫描 OCR + IPA 锚点版面解析（四行对照） | 整理日期 2026-09,medium
SANGJIAJING-P0249-R-01,SANGJIAJING,249,R,1,科,fi³³ de²¹ bu³³ tɒ³³ tche³³,fi33 de21 bu33 tD33 tche33,ok,1.00,5,甩 打 肩 起 上,抢 锤 肩 N 上,UNKNOWN,扫描 OCR + IPA 锚点版面解析（四行对照） | 整理日期 2026-09,medium
SANGJIAJING-P0249-R-02,SANGJIAJING,249,R,2,面 43=,tsh³³ tsh³³ sw de²¹ bi³³,tsh33tsh33 sw de21 b133,suspect,0.50,4,锋 打 散 下 下,打 铁 铁 屑 飞,UNKNOWN,扫描 OCR + IPA 锚点版面解析（四行对照） | 整理日期 2026-09,medium
SANGJIAJING-P0249-R-03,SANGJIAJING,249,R,3,田 刀 致 3=,mɒ²¹ the4 1h³³ tci⁴⁴ tci4,mp21 the4 1h33 tci44 tci4,suspect,0.75,4,不 利 来 恐 恐,唯 恐 不 锋 利,UNKNOWN,扫描 OCR + IPA 锚点版面解析（四行对照） | 整理日期 2026-09,medium
SANGJIAJING-P0249-R-04,SANGJIAJING,249,R,4,田 致 3=,,"21 l,33 tci44 mp² gy31 tci4",failed,0.40,5,不 咬 来 恐 恐,唯 恐 不锋利,UNKNOWN,扫描 OCR + IPA 锚点版面解析（四行对照） | 整理日期 2026-09,medium
SANGJIAJING-P0250-L-01,SANGJIAJING,250,L,1,田刀万 田 m,mɒ²¹ the⁴⁴1 khi³³ mɒ²¹,mp²1 the441 kh133 mD21,ok,1.00,4,不 利 它 不 有,打 制 出 利 梭,UNKNOWN,扫描 OCR + IPA 锚点版面解析（四行对照） | 整理日期 2026-09,medium
SANGJIAJING-P0250-L-02,SANGJIAJING,250,L,2,田 m,,mD21 diss tohe33 dg21,failed,0.33,3,不 放 四 根 打,强 留 打 四 根,UNKNOWN,扫描 OCR + IPA 锚点版面解析（四行对照） | 整理日期 2026-09,medium
SANGJIAJING-P0250-L-03,SANGJIAJING,250,L,3,田,lu²¹ tho³³ yu2l t mɒ²¹ li³⁰³³,lu21 tho33 yu²l t mp21 13033,suspect,0.75,4,龙 把 底 不 有,没有龙骨柄,UNKNOWN,扫描 OCR + IPA 锚点版面解析（四行对照） | 整理日期 2026-09,medium
SANGJIAJING-P0250-R-01,SANGJIAJING,250,R,1,4M,tshu³³ bu³³ tsh³³,tshu33 bu33 tsh33,suspect,0.67,3,发 扯 肩 上 下,解 发 披 垂 背,UNKNOWN,扫描 OCR + IPA 锚点版面解析（四行对照） | 整理日期 2026-09,medium
SANGJIAJING-P0250-R-02,SANGJIAJING,250,R,2,分,kws dzi²¹ zɒ²¹ tsu du2,kw's dzi21 ZD21 tsu du²,suspect,0.67,3,格 资 儿 双 放,格 资 遣 双 儿,UNKNOWN,扫描 OCR + IPA 锚点版面解析（四行对照） | 整理日期 2026-09,medium
SANGJIAJING-P0250-R-03,SANGJIAJING,250,R,3,日 苗,1o³³ qɒ ³³ ɒ ⁵⁵ do²¹,1o33 qD 33 $D 55 do21,suspect,0.75,4,前 处 多 难 迈,行 艰 难 向 前,UNKNOWN,扫描 OCR + IPA 锚点版面解析（四行对照） | 整理日期 2026-09,medium
SANGJIAJING-P0250-R-04,SANGJIAJING,250,R,4,去,³³ do²¹ di²¹ ²¹ pu ³³ qɒ gp,33 do21 di21 21 pu 33 qD gp,suspect,0.67,6,与 那 迈 的 闻,听 闻 何 处 行,UNKNOWN,扫描 OCR + IPA 锚点版面解析（四行对照） | 整理日期 2026-09,medium
SANGJIAJING-P0250-R-05,SANGJIAJING,250,R,5,7 了,dzɒ ⁹⁰5 y⁰³1 8i³³ ne4,dzD 90$5 Y031 8i33 ne4,suspect,0.50,4,吃 野 处 兽 黑,猛兽 叨 猎物,UNKNOWN,扫描 OCR + IPA 锚点版面解析（四行对照） | 整理日期 2026-09,medium
SANGJIAJING-P0251-L-01,SANGJIAJING,251,L,1,3,,33 bu²1 renybrenyb bu²1 mb,failed,0.25,4,拾 背 声声 背,猎 物背 上 嘶,UNKNOWN,扫描 OCR + IPA 锚点版面解析（四行对照） | 整理日期 2026-09,medium
SANGJIAJING-P0251-L-02,SANGJIAJING,251,L,2,了 7水,si³³ do²¹ gɒ ²¹ ne ⁴⁴ mb ³³,si33 do21 gD 21 ne 44 mb 33,ok,0.80,5,猪 掉 食 物 捡,兽 死 捡 作 食,UNKNOWN,扫描 OCR + IPA 锚点版面解析（四行对照） | 整理日期 2026-09,medium
SANGJIAJING-P0251-L-03,SANGJIAJING,251,L,3,7世,,4133 mu21 4u33,failed,0.33,3,天 白 沾 茂 大,树高人云端,UNKNOWN,扫描 OCR + IPA 锚点版面解析（四行对照） | 整理日期 2026-09,medium
SANGJIAJING-P0251-R-01,SANGJIAJING,251,R,1,了 # 日 男,te³³ mg³³ tsi³³ li⁰³3,te33 mg33 ts133 10.33,suspect,0.75,4,云 尾 边 处 走,道路 伸 人 云,UNKNOWN,扫描 OCR + IPA 锚点版面解析（四行对照） | 整理日期 2026-09,medium
SANGJIAJING-P0251-R-02,SANGJIAJING,251,R,2,了 日 男,te³³ thi²¹ tsu li⁰³3,te33 th121 tsu 1033,suspect,0.67,3,云 处 桥 处 走,走过 云端 桥,UNKNOWN,扫描 OCR + IPA 锚点版面解析（四行对照） | 整理日期 2026-09,medium
SANGJIAJING-P0251-R-03,SANGJIAJING,251,R,3,苗 7水 3= 苗,qɒ h³³ ⁵⁵ do²¹ sɒ ⁵⁵ sɒ,"q""D h33 55 do21 SD 55 SD",ok,0.80,5,多 迈 难 难 迈,艰 难 往 前 迈,UNKNOWN,扫描 OCR + IPA 锚点版面解析（四行对照） | 整理日期 2026-09,medium
SANGJIAJING-P0251-R-04,SANGJIAJING,251,R,4,46 永,lu³³ m8 ³³ pu ³³ do²¹,lu33 m8 33 pu 33 do21,suspect,0.75,4,罗 平 舍 伯 迈,走罗 平舍 伯?,UNKNOWN,扫描 OCR + IPA 锚点版面解析（四行对照） | 整理日期 2026-09,medium
SANGJIAJING-P0252-L-01,SANGJIAJING,252,L,1,去,pu ³³ gɒ,pu 33 gD,ok,1.00,2,舍 伯 迈 的 闻,闻 在 舍 伯 走,UNKNOWN,扫描 OCR + IPA 锚点版面解析（四行对照） | 整理日期 2026-09,medium
SANGJIAJING-P0252-L-02,SANGJIAJING,252,L,2,至罗平舍伯,tho²¹ lexzp do²¹ ng³³ eemd,tho21 lexzp do21 ng33 eemd,suspect,0.50,4,青松 与 沙松 些 迈,青松 沙 松 林,UNKNOWN,扫描 OCR + IPA 锚点版面解析（四行对照） | 整理日期 2026-09,medium
SANGJIAJING-P0252-L-03,SANGJIAJING,252,L,3,飞,mg ³³ zɔ ⁴⁴ te³³ mzpmyb,mG 33 ZO 44 te3 mzp.myb,suspect,0.50,4,沙松 长 云尾 齐,沙 高齐 云 松,UNKNOWN,扫描 OCR + IPA 锚点版面解析（四行对照） | 整理日期 2026-09,medium
SANGJIAJING-P0252-R-01,SANGJIAJING,252,R,1,强正田 国,,lu21 yw²ltch33 mp 3G 33,failed,0.33,3,龙 骨 它 不 是,不 是 龙 骨 柄,UNKNOWN,扫描 OCR + IPA 锚点版面解析（四行对照） | 整理日期 2026-09,medium
SANGJIAJING-P0252-R-02,SANGJIAJING,252,R,2,日 苗 7水,yu li⁰³3 ab h³³ sɒ ⁵⁵ do²¹,yu 1033 a.b h33 SD 55 do21,suspect,0.75,4,前 处 多 难 迈,艰 难 向 前 行,UNKNOWN,扫描 OCR + IPA 锚点版面解析（四行对照） | 整理日期 2026-09,medium
SANGJIAJING-P0252-R-03,SANGJIAJING,252,R,3,光苗 去,qɒ³³ ⁵⁵ do²¹ di²¹ sɒ ⁹⁰²¹,qD33 55 do21 di21 SD 9021,ok,0.80,5,多 难 迈 的 闻,听 闻路 途 艰,UNKNOWN,扫描 OCR + IPA 锚点版面解析（四行对照） | 整理日期 2026-09,medium
SANGJIAJING-P0252-R-04,SANGJIAJING,252,R,4,WO 7m 永,dz⁰²1 2li³³ a²¹ bu³³ do²¹,dz.021 2133 A21 bu3 do21,suspect,0.60,5,阿 着 水 岸 边,阿 着水 边 行⑧,UNKNOWN,扫描 OCR + IPA 锚点版面解析（四行对照） | 整理日期 2026-09,medium
SANGJIAJING-P0252-R-05,SANGJIAJING,252,R,5,阿 着水 边 行⑧,l a²¹ dzo²¹ zi³³ bu³³ tsh³³,L- A21 dzo²1 z133 bu33 tsh;33,ok,0.80,5,阿 着 水 岸 到,川阿着水 到 边,UNKNOWN,扫描 OCR + IPA 锚点版面解析（四行对照） | 整理日期 2026-09,medium
SANGJIAJING-P0253-L-01,SANGJIAJING,253,L,1,日,phu²¹ 1i⁴⁴ do⁴⁴ li⁰³3,phu21 1i44 do44 1033,suspect,0.75,4,祖 出 船 处 伴,亡 魂 上 渡 船,UNKNOWN,扫描 OCR + IPA 锚点版面解析（四行对照） | 整理日期 2026-09,medium
SANGJIAJING-P0253-L-02,SANGJIAJING,253,L,2,IM,1i⁴⁴ phu²¹ thi²¹ qho²¹,1i44 phu21 th121 qho21,suspect,0.75,4,船 借 祖 处 铺,借 过 船 渡 水,UNKNOWN,扫描 OCR + IPA 锚点版面解析（四行对照） | 整理日期 2026-09,medium
SANGJIAJING-P0253-L-03,SANGJIAJING,253,L,3,田,,"lu21 tgh33 mp 21 33 ,,mx ne",failed,0.40,5,龙 是 骨 它 不,不 是 龙 骨 柄,UNKNOWN,扫描 OCR + IPA 锚点版面解析（四行对照） | 整理日期 2026-09,medium
SANGJIAJING-P0253-L-04,SANGJIAJING,253,L,4,苗 77,lu²¹ qɒ³³ ⁵⁵ do²¹ yw2 ɒ,lu²1 qD33 55 do21 yw2 $D,suspect,0.60,5,龙 骨 多 难 迈,艰 寻 龙 骨 柄,UNKNOWN,扫描 OCR + IPA 锚点版面解析（四行对照） | 整理日期 2026-09,medium
SANGJIAJING-P0253-L-05,SANGJIAJING,253,L,5,光苗 去,,"h33 21 q""D SD 55 do21 di21 gp",failed,0.33,6,多 难 迈 的 闻,听 闻 路途 艰,UNKNOWN,扫描 OCR + IPA 锚点版面解析（四行对照） | 整理日期 2026-09,medium
SANGJIAJING-P0253-R-01,SANGJIAJING,253,R,1,,ip²¹ kh⁰³3 ni²¹ ho³³ do²¹,Ip21 kh033 ni21 ho33 do21,ok,0.80,5,陆 良 匡 山 迈,走 陆 良 匡 山,UNKNOWN,扫描 OCR + IPA 锚点版面解析（四行对照） | 整理日期 2026-09,medium
SANGJIAJING-P0253-R-02,SANGJIAJING,253,R,2,与,tsh³³ ip²¹ ni²¹ kh⁰³3 ho³³,tsh:33 Ip21 ni²1 kh033 ho33,suspect,0.60,5,陆 良 匡 山 到,到 陆 良 匡 山,UNKNOWN,扫描 OCR + IPA 锚点版面解析（四行对照） | 整理日期 2026-09,medium
SANGJIAJING-P0253-R-03,SANGJIAJING,253,R,3,田 专 日,qho²¹ si³³ li⁰³3 pe⁴⁴,qho21 si33 1033 pe44,ok,1.00,4,他人 处 伴 不 铺,不 铺 与 人 共,UNKNOWN,扫描 OCR + IPA 锚点版面解析（四行对照） | 整理日期 2026-09,medium
SANGJIAJING-P0253-R-04,SANGJIAJING,253,R,4,田 WI,qho²¹ thi³³ li²⁴ b tci⁴⁴ mp,qho21 th133 124b tci44 mp,ok,0.80,5,扯 铺 不 尽 铺,单 独 懒 不 铺?,UNKNOWN,扫描 OCR + IPA 锚点版面解析（四行对照） | 整理日期 2026-09,medium
SANGJIAJING-P0253-R-05,SANGJIAJING,253,R,5,强正 田,,33 lu21 m8 21 1.31 h33 mp 21 3G,failed,0.29,7,龙 骨 它 不 是,不 是龙骨 柄,UNKNOWN,扫描 OCR + IPA 锚点版面解析（四行对照） | 整理日期 2026-09,medium
SANGJIAJING-P0254-L-01,SANGJIAJING,254,L,1,苗,,lu21 th33 55 SD do21,failed,0.25,4,龙 骨它 难 迈,艰 寻龙 骨 柄,UNKNOWN,扫描 OCR + IPA 锚点版面解析（四行对照） | 整理日期 2026-09,medium
SANGJIAJING-P0254-L-02,SANGJIAJING,254,L,2,m 众 苗,,"4i's dz133 SD"" tc""e ch44",failed,0.00,2,希 津 劳 绍 村,希 津 劳 绍 村,UNKNOWN,扫描 OCR + IPA 锚点版面解析（四行对照） | 整理日期 2026-09,medium
SANGJIAJING-P0254-L-03,SANGJIAJING,254,L,3,万孟 去,,kh3 yw di21 21 gD,failed,0.33,3,它 前 迈 的 闻,听 闻 村 前 过,UNKNOWN,扫描 OCR + IPA 锚点版面解析（四行对照） | 整理日期 2026-09,medium
SANGJIAJING-P0254-L-04,SANGJIAJING,254,L,4,致 7 2,,np 55 li31 1h33,failed,0.33,3,鱼 叫 鳞 脱 来,脱 鳞 鱼 惨 叫,UNKNOWN,扫描 OCR + IPA 锚点版面解析（四行对照） | 整理日期 2026-09,medium
SANGJIAJING-P0254-R-01,SANGJIAJING,254,R,1,Z ?,,q044 th121 niss 1044,failed,0.33,3,伞 盖 一 中 午,撑 伞 在 中 午四,UNKNOWN,扫描 OCR + IPA 锚点版面解析（四行对照） | 整理日期 2026-09,medium
SANGJIAJING-P0254-R-02,SANGJIAJING,254,R,2,A 田 ?,lu²¹ yu²¹ tch³³ mp ³³,lu21 yu²1 tch33 mp 33,suspect,0.50,4,龙 骨 它 不 是,龙 骨 柄 不 是,UNKNOWN,扫描 OCR + IPA 锚点版面解析（四行对照） | 整理日期 2026-09,medium
SANGJIAJING-P0254-R-03,SANGJIAJING,254,R,3,苗 永,,tgh33 SD 55 do2i,failed,0.33,3,龙 难 迈 骨 它,艰 寻 龙 骨 柄,UNKNOWN,扫描 OCR + IPA 锚点版面解析（四行对照） | 整理日期 2026-09,medium
SANGJIAJING-P0254-R-04,SANGJIAJING,254,R,4,苗 去,qɒ³³ ⁵⁵ do²¹ di²¹ gɒ ²¹ as,qD33 55 do21 di21 gD 21 as,ok,0.83,6,多 难 迈 的 闻,听 闻 路 途 艰,UNKNOWN,扫描 OCR + IPA 锚点版面解析（四行对照） | 整理日期 2026-09,medium
SANGJIAJING-P0255-L-01,SANGJIAJING,255,L,1,笠 去,,21 33 di21 21 g0 pu do21 gD,failed,0.33,6,圭 山 迈 的 闻,听 闻 走 圭 山,UNKNOWN,扫描 OCR + IPA 锚点版面解析（四行对照） | 整理日期 2026-09,medium
SANGJIAJING-P0255-L-02,SANGJIAJING,255,L,2,子,mu2 y⁰³1 ⁹⁰²¹ pur³³ tshi³³,mu² Y031 9021 pur33 tshi:33,suspect,0.50,4,天 际 主 黃山 到,天 台 圭 山 至,UNKNOWN,扫描 OCR + IPA 锚点版面解析（四行对照） | 整理日期 2026-09,medium
SANGJIAJING-P0255-L-03,SANGJIAJING,255,L,3,田,lu²¹ mx ²¹ tci h³³ mp ²¹ ne ³³,"lu21 mX 21 tc""r"" h33 mp 21 ne 33",suspect,0.60,5,龙 骨 它 不 是,不 是龙骨 柄,UNKNOWN,扫描 OCR + IPA 锚点版面解析（四行对照） | 整理日期 2026-09,medium
SANGJIAJING-P0255-R-01,SANGJIAJING,255,R,1,飞田 国,,tgh.33 21 33 33 1D33 mp ne qD,failed,0.00,6,它 不 是 因 啊,因 为 它 不是,UNKNOWN,扫描 OCR + IPA 锚点版面解析（四行对照） | 整理日期 2026-09,medium
SANGJIAJING-P0255-R-02,SANGJIAJING,255,R,2,7: W Z4,me dzi³¹ bu²¹ tche³³ tsh³³,me dzi31 bu²1 tche33tsh33,suspect,0.50,4,尾 扯 虫线下,扯 尾 丝 脱 线,UNKNOWN,扫描 OCR + IPA 锚点版面解析（四行对照） | 整理日期 2026-09,medium
SANGJIAJING-P0255-R-03,SANGJIAJING,255,R,3,田 分 日,,21 33 33 Ip21 lo21 mp yD qD,failed,0.33,6,不 获 门 牛 满,未 获 满 门 牛,UNKNOWN,扫描 OCR + IPA 锚点版面解析（四行对照） | 整理日期 2026-09,medium
SANGJIAJING-P0255-R-04,SANGJIAJING,255,R,4,7HL,ʊi¹⁴ hɒ³³ 1o²¹ tchi³¹ kurs,VI14 hp3 1o21 tch131 kur's,suspect,0.60,5,赫 罗 其 格 娓,赫 赤罗 其格娓,UNKNOWN,扫描 OCR + IPA 锚点版面解析（四行对照） | 整理日期 2026-09,medium
SANGJIAJING-P0256-L-01,SANGJIAJING,256,L,1,公会 N.,tsh³³ ku³³ md ³³ zi³³,tsh:33 ku33 md 33 zi33,suspect,0.50,4,身 子 起 柱 脚,从 柱 脚 起 身,UNKNOWN,扫描 OCR + IPA 锚点版面解析（四行对照） | 整理日期 2026-09,medium
SANGJIAJING-P0256-L-02,SANGJIAJING,256,L,2,A,,4u33 mb 33 1D33 bu21 VD33,failed,0.20,5,网 白 身 了 背,猎 网 背 身 上,UNKNOWN,扫描 OCR + IPA 锚点版面解析（四行对照） | 整理日期 2026-09,medium
SANGJIAJING-P0256-L-03,SANGJIAJING,256,L,3,3 号 住,si³³ he4 tsi³³ 1p³³ do⁴⁴,si33 he4 tsi33 1p33 do44,suspect,0.50,4,猎 狩 遇 了 出,邀 约 猎 伴 行,UNKNOWN,扫描 OCR + IPA 锚点版面解析（四行对照） | 整理日期 2026-09,medium
SANGJIAJING-P0256-L-04,SANGJIAJING,256,L,4,3 Z,si³³ ʊi³³ tshi²¹ se²¹ 1ɒ³³,si33 VI33 tshi21 Se21 1D33,suspect,0.60,5,猎 狗 领 了 拿,带 领 上 猎 狗,UNKNOWN,扫描 OCR + IPA 锚点版面解析（四行对照） | 整理日期 2026-09,medium
SANGJIAJING-P0256-R-01,SANGJIAJING,256,R,1,与,,ni21 fe-ss bu33 3.31 h33 tsh:33,failed,0.20,5,二 岩 肩 上 到,来 到 山 岩 头,UNKNOWN,扫描 OCR + IPA 锚点版面解析（四行对照） | 整理日期 2026-09,medium
SANGJIAJING-P0256-R-02,SANGJIAJING,256,R,2,A E,,VD 33 4u33 ku33 1D33 da31,failed,0.40,5,网 白 整 了 网,猎 网 张 开 套,UNKNOWN,扫描 OCR + IPA 锚点版面解析（四行对照） | 整理日期 2026-09,medium
SANGJIAJING-P0256-R-03,SANGJIAJING,256,R,3,TH C,tu³³ ts⁴⁴ te³³ to4 ip³³,tu33 ts44 te33 to4 Ip33,suspect,0.50,4,撑 具 插 了 立,网 桩 插 立 稳,UNKNOWN,扫描 OCR + IPA 锚点版面解析（四行对照） | 整理日期 2026-09,medium
SANGJIAJING-P0256-R-04,SANGJIAJING,256,R,4,3,si³³ tshi²¹ li⁰²1 tsho²¹ dur²¹,si33 tshi21 1021 tsho21 dur²1,ok,1.00,5,猎 狗 凹 冲 放,猎 狗 箐 放 山,UNKNOWN,扫描 OCR + IPA 锚点版面解析（四行对照） | 整理日期 2026-09,medium
SANGJIAJING-P0257-L-01,SANGJIAJING,257,L,1,与 工,si³³ ni²¹ tsi³³ tche²¹ ²⁰4,si33 ni21 ts133 tche21 2.04,ok,0.80,5,猎 人 二 十 排,猎 人 二 十 排,UNKNOWN,扫描 OCR + IPA 锚点版面解析（四行对照） | 整理日期 2026-09,medium
SANGJIAJING-P0257-L-02,SANGJIAJING,257,L,2,3 九孔 ZI 3=,tshi²¹ dzɒ2 ni1,"tshi21 dz,.D² n11",suspect,0.50,2,猎 狗 吵,猎 狗 吠 汪 汪,UNKNOWN,扫描 OCR + IPA 锚点版面解析（四行对照） | 整理日期 2026-09,medium
SANGJIAJING-P0257-L-03,SANGJIAJING,257,L,3,3 口,,"si33 Z,033 yncnyb",failed,0.33,3,猎 人声 沸 沸,猎 人 声 沸 沸,UNKNOWN,扫描 OCR + IPA 锚点版面解析（四行对照） | 整理日期 2026-09,medium
SANGJIAJING-P0257-L-04,SANGJIAJING,257,L,4,3 Z,si³³ si³³ ms ⁵⁵ h²¹ ⁹⁰ s pɒ,"si33 si33 ms 55 h21 90S p""D",suspect,0.50,6,果 诗 他 三 父,果 诗 三 父 子,UNKNOWN,扫描 OCR + IPA 锚点版面解析（四行对照） | 整理日期 2026-09,medium
SANGJIAJING-P0257-L-05,SANGJIAJING,257,L,5,司 亏 公会,,"1D33 1,33 t$033 nj33 tD33",failed,0.40,5,转 了 日 来 起,连 日 转 山 中,UNKNOWN,扫描 OCR + IPA 锚点版面解析（四行对照） | 整理日期 2026-09,medium
SANGJIAJING-P0257-R-01,SANGJIAJING,257,R,1,面 米 至,zi³¹ 1p5s do⁴⁴ su ⁵⁵ 4e³³,zi31 1p5s do44 su 55 4e33,suspect,0.50,4,豹 虎 出 三 林,林 三 处 虎 豹,UNKNOWN,扫描 OCR + IPA 锚点版面解析（四行对照） | 整理日期 2026-09,medium
SANGJIAJING-P0257-R-02,SANGJIAJING,257,R,2,ZA 面 至,tsh³³ ip³³ do⁴⁴ su ⁵⁵ ⁴⁸³³,tsh:33 Ip33 do44 su 55 4833,suspect,0.60,5,麂 子 出 三 林,三 处 子 林,UNKNOWN,扫描 OCR + IPA 锚点版面解析（四行对照） | 整理日期 2026-09,medium
SANGJIAJING-P0258-L-01,SANGJIAJING,258,L,1,九 田 五,,tsh;33 1D33 33 21 do 4 ne mp,failed,0.00,5,子 也 不 出,子 没 出 现,UNKNOWN,扫描 OCR + IPA 锚点版面解析（四行对照） | 整理日期 2026-09,medium
SANGJIAJING-P0258-L-02,SANGJIAJING,258,L,2,田 九 田,ne ³³ ²¹ do⁴⁴ noss 9oss mɒ2,ne 33 21 do44 noSs 9oss mp²,suspect,0.50,4,猴 野 也 不 出,猴 子 没 出 现,UNKNOWN,扫描 OCR + IPA 锚点版面解析（四行对照） | 整理日期 2026-09,medium
SANGJIAJING-P0258-R-01,SANGJIAJING,258,R,1,3 办 效 企 口,tshi²¹ a³³ mi³³ lu³³,tshi21 A33 m133 lu33,ok,1.00,4,猎 狗 什 么 吠,猎 狗 吠 什 么,UNKNOWN,扫描 OCR + IPA 锚点版面解析（四行对照） | 整理日期 2026-09,medium
SANGJIAJING-P0258-R-02,SANGJIAJING,258,R,2,电,,44 A33 33 ZO m133 tw,failed,0.20,5,猎 人 什 么 拦,猎 人 围 什 么,UNKNOWN,扫描 OCR + IPA 锚点版面解析（四行对照） | 整理日期 2026-09,medium
SANGJIAJING-P0258-R-03,SANGJIAJING,258,R,3,效 电 去,a³³ mi³³ ⁰³3 di²¹,A33 m133 $033 di21,suspect,0.75,4,什 么 拦 在 的,正 在 围 什 么,UNKNOWN,扫描 OCR + IPA 锚点版面解析（四行对照） | 整理日期 2026-09,medium
SANGJIAJING-P0258-R-04,SANGJIAJING,258,R,4,甘 日 田,dɒ²¹ li⁰³3 tho³¹ ²¹ tsh³³ mɒ,dD21 1033 tho31 21 tsh;33 mD,suspect,0.67,6,兜 拦 底 不 到,落 网 不 到 底,UNKNOWN,扫描 OCR + IPA 锚点版面解析（四行对照） | 整理日期 2026-09,medium
SANGJIAJING-P0259-L-01,SANGJIAJING,259,L,1,田 住,t1ss tch³³ thi²¹ tsi³³,t1ss. tch33 th121 tsi33,suspect,0.67,3,-它 不 像 一 棵,遇 一 怪 异 木,UNKNOWN,扫描 OCR + IPA 锚点版面解析（四行对照） | 整理日期 2026-09,medium
SANGJIAJING-P0259-L-02,SANGJIAJING,259,L,2,万 日 又 米,kh³³ li⁰³3 do²¹ tpss,kh33 1033 do21 tpss,suspect,0.50,4,那 里 掉 搁 着,生 长 在 那 里,UNKNOWN,扫描 OCR + IPA 锚点版面解析（四行对照） | 整理日期 2026-09,medium
SANGJIAJING-P0259-L-03,SANGJIAJING,259,L,3,九万配 3=,si³³ tshi²¹ khi³³ nos,si33 tshi21kh13 nos,ok,1.00,4,猎 狗 它 要 要,猎 狗 可 要 它,UNKNOWN,扫描 OCR + IPA 锚点版面解析（四行对照） | 整理日期 2026-09,medium
SANGJIAJING-P0259-L-04,SANGJIAJING,259,L,4,万 配 田 分,kh³³ no ⁵⁵ ²¹ ³³ zi³³ mp yɒ,kh33 no 55 21 33 zi33 mp yD,suspect,0.50,6,它 要 不 得 呢,没 有 要 它 者,UNKNOWN,扫描 OCR + IPA 锚点版面解析（四行对照） | 整理日期 2026-09,medium
SANGJIAJING-P0259-L-05,SANGJIAJING,259,L,5,3 当万配H,si³³ khi³³ qhu²¹ z⁰⁴ no³³,si33 kh133 qhu21 Z04 no33,ok,0.80,5,猎 人它 对 声,猎人大惊 呼,UNKNOWN,扫描 OCR + IPA 锚点版面解析（四行对照） | 整理日期 2026-09,medium
SANGJIAJING-P0259-R-01,SANGJIAJING,259,R,1,万廿 去,,kh33 n033 qhu21 di2! ng33,failed,0.25,4,它 对 声 的 也,惊 呼 声 过 去,UNKNOWN,扫描 OCR + IPA 锚点版面解析（四行对照） | 整理日期 2026-09,medium
SANGJIAJING-P0259-R-02,SANGJIAJING,259,R,2,7 又 GZ,,tsiss SD21 tDss 4DSs D33,failed,0.00,2,美 标 是 搁 呢,是 可 标 线 木,UNKNOWN,扫描 OCR + IPA 锚点版面解析（四行对照） | 整理日期 2026-09,medium
SANGJIAJING-P0259-R-03,SANGJIAJING,259,R,3,73,tsiss ²¹ h³³ sɒ,"tsiss 21 h33 SD""",suspect,0.67,3,、朴 美 标 品 灰 朴,树 杆 呈 灰 色,UNKNOWN,扫描 OCR + IPA 锚点版面解析（四行对照） | 整理日期 2026-09,medium
SANGJIAJING-P0259-R-04,SANGJIAJING,259,R,4,米,lu²¹ zi³³ ɒe³³,lu21 zi33 De33,ok,1.00,3,龙 把 是 了 呢,找到 』了龙柄,UNKNOWN,扫描 OCR + IPA 锚点版面解析（四行对照） | 整理日期 2026-09,medium
SANGJIAJING-P0260-L-01,SANGJIAJING,260,L,1,飞 众 女,ob ³¹ bur⁴⁴ kus dzi³³ du³³,ob 31 bur44 ku's dz133 du33,suspect,0.75,4,回 返 匠 事 后,返 身 找 工 匠,UNKNOWN,扫描 OCR + IPA 锚点版面解析（四行对照） | 整理日期 2026-09,medium
SANGJIAJING-P0260-L-02,SANGJIAJING,260,L,2,飞2 众 效 Z#,ku dzi³³ a³³ lu³¹ du³³,ku dz133 A33 lu31 du33,suspect,0.75,4,匠 事 阿 勒 庭,阿 勒 工 匠 家,UNKNOWN,扫描 OCR + IPA 锚点版面解析（四行对照） | 整理日期 2026-09,medium
SANGJIAJING-P0260-L-03,SANGJIAJING,260,L,3,效 飞 分,a³³ ²¹ lur3 kurs le³¹ zɒ,A33 21 lur3 kur's le31 ZD,suspect,0.50,4,阿 勒 会 手 儿,阿 勒 工 匠 郎,UNKNOWN,扫描 OCR + IPA 锚点版面解析（四行对照） | 整理日期 2026-09,medium
SANGJIAJING-P0260-R-01,SANGJIAJING,260,R,1,效,ku 1i³³ le³¹ a³³ lur³³,ku 1i33 le31 A33 lur33,suspect,0.75,4,会 手 阿 勒 来,艺 高 郎 阿 勒,UNKNOWN,扫描 OCR + IPA 锚点版面解析（四行对照） | 整理日期 2026-09,medium
SANGJIAJING-P0260-R-02,SANGJIAJING,260,R,2,西 3E 科,dle³¹ xw ⁴⁴ da ⁴⁴ mx ⁴⁴ de²¹,dle31 xw 44 da 44 mx 44 de21,suspect,0.60,5,劈 铁 断 铁 打,打 劈 具 断 具,UNKNOWN,扫描 OCR + IPA 锚点版面解析（四行对照） | 整理日期 2026-09,medium
SANGJIAJING-P0260-R-03,SANGJIAJING,260,R,3,科,dzi⁴⁴ ⁴⁴ ⁴⁴ de²¹ mx x⁰²1 xu,dzi44 44 44 de21 mx X021 xu,suspect,0.50,6,砍 铁 修 铁 打,打 砍 具 修 具,UNKNOWN,扫描 OCR + IPA 锚点版面解析（四行对照） | 整理日期 2026-09,medium
SANGJIAJING-P0261-L-01,SANGJIAJING,261,L,1,7 ? h,si⁴⁴ dzi⁴⁴ fess li⁰⁴4 dza ³¹,si44 dzi44 fess 1044 dza 31,suspect,0.75,4,树 砍 岩 石 甩,砍 声 如 砸 石,UNKNOWN,扫描 OCR + IPA 锚点版面解析（四行对照） | 整理日期 2026-09,medium
SANGJIAJING-P0261-L-02,SANGJIAJING,261,L,2,7 口 忘,si⁴⁴ bu⁴⁴ bu²¹ lu³³ t4u³³,si44 bu44 bu21 lu33 t4u33,ok,0.80,5,木 屑 蝴 蝶 飞,飞 木 屑 似 蝶,UNKNOWN,扫描 OCR + IPA 锚点版面解析（四行对照） | 整理日期 2026-09,medium
SANGJIAJING-P0261-L-03,SANGJIAJING,261,L,3,7 子 灶,bu2 tsoss mu²¹ du2,bu² tsoss mu²1 du2!,suspect,0.50,2,树 倒 春 雷 打,树 倒 若 春 雷,UNKNOWN,扫描 OCR + IPA 锚点版面解析（四行对照） | 整理日期 2026-09,medium
SANGJIAJING-P0261-L-04,SANGJIAJING,261,L,4,3E 每 又,da ⁴⁴ tc1ss mu tɒss,da 44 tc1ss mu tDSs,suspect,0.50,2,些 断 些 做 搁,边 断 边 移 旁,UNKNOWN,扫描 OCR + IPA 锚点版面解析（四行对照） | 整理日期 2026-09,medium
SANGJIAJING-P0261-R-01,SANGJIAJING,261,R,1,IM 班专与,thi²¹ thu³³ tche²¹ mi²¹ ni2,th121 thu3tche21 mi²1 ni²!,ok,1.00,5,截破 二 块,筒 破 两 板 一,UNKNOWN,扫描 OCR + IPA 锚点版面解析（四行对照） | 整理日期 2026-09,medium
SANGJIAJING-P0261-R-02,SANGJIAJING,261,R,2,与 W,,ni21 mi2l tch@21 diss mi²1,failed,0.33,3,二 块 破 四 块,两 板 破 四 板,UNKNOWN,扫描 OCR + IPA 锚点版面解析（四行对照） | 整理日期 2026-09,medium
SANGJIAJING-P0261-R-03,SANGJIAJING,261,R,3,去 O 飞 日,ne ³³ 4ɒ³³ ʊli³³ li⁰³3,ne 33 4D33 V133 1033,suspect,0.50,4,春 中 三 月 当,春 三 月 中,UNKNOWN,扫描 OCR + IPA 锚点版面解析（四行对照） | 整理日期 2026-09,medium
SANGJIAJING-P0261-R-04,SANGJIAJING,261,R,4,日 面 O,,tsho211033 sur's 4D33,failed,0.00,2,先 处 三 月 晒,先 晒 三 个 月,UNKNOWN,扫描 OCR + IPA 锚点版面解析（四行对照） | 整理日期 2026-09,medium
SANGJIAJING-P0261-R-05,SANGJIAJING,261,R,5,田 #,tshu³³ tcɛ h³³ ³³ mp tsiss,"tshu33 tc""E"" h33 33 mp tsiss",suspect,0.75,4,发 丝 大 不 裂,丝裂 纹 无 发,UNKNOWN,扫描 OCR + IPA 锚点版面解析（四行对照） | 整理日期 2026-09,medium
SANGJIAJING-P0262-L-01,SANGJIAJING,262,L,1,7世 子 面 O,gi³³ mu²¹ sms 4ɒ³³ ti⁴⁴,G133 mu21 sms 4D33 t144,suspect,0.75,4,月 淋 夏 天 三,雨 淋 三 个 月,UNKNOWN,扫描 OCR + IPA 锚点版面解析（四行对照） | 整理日期 2026-09,medium
SANGJIAJING-P0262-L-02,SANGJIAJING,262,L,2,20 A 車田,h³³ 1e⁸⁸ mɒ²¹ tsɒ,"h33 1e88 mD21 ts""D”",suspect,0.50,4,针 眼 大 不 炸,无 针 眼 炸 缝,UNKNOWN,扫描 OCR + IPA 锚点版面解析（四行对照） | 整理日期 2026-09,medium
SANGJIAJING-P0262-L-03,SANGJIAJING,262,L,3,马 西 每,dzax sɒ²¹ mx ⁴⁴ dle³¹ mu³³,dzax SD21 mx 44 dle31 mu33,suspect,0.50,4,标 线 铁 劈 做,弹 线 直 劈,UNKNOWN,扫描 OCR + IPA 锚点版面解析（四行对照） | 整理日期 2026-09,medium
SANGJIAJING-P0262-L-04,SANGJIAJING,262,L,4,分 效,a³³ lu³³ kurss le³¹,A33 lu33 kurss le31,suspect,0.67,3,阿 勒 会 手 儿,阿 勒 N 工 匠,UNKNOWN,扫描 OCR + IPA 锚点版面解析（四行对照） | 整理日期 2026-09,medium
SANGJIAJING-P0262-R-01,SANGJIAJING,262,R,1,用 勿 WI Y,siss np ³³ thi²¹ tche³³ du²¹,siss np 33 th121 tche33 du²1,ok,1.00,4,先 前 根 挖 一,选 一 掘 地 试,UNKNOWN,扫描 OCR + IPA 锚点版面解析（四行对照） | 整理日期 2026-09,medium
SANGJIAJING-P0262-R-02,SANGJIAJING,262,R,2,口 田,bi²¹ lu³³ dur2 mp ²¹,b121 lu33 dur2! mp 21,suspect,0.67,3,城 放 不 给 呢,打 城 门 不 开,UNKNOWN,扫描 OCR + IPA 锚点版面解析（四行对照） | 整理日期 2026-09,medium
SANGJIAJING-P0263-L-01,SANGJIAJING,263,L,1,光,nip³³ nw ³³ mu³³ siss,nip33 nw 33 mu33 siss,suspect,0.75,4,头 处 湿 的 血,梭 尖 沾 湿 血,UNKNOWN,扫描 OCR + IPA 锚点版面解析（四行对照） | 整理日期 2026-09,medium
SANGJIAJING-P0263-L-02,SANGJIAJING,263,L,2,A 九 3,4u³³ ng³³ si³³ ti³³ dlur³³,4u33 ng33 si33 t133 dlur33,suspect,0.60,5,银 与 金 装 进,金 银 来 歉 赎,UNKNOWN,扫描 OCR + IPA 锚点版面解析（四行对照） | 整理日期 2026-09,medium
SANGJIAJING-P0263-L-03,SANGJIAJING,263,L,3,田,zi³³ mp ²¹ bi²¹ bi²¹,zi33 mp 21 b121 b121,suspect,0.75,4,我 不 给 呢 给,宝 梭 选 人 给,UNKNOWN,扫描 OCR + IPA 锚点版面解析（四行对照） | 整理日期 2026-09,medium
SANGJIAJING-P0263-L-04,SANGJIAJING,263,L,4,y 分,tsh³³ q⁸³1 dzi²¹ zɒ²¹ bi²¹,tsh;33 q8.31 dzi21 ZD21 b121,suspect,0.60,5,衙 役 官 儿 给,给 官 府 衙 役,UNKNOWN,扫描 OCR + IPA 锚点版面解析（四行对照） | 整理日期 2026-09,medium
SANGJIAJING-P0263-R-01,SANGJIAJING,263,R,1,3= π 目,si³³ si³³ dzi²¹ t⁰³3 ni³³,si33 si33 dzi²1 t$033 ni33,ok,0.80,5,守 守 司 官 在 日,护 官 履 职 卫,UNKNOWN,扫描 OCR + IPA 锚点版面解析（四行对照） | 整理日期 2026-09,medium
SANGJIAJING-P0263-R-02,SANGJIAJING,263,R,2,π 分 G 西,dzi²¹ zɒ²¹ fess ms ²¹ tɒ³³,dzi21 ZD21 fess ms 21 tD33,ok,1.00,4,官 儿 案 电 起,官 电 案 N 日,UNKNOWN,扫描 OCR + IPA 锚点版面解析（四行对照） | 整理日期 2026-09,medium
SANGJIAJING-P0263-R-03,SANGJIAJING,263,R,3,G,fess fess muss dze²¹ su²¹,fess fess muss dze21 su21,suspect,0.50,2,案 审 案 将 梭,护 电 案 行 刑,UNKNOWN,扫描 OCR + IPA 锚点版面解析（四行对照） | 整理日期 2026-09,medium
SANGJIAJING-P0263-R-04,SANGJIAJING,263,R,4,π WI 天,th²¹ ni³³ dzi2l me³¹ do⁴⁴,th21 ni33 dzi2l me31 do44,suspect,0.50,4,官 兵 出 一 日,官 府 出 兵 日,UNKNOWN,扫描 OCR + IPA 锚点版面解析（四行对照） | 整理日期 2026-09,medium
SANGJIAJING-P0263-R-05,SANGJIAJING,263,R,5,片 Z 半,si³³ ob ⁴⁴ phi²¹ zu dze,si33 ob 44 phi21 Zu dze?,suspect,0.75,4,里 守 板 使 梭,护 衙 升 堂 梭,UNKNOWN,扫描 OCR + IPA 锚点版面解析（四行对照） | 整理日期 2026-09,medium
SANGJIAJING-P0264-L-01,SANGJIAJING,264,L,1,九4九 特,ku³³ tshi³³ ku³³ ³³ tca ⁵⁵ gɒ,ku33 tsh133ku33 33 tca 55 gD,ok,0.83,6,九 十九 仗 干,打 九 十 九 仗,UNKNOWN,扫描 OCR + IPA 锚点版面解析（四行对照） | 整理日期 2026-09,medium
SANGJIAJING-P0264-L-02,SANGJIAJING,264,L,2,九4九 司,,kw33 tsh133 kw 33,failed,0.33,3,九十九 冲 里,九 冏十九 山 冲,UNKNOWN,扫描 OCR + IPA 锚点版面解析（四行对照） | 整理日期 2026-09,medium
SANGJIAJING-P0264-L-03,SANGJIAJING,264,L,3,中 π,ku³³ tshi2 kus mɒ³³ dzi²¹,ku3 tsh12 ku*s mp33 dzi21,suspect,0.67,3,九 十九 个 指,戳 向九 十 九,UNKNOWN,扫描 OCR + IPA 锚点版面解析（四行对照） | 整理日期 2026-09,medium
SANGJIAJING-P0264-L-04,SANGJIAJING,264,L,4,π MI 田 光,thi²¹ dzi²¹ mp dy³¹,th121 dzi21 mp dy31,suspect,0.67,3,刺 枝 果 不 结,刺 枝 不 结 果,UNKNOWN,扫描 OCR + IPA 锚点版面解析（四行对照） | 整理日期 2026-09,medium
SANGJIAJING-P0264-L-05,SANGJIAJING,264,L,5,π,dzi²¹ le³¹ qhe⁴⁴ lili³³ ʊɒ ³³,dzi²1 le31 qhe44 1$133 VD 33,suspect,0.60,5,官 手 强 真 吗,官 果 武 艺 强,UNKNOWN,扫描 OCR + IPA 锚点版面解析（四行对照） | 整理日期 2026-09,medium
SANGJIAJING-P0264-R-01,SANGJIAJING,264,R,1,半H分 去,,ITP dze²qu²1 YD tsi33,failed,0.00,2,梭声 力 真 的,加 以 梭 锋 利,UNKNOWN,扫描 OCR + IPA 锚点版面解析（四行对照） | 整理日期 2026-09,medium
SANGJIAJING-P0264-R-02,SANGJIAJING,264,R,2,目 3= WI 每,li⁰³ li⁵⁰³³ mu ³³ th²¹ nij³³,1$03 15033 mu 33 th21 nij33,ok,0.80,5,在 在 做 一 日,在 世 日 如 此,UNKNOWN,扫描 OCR + IPA 锚点版面解析（四行对照） | 整理日期 2026-09,medium
SANGJIAJING-P0264-R-03,SANGJIAJING,264,R,3,田 π 专,mɒ²¹ dzi²¹ si³³ tshi³³ tho³³,mp21 dzi21 si33 tshi33 tho33,ok,1.00,5,不 幸 别人 脚 底,亡 日 人 脚 下,UNKNOWN,扫描 OCR + IPA 锚点版面解析（四行对照） | 整理日期 2026-09,medium
SANGJIAJING-P0264-R-04,SANGJIAJING,264,R,4,田 ZZ,,21 44 mD md le31 eemp,failed,0.25,4,不 反 手 魂 人,梭 标 不 易 手,UNKNOWN,扫描 OCR + IPA 锚点版面解析（四行对照） | 整理日期 2026-09,medium
SANGJIAJING-P0264-R-05,SANGJIAJING,264,R,5,田 π,,mp 21 ob dzi2l 0i3,failed,0.00,2,不 甘 官 死 日,官 不 幸 死 日,UNKNOWN,扫描 OCR + IPA 锚点版面解析（四行对照） | 整理日期 2026-09,medium
SANGJIAJING-P0265-L-01,SANGJIAJING,265,L,1,π 天,dzi²¹ ⁵⁵ ³³ th²¹ ni³³ np gu,dzi21 55 33 th21 ni33 np gu,suspect,0.50,6,官 阴 进 一 日,官 人 阴 间 日,UNKNOWN,扫描 OCR + IPA 锚点版面解析（四行对照） | 整理日期 2026-09,medium
SANGJIAJING-P0265-L-02,SANGJIAJING,265,L,2,官 人 阴 间 日,thu³³ dze²¹ li⁰³1,thu33 dze21 1031,ok,1.00,3,阴 戳 阴 梭 成,成为 戳 阴 梭,UNKNOWN,扫描 OCR + IPA 锚点版面解析（四行对照） | 整理日期 2026-09,medium
SANGJIAJING-P0265-L-03,SANGJIAJING,265,L,3,办4 WI %,,tsh121 tsh33 th121 21 mX,failed,0.40,5,十 狗 一 肉 骨,十 狗 争 一 骨,UNKNOWN,扫描 OCR + IPA 锚点版面解析（四行对照） | 整理日期 2026-09,medium
SANGJIAJING-P0265-L-04,SANGJIAJING,265,L,4,飞 飞田,ng³³ tchi³³ mɒ²¹ du³³,ng33 tch133mp21 du33,suspect,0.75,4,我 也 它 不 碰,我不去碰,UNKNOWN,扫描 OCR + IPA 锚点版面解析（四行对照） | 整理日期 2026-09,medium
SANGJIAJING-P0265-R-01,SANGJIAJING,265,R,1,尔 女,tgh³³ thɒ²¹ ³³ nu³³ ne³³ np,tgh33thp21 33 nu33 ne33 np,suspect,0.50,6,你 也 它 莫 问,你 也 莫 问 它,UNKNOWN,扫描 OCR + IPA 锚点版面解析（四行对照） | 整理日期 2026-09,medium
SANGJIAJING-P0265-R-02,SANGJIAJING,265,R,2,分 九 IM,³³ thi²¹ tohe³³ yɒ ng³³ tu4,33 th121 tohe33 yD ng33 tu4,suspect,0.60,5,后 也 一 杆 握,后 来 抓 一 杆,UNKNOWN,扫描 OCR + IPA 锚点版面解析（四行对照） | 整理日期 2026-09,medium
SANGJIAJING-P0265-R-03,SANGJIAJING,265,R,3,已 众 十,ob ³¹ pu kurs dzi³³ tu4,ob 31 pu kurs dz133 tu4,suspect,0.67,3,回 返 匠 家 握,折 回 匠 家 拿,UNKNOWN,扫描 OCR + IPA 锚点版面解析（四行对照） | 整理日期 2026-09,medium
SANGJIAJING-P0265-R-04,SANGJIAJING,265,R,4,田 空,dla⁴⁴ thi²¹ tche³³ mɒ²¹ 2,dla44 th121 tche33 mD21 !'2,ok,0.80,5,不： 好 二 杆 拿,挑 一 杆 良 梭,UNKNOWN,扫描 OCR + IPA 锚点版面解析（四行对照） | 整理日期 2026-09,medium
SANGJIAJING-P0266-L-01,SANGJIAJING,266,L,1,口 ZZ,ts4 1p³³ lu³³ 2li³³ dlur,"ts4 1p33 lu33 2.,133 dlur'",suspect,0.50,4,插 了 城 水 进,挑 兵 城 河 人,UNKNOWN,扫描 OCR + IPA 锚点版面解析（四行对照） | 整理日期 2026-09,medium
SANGJIAJING-P0266-L-02,SANGJIAJING,266,L,2,专 日 田,mp ²¹ bi²¹ si³³ li⁰³3 bi²¹,mp 21 b121 si33 1033 b121,ok,0.80,5,不 给 它 处 给,送 梭 不 给 别,UNKNOWN,扫描 OCR + IPA 锚点版面解析（四行对照） | 整理日期 2026-09,medium
SANGJIAJING-P0266-L-03,SANGJIAJING,266,L,3,7 九 半 分,du³³ nge³³ muss bi²¹ zɒ²¹,du33 nge3 muss b121 ZD21,suspect,0.75,4,后 也 将 儿 给,此 梭 送 将 官,UNKNOWN,扫描 OCR + IPA 锚点版面解析（四行对照） | 整理日期 2026-09,medium
SANGJIAJING-P0266-L-04,SANGJIAJING,266,L,4,田 半 目 天,si³³ ni³³ mp ²¹ ssnu t⁵⁰³³,si33 ni33 mp 21 ssnu t5033,suspect,0.75,4,不 死 将 在 日,将 在 阳 间 日,UNKNOWN,扫描 OCR + IPA 锚点版面解析（四行对照） | 整理日期 2026-09,medium
SANGJIAJING-P0266-R-01,SANGJIAJING,266,R,1,将 官 行 刑 法,khɒ²¹ tsi³³ kɒ2zu²¹ dze2,khD21 tsi33 kD²zu²1 dze2,suspect,0.75,4,拷 驮 拷 使 梭,行 刑 N 梭 标,UNKNOWN,扫描 OCR + IPA 锚点版面解析（四行对照） | 整理日期 2026-09,medium
SANGJIAJING-P0266-R-02,SANGJIAJING,266,R,2,半,me³³ do⁴⁴ thi²¹ ni³³,me3 do44 th121 ni33,ok,1.00,4,将 兵 出 一 日,将 率 兵 出 征,UNKNOWN,扫描 OCR + IPA 锚点版面解析（四行对照） | 整理日期 2026-09,medium
SANGJIAJING-P0266-R-03,SANGJIAJING,266,R,3,子,si³³ phi²¹ mz dze,si33 ph121 mz dze? .,ok,1.00,3,魂 守 板 使 梭,鼓 气 执 法 梭,UNKNOWN,扫描 OCR + IPA 锚点版面解析（四行对照） | 整理日期 2026-09,medium
SANGJIAJING-P0266-R-04,SANGJIAJING,266,R,4,700 工 O0L 半 7科,si²¹ si²¹ tsi³³ dze²¹ de³³,si21 si21 ts133 dze21 de33,ok,1.00,5,七 十 七 梭 打,打七 十七 梭,UNKNOWN,扫描 OCR + IPA 锚点版面解析（四行对照） | 整理日期 2026-09,medium
SANGJIAJING-P0267-L-01,SANGJIAJING,267,L,1,工 200 X,si²¹ ³³ tsi³³ tcia ⁵⁵ gɒ,si21 33 ts133 tcia 55 gD,ok,0.80,5,七 十 七 仗 干,打 七 十 七 仗,UNKNOWN,扫描 OCR + IPA 锚点版面解析（四行对照） | 整理日期 2026-09,medium
SANGJIAJING-P0267-L-02,SANGJIAJING,267,L,2,700 200,si²¹ si²¹ tsi³³ ²⁰4 dy³¹,si21 si21 ts133 2.04 dy31,suspect,0.60,5,七 十 七 人 戴,七 十 七 戴 帽,UNKNOWN,扫描 OCR + IPA 锚点版面解析（四行对照） | 整理日期 2026-09,medium
SANGJIAJING-P0267-L-03,SANGJIAJING,267,L,3,700 田,si²¹ tsi³³ ⁰⁵5 be³³ mɒ²¹,si21 ts133 0.55 be33 mD21,ok,0.80,5,蓬 七 十 头 不,七 十 发 不 乱,UNKNOWN,扫描 OCR + IPA 锚点版面解析（四行对照） | 整理日期 2026-09,medium
SANGJIAJING-P0267-L-04,SANGJIAJING,267,L,4,ZW田 4,tshu³³ thi²¹ tche³³ 1x⁴⁴ mp,tshu33th121 tche33 1x44 mp,suspect,0.60,5,发 一 根 不 动,不 掉 一 根 发,UNKNOWN,扫描 OCR + IPA 锚点版面解析（四行对照） | 整理日期 2026-09,medium
SANGJIAJING-P0267-L-05,SANGJIAJING,267,L,5,半,qe⁴⁴ mss le³¹ tsi³³ ʊɒ ³³,qe44 mss le31 tsi33 VD 33,suspect,0.75,4,将 手 强 真 吗,将 果武 艺 强,UNKNOWN,扫描 OCR + IPA 锚点版面解析（四行对照） | 整理日期 2026-09,medium
SANGJIAJING-P0267-R-01,SANGJIAJING,267,R,1,半3 分 去,,dze²qu21 21 yD t5i33,failed,0.00,3,梭 声 力 真 的,加 以 梭 锐 利,UNKNOWN,扫描 OCR + IPA 锚点版面解析（四行对照） | 整理日期 2026-09,medium
SANGJIAJING-P0267-R-02,SANGJIAJING,267,R,2,目 3=,t⁰³3 t⁰³3 mu³³ thi²¹ ni³³,t$033 t$033 mu33 th121 ni33,suspect,0.60,5,在 在 的 一 日,在 世 日 如 此,UNKNOWN,扫描 OCR + IPA 锚点版面解析（四行对照） | 整理日期 2026-09,medium
SANGJIAJING-P0267-R-03,SANGJIAJING,267,R,3,田 π 柔,dzi²¹ zi³³ tsh³³,dzi21 zi33 tsh:33,suspect,0.67,3,底 不 幸 呢 脚,亡 日 人 脚 下,UNKNOWN,扫描 OCR + IPA 锚点版面解析（四行对照） | 整理日期 2026-09,medium
SANGJIAJING-P0268-L-01,SANGJIAJING,268,L,1,半 半,,55 mu np gu dz8,failed,0.00,2,将 死 阴 人 梭,梭 标 带 阴 间,UNKNOWN,扫描 OCR + IPA 锚点版面解析（四行对照） | 整理日期 2026-09,medium
SANGJIAJING-P0268-L-02,SANGJIAJING,268,L,2,3=,nu³³ tshu³³ ⁰⁵5 be³³ be³³,nu33 tshu33 055 be33 be33,ok,0.80,5,你发 头 蓬 蓬,你发 乱 麻 麻,UNKNOWN,扫描 OCR + IPA 锚点版面解析（四行对照） | 整理日期 2026-09,medium
SANGJIAJING-P0268-L-03,SANGJIAJING,268,L,3,IM 分 九 万,thi²¹ ³³ khi³³ ku³³ yɒ ne³³,th121 33 kh133 ku33 YD ne33,suspect,0.60,5,一 身 得 也 它,全 身 不 整 齐,UNKNOWN,扫描 OCR + IPA 锚点版面解析（四行对照） | 整理日期 2026-09,medium
SANGJIAJING-P0268-L-04,SANGJIAJING,268,L,4,万雨 女 分,thɒ²¹ nu³³ kh³³ np ³³ yɒ ³³,thp21 nu33 kh33 np 33 yD 33,suspect,0.60,5,你 它 莫 问 得,你莫 探 问 它,UNKNOWN,扫描 OCR + IPA 锚点版面解析（四行对照） | 整理日期 2026-09,medium
SANGJIAJING-P0268-R-01,SANGJIAJING,268,R,1,勿 IM 不 小,,33 33 th21 yD np xur²1 du33,failed,0.20,5,后 来 一 次 挖,后 再 掘 试 梭,UNKNOWN,扫描 OCR + IPA 锚点版面解析（四行对照） | 整理日期 2026-09,medium
SANGJIAJING-P0268-R-02,SANGJIAJING,268,R,2,住 众 Y,md ⁴⁴ tsi³³ dzi³³ du²¹,md 44 tsi33 dz133 du21,suspect,0.75,4,回 返 院 坝 挖,返 回 院 坝 掘,UNKNOWN,扫描 OCR + IPA 锚点版面解析（四行对照） | 整理日期 2026-09,medium
SANGJIAJING-P0268-R-03,SANGJIAJING,268,R,3,口,lu³³ du³³ thi²¹ tche³³ du²¹,lu33 du33 th121tche33 du²1,ok,1.00,5,城 放 一 杆 挖,试 一 出 城 梭,UNKNOWN,扫描 OCR + IPA 锚点版面解析（四行对照） | 整理日期 2026-09,medium
SANGJIAJING-P0268-R-04,SANGJIAJING,268,R,4,Z W,,si33 phe4 ne44 1iss nu 33,failed,0.33,3,看 主 四 面 湿,兵 守 四 溅 血,UNKNOWN,扫描 OCR + IPA 锚点版面解析（四行对照） | 整理日期 2026-09,medium
SANGJIAJING-P0269-L-01,SANGJIAJING,269,L,1,分 国 ZZ,,thu33 33 33 XD 3G Z133 dlur,failed,0.40,5,刺 得 斜 水 人,刺 翻 城 池 中,UNKNOWN,扫描 OCR + IPA 锚点版面解析（四行对照） | 整理日期 2026-09,medium
SANGJIAJING-P0269-L-02,SANGJIAJING,269,L,2,田 专 日,mp ²¹ bi²¹ si³³ li⁰³3 bi²¹,mp 21 b121 si33 1033 b121,ok,0.80,5,不 给 别人 处 给,选 梭 送 给 人,UNKNOWN,扫描 OCR + IPA 锚点版面解析（四行对照） | 整理日期 2026-09,medium
SANGJIAJING-P0269-L-03,SANGJIAJING,269,L,3,台 h,,si21 0.55 4i33 dza31x 44 mx,failed,0.33,6,果 头 风 摧 勤,木 梢 风 袭 勤,UNKNOWN,扫描 OCR + IPA 锚点版面解析（四行对照） | 整理日期 2026-09,medium
SANGJIAJING-P0269-L-04,SANGJIAJING,269,L,4,不 分,,44 mx $OSS D133 ZD b121,failed,0.00,3,赫 硕 毕 儿 给,给 赫 硕 毕 摩,UNKNOWN,扫描 OCR + IPA 锚点版面解析（四行对照） | 整理日期 2026-09,medium
SANGJIAJING-P0269-R-01,SANGJIAJING,269,R,1,不 HWI 天,thw3 thi²¹ ni³³ pi³³ n1s,"thw3 th121 ni33 p133 n1,s",suspect,0.50,4,毕 邪 点 一 日,做 法 事 之 日,UNKNOWN,扫描 OCR + IPA 锚点版面解析（四行对照） | 整理日期 2026-09,medium
SANGJIAJING-P0269-R-02,SANGJIAJING,269,R,2,不 不,qhe⁴⁴ pi³³ tsi³³ pi³³ ʊɒ³³,qhe44 p133 ts133 p133 VD3,ok,0.80,5,毕 强 毕 真 吗,毕 摩 法 术 高,UNKNOWN,扫描 OCR + IPA 锚点版面解析（四行对照） | 整理日期 2026-09,medium
SANGJIAJING-P0269-R-03,SANGJIAJING,269,R,3,不 Wi 田,,th33 33 21 du33 mp mp,failed,0.20,5,毕 处 母 不 误,法 事 皆 不 误,UNKNOWN,扫描 OCR + IPA 锚点版面解析（四行对照） | 整理日期 2026-09,medium
SANGJIAJING-P0269-R-04,SANGJIAJING,269,R,4,半列 分 去,dze2qhu²¹ yɒ ²¹ tsi³³,dze²qhu21 yD 21 tsi33,suspect,0.67,3,梭 声 力 真 的,加 以 梭 锐 利,UNKNOWN,扫描 OCR + IPA 锚点版面解析（四行对照） | 整理日期 2026-09,medium
SANGJIAJING-P0270-L-01,SANGJIAJING,270,L,1,目 3= 每 WI,,th21 t$033 $033 mu33 0i3,failed,0.20,5,在 在 的 一 日,在 世 如 此 日,UNKNOWN,扫描 OCR + IPA 锚点版面解析（四行对照） | 整理日期 2026-09,medium
SANGJIAJING-P0270-L-02,SANGJIAJING,270,L,2,田 π 三,mɒ²¹ dzi2l tsh³³ tho³³,mD21 dzi²l tsh:33 tho33,suspect,0.67,3,幸 呢 脚 底 不,亡 日 人 脚 底,UNKNOWN,扫描 OCR + IPA 锚点版面解析（四行对照） | 整理日期 2026-09,medium
SANGJIAJING-P0270-L-03,SANGJIAJING,270,L,3,田 日 ZZ,,21 44 le31 dur33 mp pu 1033,failed,0.40,5,不 反 手 处 人,梭 标 不 易 手,UNKNOWN,扫描 OCR + IPA 锚点版面解析（四行对照） | 整理日期 2026-09,medium
SANGJIAJING-P0270-L-04,SANGJIAJING,270,L,4,不,pi³³ ag ⁵⁵ i³³ dze,p133 aG 55 $i33 dze,ok,1.00,4,毕 死 阴 进 梭,将 梭 带 阴 间,UNKNOWN,扫描 OCR + IPA 锚点版面解析（四行对照） | 整理日期 2026-09,medium
SANGJIAJING-P0270-R-01,SANGJIAJING,270,R,1,4 WI 日,tsh³³ kɒ³³ thi³³ li⁰³3 vass,tsh33 kD33 th133 1033 vass,ok,0.80,5,万 十 与 处 处,成 千 成 万 间,UNKNOWN,扫描 OCR + IPA 锚点版面解析（四行对照） | 整理日期 2026-09,medium
SANGJIAJING-P0270-R-02,SANGJIAJING,270,R,2,九 万 田,,33 kh33 ng33 mD2l du33,failed,0.00,4,我 也 它 不 碰,我 它 也 不 碰,UNKNOWN,扫描 OCR + IPA 锚点版面解析（四行对照） | 整理日期 2026-09,medium
SANGJIAJING-P0270-R-03,SANGJIAJING,270,R,3,Z4 九 女,nu³³ ne³³ kh³³ thɒ²¹ nɒ³³,nu33 ne33 kh33thD21 nD33,ok,0.80,5,你 也 它 莫 问,你 也 莫 问 它,UNKNOWN,扫描 OCR + IPA 锚点版面解析（四行对照） | 整理日期 2026-09,medium
SANGJIAJING-P0271-L-01,SANGJIAJING,271,L,1,分 九,yɒ ³³ ne³³ thi²¹ t tchedze,yD 33 ne33 th121t tChedze,suspect,0.75,4,杆梭 后 也 一,后 备 一 杆 梭,UNKNOWN,扫描 OCR + IPA 锚点版面解析（四行对照） | 整理日期 2026-09,medium
SANGJIAJING-P0271-L-02,SANGJIAJING,271,L,2,众 Z#,,21 44 kurss dz133 du33 qo md,failed,0.40,5,回 返 匠 房 处,返 回 工 匠 家,UNKNOWN,扫描 OCR + IPA 锚点版面解析（四行对照） | 整理日期 2026-09,medium
SANGJIAJING-P0271-L-03,SANGJIAJING,271,L,3,口,zi³³ lu³³ dur³³ thi2i tche³³,"z,133 lu33 dur33 th12i tche33",suspect,0.75,4,城 放 一 杆 拿,选 破 城 梭 一,UNKNOWN,扫描 OCR + IPA 锚点版面解析（四行对照） | 整理日期 2026-09,medium
SANGJIAJING-P0271-L-04,SANGJIAJING,271,L,4,Z 与,⁴⁴ si³³ phe³¹ ³³ ne ni²¹ nu,44 si33 phe31 33 ne ni21 nu,suspect,0.50,6,看 主 二 面 湿,守兵 二 溅 血,UNKNOWN,扫描 OCR + IPA 锚点版面解析（四行对照） | 整理日期 2026-09,medium
SANGJIAJING-P0271-R-01,SANGJIAJING,271,R,1,分,thu³³ ka³¹ zi³³ dlu³³,thu33 ka31 zi33 dlu3,ok,1.00,4,刺 得 水 进 扛,刺 死 扛 甩 池,UNKNOWN,扫描 OCR + IPA 锚点版面解析（四行对照） | 整理日期 2026-09,medium
SANGJIAJING-P0271-R-02,SANGJIAJING,271,R,2,田,⁵⁵ ²¹ bi²¹ zi³³ bi²¹ zɔ mp,55 21 b121 zi33 b121 Z.O mp,suspect,0.67,6,我 不 给 呢 给,良 梭 送 与 人,UNKNOWN,扫描 OCR + IPA 锚点版面解析（四行对照） | 整理日期 2026-09,medium
SANGJIAJING-P0271-R-03,SANGJIAJING,271,R,3,灶 九 Z4 分,du²¹ ne³³ t4u³³ zɒ²¹ bi²¹,du²1 ne33 t4u33 ZD21 b121,ok,0.80,5,阳 也 人 儿 给,送 给 间 人 阳,UNKNOWN,扫描 OCR + IPA 锚点版面解析（四行对照） | 整理日期 2026-09,medium
SANGJIAJING-P0271-R-04,SANGJIAJING,271,R,4,田 Z4 目 天,,mp 21 t4u33 tS03 ni33,failed,0.25,4,不 死 人 在 日,在 阳 世 之 人,UNKNOWN,扫描 OCR + IPA 锚点版面解析（四行对照） | 整理日期 2026-09,medium
SANGJIAJING-P0271-R-05,SANGJIAJING,271,R,5,在 阳 世 之 人,,Z4 nI,failed,0.00,1,een th21 ni33 m133 120b,人 地 耕 一 日,UNKNOWN,扫描 OCR + IPA 锚点版面解析（四行对照） | 整理日期 2026-09,medium
SANGJIAJING-P0271-R-06,SANGJIAJING,271,R,6,Z4 nI,een th²¹ ni³³ mi³³ li²⁰ b,een th21 ni33 m133 120b,ok,0.80,5,人 地 耕 一 日,耕 地 N 时 日,UNKNOWN,扫描 OCR + IPA 锚点版面解析（四行对照） | 整理日期 2026-09,medium
SANGJIAJING-P0272-L-01,SANGJIAJING,272,L,1,4W 天,kɒ²¹ th²¹ ni³³ tsiss,kD²1 th21 ni33 tsiss,suspect,0.75,4,人 地 遇 一 日,种 地 之 时 日,UNKNOWN,扫描 OCR + IPA 锚点版面解析（四行对照） | 整理日期 2026-09,medium
SANGJIAJING-P0272-L-02,SANGJIAJING,272,L,2,米 米,zzi¹⁴4 dzi²¹ tsɒ³³ 2i⁴⁴ dze²¹,Zzi144 dz121 tsD33 2i44 dze21,ok,0.80,5,畜 魂 粮 魂 梭,护 畜 护 梭 粮,UNKNOWN,扫描 OCR + IPA 锚点版面解析（四行对照） | 整理日期 2026-09,medium
SANGJIAJING-P0272-L-03,SANGJIAJING,272,L,3,护 畜 护 梭 粮,ni²¹ bi²¹ dza⁴⁴ dle⁴⁴ tɒ³³,ni²1 b1²1 dza44 dle44 tD33,ok,1.00,5,彝 散 贼 坏 起,匪 害 彝 乡 时,UNKNOWN,扫描 OCR + IPA 锚点版面解析（四行对照） | 整理日期 2026-09,medium
SANGJIAJING-P0272-L-04,SANGJIAJING,272,L,4,%,,dza t4133 dza XD21 dze,failed,0.33,3,贼 追 贼 杀 梭,追 贼 杀 贼 梭,UNKNOWN,扫描 OCR + IPA 锚点版面解析（四行对照） | 整理日期 2026-09,medium
SANGJIAJING-P0272-R-01,SANGJIAJING,272,R,1,tQ 日,⁵⁵ he³³ li⁰³3 np mi³³ ny³³,55 he33 1033 np m133 ny33,suspect,0.60,5,阴 地 你 房 处,阴 间 之 你 房,UNKNOWN,扫描 OCR + IPA 锚点版面解析（四行对照） | 整理日期 2026-09,medium
SANGJIAJING-P0272-R-02,SANGJIAJING,272,R,2,阴 间 之 你 房,tq a z4,tQ A 正 Z4,ok,1.00,1,nu33 he33 4u33 qD 33 du21,你 房 银 门 槛,UNKNOWN,扫描 OCR + IPA 锚点版面解析（四行对照） | 整理日期 2026-09,medium
SANGJIAJING-P0272-R-03,SANGJIAJING,272,R,3,tQ A 正 Z4,nu³³ he³³ 4u³³ qɒ ³³ du²¹,nu33 he33 4u33 qD 33 du21,ok,0.80,5,你 房 银 门 槛,你 房 银 门 槛,UNKNOWN,扫描 OCR + IPA 锚点版面解析（四行对照） | 整理日期 2026-09,medium
SANGJIAJING-P0272-R-04,SANGJIAJING,272,R,4,3 Z4 日 A 女,4u³³ du²¹ si³³ du²¹ li0 ³³,4u33 du21 si33 du21 10 33,ok,0.80,5,银 槛 金 槛 处,银 槛 与 金 槛,UNKNOWN,扫描 OCR + IPA 锚点版面解析（四行对照） | 整理日期 2026-09,medium
SANGJIAJING-P0272-R-05,SANGJIAJING,272,R,5,t 3,,he33 33 p1ss dze qD,failed,0.33,3,房 守 门 关 梭,看 家 护 院 梭,UNKNOWN,扫描 OCR + IPA 锚点版面解析（四行对照） | 整理日期 2026-09,medium
SANGJIAJING-P0272-R-06,SANGJIAJING,272,R,6,Z4 IU 天,thi²¹ ni³³ t4u³³ me³¹ do⁴⁴,th121 ni33 t4u33 me31 do44,ok,0.80,5,人 兵 出 一 日,人 出兵 之 日,UNKNOWN,扫描 OCR + IPA 锚点版面解析（四行对照） | 整理日期 2026-09,medium
SANGJIAJING-P0273-L-01,SANGJIAJING,273,L,1,半,,ph21 qo 33 toss dze 21,failed,0.33,3,亲 护 板 使 梭,护 亲 执 法 梭,UNKNOWN,扫描 OCR + IPA 锚点版面解析（四行对照） | 整理日期 2026-09,medium
SANGJIAJING-P0273-L-02,SANGJIAJING,273,L,2,面,ms tshi³³ s tciass ³³ gp,ms tsh133s tciass 33 gp,suspect,0.67,3,冏三 仗 三 十 干,打 三 十 三 仗,UNKNOWN,扫描 OCR + IPA 锚点版面解析（四行对照） | 整理日期 2026-09,medium
SANGJIAJING-P0273-L-03,SANGJIAJING,273,L,3,打 三 十 三 仗,tshi³³ sw 3 su dze²¹ kɒ³³,tsh133 sw 3 su dze21 kD33,suspect,0.67,3,三 十 冏三 梭 过,过 三 十 三 招,UNKNOWN,扫描 OCR + IPA 锚点版面解析（四行对照） | 整理日期 2026-09,medium
SANGJIAJING-P0273-L-04,SANGJIAJING,273,L,4,面 田 (,tshi³³ ms ³³ mɒ²¹ du³³,tsh133 ms 33 mD21 du33,suspect,0.75,4,三 十 三 不 误,三 十 三 不 失,UNKNOWN,扫描 OCR + IPA 锚点版面解析（四行对照） | 整理日期 2026-09,medium
SANGJIAJING-P0273-L-05,SANGJIAJING,273,L,5,4 田,t4u⁴⁴ thi³³ mɒ ³³ mp du³³,t4u44 th133 mD 33 mp du33,suspect,0.75,4,人 处 不 误,阳间 不失 母,UNKNOWN,扫描 OCR + IPA 锚点版面解析（四行对照） | 整理日期 2026-09,medium
SANGJIAJING-P0273-R-01,SANGJIAJING,273,R,1,Z4h,qe⁴⁴ t4u³³ le³¹ tsi³³ ʊɒ ³³,qe44 t4u33 le31 tsi33 VD 33,suspect,0.60,5,人 手 强 真 吗,人 果 武 艺 强,UNKNOWN,扫描 OCR + IPA 锚点版面解析（四行对照） | 整理日期 2026-09,medium
SANGJIAJING-P0273-R-02,SANGJIAJING,273,R,2,半工分 去,,dze² qu21 YD tsi33 di21,failed,0.33,3,梭 真 的 口 力,加 以 梭 锐 利,UNKNOWN,扫描 OCR + IPA 锚点版面解析（四行对照） | 整理日期 2026-09,medium
SANGJIAJING-P0273-R-03,SANGJIAJING,273,R,3,目 3= 每,,th21 ni33 t$03 t$033 mu33,failed,0.40,5,在 在 做 一 日,在 阳 世 N 日,UNKNOWN,扫描 OCR + IPA 锚点版面解析（四行对照） | 整理日期 2026-09,medium
SANGJIAJING-P0273-R-04,SANGJIAJING,273,R,4,Z,si³³ thɒ²¹ h⁴⁴ ɒ s,si33 thp21 h44 D_S,suspect,0.75,4,灵 牌 莫 旁过,灵 母 牌 不 及,UNKNOWN,扫描 OCR + IPA 锚点版面解析（四行对照） | 整理日期 2026-09,medium
SANGJIAJING-P0273-R-05,SANGJIAJING,273,R,5,子 专 日 ZZ,si³³ si³³ le³¹ li⁰³3 dur3,si33 si33 le31 1033 dur3,ok,1.00,5,死 主 手 进 处,死 神 控 手 中国,UNKNOWN,扫描 OCR + IPA 锚点版面解析（四行对照） | 整理日期 2026-09,medium
SANGJIAJING-P0274-L-01,SANGJIAJING,274,L,1,田 Z4,mɒ²¹ si³³ t4u³³ ni³³,mD²1 si33 t4u33 ni33,suspect,0.75,4,不 人 死 死 日,至 人 死 之 日,UNKNOWN,扫描 OCR + IPA 锚点版面解析（四行对照） | 整理日期 2026-09,medium
SANGJIAJING-P0274-L-02,SANGJIAJING,274,L,2,日 Z WI 天,,th21 np 55 1033 m6 33 ni33,failed,0.40,5,阴 处 进 一 日,人 阴 间 之 日,UNKNOWN,扫描 OCR + IPA 锚点版面解析（四行对照） | 整理日期 2026-09,medium
SANGJIAJING-P0274-L-03,SANGJIAJING,274,L,3,长 日,ɒɒs thu³³ ag ⁵⁵ dze²¹ li⁰³1,DD's thu33 aG 55 dze21 1031,suspect,0.75,4,阴 戳 阴 梭 成,成 为 戳 阴 梭,UNKNOWN,扫描 OCR + IPA 锚点版面解析（四行对照） | 整理日期 2026-09,medium
SANGJIAJING-P0274-R-01,SANGJIAJING,274,R,1,%,tshi²¹ tshi³³ thi²¹ xɒ2 ²¹ 2m8,tshi21 tsh133 th121 XD² 21 2m8,ok,0.80,5,狗 一 肉 骨 十,十 狗 争 一 骨,UNKNOWN,扫描 OCR + IPA 锚点版面解析（四行对照） | 整理日期 2026-09,medium
SANGJIAJING-P0274-R-02,SANGJIAJING,274,R,2,4 WI,nu³³ tsu³³ th³³ ³³ pe mb,nu3 tsu3 th33 33 pe mb,suspect,0.60,5,你 发 掉 处 完,你 发 会 揪 光,UNKNOWN,扫描 OCR + IPA 锚点版面解析（四行对照） | 整理日期 2026-09,medium
SANGJIAJING-P0274-R-03,SANGJIAJING,274,R,3,I 十,th²¹ ʊass tsh³³ kɒ³³ tu³³,th21 Vass tsh33 kD33 tu33,suspect,0.50,4,万 十 加 一 千,成 千 与 成 万,UNKNOWN,扫描 OCR + IPA 锚点版面解析（四行对照） | 整理日期 2026-09,medium
SANGJIAJING-P0274-R-04,SANGJIAJING,274,R,4,飞 口,li³³ dze nu ³³ bi²¹ ɒ³³,133 dZe nu 33 b121 D33,suspect,0.75,4,我 来 梭 你 给,我 给 你 梭 标,UNKNOWN,扫描 OCR + IPA 锚点版面解析（四行对照） | 整理日期 2026-09,medium
SANGJIAJING-P0274-R-05,SANGJIAJING,274,R,5,飞④ 必 Z4 日,³³ du³¹ nu³³ li⁰³3 bi²¹ np,33 du31 nu33 1033 b121 np,suspect,0.67,6,我 处 你 处 给,我 均 送 与 你,UNKNOWN,扫描 OCR + IPA 锚点版面解析（四行对照） | 整理日期 2026-09,medium
SANGJIAJING-P0275-L-01,SANGJIAJING,275,L,1,亏 田,phu²¹ ni³³ mp tsur mp ²¹,phu21 ni33 mp tsur mp 21,ok,1.00,3,祖 日 不 双 及,亡 灵 不 成 双,UNKNOWN,扫描 OCR + IPA 锚点版面解析（四行对照） | 整理日期 2026-09,medium
SANGJIAJING-P0275-L-02,SANGJIAJING,275,L,2,正 X 正,,toh33 3G 33 tsiss qD 33,failed,0.33,3,他 呢 是 独 因,他 独 一 人 行,UNKNOWN,扫描 OCR + IPA 锚点版面解析（四行对照） | 整理日期 2026-09,medium
SANGJIAJING-P0275-L-03,SANGJIAJING,275,L,3,3=,zi³³ bu³³ du²¹ lur³³ lur³³,"z,133 bu33 du²1 lur33 lur33",ok,1.00,5,水 肩 挖 在 在,用 梭 水 岸 掘,UNKNOWN,扫描 OCR + IPA 锚点版面解析（四行对照） | 整理日期 2026-09,medium
SANGJIAJING-P0275-L-04,SANGJIAJING,275,L,4,日 WI,tsh³³ thi²¹ ni³³ nɒ ⁵⁵ li⁰³3,tsh;33 th121 ni33 nD 55 1033,ok,0.80,5,阴 处 到 一 日,至 阴 间 之 日,UNKNOWN,扫描 OCR + IPA 锚点版面解析（四行对照） | 整理日期 2026-09,medium
SANGJIAJING-P0275-R-01,SANGJIAJING,275,R,1,Z 7开 专,ʊli³³ 1p³³ dzi²¹ zi³³ dze2,V133 1p33 dzi21 zi33 dZe2,suspect,0.60,5,拿 了 钱 主 梭,用 梭 护 钱 财,UNKNOWN,扫描 OCR + IPA 锚点版面解析（四行对照） | 整理日期 2026-09,medium
SANGJIAJING-P0275-R-02,SANGJIAJING,275,R,2,Z Z 卉,iɒ³³ ob ²¹ si³³ tu³³,ID33 ob 21 si33 tu33,ok,1.00,4,拿 了 耕 主 告,用 梭 护 庄 禾,UNKNOWN,扫描 OCR + IPA 锚点版面解析（四行对照） | 整理日期 2026-09,medium
SANGJIAJING-P0275-R-03,SANGJIAJING,275,R,3,T 日 WI 天,li⁰³3 ze³¹ thi²¹ ni³³ 1eɔb,1033 Ze31 th121 ni33 1eOb,ok,0.80,5,罩 处 下 一 日,盖 了 下 之 日,UNKNOWN,扫描 OCR + IPA 锚点版面解析（四行对照） | 整理日期 2026-09,medium
SANGJIAJING-P0275-R-04,SANGJIAJING,275,R,4,H WI,,th21 ni33 to4 ID33,failed,0.33,3,抵 了 下 一 日,抵 了 下 之 日,UNKNOWN,扫描 OCR + IPA 锚点版面解析（四行对照） | 整理日期 2026-09,medium
SANGJIAJING-P0275-R-05,SANGJIAJING,275,R,5,全 日 全 WI 天,de⁴⁴ li⁰³3 de⁴⁴ thi²¹ ni³³,de44 1033 de44 th121 ni33,ok,1.00,5,上 处 上 一 日,往 冏上黃 登 之 日,UNKNOWN,扫描 OCR + IPA 锚点版面解析（四行对照） | 整理日期 2026-09,medium
SANGJIAJING-P0276-L-01,SANGJIAJING,276,L,1,日 IM全 天,si³³ thi²¹ li⁰³3 de⁴⁴ ni³³,si33 th121 1033 de44 ni33,ok,1.00,5,死 处 上 一 日,登 亡 界 之 日,UNKNOWN,扫描 OCR + IPA 锚点版面解析（四行对照） | 整理日期 2026-09,medium
SANGJIAJING-P0276-L-02,SANGJIAJING,276,L,2,荟 π,t4ess ne⁴⁴ dzi²¹ le³¹ tge h³³,"t4ess ne44 dzi21 le31 tG""e h33",suspect,0.75,4,鹰 黑 官 旁 上,黑 鹰 落 客官旁,UNKNOWN,扫描 OCR + IPA 锚点版面解析（四行对照） | 整理日期 2026-09,medium
SANGJIAJING-P0276-L-03,SANGJIAJING,276,L,3,w 每 W 70,lu⁵⁵ mu³³ lurs zi³³ tshi²¹,"lu55 mu33 lur's z,i33 tshi21",suspect,0.75,4,喜 的 喜 去 吧,愉 快 往 前 去,UNKNOWN,扫描 OCR + IPA 锚点版面解析（四行对照） | 整理日期 2026-09,medium
SANGJIAJING-P0276-L-04,SANGJIAJING,276,L,4,7 州,,si44 9031 t4ess ne 44 hy31,failed,0.25,4,木 弯 鹰 黑 站,弯 树 鹰 立 黑,UNKNOWN,扫描 OCR + IPA 锚点版面解析（四行对照） | 整理日期 2026-09,medium
SANGJIAJING-P0276-L-05,SANGJIAJING,276,L,5,万 焱 日 单,khi³³ li⁰³3 hy³¹ 2li³³ a³³,"kh133 1033 hy31 2,133 A33",suspect,0.60,5,那 里 站 去 啊,去 那 里 栖 息,UNKNOWN,扫描 OCR + IPA 锚点版面解析（四行对照） | 整理日期 2026-09,medium
SANGJIAJING-P0276-R-01,SANGJIAJING,276,R,1,,,XX3V,failed,0.00,1,"si21 tsi""s thu33thu33 dz133",别人 遇 话 话 先,UNKNOWN,扫描 OCR + IPA 锚点版面解析（四行对照） | 整理日期 2026-09,medium
SANGJIAJING-P0276-R-02,SANGJIAJING,276,R,2,XX3V,si²¹ tsis thu³³ thu³³ dzi³³,"si21 tsi""s thu33thu33 dz133",suspect,0.75,4,别人 遇 话 话 先,先 前 N 故 话,UNKNOWN,扫描 OCR + IPA 锚点版面解析（四行对照） | 整理日期 2026-09,medium
SANGJIAJING-P0276-R-03,SANGJIAJING,276,R,3,Q Z,mi³³ tho²¹ 2li³³ ne4,m133 tho21 2133 ne4,suspect,0.75,4,汉 地 纸 张 鸟,似 汉 地 纸 鸟,UNKNOWN,扫描 OCR + IPA 锚点版面解析（四行对照） | 整理日期 2026-09,medium
SANGJIAJING-P0276-R-04,SANGJIAJING,276,R,4,7开 日 学,th²¹ dzi²¹ nu³³ li⁰³3 t4ur³³,th21 dz.i21 nu3 1033 t4ur33,suspect,0.60,5,一 章 你 处 飞,章 诵 与你,UNKNOWN,扫描 OCR + IPA 锚点版面解析（四行对照） | 整理日期 2026-09,medium
SANGJIAJING-P0279-L-01,SANGJIAJING,279,L,1,水,,h44 pD du31,failed,0.00,2,布 处,织 布,UNKNOWN,扫描 OCR + IPA 锚点版面解析（四行对照） | 整理日期 2026-09,medium
SANGJIAJING-P0279-L-02,SANGJIAJING,279,L,2,织 布,dlɒ²¹ zu²¹ li⁰⁴4 tshi³³ bu³³,dlp²1 Z.u21 1044 tshi33 bu33,ok,1.00,5,石脚拢 蜂 聚,蜂群聚崖巢②,UNKNOWN,扫描 OCR + IPA 锚点版面解析（四行对照） | 整理日期 2026-09,medium
SANGJIAJING-P0279-L-03,SANGJIAJING,279,L,3,九面子,tshi²¹ li²¹ eems mu²¹ mi³³,tshi21 121 eems mu21 m133,suspect,0.75,4,户 夜天 今 夜,祭 奠之 今 夜,UNKNOWN,扫描 OCR + IPA 锚点版面解析（四行对照） | 整理日期 2026-09,medium
SANGJIAJING-P0279-L-04,SANGJIAJING,279,L,4,感 企 IM ZZ,li²¹ mi³³ li³³ thi²¹ he³¹,121 m133 133 th121 he31,ok,1.00,5,今 夜这 一 夜,节 今 夜这 时,UNKNOWN,扫描 OCR + IPA 锚点版面解析（四行对照） | 整理日期 2026-09,medium
SANGJIAJING-P0279-R-01,SANGJIAJING,279,R,1,溯 月源,a²¹ bo³³ hx³¹ si³³ ɒɒ³³,A21 bo33 hx31 si33 DD33,ok,0.80,5,故我站主 亡,人 亡 我主仪,UNKNOWN,扫描 OCR + IPA 锚点版面解析（四行对照） | 整理日期 2026-09,medium
SANGJIAJING-P0279-R-02,SANGJIAJING,279,R,2,Z 与 π,hy³¹ si³³ ³³ ni²¹ np dzi²¹,hy31 si33 33 ni21 np dzi21,suspect,0.60,5,站 主 我 两 官,司 仪 我 俩人,UNKNOWN,扫描 OCR + IPA 锚点版面解析（四行对照） | 整理日期 2026-09,medium
SANGJIAJING-P0279-R-03,SANGJIAJING,279,R,3,Dz,ni²¹ le³¹ phɒ³³ da4 dzɒ2,n1²1 le31 phD33 da4 dzD²,suspect,0.75,4,葬 手布裁须,彝裁布挂须,UNKNOWN,扫描 OCR + IPA 锚点版面解析（四行对照） | 整理日期 2026-09,medium
SANGJIAJING-P0280-L-01,SANGJIAJING,280,L,1,形E Q,le³¹ bu²¹ da⁴⁴ thw³³ sɔ4,le31 bu²1 da44 thw33 SO4,ok,0.80,5,汉 手 断 绸 裁,汉 裁 绸 口 齐,UNKNOWN,扫描 OCR + IPA 锚点版面解析（四行对照） | 整理日期 2026-09,medium
SANGJIAJING-P0280-L-02,SANGJIAJING,280,L,2,田 # 田 #,²¹ tsi³³ ²¹ ³³ mp mp tsi³³ mu,21 ts133 21 33 mp mp ts133 mu,suspect,0.50,6,不 剩 不 剩 的,依 次 不 剩 诵,UNKNOWN,扫描 OCR + IPA 锚点版面解析（四行对照） | 整理日期 2026-09,medium
SANGJIAJING-P0280-L-03,SANGJIAJING,280,L,3,7开 #天 米,,"th2 dz,i21 tDss 1Dss",failed,0.00,2,一 章 剩 搁 着,递 次 诵 遗 经,UNKNOWN,扫描 OCR + IPA 锚点版面解析（四行对照） | 整理日期 2026-09,medium
SANGJIAJING-P0280-L-04,SANGJIAJING,280,L,4,递 次 诵 遗 经,,kho21 1o21 $0.$5 2133 nu33,failed,0.40,5,柯 兴 硕 日 奴,柯 兴 硕 日 奴,UNKNOWN,扫描 OCR + IPA 锚点版面解析（四行对照） | 整理日期 2026-09,medium
SANGJIAJING-P0280-L-05,SANGJIAJING,280,L,5,女,,tche? mu3 33 33 1h33 1D33 np,failed,0.00,6,聪 的 听 来 吧,耳 聪 来 听 吧,UNKNOWN,扫描 OCR + IPA 锚点版面解析（四行对照） | 整理日期 2026-09,medium
SANGJIAJING-P0280-R-01,SANGJIAJING,280,R,1,号 至次 至 Z:,,433 0.55 si33 4e33 me33,failed,0.40,5,林 尾 头 它 林,森 林 头 尾 接,UNKNOWN,扫描 OCR + IPA 锚点版面解析（四行对照） | 整理日期 2026-09,medium
SANGJIAJING-P0280-R-02,SANGJIAJING,280,R,2,3E 分 众,,"h33 da44 33 h33 de133 p""D yD"" p""D",failed,0.33,6,布 断 与 布 先,织 布 N 来 历,UNKNOWN,扫描 OCR + IPA 锚点版面解析（四行对照） | 整理日期 2026-09,medium
SANGJIAJING-P0280-R-03,SANGJIAJING,280,R,3,WI 7开 #,thi²¹ si⁵⁵ dzi²¹ 1ɒ³³,th121 si55 dzi21 1D33,suspect,0.75,4,一 章 剩 像 啊,尚 遗 此 章 经,UNKNOWN,扫描 OCR + IPA 锚点版面解析（四行对照） | 整理日期 2026-09,medium
SANGJIAJING-P0280-R-04,SANGJIAJING,280,R,4,3 Z,⁹⁰⁵⁵ i³³ si³³ surs pɒ h²¹,"9055 $i33 si33 sur's p""D h21",suspect,0.50,4,果 诗 他 三 父,果 诗 三 父 子,UNKNOWN,扫描 OCR + IPA 锚点版面解析（四行对照） | 整理日期 2026-09,medium
SANGJIAJING-P0281-L-01,SANGJIAJING,281,L,1,# 田,4e³³ dzi⁴⁴ xu ⁴⁴ mɒ²¹ t⁰³3,4e33 dzi44 xu 44 mp²1 t$033,suspect,0.60,5,林 砍 铁 不 有,砍 林 没 有 刀,UNKNOWN,扫描 OCR + IPA 锚点版面解析（四行对照） | 整理日期 2026-09,medium
SANGJIAJING-P0281-L-02,SANGJIAJING,281,L,2,子,,renut yo 31 mx 44h33 dzo21,failed,0.25,4,天 际 铁 灰 处,天 庭 冶 铁 处,UNKNOWN,扫描 OCR + IPA 锚点版面解析（四行对照） | 整理日期 2026-09,medium
SANGJIAJING-P0281-L-03,SANGJIAJING,281,L,3,X 全 万 日,khi³³ li⁰³3 tsh³³ z⁰⁵,kh133 1033 tsh;33 Z05,suspect,0.50,4,我 找 那 里 到,寻 铁 至 那 里,UNKNOWN,扫描 OCR + IPA 锚点版面解析（四行对照） | 整理日期 2026-09,medium
SANGJIAJING-P0281-L-04,SANGJIAJING,281,L,4,π 签,a²¹ 1x⁴⁴ kuss dzi²¹ ge³¹,A21 1x44 kuss dzi21 ge31,suspect,0.50,4,阿 勒 匠 官 找,找 阿 勒 铁 匠,UNKNOWN,扫描 OCR + IPA 锚点版面解析（四行对照） | 整理日期 2026-09,medium
SANGJIAJING-P0281-L-05,SANGJIAJING,281,L,5,飞,,tsh:33 kuss le31 m 44 1D33,failed,0.00,4,会 手 叫 了 到,请来 了 铁 匠,UNKNOWN,扫描 OCR + IPA 锚点版面解析（四行对照） | 整理日期 2026-09,medium
SANGJIAJING-P0281-R-01,SANGJIAJING,281,R,1,至 每 科,4e³³ mx mu dg²¹,4e33 mx mu dg21,suspect,0.50,2,林 砍 铁 做 打,打 制 砍 林 刀,UNKNOWN,扫描 OCR + IPA 锚点版面解析（四行对照） | 整理日期 2026-09,medium
SANGJIAJING-P0281-R-02,SANGJIAJING,281,R,2,至 苏 牛 九,1e³³ dzi⁴⁴ to ³³ xw ne³³,1e33 dzi44 t$o 33 xw ne3,suspect,0.75,4,林 砍 铁 有 也,虽 已 有 砍 刀,UNKNOWN,扫描 OCR + IPA 锚点版面解析（四行对照） | 整理日期 2026-09,medium
SANGJIAJING-P0281-R-03,SANGJIAJING,281,R,3,至 田 m,4e³³ d³³ mɒ²¹ li³⁰³³,4e33 d33 mp²1 13033,suspect,0.50,4,林 放 地 不 有,尚 无 火 地 种,UNKNOWN,扫描 OCR + IPA 锚点版面解析（四行对照） | 整理日期 2026-09,medium
SANGJIAJING-P0281-R-04,SANGJIAJING,281,R,4,中 Z,si³³ ob ⁵⁵ ms ⁵⁵ pɒ h²¹,"si33 ob 55 ms 55 p""D h21",suspect,0.75,4,果 诗 他 三 父,子 果 诗三父,UNKNOWN,扫描 OCR + IPA 锚点版面解析（四行对照） | 整理日期 2026-09,medium
SANGJIAJING-P0282-L-01,SANGJIAJING,282,L,1,,ne³¹ tɒ³³ tshi²¹ ku³³ dzɒ²¹,ne31 tD33 tshi21 ku33 dzp²1,ok,1.00,5,早 起 早饭 做 吃,饭 凌 晨 吃 早,UNKNOWN,扫描 OCR + IPA 锚点版面解析（四行对照） | 整理日期 2026-09,medium
SANGJIAJING-P0282-L-02,SANGJIAJING,282,L,2,众 用,,t5033 dy21 eSs d2133 si55s,failed,0.20,5,穿 戴 腋 夹 下,衣 帽 腋 下 夹,UNKNOWN,扫描 OCR + IPA 锚点版面解析（四行对照） | 整理日期 2026-09,medium
SANGJIAJING-P0282-L-03,SANGJIAJING,282,L,3,五 日 飞,le³¹ li⁰³3 ʊli³³ mi²¹,le31 1033 V133 m1²1,suspect,0.75,4,腰 刀 手 处 拿,刀 具 手 上 拿,UNKNOWN,扫描 OCR + IPA 锚点版面解析（四行对照） | 整理日期 2026-09,medium
SANGJIAJING-P0282-L-04,SANGJIAJING,282,L,4,田 N. 电 九,mp tshi³³ tu³³ ne³³ tsh³³,mp tshi33 tu33 ne33 tsh;33,suspect,0.75,4,不 到 地 也 到,四 处 去 寻找,UNKNOWN,扫描 OCR + IPA 锚点版面解析（四行对照） | 整理日期 2026-09,medium
SANGJIAJING-P0282-R-01,SANGJIAJING,282,R,1,NI 分 N.,tsh³³ dzi²¹ th³³ zɒ ²¹,tsh;33 dzi21 th33 ZD 21,suspect,0.50,4,执 提 昆 明 到,明 至 执 提 昆,UNKNOWN,扫描 OCR + IPA 锚点版面解析（四行对照） | 整理日期 2026-09,medium
SANGJIAJING-P0282-R-02,SANGJIAJING,282,R,2,灶 至,ob ⁵⁵ ne ⁴⁴ du²¹ de³³ zɒ²¹,ob 55 ne 44 du²1 de33 ZD21,ok,1.00,5,昆 明 黑 黛 林,昆 明 黑 黛 林,UNKNOWN,扫描 OCR + IPA 锚点版面解析（四行对照） | 整理日期 2026-09,medium
SANGJIAJING-P0282-R-03,SANGJIAJING,282,R,3,田 万雨,,tsh;33 kh33 thp2i Z.0.'s mp,failed,0.00,3,我 不 到 以 前,我 未 至 之 前,UNKNOWN,扫描 OCR + IPA 锚点版面解析（四行对照） | 整理日期 2026-09,medium
SANGJIAJING-P0282-R-04,SANGJIAJING,282,R,4,万 九 田,,kh33 33 ng.33 me do.5,failed,0.00,4,也 名 不 出,此 名 声 地 无,UNKNOWN,扫描 OCR + IPA 锚点版面解析（四行对照） | 整理日期 2026-09,medium
SANGJIAJING-P0282-R-05,SANGJIAJING,282,R,5,举 A,tsho²¹ si²¹ lu²¹ dlɒ²¹ tsh³³,tsho21 si21 lu²1 dlp21 tsh:33,ok,0.80,5,行 走 澄 江 到,行 走 至 澄 江,UNKNOWN,扫描 OCR + IPA 锚点版面解析（四行对照） | 整理日期 2026-09,medium
SANGJIAJING-P0283-L-01,SANGJIAJING,283,L,1,? 弧至,lu²¹ dlɒ²¹ 4e³³ li⁰⁴4,lu²1 dlp21 4e33 1044,suspect,0.75,4,澄 江 石 丛 林,澄 江 石 丛 林,UNKNOWN,扫描 OCR + IPA 锚点版面解析（四行对照） | 整理日期 2026-09,medium
SANGJIAJING-P0283-L-02,SANGJIAJING,283,L,2,万 生,khi³³ tsh³³ 0s si²¹ sɒ³³,kh133 tsh:33 $0$s si21 SD33,suspect,0.50,4,我 年 它 找 到,寻 林 至 此 地,UNKNOWN,扫描 OCR + IPA 锚点版面解析（四行对照） | 整理日期 2026-09,medium
SANGJIAJING-P0283-L-03,SANGJIAJING,283,L,3,举 见州,tsho²¹ si²¹ du²¹ tsh³³ pu,tsho21 si21 du²1 tsh:33 pu,ok,0.80,5,行 走 至 宜 良,行 走 至 宜 良,UNKNOWN,扫描 OCR + IPA 锚点版面解析（四行对照） | 整理日期 2026-09,medium
SANGJIAJING-P0283-L-04,SANGJIAJING,283,L,4,万 九 田,,kh33 ng33 me 33 mp 21 do44,failed,0.40,5,它 也 名 不 出,它亦 无名 气,UNKNOWN,扫描 OCR + IPA 锚点版面解析（四行对照） | 整理日期 2026-09,medium
SANGJIAJING-P0283-R-01,SANGJIAJING,283,R,1,W 又 众,tshɒ2 dzɒ²¹ li⁰⁵5 dzi³³ tɒss,tshp² dzp21 10.55 dz133 tDss,suspect,0.75,4,盐 吃 漱 院 搁,漱 口 吐 盐 水,UNKNOWN,扫描 OCR + IPA 锚点版面解析（四行对照） | 整理日期 2026-09,medium
SANGJIAJING-P0283-R-02,SANGJIAJING,283,R,2,众众 去,⁴⁰5 dzi³³ tshɒ²¹ niss ng³³,40.5 dz133 tshD21 niss ng33,suspect,0.75,4,漱 院 盐 嘴 美,嘴 尝 盐 味 美,UNKNOWN,扫描 OCR + IPA 锚点版面解析（四行对照） | 整理日期 2026-09,medium
SANGJIAJING-P0283-R-03,SANGJIAJING,283,R,3,去 介 中,³³ tsh³³ mi³³ mp ho³³,33 tsh:33 m133 mp ho33,suspect,0.50,4,楠 密 玛 霍 到,到 楠 密 玛霍,UNKNOWN,扫描 OCR + IPA 锚点版面解析（四行对照） | 整理日期 2026-09,medium
SANGJIAJING-P0284-L-01,SANGJIAJING,284,L,1,全万 日,kh³³ tsh³³ ɒ³³ li⁰³3,"kh,33 tsh;33 $D33 1033",suspect,0.50,4,我 找 到 那 里,寻 要 到 那 里,UNKNOWN,扫描 OCR + IPA 锚点版面解析（四行对照） | 整理日期 2026-09,medium
SANGJIAJING-P0284-L-02,SANGJIAJING,284,L,2,万 九 田,ne³³ kh³³ me ³³ mp ²¹ do⁴⁴,"ne33 kh,33 me 33 mp 21 do44",suspect,0.60,5,它 也 名 不 出,它 亦 不 出 名,UNKNOWN,扫描 OCR + IPA 锚点版面解析（四行对照） | 整理日期 2026-09,medium
SANGJIAJING-P0284-L-03,SANGJIAJING,284,L,3,田 电 日,tsh³³ tu³³ li⁰³3 tsh³³ mɒ²¹,tsh:33 tu33 1033 tsh:33 mD21,suspect,0.60,5,不 到 地 处 到,四 处 去 找,UNKNOWN,扫描 OCR + IPA 锚点版面解析（四行对照） | 整理日期 2026-09,medium
SANGJIAJING-P0284-L-04,SANGJIAJING,284,L,4,子 口 田,,m21 lu33 tsh:33 noss VD21,failed,0.25,4,弥 勒 诺 罔 到,至 弥 勒 诺 罔,UNKNOWN,扫描 OCR + IPA 锚点版面解析（四行对照） | 整理日期 2026-09,medium
SANGJIAJING-P0284-L-05,SANGJIAJING,284,L,5,万 九 芒,kh³³ ng³³ do⁴⁴ be4,"kh,33 ng33 do44 be4",suspect,0.50,4,它 也 名 出 说,据 说 有 名 很,UNKNOWN,扫描 OCR + IPA 锚点版面解析（四行对照） | 整理日期 2026-09,medium
SANGJIAJING-P0284-R-01,SANGJIAJING,284,R,1,全,si²¹ khi³³ ³³ tsh³³ as,si21 kh133 33 tsh:33 as,suspect,0.60,5,我 们 它 找 到,寻 找 到 此 地,UNKNOWN,扫描 OCR + IPA 锚点版面解析（四行对照） | 整理日期 2026-09,medium
SANGJIAJING-P0284-R-02,SANGJIAJING,284,R,2,五 万 田,do⁴⁴ kh³³ mp ²¹ ne ³³,do44 kh33 mp 21 ne 33,suspect,0.50,4,名 出 它 不 是,却 也 无 名 声,UNKNOWN,扫描 OCR + IPA 锚点版面解析（四行对照） | 整理日期 2026-09,medium
SANGJIAJING-P0284-R-03,SANGJIAJING,284,R,3,却 也 无 名 声,,tsh033 si21 tsh021 88 44 mu33,failed,0.33,6,行 行 做 走 走,一 程 又 一 程,UNKNOWN,扫描 OCR + IPA 锚点版面解析（四行对照） | 整理日期 2026-09,medium
SANGJIAJING-P0284-R-04,SANGJIAJING,284,R,4,Z 米,kɒ³¹ si⁴⁴ li²¹ tsh³³,kD31 si44 121 tsh:33,suspect,0.75,4,泸 西 虎 叫·到,泸 西 虎 啸 山,UNKNOWN,扫描 OCR + IPA 锚点版面解析（四行对照） | 整理日期 2026-09,medium
SANGJIAJING-P0285-L-01,SANGJIAJING,285,L,1,全,,ne44 1p33 55 1D33 33 mG SD,failed,0.33,6,看 了 望 了 找,一 路 远 眺 望,UNKNOWN,扫描 OCR + IPA 锚点版面解析（四行对照） | 整理日期 2026-09,medium
SANGJIAJING-P0285-L-02,SANGJIAJING,285,L,2,效 分,a³³ pu³³ 1ɒ³³ mu³³,A33 pu33 1D33 mu33,suspect,0.75,4,哥 哥 与 老 木,哥 哥 老 木 哨,UNKNOWN,扫描 OCR + IPA 锚点版面解析（四行对照） | 整理日期 2026-09,medium
SANGJIAJING-P0285-L-03,SANGJIAJING,285,L,3,分 世,1p²¹ mu³³ yɒ ³³ ni⁴⁴,1p21 mu33 yD 33 ni44,suspect,0.75,4,老 木 与 宜 政,老 木 哨 宜 政,UNKNOWN,扫描 OCR + IPA 锚点版面解析（四行对照） | 整理日期 2026-09,medium
SANGJIAJING-P0285-L-04,SANGJIAJING,285,L,4,# 4 至,,44 44 4i33 4e33 tsx mx,failed,0.00,5,宜 寨 黑 舒 山,宜 寨 黑 舒 山,UNKNOWN,扫描 OCR + IPA 锚点版面解析（四行对照） | 整理日期 2026-09,medium
SANGJIAJING-P0285-L-05,SANGJIAJING,285,L,5,万 九 田,,"kh,33 33 ne33 me mp²1 do4",failed,0.40,5,它 也 名 不 出,它也无名声,UNKNOWN,扫描 OCR + IPA 锚点版面解析（四行对照） | 整理日期 2026-09,medium
SANGJIAJING-P0285-R-01,SANGJIAJING,285,R,1,益,tsh⁰²1 si²¹ ³³ ⁴⁴ mu³³ tɒ,tsh021 si21 33 44 mu33 t$D,suspect,0.50,6,行 走 找 走 做,一 路 去 寻 找,UNKNOWN,扫描 OCR + IPA 锚点版面解析（四行对照） | 整理日期 2026-09,medium
SANGJIAJING-P0285-R-02,SANGJIAJING,285,R,2,田 电,,tsh:33 tsh33 Z0's mD21,failed,0.00,3,我 不 到 地 到,四 处 去 寻 找,UNKNOWN,扫描 OCR + IPA 锚点版面解析（四行对照） | 整理日期 2026-09,medium
SANGJIAJING-P0285-R-03,SANGJIAJING,285,R,3,荟 至,t4ess ⁴⁴ ⁴⁸³³ ne⁴⁴ tshi³³,t4ess 44 4833 ne44 tshi33,suspect,0.50,4,寨 黑 林 黑 到,寨 黑 黑 山 林,UNKNOWN,扫描 OCR + IPA 锚点版面解析（四行对照） | 整理日期 2026-09,medium
SANGJIAJING-P0285-R-04,SANGJIAJING,285,R,4,万 四,,kh133 33 ng33 mg33 do4 ne,failed,0.20,5,它 也 名 出 是,名声天下扬,UNKNOWN,扫描 OCR + IPA 锚点版面解析（四行对照） | 整理日期 2026-09,medium
SANGJIAJING-P0286-L-01,SANGJIAJING,286,L,1,3 Z,si³³ ⁵⁵ h²¹ pɒ,"si33 55 h21 p""D",suspect,0.50,4,果 诗 他 三 父,果 诗 三 父 子,UNKNOWN,扫描 OCR + IPA 锚点版面解析（四行对照） | 整理日期 2026-09,medium
SANGJIAJING-P0286-L-02,SANGJIAJING,286,L,2,女 WI 苏,,th21 th21 mp33 1o21 dzi4,failed,0.40,5,一 个 一 凹 砍,每 人 砍 → 凹,UNKNOWN,扫描 OCR + IPA 锚点版面解析（四行对照） | 整理日期 2026-09,medium
SANGJIAJING-P0286-L-03,SANGJIAJING,286,L,3,面,,ms 55 phD²l ku*s 1o21 dlp33,failed,0.33,3,三 父 九 凹 成,父 子 砍 三 凹,UNKNOWN,扫描 OCR + IPA 锚点版面解析（四行对照） | 整理日期 2026-09,medium
SANGJIAJING-P0286-L-04,SANGJIAJING,286,L,4,与 与 工 五,ni²¹ dz⁰³3 ni²¹ tsi³³,"ni²1 dz,033 ni²1 ts133",suspect,0.75,4,二 轮 二 十 五,二 轮 二 十 五,UNKNOWN,扫描 OCR + IPA 锚点版面解析（四行对照） | 整理日期 2026-09,medium
SANGJIAJING-P0286-R-01,SANGJIAJING,286,R,1,与 # 五 目 亏,,ts133 55 kh031 ni33 np,failed,0.40,5,二 十 五 六 天,二 十 五 六 天,UNKNOWN,扫描 OCR + IPA 锚点版面解析（四行对照） | 整理日期 2026-09,medium
SANGJIAJING-P0286-R-02,SANGJIAJING,286,R,2,司 万 日 #,kh³³ t⁰³3 li⁰³3 ɒi4,kh33 t$033 1033 Di4,suspect,0.50,4,我 转 那 看,返 回 到 此 看,UNKNOWN,扫描 OCR + IPA 锚点版面解析（四行对照） | 整理日期 2026-09,medium
SANGJIAJING-P0286-R-03,SANGJIAJING,286,R,3,易 7 九,siss bi²¹ si⁴⁴ ne³³ fe³³,siss b121 si44 ne33 fe33,suspect,0.75,4,草 杂 木 也 干,树 木 杂 草 干,UNKNOWN,扫描 OCR + IPA 锚点版面解析（四行对照） | 整理日期 2026-09,medium
SANGJIAJING-P0287-L-01,SANGJIAJING,287,L,1,五π Z,kurs si³³ lu²¹,kur*s si33 lu²1,suspect,0.50,2,格 资 神 龙 闪,格 资 闪 电 龙,UNKNOWN,扫描 OCR + IPA 锚点版面解析（四行对照） | 整理日期 2026-09,medium
SANGJIAJING-P0287-L-02,SANGJIAJING,287,L,2,M 住,phe²¹ ni4 tsi³³,phe21 ni4 tsi33,suspect,0.50,2,火 煽 火 红 迎,煽 火 火 苗 窜,UNKNOWN,扫描 OCR + IPA 锚点版面解析（四行对照） | 整理日期 2026-09,medium
SANGJIAJING-P0287-L-03,SANGJIAJING,287,L,3,万 日 7.0 分,khi³³ li⁰³3 iɒ³³ yɒ ³³,kh133 1033 ID33 yD 33,ok,1.00,4,那 里 借 了 获,其 处 借 来 火,UNKNOWN,扫描 OCR + IPA 锚点版面解析（四行对照） | 整理日期 2026-09,medium
SANGJIAJING-P0287-L-04,SANGJIAJING,287,L,4,亏 丑,ni³³ 4e³³ ngss ɒe,ni33 4e33 ngss De,suspect,0.67,3,日 美 我 林 烧,择 吉 日 烧 林,UNKNOWN,扫描 OCR + IPA 锚点版面解析（四行对照） | 整理日期 2026-09,medium
SANGJIAJING-P0287-L-05,SANGJIAJING,287,L,5,WI 面 正,th²¹ mɒ³³ ⁵⁵ t4ɒ³³ na ⁵⁵ su,th21 mD33 55 t4D33 na 55 su,suspect,0.50,6,一 人 三 块 烧,每 人 烧 三 块,UNKNOWN,扫描 OCR + IPA 锚点版面解析（四行对照） | 整理日期 2026-09,medium
SANGJIAJING-P0287-R-01,SANGJIAJING,287,R,1,IM 里,,kur's t4D33 th21 P nass,failed,0.33,3,九 块 片 成 一,九 块 连 一 片,UNKNOWN,扫描 OCR + IPA 锚点版面解析（四行对照） | 整理日期 2026-09,medium
SANGJIAJING-P0287-R-02,SANGJIAJING,287,R,2,日,ɛp li⁰³3 pe³³ khɒ²¹ kɒ²¹,"EP 1033 pe3khD21 k""D21",suspect,0.75,4,地 处 灰朴 、朴,地 烧 成 灰 冏白,UNKNOWN,扫描 OCR + IPA 锚点版面解析（四行对照） | 整理日期 2026-09,medium
SANGJIAJING-P0287-R-03,SANGJIAJING,287,R,3,π 全,kurs dzi2l le³¹ kurs,kur's dzi2l le31 kur*s,suspect,0.50,2,格 资 手 会 找,找来格 资 匠,UNKNOWN,扫描 OCR + IPA 锚点版面解析（四行对照） | 整理日期 2026-09,medium
SANGJIAJING-P0288-L-01,SANGJIAJING,288,L,1,T 74,du²¹ q⁰⁴ de²¹ m³³ mu³³,du21 q04 de21 m33 mu33,suspect,0.60,5,地 挖 锄 做 打,打 制 挖 地 锄,UNKNOWN,扫描 OCR + IPA 锚点版面解析（四行对照） | 整理日期 2026-09,medium
SANGJIAJING-P0288-L-02,SANGJIAJING,288,L,2,企 九 T 分,q0 m³³ du²¹ ng³³ yɒ ³³,q0* m33 du21 ng33 yD 33,suspect,0.50,4,地 挖 也 锄 获,挖 有 锄 头 地,UNKNOWN,扫描 OCR + IPA 锚点版面解析（四行对照） | 整理日期 2026-09,medium
SANGJIAJING-P0288-L-03,SANGJIAJING,288,L,3,nI 車 小 中 面,tsɒ³³ th²¹ ms ⁵⁵ du²¹,tsD33 th21 ms 55 du21,suspect,0.50,4,个 三 块 挖 一,一 人 挖 三 块,UNKNOWN,扫描 OCR + IPA 锚点版面解析（四行对照） | 整理日期 2026-09,medium
SANGJIAJING-P0288-L-04,SANGJIAJING,288,L,4,IM 分,phɒ²¹ thi²¹ d³³ sw yɒ,phD²1 th121 d33 sw YD,suspect,0.75,4,三 父 一 片 获,三 人 挖 一 片,UNKNOWN,扫描 OCR + IPA 锚点版面解析（四行对照） | 整理日期 2026-09,medium
SANGJIAJING-P0288-L-05,SANGJIAJING,288,L,5,企 Y,,Z0.5 m133 du21 1D33 mb,failed,0.40,5,我 地 挖 了 完,耕地 挖完 毕,UNKNOWN,扫描 OCR + IPA 锚点版面解析（四行对照） | 整理日期 2026-09,medium
SANGJIAJING-P0288-R-01,SANGJIAJING,288,R,1,万 丑,,21 kh133 1h3 siss ne ms,failed,0.33,3,她 来 种 良 收,她 处 有 良 种,UNKNOWN,扫描 OCR + IPA 锚点版面解析（四行对照） | 整理日期 2026-09,medium
SANGJIAJING-P0288-R-02,SANGJIAJING,288,R,2,4,,33 si5s 1D33 tsh33 ne2i,failed,0.20,5,种 良 放 了 下,良 种 她 下 发,UNKNOWN,扫描 OCR + IPA 锚点版面解析（四行对照） | 整理日期 2026-09,medium
SANGJIAJING-P0288-R-03,SANGJIAJING,288,R,3,分 天,,33 siss 33 siss yD,failed,0.33,3,鸡嗦 种 与 嗑松 种,鸡 嗦 木 嗑 松,UNKNOWN,扫描 OCR + IPA 锚点版面解析（四行对照） | 整理日期 2026-09,medium
SANGJIAJING-P0289-L-01,SANGJIAJING,289,L,1,分 中,siss siss bu²¹ yɒ mp ³³,siss siss bu21 YD mp 33,suspect,0.50,2,野竹 种 与 金竹 种,野 种 竹 金 竹,UNKNOWN,扫描 OCR + IPA 锚点版面解析（四行对照） | 整理日期 2026-09,medium
SANGJIAJING-P0289-L-02,SANGJIAJING,289,L,2,分 W,zi³³ yɒ ³³ tsiss siss,zi33 YD 33 tsiss siss,suspect,0.67,3,大麦 种 与 麻 种,大 麦 与 麻 种,UNKNOWN,扫描 OCR + IPA 锚点版面解析（四行对照） | 整理日期 2026-09,medium
SANGJIAJING-P0289-L-03,SANGJIAJING,289,L,3,面 700 三 分,,55 si21 kh031 33 ms YD,failed,0.40,5,三 类 六 处 种,三 类 六 样 种,UNKNOWN,扫描 OCR + IPA 锚点版面解析（四行对照） | 整理日期 2026-09,medium
SANGJIAJING-P0289-L-04,SANGJIAJING,289,L,4,开 分,,siss ne 21 YD 33 mb 33,failed,0.33,3,种 良 我 获 完,良种齐 到 位,UNKNOWN,扫描 OCR + IPA 锚点版面解析（四行对照） | 整理日期 2026-09,medium
SANGJIAJING-P0289-R-01,SANGJIAJING,289,R,1,7 亏 丑,siss do²¹ ɒi³³ ne²¹,siss do21 Di33 ne21,suspect,0.67,3,种 点 日 吉 找,择 吉 日 播 种,UNKNOWN,扫描 OCR + IPA 锚点版面解析（四行对照） | 整理日期 2026-09,medium
SANGJIAJING-P0289-R-02,SANGJIAJING,289,R,2,中 面,tshɒ³³ thi²¹ mp ³³ ms ⁵⁵ do²¹,tshD33 th121 mp 33 ms 55 do21,suspect,0.60,5,一 人 三 块 点,每 人 点 三 丘,UNKNOWN,扫描 OCR + IPA 锚点版面解析（四行对照） | 整理日期 2026-09,medium
SANGJIAJING-P0289-R-03,SANGJIAJING,289,R,3,西子介,,"s 55h21 th121 p""D m13",failed,0.25,4,父 地 片 三 一,父 子 三 连 片,UNKNOWN,扫描 OCR + IPA 锚点版面解析（四行对照） | 整理日期 2026-09,medium
SANGJIAJING-P0289-R-04,SANGJIAJING,289,R,4,父 子 三 连 片,,siss do21 1D33 33 mb,failed,0.00,4,我 种 点 了 完,良 种 点 完 毕,UNKNOWN,扫描 OCR + IPA 锚点版面解析（四行对照） | 整理日期 2026-09,medium
SANGJIAJING-P0290-L-01,SANGJIAJING,290,L,1,W # 田 不,si²¹ tsiss nu ²¹ ni⁴⁴ mp ²¹,S121 tsiss nu 21 ni44 mp 21,suspect,0.50,4,麻 长 绿 不 茵,麻 苗 不 茵 绿,UNKNOWN,扫描 OCR + IPA 锚点版面解析（四行对照） | 整理日期 2026-09,medium
SANGJIAJING-P0290-L-02,SANGJIAJING,290,L,2,效 7 去 田,a²¹ m³³ di²¹ mp ²¹ sa ⁵⁵,A21 m33 dr²1 mp 21 sa 55,suspect,0.60,5,什 么 的 不 知,不 知 何 如 此,UNKNOWN,扫描 OCR + IPA 锚点版面解析（四行对照） | 整理日期 2026-09,medium
SANGJIAJING-P0290-L-03,SANGJIAJING,290,L,3,W A,tsiss ²¹ 1h³³ thi⁴⁴ mu sɒ³³,tsiss 21 1h33 thi44 mu (SD33,suspect,0.50,4,麻 出 麻雀 来 扒,麻 雀 啄 麻 籽,UNKNOWN,扫描 OCR + IPA 锚点版面解析（四行对照） | 整理日期 2026-09,medium
SANGJIAJING-P0290-L-04,SANGJIAJING,290,L,4,中 3 Z,si³³ sw pɒ h²¹,"si33 sw? p""D h21",ok,1.00,2,果 诗 他 三 父,果 诗 父 子 仁,UNKNOWN,扫描 OCR + IPA 锚点版面解析（四行对照） | 整理日期 2026-09,medium
SANGJIAJING-P0290-R-01,SANGJIAJING,290,R,1,丑,,VD 33 nei kus tshi33 tyss,failed,0.00,3,网 良 _九 拢 织,织 出 九 张 网,UNKNOWN,扫描 OCR + IPA 锚点版面解析（四行对照） | 整理日期 2026-09,medium
SANGJIAJING-P0290-R-02,SANGJIAJING,290,R,2,必 # 企,ku³³ iɒ³³ tsi³³ mi³³ te³³,ku33 ID33 ts133 m133 te33,ok,1.00,5,做 了 边 地 支,网 支 麻 地 边,UNKNOWN,扫描 OCR + IPA 锚点版面解析（四行对照） | 整理日期 2026-09,medium
SANGJIAJING-P0290-R-03,SANGJIAJING,290,R,3,W 田 3= #,tsiss ne ³³ lu²¹ lu²¹ ni⁴⁴,tsiss ne 33 lu²1 lu²1 ni44,suspect,0.75,4,麻 都 全 全 绿,麻 苗 绿 茵茵,UNKNOWN,扫描 OCR + IPA 锚点版面解析（四行对照） | 整理日期 2026-09,medium
SANGJIAJING-P0290-R-04,SANGJIAJING,290,R,4,A 目 200 面,ms dzo³³ su tshi³³ si²¹,"ms dz.o""3 su tsh133 si21",suspect,0.67,3,三 轮 三 十 七,三十七 三 轮,UNKNOWN,扫描 OCR + IPA 锚点版面解析（四行对照） | 整理日期 2026-09,medium
SANGJIAJING-P0291-L-01,SANGJIAJING,291,L,1,W A 不 3=,si²¹ tsiss si²¹,S121 tsiss S121,suspect,0.50,2,麻 长 笑 盈 盈,麻 苗 茁 而 壮,UNKNOWN,扫描 OCR + IPA 锚点版面解析（四行对照） | 整理日期 2026-09,medium
SANGJIAJING-P0291-L-02,SANGJIAJING,291,L,2,WI 面 車 际,,"th21 h33 ts04 mp ms 55 ts""D”",failed,0.20,5,一 人 三 丘 锄,一 人 锄 三 丘,UNKNOWN,扫描 OCR + IPA 锚点版面解析（四行对照） | 整理日期 2026-09,medium
SANGJIAJING-P0291-R-01,SANGJIAJING,291,R,1,7世 O Z 光,,33 sss 4D33 VI33 nD,failed,0.25,4,夏 三 月 当 中,夏 季 三 月 里,UNKNOWN,扫描 OCR + IPA 锚点版面解析（四行对照） | 整理日期 2026-09,medium
SANGJIAJING-P0291-R-02,SANGJIAJING,291,R,2,W #,ni⁴⁴ zi³³ tsiss li³³,"ni44 zi33 tsiss 1,33",suspect,0.67,3,我 麻 看 来 呢,来 地 里 看 麻,UNKNOWN,扫描 OCR + IPA 锚点版面解析（四行对照） | 整理日期 2026-09,medium
SANGJIAJING-P0291-R-03,SANGJIAJING,291,R,3,W #,,tsiss ZO fe5s bu33 4021,failed,0.33,3,麻 长 崖 肩 撩,麻 高 齐 崖 顶,UNKNOWN,扫描 OCR + IPA 锚点版面解析（四行对照） | 整理日期 2026-09,medium
SANGJIAJING-P0291-R-04,SANGJIAJING,291,R,4,W A 住 4 3=,,tsiss 4u33 tsi33 t4u44 t4u44,failed,0.25,4,麻 白 棵 密 密,秆 灰 白 密 密,UNKNOWN,扫描 OCR + IPA 锚点版面解析（四行对照） | 整理日期 2026-09,medium
SANGJIAJING-P0292-L-01,SANGJIAJING,292,L,1,3E 中 来,thi²¹ mɒ³³ kurss da ⁴⁴,th121 mD33 kurss da 44,suspect,0.67,3,一 人 九 堆 砍,每 人 砍 九 堆,UNKNOWN,扫描 OCR + IPA 锚点版面解析（四行对照） | 整理日期 2026-09,medium
SANGJIAJING-P0292-L-02,SANGJIAJING,292,L,2,面 U W 3E,su ⁵⁵ mɒ³³ tsiss da4 ³³ mb,su 55 mD33 tsiss da4 33 mb,suspect,0.50,4,三 母 麻 砍 完,母 女 砍 完 麻,UNKNOWN,扫描 OCR + IPA 锚点版面解析（四行对照） | 整理日期 2026-09,medium
SANGJIAJING-P0292-R-01,SANGJIAJING,292,R,1,Z4 分 ZZ7 亏,ni³³ du³³ he³¹ kurs,ni33 du33 he31 kur's,ok,1.00,4,后 来 八 九 天,往 后 八 九 天,UNKNOWN,扫描 OCR + IPA 锚点版面解析（四行对照） | 整理日期 2026-09,medium
SANGJIAJING-P0292-R-02,SANGJIAJING,292,R,2,W A,phe³³ kɒ²¹ tsiss fe³³ 4u³³,"phe33 k""p21 tsiss fe33 4u33",suspect,0.50,4,麻 秆 灰 白 淡,麻 秆 呈 灰 白,UNKNOWN,扫描 OCR + IPA 锚点版面解析（四行对照） | 整理日期 2026-09,medium
SANGJIAJING-P0292-R-03,SANGJIAJING,292,R,3,W 田,,tsiss t14 xw mp 33,failed,0.00,1,麻 泡 池 不 有,没 有 泡 麻 池,UNKNOWN,扫描 OCR + IPA 锚点版面解析（四行对照） | 整理日期 2026-09,medium
SANGJIAJING-P0293-L-01,SANGJIAJING,293,L,1,W 与 九,iep z0 ⁵⁵ tsiss ti4,IeP Z0 55 tsiss t14,suspect,0.50,2,我 麻 泡 可 也,麻 干 已 能 泡,UNKNOWN,扫描 OCR + IPA 锚点版面解析（四行对照） | 整理日期 2026-09,medium
SANGJIAJING-P0293-L-02,SANGJIAJING,293,L,2,W 田,tsiss ti⁴⁴ mp bu³³,tsiss t144 mp bu33,suspect,0.50,2,麻 泡 池 不 有,但 没 泡 麻 池,UNKNOWN,扫描 OCR + IPA 锚点版面解析（四行对照） | 整理日期 2026-09,medium
SANGJIAJING-P0293-L-03,SANGJIAJING,293,L,3,O 去 万 200,,"44 kh,33 si21 mx",failed,0.25,4,池 良 的 那 些,要 寻 到 良 池,UNKNOWN,扫描 OCR + IPA 锚点版面解析（四行对照） | 整理日期 2026-09,medium
SANGJIAJING-P0293-R-01,SANGJIAJING,293,R,1,举 晃,tsho²¹ si²¹ tsho²¹ tshi³³,tsho21 si21 tsho21 tshi33,ok,1.00,4,行 走 行 走 到,路 来 一 奔 此,UNKNOWN,扫描 OCR + IPA 锚点版面解析（四行对照） | 整理日期 2026-09,medium
SANGJIAJING-P0293-R-02,SANGJIAJING,293,R,2,生 卡,,"44 q0 31 thu31 z,133 md",failed,0.40,5,反 复 找 出 去,再 次 去 找,UNKNOWN,扫描 OCR + IPA 锚点版面解析（四行对照） | 整理日期 2026-09,medium
SANGJIAJING-P0293-R-03,SANGJIAJING,293,R,3,日 去,,h33 tsh33 IeP ab 1033 ts033,failed,0.00,4,哪 里 到 的 在,寻 找 至 哪 里,UNKNOWN,扫描 OCR + IPA 锚点版面解析（四行对照） | 整理日期 2026-09,medium
SANGJIAJING-P0294-L-01,SANGJIAJING,294,L,1,去 W,di²¹ lurss tsh³³,di21 lurss tsh33,ok,1.00,2,跨 的 路 南 到,急 奔 至 路 南,UNKNOWN,扫描 OCR + IPA 锚点版面解析（四行对照） | 整理日期 2026-09,medium
SANGJIAJING-P0294-L-02,SANGJIAJING,294,L,2,WI,,g21 th21 me 33 30 mx 44 gD 21,failed,0.33,6,名 美 一 池 闻,听 闻 名池 一,UNKNOWN,扫描 OCR + IPA 锚点版面解析（四行对照） | 整理日期 2026-09,medium
SANGJIAJING-P0294-R-01,SANGJIAJING,294,R,1,区 O,tsha²¹ ⁴⁴ ve³¹ tsx xu³¹ mx,tsha21 44 ve31 tsx xu31 mx,suspect,0.60,5,维 则 长 湖 池,维 则 之 长 湖,UNKNOWN,扫描 OCR + IPA 锚点版面解析（四行对照） | 整理日期 2026-09,medium
SANGJIAJING-P0294-R-02,SANGJIAJING,294,R,2,W 九 社,tsiss t1 xw ⁴⁴ tsa³¹ ne³³,tsiss t1. xw 44 tsa31 ne33,suspect,0.67,3,麻 泡 池 也 好,池 泡 麻 质 好,UNKNOWN,扫描 OCR + IPA 锚点版面解析（四行对照） | 整理日期 2026-09,medium
SANGJIAJING-P0294-R-03,SANGJIAJING,294,R,3,万 日 WI 76,khi³³ li⁰³3 zi³³ thi²¹ du²¹,kh133 1033 zi33 thi21 du21,ok,1.00,5,那 里 水 一 池,这 一 池 池 水,UNKNOWN,扫描 OCR + IPA 锚点版面解析（四行对照） | 整理日期 2026-09,medium
SANGJIAJING-P0294-R-04,SANGJIAJING,294,R,4,ZZZ 零九吉,tsh⁰³3 tsho³³ tghe²¹ tsiss ne ³³,"tsh033 tsho33 tghe21 tsi'ss ne"" 33",suspect,0.50,4,人 喝 人 也,人 喝 人 聪 明,UNKNOWN,扫描 OCR + IPA 锚点版面解析（四行对照） | 整理日期 2026-09,medium
SANGJIAJING-P0295-L-01,SANGJIAJING,295,L,1,Z4 π 台 五,t4u³³ dzi²¹ ⁰⁵5 do⁴⁴ tsiss,t4u33 dzi21 0.55 do44 tsiss,suspect,0.60,5,仆 喝 官 头 出,仆 人 变 官 样,UNKNOWN,扫描 OCR + IPA 锚点版面解析（四行对照） | 整理日期 2026-09,medium
SANGJIAJING-P0295-L-02,SANGJIAJING,295,L,2,万 九 丑,kh³³ ne³³ xu ⁴⁴ ne1 3g ³³,"kh,33 ne33 xu 44 ne1 3G 33",suspect,0.50,4,它 也 池 美 是,此 池 是 州 地,UNKNOWN,扫描 OCR + IPA 锚点版面解析（四行对照） | 整理日期 2026-09,medium
SANGJIAJING-P0295-L-03,SANGJIAJING,295,L,3,子 田 WI 亏 &,mu²¹ mp th²¹,mu21 mp th21,suspect,0.50,2,天 不 完 一 日,天 不 崩 之 日,UNKNOWN,扫描 OCR + IPA 锚点版面解析（四行对照） | 整理日期 2026-09,medium
SANGJIAJING-P0295-L-04,SANGJIAJING,295,L,4,万 2,,"33 do44 kh33 133 33 m8 ne""",failed,0.33,6,名 出 它 来 是,盛 名 属 于 它,UNKNOWN,扫描 OCR + IPA 锚点版面解析（四行对照） | 整理日期 2026-09,medium
SANGJIAJING-P0295-L-05,SANGJIAJING,295,L,5,万 Z 面 U,kh³³ si³³ su ⁵⁵ ʊ³³ mɒ³³,"kh,33 si33 su 55 V33 mD33",suspect,0.60,5,她 家 她 三 母,她家 母 女 仁,UNKNOWN,扫描 OCR + IPA 锚点版面解析（四行对照） | 整理日期 2026-09,medium
SANGJIAJING-P0295-R-01,SANGJIAJING,295,R,1,全 万 分,,"33 1p33 kh,33 33 tshi33 SD yD",failed,0.17,6,找 了 它 的 到,终 于 寻 到 她,UNKNOWN,扫描 OCR + IPA 锚点版面解析（四行对照） | 整理日期 2026-09,medium
SANGJIAJING-P0295-R-02,SANGJIAJING,295,R,2,中 3 U 飞,mɒ³³ nu ³³ surs,mD33 nu 33 sur's,ok,1.00,3,小 果 诗 女 三,果 诗 母 女 三,UNKNOWN,扫描 OCR + IPA 锚点版面解析（四行对照） | 整理日期 2026-09,medium
SANGJIAJING-P0295-R-03,SANGJIAJING,295,R,3,W 亏 开,,Ss t144 tsh33 0i33,failed,0.33,3,麻 泡 日 吉 到,泡 麻 之 吉 日,UNKNOWN,扫描 OCR + IPA 锚点版面解析（四行对照） | 整理日期 2026-09,medium
SANGJIAJING-P0295-R-04,SANGJIAJING,295,R,4,W 分,,tsiss tsDSs dlu33 $OS5 ZD21,failed,0.00,2,麻 桩 松 杆 儿,砍 来 松 树 杆,UNKNOWN,扫描 OCR + IPA 锚点版面解析（四行对照） | 整理日期 2026-09,medium
SANGJIAJING-P0295-R-05,SANGJIAJING,295,R,5,W,ti⁴⁴ tsiss tsɒss mu³³ te³³,t144 tsiss tsDSs mu33 te33,suspect,0.67,3,麻 泡 村 做 钉,钉 做 泡 麻 桩,UNKNOWN,扫描 OCR + IPA 锚点版面解析（四行对照） | 整理日期 2026-09,medium
SANGJIAJING-P0296-L-01,SANGJIAJING,296,L,1,,th²¹ mɒ³³ ku⁵⁵ dzo²¹ ti4,th21 mp33 ku5 dzo21 t14,ok,0.80,5,一 个 九 架 炮,人 泡 九 架 一,UNKNOWN,扫描 OCR + IPA 锚点版面解析（四行对照） | 整理日期 2026-09,medium
SANGJIAJING-P0296-L-02,SANGJIAJING,296,L,2,面 W,mɒ ³³ tsiss ti⁴⁴ qu¹³3,mD 33 tsiss t144 qu133,suspect,0.67,3,三 母 麻 泡 完,母 女 泡 完 麻,UNKNOWN,扫描 OCR + IPA 锚点版面解析（四行对照） | 整理日期 2026-09,medium
SANGJIAJING-P0296-L-03,SANGJIAJING,296,L,3,与,ti⁴⁴ di³¹ tsh³³ tɒ³³,t144 di31 tsh:33 tD33,suspect,0.75,4,泡 得 捞 呢 起,要 将 麻 捞 起,UNKNOWN,扫描 OCR + IPA 锚点版面解析（四行对照） | 整理日期 2026-09,medium
SANGJIAJING-P0296-L-04,SANGJIAJING,296,L,4,您里又 田,q o²¹ pu³³ ²¹ tɒss mp t⁵⁰³³,q”o²1pu33 21 tDss mp t5033,suspect,0.75,4,铺盖 搁 没 有,无 垫 草 盖 草,UNKNOWN,扫描 OCR + IPA 锚点版面解析（四行对照） | 整理日期 2026-09,medium
SANGJIAJING-P0296-R-01,SANGJIAJING,296,R,1,又 灶 九万路,,kh33 tDss du²1 ng33 bu,failed,0.25,4,搁 处 也 它 有,捂 盖 好 麻 秆,UNKNOWN,扫描 OCR + IPA 锚点版面解析（四行对照） | 整理日期 2026-09,medium
SANGJIAJING-P0296-R-02,SANGJIAJING,296,R,2,女z 日 万WI 亏,du³³ li⁰³3 khi³³ thi²¹ ni³³,du33 1033 kh133 th121 ni33,ok,1.00,5,后 处 那 一 日,这 此 后 一 日,UNKNOWN,扫描 OCR + IPA 锚点版面解析（四行对照） | 整理日期 2026-09,medium
SANGJIAJING-P0296-R-03,SANGJIAJING,296,R,3,WI 见 特,thi²¹ mɒ³³ kus du²¹ 1i³¹,"th121 mp33 ku""s du²1 1i31",suspect,0.50,4,一 人九 捆 剔,一 人 剔 九 捆,UNKNOWN,扫描 OCR + IPA 锚点版面解析（四行对照） | 整理日期 2026-09,medium
SANGJIAJING-P0296-R-04,SANGJIAJING,296,R,4,面 U W 特,,ms 55 mp 33 tsiss 1i31 Eemb,failed,0.25,4,三 母 麻 剔 完,母 女剔 完麻,UNKNOWN,扫描 OCR + IPA 锚点版面解析（四行对照） | 整理日期 2026-09,medium
SANGJIAJING-P0297-L-01,SANGJIAJING,297,L,1,,dza4tho²¹ mp tɒ³³ dlu³³,"dza4tho²1 mp"" tD33 dlu33",suspect,0.67,3,竹 竿 日日 松 棍 杆,竹 竿 松 木 条,UNKNOWN,扫描 OCR + IPA 锚点版面解析（四行对照） | 整理日期 2026-09,medium
SANGJIAJING-P0297-L-02,SANGJIAJING,297,L,2,W,tsiss tce⁴⁴ dlu³³ mu,tsiss tce44 dlu33 mu,suspect,0.67,3,麻 凉 竿 的 使,用 来 凉 晒 麻,UNKNOWN,扫描 OCR + IPA 锚点版面解析（四行对照） | 整理日期 2026-09,medium
SANGJIAJING-P0297-L-03,SANGJIAJING,297,L,3,五4五 IM,th²¹ mɒ³³ k ku³³ tsh³³ ku,th21 mp33 k ku33 tsh33 ku?,suspect,0.60,5,人九十九,人 九 十九,UNKNOWN,扫描 OCR + IPA 锚点版面解析（四行对照） | 整理日期 2026-09,medium
SANGJIAJING-P0297-L-04,SANGJIAJING,297,L,4,W %,,55 33 tsiss 33 su mp tce mb,failed,0.25,4,三 母 麻 凉 完,母 女 凉 晒 完,UNKNOWN,扫描 OCR + IPA 锚点版面解析（四行对照） | 整理日期 2026-09,medium
SANGJIAJING-P0297-R-01,SANGJIAJING,297,R,1,W 44 W 正 每,,33 mu² 33 tsiss 1y44 tsiss ab,failed,0.25,4,麻 挽 麻 玩 做,将 麻 缠 挽 起,UNKNOWN,扫描 OCR + IPA 锚点版面解析（四行对照） | 整理日期 2026-09,medium
SANGJIAJING-P0297-R-02,SANGJIAJING,297,R,2,W X W 飞每,tsiss tshi²¹ tsiss dlx⁴⁴ mu³³,tsiss tshi21 tsiss dlx44 mu33,suspect,0.67,3,麻 洗 麻 踩 做,脚 踩 浆 洗 麻,UNKNOWN,扫描 OCR + IPA 锚点版面解析（四行对照） | 整理日期 2026-09,medium
SANGJIAJING-P0297-R-03,SANGJIAJING,297,R,3,W % W 每,,tsiss tce44 tsiss fe33 mu33,failed,0.33,3,做 麻 凉 麻 干,将 麻 凉 晒 干,UNKNOWN,扫描 OCR + IPA 锚点版面解析（四行对照） | 整理日期 2026-09,medium
SANGJIAJING-P0297-R-04,SANGJIAJING,297,R,4,分 天 W OX,,ni33 tsiss D33 ZOSs tsess,failed,0.33,3,后 天 我 麻 绩,次 日 来 绩 麻,UNKNOWN,扫描 OCR + IPA 锚点版面解析（四行对照） | 整理日期 2026-09,medium
SANGJIAJING-P0297-R-05,SANGJIAJING,297,R,5,WI ®,thi²¹ ³³ the²¹ mp su³³ tshi³³,th121 33 the21 mp su33 tsh133,ok,0.80,5,一 人 三 十 团,每 人 十团 冏三冏,UNKNOWN,扫描 OCR + IPA 锚点版面解析（四行对照） | 整理日期 2026-09,medium
SANGJIAJING-P0298-L-01,SANGJIAJING,298,L,1,@,,kw3 tsh33 the21 ms 55 mp,failed,0.25,4,三 母 九 十 团,母 九 十 团 女,UNKNOWN,扫描 OCR + IPA 锚点版面解析（四行对照） | 整理日期 2026-09,medium
SANGJIAJING-P0298-L-02,SANGJIAJING,298,L,2,重 田,tghe³³ vu ³³ tsɒ h²¹ mp ²¹ to ³³,"tGhe33 vu"" 33 ts""D"" h21 mp 21 t$o 33",ok,0.80,5,线纺 车 不 有,纺 线 没 有 车,UNKNOWN,扫描 OCR + IPA 锚点版面解析（四行对照） | 整理日期 2026-09,medium
SANGJIAJING-P0298-L-03,SANGJIAJING,298,L,3,7.0 7 m H区,tsh³³ si⁴⁴ diss mi²¹ pe³³,tsh:33 si44 diss m121 pe33,suspect,0.50,4,黄 栗 木 四 板,四 块 黄 栗 板,UNKNOWN,扫描 OCR + IPA 锚点版面解析（四行对照） | 整理日期 2026-09,medium
SANGJIAJING-P0298-L-04,SANGJIAJING,298,L,4,口 7科,,A21 1y44 ku's 1h3 de21,failed,0.33,3,阿 勒 匠 来 打,阿 勒 木 匠 制,UNKNOWN,扫描 OCR + IPA 锚点版面解析（四行对照） | 整理日期 2026-09,medium
SANGJIAJING-P0298-L-05,SANGJIAJING,298,L,5,重 分 九,the³³ vu³³ tshɒ²¹ ne ³³ 3,"the33 vu""3 tshD21 ne? 33 切3",ok,0.80,5,线 纺 车 也 获,纺 线车 有 了,UNKNOWN,扫描 OCR + IPA 锚点版面解析（四行对照） | 整理日期 2026-09,medium
SANGJIAJING-P0298-R-01,SANGJIAJING,298,R,1,Dz 开,li³³ ni²¹ 3g ²¹ nu ³³ vu³³,"1,33 n121 3G 21 nu 33 vu33",ok,0.80,5,彝 巧 女 来 纺,葬 家 女 纺 巧,UNKNOWN,扫描 OCR + IPA 锚点版面解析（四行对照） | 整理日期 2026-09,medium
SANGJIAJING-P0298-R-02,SANGJIAJING,298,R,2,亏,tche³³ xy ⁴⁴ mu ³³ ni³³ tshj²¹,tche33 XY 44 mu 33 ni33 tshj21,suspect,0.60,5,线 扯 做 日 到,扯 理 线 N 日,UNKNOWN,扫描 OCR + IPA 锚点版面解析（四行对照） | 整理日期 2026-09,medium
SANGJIAJING-P0298-R-03,SANGJIAJING,298,R,3,女 3,,"si33 Ch33 44 mp 33 tc""e"" 8X gess",failed,0.20,5,竹 金 线 扯 架,金 竹 扯 线 架,UNKNOWN,扫描 OCR + IPA 锚点版面解析（四行对照） | 整理日期 2026-09,medium
SANGJIAJING-P0298-R-04,SANGJIAJING,298,R,4,IM W,,th121 mp 33 XX 44 4i33 tsh33,failed,0.20,5,一 人 扯 四 十,人 扯 四 十,UNKNOWN,扫描 OCR + IPA 锚点版面解析（四行对照） | 整理日期 2026-09,medium
SANGJIAJING-P0299-L-01,SANGJIAJING,299,L,1,U 与 #,ni²¹ surss mp ³³ hɒ³³ tsi³³,ni²1 surss mp 33 hp33 ts133,ok,1.00,4,三 母 百 二 十,母 女 百 二 一,UNKNOWN,扫描 OCR + IPA 锚点版面解析（四行对照） | 整理日期 2026-09,medium
SANGJIAJING-P0299-L-02,SANGJIAJING,299,L,2,母 女 百 二 一,,tche33 tcess tche33tsh21 55 mu33,failed,0.40,5,线煮 线洗 做,煮线 浆 洗 线,UNKNOWN,扫描 OCR + IPA 锚点版面解析（四行对照） | 整理日期 2026-09,medium
SANGJIAJING-P0299-L-03,SANGJIAJING,299,L,3,每,the³³ dzi³¹ tc³³ mu³³,the3dzi31tc33 mu33,suspect,0.75,4,线拉 线 晒 做,拉 直 去 凉 晒,UNKNOWN,扫描 OCR + IPA 锚点版面解析（四行对照） | 整理日期 2026-09,medium
SANGJIAJING-P0299-L-04,SANGJIAJING,299,L,4,分,ni³³ z0s tche³³ kɒ³³,ni33 Z.0s tche33 kD33,suspect,0.67,3,后 天 我 线 绕,次 日 来 绕 线,UNKNOWN,扫描 OCR + IPA 锚点版面解析（四行对照） | 整理日期 2026-09,medium
SANGJIAJING-P0299-L-05,SANGJIAJING,299,L,5,WI 年 九,,"th21 tsh,33 mp 33 kD33 sw 33",failed,0.20,5,一 人 绕 三 十,每 人 三 绕 十,UNKNOWN,扫描 OCR + IPA 锚点版面解析（四行对照） | 整理日期 2026-09,medium
SANGJIAJING-P0299-R-01,SANGJIAJING,299,R,1,U 年4,ku³³ tshi³³ su ⁵⁵ mp kɒ³³,ku33tsh133 su 55 mp kD33,ok,1.00,4,三 母 绕 九天,母 女 绕 九 十,UNKNOWN,扫描 OCR + IPA 锚点版面解析（四行对照） | 整理日期 2026-09,medium
SANGJIAJING-P0299-R-02,SANGJIAJING,299,R,2,7画 3 灶,ni⁴⁴ du²¹,ni44 du21,ok,1.00,2,我 线 顺 心 想,欲 顺 线 理 线,UNKNOWN,扫描 OCR + IPA 锚点版面解析（四行对照） | 整理日期 2026-09,medium
SANGJIAJING-P0299-R-03,SANGJIAJING,299,R,3,3 田 m,si³³ tspss mɒ²¹ ts⁰³3 ³¹,si33 tspss mp²1 tS033 31,suspect,0.50,4,线 顺 桩 不 有,尚 无 顺 线 桩,UNKNOWN,扫描 OCR + IPA 锚点版面解析（四行对照） | 整理日期 2026-09,medium
SANGJIAJING-P0299-R-04,SANGJIAJING,299,R,4,田 电 九,,21 tsh;33 tsh33 mp tur33 ne33,failed,0.40,5,不 到 地 也 到,四 处 去 寻 找,UNKNOWN,扫描 OCR + IPA 锚点版面解析（四行对照） | 整理日期 2026-09,medium
SANGJIAJING-P0300-L-01,SANGJIAJING,300,L,1,W 77,lurs di³³ dzi²¹ ze ³¹ tspss,lur's d133 dzi21 ze: 31 tspss,suspect,0.50,4,路 南 铜 线 桩,路 南 铜 线 桩,UNKNOWN,扫描 OCR + IPA 锚点版面解析（四行对照） | 整理日期 2026-09,medium
SANGJIAJING-P0300-R-01,SANGJIAJING,300,R,1,万 九 田 丑,,"kh,33 21 33 ng33 mp ne",failed,0.20,5,它 也 不 美 是,非 宜 顺 线 场,UNKNOWN,扫描 OCR + IPA 锚点版面解析（四行对照） | 整理日期 2026-09,medium
SANGJIAJING-P0300-R-02,SANGJIAJING,300,R,2,正,tsho²¹ si²¹ tsho²¹ ⁴⁴ mu ³³ y8,tsho21 si21 tsho21 44 mu 33 y8,suspect,0.67,6,行 走 行 走 做,一 程 又 一 程,UNKNOWN,扫描 OCR + IPA 锚点版面解析（四行对照） | 整理日期 2026-09,medium
SANGJIAJING-P0300-R-03,SANGJIAJING,300,R,3,WI,tsh³³ lu²¹ dlɒ²¹ thi²¹ di³³,tsh:33 lu²1 dlp21 th121 d133,ok,0.80,5,澄 江 一 地 到,来 江 到 了 澄,UNKNOWN,扫描 OCR + IPA 锚点版面解析（四行对照） | 整理日期 2026-09,medium
SANGJIAJING-P0301-L-01,SANGJIAJING,301,L,1,全,,th21 9031 pu d33,failed,0.33,3,返 回 一 地 找,转 身 寻 场 地,UNKNOWN,扫描 OCR + IPA 锚点版面解析（四行对照） | 整理日期 2026-09,medium
SANGJIAJING-P0301-L-02,SANGJIAJING,301,L,2,万 九 田 丑,,kh33 21 ne21 44 ng33 mp Ze,failed,0.33,6,它 也 不 美 像,它 亦 不 适 宜,UNKNOWN,扫描 OCR + IPA 锚点版面解析（四行对照） | 整理日期 2026-09,medium
SANGJIAJING-P0301-L-03,SANGJIAJING,301,L,3,举 分 W,,tsh021 si21 luss yD 33,failed,0.33,3,行 走 之 路 南,快行 至 路 南,UNKNOWN,扫描 OCR + IPA 锚点版面解析（四行对照） | 整理日期 2026-09,medium
SANGJIAJING-P0301-R-01,SANGJIAJING,301,R,1,万 日 WI,kh³³ li⁰³3 thi²¹ ɒ³³,"kh,33 1033 th121 #D3",suspect,0.75,4,那 里 一 地 找,那 找 场 地 里,UNKNOWN,扫描 OCR + IPA 锚点版面解析（四行对照） | 整理日期 2026-09,medium
SANGJIAJING-P0301-R-02,SANGJIAJING,301,R,2,九 万 田,,me 33 kh33 mp 21 do44 ng33,failed,0.40,5,各 也 它 不 出,此 地 名 不 扬,UNKNOWN,扫描 OCR + IPA 锚点版面解析（四行对照） | 整理日期 2026-09,medium
SANGJIAJING-P0301-R-03,SANGJIAJING,301,R,3,正 晃 不,,si21 33 44 tsho21 tsD 8X,failed,0.40,5,行 走 找 走 去,出 行 再 寻 找,UNKNOWN,扫描 OCR + IPA 锚点版面解析（四行对照） | 整理日期 2026-09,medium
SANGJIAJING-P0302-L-01,SANGJIAJING,302,L,1,Dz 介,ni²¹ mi³³ a²¹ dz⁰²1 di³³,"n1²1 m133 A21 dz,021 d133",ok,0.80,5,葬 地 阿 着 底,彝 乡 阿 着 底,UNKNOWN,扫描 OCR + IPA 锚点版面解析（四行对照） | 整理日期 2026-09,medium
SANGJIAJING-P0302-L-02,SANGJIAJING,302,L,2,了 九,di³³ ng³³ tsa ³¹ ³¹,d133 ng33 tsa 31 31,suspect,0.50,4,线 顺 地 也 好,线 顺 场 如 意,UNKNOWN,扫描 OCR + IPA 锚点版面解析（四行对照） | 整理日期 2026-09,medium
SANGJIAJING-P0302-L-03,SANGJIAJING,302,L,3,3,thi²¹ kho³³ ms,th121 kho33 ms,suspect,0.67,3,人 三 珂 顺,一 人 顺 三 珂,UNKNOWN,扫描 OCR + IPA 锚点版面解析（四行对照） | 整理日期 2026-09,medium
SANGJIAJING-P0302-L-04,SANGJIAJING,302,L,4,面 U,sw ⁵⁵ mɒ³³ kwkh⁰³3 dlɒ³³,sw 55 mp33 kwkh033 dlD33,suspect,0.50,4,三 母 九 珂 成,母 女 顺 九 珂,UNKNOWN,扫描 OCR + IPA 锚点版面解析（四行对照） | 整理日期 2026-09,medium
SANGJIAJING-P0302-R-01,SANGJIAJING,302,R,1,7² 70 W,tshi²¹ ni²¹ ²⁰³¹ noss tsiss,tshi21 n1²1 2031 noss tsiss,suspect,0.50,4,织 布 工 具 制,准 备 织 布 具,UNKNOWN,扫描 OCR + IPA 锚点版面解析（四行对照） | 整理日期 2026-09,medium
SANGJIAJING-P0302-R-02,SANGJIAJING,302,R,2,勿,lu²¹ dllɒ²¹ ne³³ t tshu2l 2az,lu²1 dllp21 ne33t tshu2l 2aZ,suspect,0.75,4,澄 江 玉 梭 轴,澄 江 玉 梭 轴,UNKNOWN,扫描 OCR + IPA 锚点版面解析（四行对照） | 整理日期 2026-09,medium
SANGJIAJING-P0302-R-03,SANGJIAJING,302,R,3,w 7开7,,lurss dzi21 ze 31 dly44,failed,0.33,3,路 南 铜 踏 板,各南铜 板 路 踏,UNKNOWN,扫描 OCR + IPA 锚点版面解析（四行对照） | 整理日期 2026-09,medium
SANGJIAJING-P0303-L-01,SANGJIAJING,303,L,1,晏,tho²¹ pe³³ zi³³ ²⁰³¹ mu²¹,tho²1 pe33 zi33 2031 mu²1,ok,0.80,5,松 灰 织 天 柱,松 木 织 机 柱,UNKNOWN,扫描 OCR + IPA 锚点版面解析（四行对照） | 整理日期 2026-09,medium
SANGJIAJING-P0303-L-02,SANGJIAJING,303,L,2,7 3 答,si⁴⁴ pur ⁵⁵ 1e³³,si44 pur 55 1e33,suspect,0.67,3,黄 木 织 卷 滚,黄 杨 木 滚 轴,UNKNOWN,扫描 OCR + IPA 锚点版面解析（四行对照） | 整理日期 2026-09,medium
SANGJIAJING-P0303-L-03,SANGJIAJING,303,L,3,70 号 丑,,tshi21 tsh:33 31 0i33 ne21,failed,0.40,5,织 布 日 吉 到,至 织 布 吉 日,UNKNOWN,扫描 OCR + IPA 锚点版面解析（四行对照） | 整理日期 2026-09,medium
SANGJIAJING-P0303-L-04,SANGJIAJING,303,L,4,70 田 司,e³¹ tshi²¹ fe⁵⁵ s mp ²¹ li⁸⁰3,e31 tshi21 fe5s mp 21 1803,ok,0.80,5,织 布 岩 不 有,岩 织 布 无 洞,UNKNOWN,扫描 OCR + IPA 锚点版面解析（四行对照） | 整理日期 2026-09,medium
SANGJIAJING-P0303-R-01,SANGJIAJING,303,R,1,本 全,,tsho21 si21 33 44 33 SD mu,failed,0.33,6,行 走 找 走 做,边 走 边 找,UNKNOWN,扫描 OCR + IPA 锚点版面解析（四行对照） | 整理日期 2026-09,medium
SANGJIAJING-P0303-R-02,SANGJIAJING,303,R,2,分 7,,S0b ZD 21 ne 44 fu?! fess,failed,0.33,3,昆 明 黑 暗 岩,昆 明 黑 暗 岩,UNKNOWN,扫描 OCR + IPA 锚点版面解析（四行对照） | 整理日期 2026-09,medium
SANGJIAJING-P0303-R-03,SANGJIAJING,303,R,3,见,pu ³³ zi²¹ dur²¹ bu2 fess,pu? 33 zi21 dur²1 bu² fess,suspect,0.75,4,宜 良 水 流 岩,宜 良 地 河 岩,UNKNOWN,扫描 OCR + IPA 锚点版面解析（四行对照） | 整理日期 2026-09,medium
SANGJIAJING-P0303-R-04,SANGJIAJING,303,R,4,万 九 71 田,khi³³ ne³³ fess mp ²¹ ɒe,kh133 ne33 fess mp 21 De,ok,1.00,4,它 也 岩 不 舒,些 岩 舒 这 不,UNKNOWN,扫描 OCR + IPA 锚点版面解析（四行对照） | 整理日期 2026-09,medium
SANGJIAJING-P0304-L-01,SANGJIAJING,304,L,1,70 田 社,²⁰³¹ tshi²¹ fess mɒ²¹ tsa1,2031 tsh121 fess mp21 tsa:1,suspect,0.50,4,织 布 岩 不 好,非 理 想 之 岩,UNKNOWN,扫描 OCR + IPA 锚点版面解析（四行对照） | 整理日期 2026-09,medium
SANGJIAJING-P0304-L-02,SANGJIAJING,304,L,2,7² 70 电 田,e³¹ tshi²¹ tur³³ mp ²¹ sɒ ³³,e31 tshi21 tur33 mp 21 SD 33,ok,0.80,5,织 布 地 不 厂,非 如 意 织 室,UNKNOWN,扫描 OCR + IPA 锚点版面解析（四行对照） | 整理日期 2026-09,medium
SANGJIAJING-P0304-L-03,SANGJIAJING,304,L,3,举 晃 每,tsho²¹ si²¹ tsh⁰²1 4 mu³³,tsho21 si21 tsh021 4 mu33,suspect,0.50,4,行 走 行 走 做,一 程 又 一 程,UNKNOWN,扫描 OCR + IPA 锚点版面解析（四行对照） | 整理日期 2026-09,medium
SANGJIAJING-P0304-L-04,SANGJIAJING,304,L,4,司 ? 至 N,,tche4 tsh33 t$033 1055 4833,failed,0.25,4,李 箐 石 林 到,至 李 箐 石 林,UNKNOWN,扫描 OCR + IPA 锚点版面解析（四行对照） | 整理日期 2026-09,medium
SANGJIAJING-P0304-L-05,SANGJIAJING,304,L,5,万 日 丑,kh³³ li⁰³3 thi²¹ fess,kh33 1033 th121 fess,suspect,0.75,4,那 里 岩 佳 一,那 有 一 佳 岩,UNKNOWN,扫描 OCR + IPA 锚点版面解析（四行对照） | 整理日期 2026-09,medium
SANGJIAJING-P0304-R-01,SANGJIAJING,304,R,1,? A 7画,li⁰⁴4 4u³³ ab ³³ ze ³¹ mo²¹,1044 4u33 ab 33 ze 31 mo21,ok,0.80,5,石 白 门 织 柱,白 岩 门 织 柱,UNKNOWN,扫描 OCR + IPA 锚点版面解析（四行对照） | 整理日期 2026-09,medium
SANGJIAJING-P0304-R-02,SANGJIAJING,304,R,2,? 70 272,li0 ⁴⁴ ³¹ tshi²¹ ne ⁴⁴ ze dlx⁴⁴,10 44 31 tshi21 ne 44 ze dlx44,ok,0.80,5,石 黑 织 布 踏,青 石 做 踏 板,UNKNOWN,扫描 OCR + IPA 锚点版面解析（四行对照） | 整理日期 2026-09,medium
SANGJIAJING-P0305-L-01,SANGJIAJING,305,L,1,用 年 WI7L70,siss ³³ thi²¹ tshi³¹ tshi²¹ np,siss 33 th121 tshi31 tshi21 np,ok,0.80,5,先 前 一 次 织,第 一 次 织 布,UNKNOWN,扫描 OCR + IPA 锚点版面解析（四行对照） | 整理日期 2026-09,medium
SANGJIAJING-P0305-L-02,SANGJIAJING,305,L,2,第 一 次 织 布,tshi²¹ dzi2l phb³³ mu³³ bi²¹,tshi21 dzi2l phb33 mu33 b121,suspect,0.75,4,吏 官布 做 给,衙 吏 织 与 官,UNKNOWN,扫描 OCR + IPA 锚点版面解析（四行对照） | 整理日期 2026-09,medium
SANGJIAJING-P0305-L-03,SANGJIAJING,305,L,3,分,fe⁵⁵ adms ⁵⁵ h³³ mu ³³ ³³ yɒ,fe55 adms 55h33 mu 33 33 YD,suspect,0.67,6,审 案布 做 获,升 堂 有 官 服,UNKNOWN,扫描 OCR + IPA 锚点版面解析（四行对照） | 整理日期 2026-09,medium
SANGJIAJING-P0305-L-04,SANGJIAJING,305,L,4,田 3= π 目 亏,lu⁴⁴ lu⁴⁴ dzi²¹ ts⁰³3 nj³³,lu44 lu44 dzi21 tS033 nj33,suspect,0.60,5,健 康 官 在 日,官 吏 健 康 日,UNKNOWN,扫描 OCR + IPA 锚点版面解析（四行对照） | 整理日期 2026-09,medium
SANGJIAJING-P0305-L-05,SANGJIAJING,305,L,5,每 出,fess ms ²¹ pɒ h³³ mu zw,"fess ms 21 p""D h33 mu zW",ok,1.00,3,审 案 布 做 使,用 来 制 」官 服 月,UNKNOWN,扫描 OCR + IPA 锚点版面解析（四行对照） | 整理日期 2026-09,medium
SANGJIAJING-P0305-R-01,SANGJIAJING,305,R,1,田 π 子 亏,²¹ dzi²¹ mp lur⁴⁴ 0i³³,21 dzi21 mp lur44 0i3,suspect,0.50,4,患 疾 官 死 日,患 疾 官 逝 日,UNKNOWN,扫描 OCR + IPA 锚点版面解析（四行对照） | 整理日期 2026-09,medium
SANGJIAJING-P0305-R-02,SANGJIAJING,305,R,2,患 疾 官 逝 日,phɒ³³ du³³ dzi³³ li⁰³1 li³³,phD33 du33 dz133 1031 133,ok,1.00,5,布 处 源 成 来,成 布 为 治 丧,UNKNOWN,扫描 OCR + IPA 锚点版面解析（四行对照） | 整理日期 2026-09,medium
SANGJIAJING-P0305-R-03,SANGJIAJING,305,R,3,分 年 WI 7L 70,yɒ ³³ np ³³ thi²¹ tshi³¹ t tshi²¹,yD 33 np 33 th121 tshi31t tshi21,ok,0.80,5,后 先 一 次 织,第 二 次 织 布,UNKNOWN,扫描 OCR + IPA 锚点版面解析（四行对照） | 整理日期 2026-09,medium
SANGJIAJING-P0305-R-04,SANGJIAJING,305,R,4,效 飞 分,,A21 1x44 kurss b12! ZD21,failed,0.33,3,阿 勒 匠 儿 给,给 阿 勒 工 匠,UNKNOWN,扫描 OCR + IPA 锚点版面解析（四行对照） | 整理日期 2026-09,medium
SANGJIAJING-P0306-L-01,SANGJIAJING,306,L,1,飞2 分 必,vi³¹ p2p³³ kurss zɒ²¹ ab,vi31 p²p33 kurss ZD21 ab,suspect,0.50,4,匠 儿 穿 戴 布,缝 制 工 匠 服,UNKNOWN,扫描 OCR + IPA 锚点版面解析（四行对照） | 整理日期 2026-09,medium
SANGJIAJING-P0306-L-02,SANGJIAJING,306,L,2,田 飞2 亏,mɒ²¹ 1y⁴⁴ kus nj³³,mD21 1y44 ku*'s nj33,suspect,0.67,3,患 疾 匠 死 日,患 疾 匠 死 日,UNKNOWN,扫描 OCR + IPA 锚点版面解析（四行对照） | 整理日期 2026-09,medium
SANGJIAJING-P0306-L-03,SANGJIAJING,306,L,3,3E W,p2ɒ³³ du²¹ dzi³³ li⁰³1 li³³,"p²D33 du²1 dz133 1031 1,33",ok,0.80,5,布 成 来 处 源,成 为 治 丧 布,UNKNOWN,扫描 OCR + IPA 锚点版面解析（四行对照） | 整理日期 2026-09,medium
SANGJIAJING-P0306-L-04,SANGJIAJING,306,L,4,灶 年 WI7L70,du³³ th²¹ tshi³³ l tshi²¹ nɒ³³,du33 th21 tshi3l tshi21 nD33,ok,0.80,5,后 来 一 次 织,第 冏三 次 织 布,UNKNOWN,扫描 OCR + IPA 锚点版面解析（四行对照） | 整理日期 2026-09,medium
SANGJIAJING-P0306-L-05,SANGJIAJING,306,L,5,3 开 不 分,ni⁵⁵ s pi ³³ bi²¹,n15s pi 33 b121,ok,1.00,3,邪 点 毕 儿 给,给 驱 邪 毕 摩,UNKNOWN,扫描 OCR + IPA 锚点版面解析（四行对照） | 整理日期 2026-09,medium
SANGJIAJING-P0306-R-01,SANGJIAJING,306,R,1,不 分,thu³³ niss zɒ²¹ zu²¹,thu33 niss ZD21 Zu²1,suspect,0.67,3,邪 点 毕 儿 使,祭 祀 驱 邪 用,UNKNOWN,扫描 OCR + IPA 锚点版面解析（四行对照） | 整理日期 2026-09,medium
SANGJIAJING-P0306-R-02,SANGJIAJING,306,R,2,田 h 不 亏,,si33 1y4 ni33 D13,failed,0.33,3,患 疾 毕 死 日,患 疾 毕 摩 死,UNKNOWN,扫描 OCR + IPA 锚点版面解析（四行对照） | 整理日期 2026-09,medium
SANGJIAJING-P0306-R-03,SANGJIAJING,306,R,3,3E 2,p2ɒ³³ da⁴⁴ dzi³¹ li⁰³1 li³³,p²D33 da44 dz131 1031 133,ok,0.80,5,布 处 成 来 源,成 为 治 丧 布,UNKNOWN,扫描 OCR + IPA 锚点版面解析（四行对照） | 整理日期 2026-09,medium
SANGJIAJING-P0306-R-04,SANGJIAJING,306,R,4,分 年 W7L 70,³³ np ³³ thi²¹ tshi³¹ tshi²¹ yɒ,33 np 33 th121 tshi31 tshi21 YD,suspect,0.67,6,后 来 一 次 织,第 四 次 织 布,UNKNOWN,扫描 OCR + IPA 锚点版面解析（四行对照） | 整理日期 2026-09,medium
SANGJIAJING-P0306-R-05,SANGJIAJING,306,R,5,Dz 4 丑,phu²¹ bi²¹ ni²¹ tyu,phu21 b121 ni²1 tyu,ok,1.00,4,葬 村 人 善 给,给彝村 世 人,UNKNOWN,扫描 OCR + IPA 锚点版面解析（四行对照） | 整理日期 2026-09,medium
SANGJIAJING-P0307-L-01,SANGJIAJING,307,L,1,田 3= 4 目 亏,lu¹⁴4 lu⁴⁴ t4u⁴⁴ t⁰³3 ni³³,lu144 lu44 t4u44 t$033 ni33,suspect,0.60,5,健 康 人 在 日,健 康 在 世 时,UNKNOWN,扫描 OCR + IPA 锚点版面解析（四行对照） | 整理日期 2026-09,medium
SANGJIAJING-P0307-L-02,SANGJIAJING,307,L,2,3,huss pɒ³³ mu³³ sɒ³³,Huss pD3 mu33 SD33,suspect,0.67,3,种 地 布 做 使,缝 制 种 地 衣,UNKNOWN,扫描 OCR + IPA 锚点版面解析（四行对照） | 整理日期 2026-09,medium
SANGJIAJING-P0307-L-03,SANGJIAJING,307,L,3,年 年 晃,si²¹ h³³ kɒ³³ kɒ³³ yxpɒ ⁴⁴,"si21 h33 kD33 kD33 yx""p""D 44",ok,0.80,5,路 走 路 走 布,缝 制 盛 礼 装,UNKNOWN,扫描 OCR + IPA 锚点版面解析（四行对照） | 整理日期 2026-09,medium
SANGJIAJING-P0307-L-04,SANGJIAJING,307,L,4,y,tshi²¹ tsi h³³ pɒ h³³ mu zw ²¹,"tshi21 ts""i?"" h:33 p""D"""" h33 mu zw 21",ok,1.00,4,媳布 做 使,缝制新 郎 装,UNKNOWN,扫描 OCR + IPA 锚点版面解析（四行对照） | 整理日期 2026-09,medium
SANGJIAJING-P0307-R-01,SANGJIAJING,307,R,1,,pɒ³³ nu ³³ tsiss mu ³³ zu²¹,pD33 nu 33 tsiss mu 33 Zu21,suspect,0.75,4,出 嫁 布 做 使,缝 制 新 娘 装,UNKNOWN,扫描 OCR + IPA 锚点版面解析（四行对照） | 整理日期 2026-09,medium
SANGJIAJING-P0307-R-02,SANGJIAJING,307,R,2,众,ne ⁴⁴ pu³³ dzi³³ li⁰³1 li³³,"ne 44 pu33 dz133 1031 1,33",ok,1.00,5,眼 盖 源 成 来,成 为 盖 眼 布,UNKNOWN,扫描 OCR + IPA 锚点版面解析（四行对照） | 整理日期 2026-09,medium
SANGJIAJING-P0307-R-03,SANGJIAJING,307,R,3,? 众,lh³³ dzi³³ li⁰³1,lh33 dz133 1031,suspect,0.67,3,眼 蒙 源 成 来,成 为 盖 脸 布,UNKNOWN,扫描 OCR + IPA 锚点版面解析（四行对照） | 整理日期 2026-09,medium
SANGJIAJING-P0308-L-01,SANGJIAJING,308,L,1,成 为 诵 经 布,thu be2i ttu xw ²¹ pɒ h³³,"thu'' be2i ttu xw 21 p""D h33",suspect,0.50,2,飞 鸭 飞 毡 布,成 招 魂 幡 布,UNKNOWN,扫描 OCR + IPA 锚点版面解析（四行对照） | 整理日期 2026-09,medium
SANGJIAJING-P0308-L-02,SANGJIAJING,308,L,2,7L 田 3= 3E,lur²¹ lu²¹ da ⁴⁴ emb tshi⁴⁴,lur²1 lu²1 da 44 emb tshi44,suspect,0.75,4,样 样 断 完 毕,样样 都 裁 下,UNKNOWN,扫描 OCR + IPA 锚点版面解析（四行对照） | 整理日期 2026-09,medium
SANGJIAJING-P0308-R-01,SANGJIAJING,308,R,1,效 Z,si³³ a²¹ bo³³ tsiss dzɒ²¹,si33 A21 bo33 tsiss dzD21,suspect,0.75,4,阿 波 知 枣 斯,斯 阿 波 知 枣,UNKNOWN,扫描 OCR + IPA 锚点版面解析（四行对照） | 整理日期 2026-09,medium
SANGJIAJING-P0308-R-02,SANGJIAJING,308,R,2,开 不 分,,dzi2r phu33 21 33 D13 ZD np,failed,0.20,5,执 普 毕 绕 我,执 普 毕 绕 我,UNKNOWN,扫描 OCR + IPA 锚点版面解析（四行对照） | 整理日期 2026-09,medium
SANGJIAJING-P0308-R-03,SANGJIAJING,308,R,3,九,thu³³ ne np ³³ qur³³ tshi²¹ ³³,thu3 ne? np 33 qur33 tshi21 33,ok,0.80,5,我 说 完 可 也,我 可 诵 全 经,UNKNOWN,扫描 OCR + IPA 锚点版面解析（四行对照） | 整理日期 2026-09,medium
SANGJIAJING-P0308-R-04,SANGJIAJING,308,R,4,田X 女 &,nu³³ np ³³ mb mɒ²¹ tshi²¹,nu33 np 33 mb mp21  tshi21,suspect,0.75,4,你 听 完 不 可,你 未 必 听 全,UNKNOWN,扫描 OCR + IPA 锚点版面解析（四行对照） | 整理日期 2026-09,medium
SANGJIAJING-P0309-L-01,SANGJIAJING,309,L,1,7 Z,,si44 21 44 niss gu mx tses's,failed,0.25,4,木 犁 铁 嘴 接,铁 铧 接 木 犁,UNKNOWN,扫描 OCR + IPA 锚点版面解析（四行对照） | 整理日期 2026-09,medium
SANGJIAJING-P0309-L-02,SANGJIAJING,309,L,2,包 3,si³³ tche³³ niss gu²¹ 1e³³,si33 tche33 niss gu21 1e33,suspect,0.50,4,泥 黄 犁 上 滚,黄 压骤 泥 犁 上,UNKNOWN,扫描 OCR + IPA 锚点版面解析（四行对照） | 整理日期 2026-09,medium
SANGJIAJING-P0309-L-03,SANGJIAJING,309,L,3,亏 日 WI,,55 1033 tshi21 th21 0i3,failed,0.40,5,阴 处 到 日 一,你 到 阴 间 日,UNKNOWN,扫描 OCR + IPA 锚点版面解析（四行对照） | 整理日期 2026-09,medium
SANGJIAJING-P0309-L-04,SANGJIAJING,309,L,4,企 7世,⁵⁵ mi ³³ hɒ³³ np gi³³ nes,55 mi 33 hp33 np G133 ne's,ok,0.80,5,阴 地 夏 雨 深,阴 间 夏 雨 深,UNKNOWN,扫描 OCR + IPA 锚点版面解析（四行对照） | 整理日期 2026-09,medium
SANGJIAJING-P0309-R-01,SANGJIAJING,309,R,1,π 九,dzi²¹ ⁰⁵5 te³³ ti⁴⁴,dzi21 0.55 te33 t144,suspect,0.75,4,官 头 淋 着 也,官 头 被 雨 淋,UNKNOWN,扫描 OCR + IPA 锚点版面解析（四行对照） | 整理日期 2026-09,medium
SANGJIAJING-P0309-R-02,SANGJIAJING,309,R,2,台 田,⁰⁵5 nu³³ ti⁴⁴ mɒ²¹ te³³,0.55 nu33 t144 mp21 te33,ok,0.80,5,你 头 淋 不 着,你 淋 头 不 被,UNKNOWN,扫描 OCR + IPA 锚点版面解析（四行对照） | 整理日期 2026-09,medium
SANGJIAJING-P0309-R-03,SANGJIAJING,309,R,3,众 介,np ⁵⁵ mi³³ tshi²¹ ʊɒ ²¹ ness,np 55 m133 tshi21 VD 21 ness,suspect,0.60,5,阴 地 冬 深 雪,阴 间 冬 雪 深,UNKNOWN,扫描 OCR + IPA 锚点版面解析（四行对照） | 整理日期 2026-09,medium
SANGJIAJING-P0309-R-04,SANGJIAJING,309,R,4,Z 中 九,si³³ ku ʊɒ2 ²¹ ho³³ ³³ ne³³,si33 ku VD² 21 ho33 33 ne33,suspect,0.60,5,他 身 雪 落 也,他 人 雪 落 身,UNKNOWN,扫描 OCR + IPA 锚点版面解析（四行对照） | 整理日期 2026-09,medium
SANGJIAJING-P0309-R-05,SANGJIAJING,309,R,5,五 田,nu³³ ʊɒ ²¹ mp ²¹ ho³³,nu33 VD 21 mp 21 ho33,suspect,0.50,4,你 身 雪 不 落,你身 雪 不 沾,UNKNOWN,扫描 OCR + IPA 锚点版面解析（四行对照） | 整理日期 2026-09,medium
SANGJIAJING-P0310-L-01,SANGJIAJING,310,L,1,企 九 勺 Z,,55 ne 33 4i33 a m133 dze 44,failed,0.40,5,阴 地 也 风 寒,阴 间 冷 风 寒,UNKNOWN,扫描 OCR + IPA 锚点版面解析（四行对照） | 整理日期 2026-09,medium
SANGJIAJING-P0310-L-02,SANGJIAJING,310,L,2,Z 九 勺,si³³ ku³³ 4i³³ ng³³ ho³³,si33 ku33 4i33 ng33 ho33,suspect,0.60,5,他 身 风 也 袭,他 人 身 风 袭,UNKNOWN,扫描 OCR + IPA 锚点版面解析（四行对照） | 整理日期 2026-09,medium
SANGJIAJING-P0310-L-03,SANGJIAJING,310,L,3,田,nu³³ ku³³ 4li³³ mp ²¹ ho³³,nu33 ku33 4133 mp 21 ho33,suspect,0.60,5,你 身 风 不 袭,你 身 不 遭 袭,UNKNOWN,扫描 OCR + IPA 锚点版面解析（四行对照） | 整理日期 2026-09,medium
SANGJIAJING-P0310-L-04,SANGJIAJING,310,L,4,不班,eemy1 phɒ³³ pi³³ bi²¹,eemy1 phD33 p133 b121,suspect,0.67,3,毕 点 你 布 经,毕 摩 诵 布 经,UNKNOWN,扫描 OCR + IPA 锚点版面解析（四行对照） | 整理日期 2026-09,medium
SANGJIAJING-P0310-L-05,SANGJIAJING,310,L,5,Z4 九 Z 丑,nu³³ ne ³³ ne ³³ tsiss,nu33 ne? 33 ne 33 tsiss,ok,1.00,4,你 也 他 善 先,人 你 位 他 前,UNKNOWN,扫描 OCR + IPA 锚点版面解析（四行对照） | 整理日期 2026-09,medium
SANGJIAJING-P0310-R-01,SANGJIAJING,310,R,1,3E 正 7开7,phɒ³³ tchi³³ thi²¹ tshi²¹ da ⁴⁴,php33 tch133 th121 tshi21 da 44,ok,1.00,5,布 处 那 一 章,织 布 一 章 经,UNKNOWN,扫描 OCR + IPA 锚点版面解析（四行对照） | 整理日期 2026-09,medium
SANGJIAJING-P0310-R-02,SANGJIAJING,310,R,2,日,ku³³ tsh³³ kurs tshi³¹ li⁰³3,ku33 tsh33 kur's tshi31 1033,suspect,0.50,4,九 十 九 辈 处,九 十 九 辈 时,UNKNOWN,扫描 OCR + IPA 锚点版面解析（四行对照） | 整理日期 2026-09,medium
SANGJIAJING-P0310-R-03,SANGJIAJING,310,R,3,效 逛,a²¹ siss nu³³ phu²¹ zi³³,A21 siss nu33 phu21 zi33,suspect,0.75,4,过 去 你 祖 呢,那 时 之 你 祖,UNKNOWN,扫描 OCR + IPA 锚点版面解析（四行对照） | 整理日期 2026-09,medium
SANGJIAJING-P0310-R-04,SANGJIAJING,310,R,4,3= 九,,"h33 si33 p""D $OS $OSS",failed,0.33,3,布 获 获 也 死,得 到 布 也 死,UNKNOWN,扫描 OCR + IPA 锚点版面解析（四行对照） | 整理日期 2026-09,medium
SANGJIAJING-P0311-L-01,SANGJIAJING,311,L,1,,,ZZ Z4ZZ 7L 日,failed,0.00,1,he31 tsh33 he31 tshi31 1033,八 十 八 辈 处,UNKNOWN,扫描 OCR + IPA 锚点版面解析（四行对照） | 整理日期 2026-09,medium
SANGJIAJING-P0311-L-02,SANGJIAJING,311,L,2,ZZ Z4ZZ 7L 日,he³¹ tsh³³ he³¹ tshi³¹ li⁰³3,he31 tsh33 he31 tshi31 1033,ok,0.80,5,八 十 八 辈 处,八 十 八 辈 时,UNKNOWN,扫描 OCR + IPA 锚点版面解析（四行对照） | 整理日期 2026-09,medium
SANGJIAJING-P0311-L-03,SANGJIAJING,311,L,3,效,a²¹ siss ph²¹ nu³³,A21 siss ph21 nu33,ok,1.00,3,过 去 你 奶 呢,那 时 之 你 奶,UNKNOWN,扫描 OCR + IPA 锚点版面解析（四行对照） | 整理日期 2026-09,medium
SANGJIAJING-P0311-L-04,SANGJIAJING,311,L,4,3= 九,,p²D33 $055 ng33 $0'S,failed,0.00,4,布 获 获 也 死,得 到 布 也 死,UNKNOWN,扫描 OCR + IPA 锚点版面解析（四行对照） | 整理日期 2026-09,medium
SANGJIAJING-P0311-L-05,SANGJIAJING,311,L,5,200 # 7L 日,si²¹ si²¹ tshi³¹ li⁰³3 tsi³³,si21 si21 tshi31 1033 ts133,ok,1.00,5,七 十 七 辈 处,七十七辈 时,UNKNOWN,扫描 OCR + IPA 锚点版面解析（四行对照） | 整理日期 2026-09,medium
SANGJIAJING-P0311-R-01,SANGJIAJING,311,R,1,,a²¹ siss h²¹ zi³³ nu²¹ pɒ,"A21 siss h21 zi33 nu²1 p""D",ok,1.00,5,过 去 你 父 呢,那 时 之 你 父,UNKNOWN,扫描 OCR + IPA 锚点版面解析（四行对照） | 整理日期 2026-09,medium
SANGJIAJING-P0311-R-02,SANGJIAJING,311,R,2,3= 九,,p²b33 $0S's ng33,failed,0.00,2,布 获 获 也 死,得 到 布 也 死,UNKNOWN,扫描 OCR + IPA 锚点版面解析（四行对照） | 整理日期 2026-09,medium
SANGJIAJING-P0311-R-03,SANGJIAJING,311,R,3,三Z7 日,,kh031 tsh33kh03tshi31 1033,failed,0.40,5,六 十 六 辈 处,六 十 六 辈 时,UNKNOWN,扫描 OCR + IPA 锚点版面解析（四行对照） | 整理日期 2026-09,medium
SANGJIAJING-P0311-R-04,SANGJIAJING,311,R,4,U,a²¹ siss ³³ zi³³ nu³³ mp,A21 siss 33 zi33 nu33 mp,ok,0.80,5,过 去 你 母 呢,那 时之 你 母,UNKNOWN,扫描 OCR + IPA 锚点版面解析（四行对照） | 整理日期 2026-09,medium
SANGJIAJING-P0312-L-01,SANGJIAJING,312,L,1,五 五 :7L 日,tsh³³ tshi³¹ li⁰³3 ɒɒss,tsh33 tshi31 1033 DDSS,suspect,0.75,4,五 十 五 辈 处,五 十 五 辈 时,UNKNOWN,扫描 OCR + IPA 锚点版面解析（四行对照） | 整理日期 2026-09,medium
SANGJIAJING-P0312-L-02,SANGJIAJING,312,L,2,必,a²¹ siss vi³¹ zi³³ nu³³,A21 siss vi31 zi33 nu33,suspect,0.75,4,过 去 你 兄 呢,那 时 之 你 兄,UNKNOWN,扫描 OCR + IPA 锚点版面解析（四行对照） | 整理日期 2026-09,medium
SANGJIAJING-P0312-L-03,SANGJIAJING,312,L,3,3= 九,p2ɒ³³ ne ³³ si³³ 0ss,p²D33 ne 33 si33 $0s's,suspect,0.50,4,布 获 获 也 死,得 到 」布 也 死,UNKNOWN,扫描 OCR + IPA 锚点版面解析（四行对照） | 整理日期 2026-09,medium
SANGJIAJING-P0312-R-01,SANGJIAJING,312,R,1,W W 7L 日,,tsh33 tshi31 4i33 4i44 1033,failed,0.40,5,四 十 四 辈 处,四 十 四 辈 时,UNKNOWN,扫描 OCR + IPA 锚点版面解析（四行对照） | 整理日期 2026-09,medium
SANGJIAJING-P0312-R-02,SANGJIAJING,312,R,2,效 Z4 用,a²¹ si⁵⁵ s ɛenu ³³ 2i³³,A21 si5s Eenu 33 2i33,suspect,0.50,4,过 去 你 姊 呢,那 时 N 你 姊,UNKNOWN,扫描 OCR + IPA 锚点版面解析（四行对照） | 整理日期 2026-09,medium
SANGJIAJING-P0312-R-03,SANGJIAJING,312,R,3,田 九,,phD33 21 mp $0.S5 ne33,failed,0.33,3,布 不 获 也 死,不 得 布也 死,UNKNOWN,扫描 OCR + IPA 锚点版面解析（四行对照） | 整理日期 2026-09,medium
SANGJIAJING-P0313-L-01,SANGJIAJING,313,L,1,面 7L 日,,tsh33 tsh31 1033,failed,0.33,3,三 十 三 辈 处,三 十 三 辈 时,UNKNOWN,扫描 OCR + IPA 锚点版面解析（四行对照） | 整理日期 2026-09,medium
SANGJIAJING-P0313-L-02,SANGJIAJING,313,L,2,分,a²¹ siss nu zɒ²¹,A21 siss nu ZD21,suspect,0.50,2,过 去 你 儿 呢,那 时 之 你 儿,UNKNOWN,扫描 OCR + IPA 锚点版面解析（四行对照） | 整理日期 2026-09,medium
SANGJIAJING-P0313-L-03,SANGJIAJING,313,L,3,3= 九,pɒ h³³ ɔs ɔss,"p""D h33 $OS $OSS",suspect,0.50,2,布 获 获 也 死,得 到 布 也 死,UNKNOWN,扫描 OCR + IPA 锚点版面解析（四行对照） | 整理日期 2026-09,medium
SANGJIAJING-P0313-L-04,SANGJIAJING,313,L,4,田 九,,"h33 21 33 si33 p""D"" mp SOs ne",failed,0.20,5,布 不 获 也 死,不 得 布 也 死,UNKNOWN,扫描 OCR + IPA 锚点版面解析（四行对照） | 整理日期 2026-09,medium
SANGJIAJING-P0313-L-05,SANGJIAJING,313,L,5,与 # 与 7L 日,ni²¹ ni²¹ tshi³¹ tsi³³ li⁰³3,ni21 ni²1 tshi31 ts133 1033,ok,1.00,5,二 十 二 辈 处,二 十 二 辈 时,UNKNOWN,扫描 OCR + IPA 锚点版面解析（四行对照） | 整理日期 2026-09,medium
SANGJIAJING-P0313-R-01,SANGJIAJING,313,R,1,逛 W,a²¹ si⁵⁵ nu³³ 4is5 zi³³,A²1 si55 nu33 4is5 zi33,suspect,0.75,4,过 去 你 孙 呢,那 时 之 你 孙,UNKNOWN,扫描 OCR + IPA 锚点版面解析（四行对照） | 整理日期 2026-09,medium
SANGJIAJING-P0313-R-02,SANGJIAJING,313,R,2,WI 7L 日,,th12i tsh133 th12i tshi31 1033,failed,0.33,3,十 辈 一 一 处,一 十 一 辈 时,UNKNOWN,扫描 OCR + IPA 锚点版面解析（四行对照） | 整理日期 2026-09,medium
SANGJIAJING-P0313-R-03,SANGJIAJING,313,R,3,Z 司,si³³ ph³³ tshi²¹ t⁵⁰³³ nu³³,si33 ph33 tshi21 t5033 nu33,suspect,0.60,5,死 辈 转 你 到,死 期轮 至 你,UNKNOWN,扫描 OCR + IPA 锚点版面解析（四行对照） | 整理日期 2026-09,medium
SANGJIAJING-P0314-L-01,SANGJIAJING,314,L,1,九,,"33 h33 55 nu33 ne"" p""D $O",failed,0.20,5,你 也 布 获 死,你 死 已 获 布,UNKNOWN,扫描 OCR + IPA 锚点版面解析（四行对照） | 整理日期 2026-09,medium
SANGJIAJING-P0314-L-02,SANGJIAJING,314,L,2,平u 丑,kho²¹ si³³ li²³ g nu³³,kho21 S133 123G nu33,ok,1.00,4,柯 兴 诗 安 奴,柯 兴 诗 安 奴,UNKNOWN,扫描 OCR + IPA 锚点版面解析（四行对照） | 整理日期 2026-09,medium
SANGJIAJING-P0314-L-03,SANGJIAJING,314,L,3,小 企,pɒtu³³ du²¹ mi³³ bi²¹,"p""Dtu33 du21 m133 b121",suspect,0.75,4,阳 地 布 点 给,阳 间 送 你 布,UNKNOWN,扫描 OCR + IPA 锚点版面解析（四行对照） | 整理日期 2026-09,medium
SANGJIAJING-P0314-L-04,SANGJIAJING,314,L,4,A,phɒ³³ 4u³³ pɒ h³³ ⁴⁴ bi²¹ ne,"phD33 4u33 p""D h33 44 b121 ne",suspect,0.67,6,布 白 布 黑 给,送 白 布 黑 布,UNKNOWN,扫描 OCR + IPA 锚点版面解析（四行对照） | 整理日期 2026-09,medium
SANGJIAJING-P0314-L-05,SANGJIAJING,314,L,5,企 配 w,⁵⁵ np mi³³ ɒ⁰³3 lurs,55 np m133 D033 lur's,suspect,0.75,4,阴 地 你 向 喜,阴 间喜又 欢 你,UNKNOWN,扫描 OCR + IPA 锚点版面解析（四行对照） | 整理日期 2026-09,medium
SANGJIAJING-P0314-R-01,SANGJIAJING,314,R,1,3E # 不,phɒ³³ l³³ si²¹ da⁴⁴ ni⁴⁴,"phD33 l,33 S121 da44 ni44",ok,0.80,5,布 处 看 来 还,快 来 看 布 匹,UNKNOWN,扫描 OCR + IPA 锚点版面解析（四行对照） | 整理日期 2026-09,medium
SANGJIAJING-P0314-R-02,SANGJIAJING,314,R,2,与 3=,ni²¹ np ⁵⁵ qɒ ²¹ ip²¹ 1ɒ²¹,ni21 np 55 qD 21 Ip21 1D21,suspect,0.60,5,两 耳 煽 套,两 耳 扇 般 立,UNKNOWN,扫描 OCR + IPA 锚点版面解析（四行对照） | 整理日期 2026-09,medium
SANGJIAJING-P0314-R-03,SANGJIAJING,314,R,3,3E 女 O,,"p²D33 da4 33 1,33 4D33 np",failed,0.40,5,布 处 听 来 吧,来 倾 听 布 经,UNKNOWN,扫描 OCR + IPA 锚点版面解析（四行对照） | 整理日期 2026-09,medium
SANGJIAJING-P0314-R-04,SANGJIAJING,314,R,4,与 3=,ni²¹ le³¹ ʊɒ2,ni21 le31 VD²,suspect,0.67,3,两 手 伸 抓 抓,两手 指 伸 展,UNKNOWN,扫描 OCR + IPA 锚点版面解析（四行对照） | 整理日期 2026-09,medium
SANGJIAJING-P0315-L-01,SANGJIAJING,315,L,1,3E OX 不,phɒ³³ da⁴⁴ tsess l³³ si²¹,"phD33 da44 tsess l,33 S121",ok,1.00,4,布 处 接 来 还,快 来 接 布 匹,UNKNOWN,扫描 OCR + IPA 锚点版面解析（四行对照） | 整理日期 2026-09,medium
SANGJIAJING-P0315-L-02,SANGJIAJING,315,L,2,与 飞 3=,,tsh:33 tho31 21 21 m6 m6,failed,0.20,5,两 脚 迈 急 急,两 脚 迈 步 急,UNKNOWN,扫描 OCR + IPA 锚点版面解析（四行对照） | 整理日期 2026-09,medium
SANGJIAJING-P0315-L-03,SANGJIAJING,315,L,3,3E 272 配,phɒ³³ da ⁴⁴ d1x⁴⁴ l³³ nos,"phD33 da 44 d1x44 l,33 no's",suspect,0.60,5,布 处 踏 来 要,快 来 追 随 布,UNKNOWN,扫描 OCR + IPA 锚点版面解析（四行对照） | 整理日期 2026-09,medium
SANGJIAJING-P0315-L-04,SANGJIAJING,315,L,4,3E 红,h³³ da ⁴⁴ nu³³ ³³ ³³ pp yɒ mb,"h33 da 44 nu33 33 33 p""p yD mb",suspect,0.50,6,布 你 完 处 得,布 给 诵 与 你,UNKNOWN,扫描 OCR + IPA 锚点版面解析（四行对照） | 整理日期 2026-09,medium
SANGJIAJING-P0315-L-05,SANGJIAJING,315,L,5,4,le³¹ ³³ tsi³³ tsu³³ bu ³³ m8,le31 33 tsi33 tsu3 bu 33 m8,suspect,0.67,6,手 指 双 合 口 数,伸双手数数,UNKNOWN,扫描 OCR + IPA 锚点版面解析（四行对照） | 整理日期 2026-09,medium
SANGJIAJING-P0315-R-01,SANGJIAJING,315,R,1,%& 与 九,,33 33 mb 33 d131 ng33 np mX,failed,0.17,6,我 数 完 能 也,我 能 够 数 完,UNKNOWN,扫描 OCR + IPA 锚点版面解析（四行对照） | 整理日期 2026-09,medium
SANGJIAJING-P0315-R-02,SANGJIAJING,315,R,2,7=3=,,V133 np 33 1D33,failed,0.00,3,醒 醒 听 来 拿,清 醒 记 心 间,UNKNOWN,扫描 OCR + IPA 锚点版面解析（四行对照） | 整理日期 2026-09,medium
SANGJIAJING-P0315-R-03,SANGJIAJING,315,R,3,Dz 企 丑,,33 33 d133 m133 me ne,failed,0.40,5,葬 地 名 盛 地,彝家 盛 名 地,UNKNOWN,扫描 OCR + IPA 锚点版面解析（四行对照） | 整理日期 2026-09,medium
SANGJIAJING-P0315-R-04,SANGJIAJING,315,R,4,7L3 7,tshi³³ ltshi³¹ do⁴⁴ du²¹ ³³ ne,tshi3ltshi31 do44 du²1 33 ne,ok,0.83,6,辈辈 出 处 是,代代生于此,UNKNOWN,扫描 OCR + IPA 锚点版面解析（四行对照） | 整理日期 2026-09,medium
SANGJIAJING-P0316-L-01,SANGJIAJING,316,L,1,晃万 日年,q⁰³1 khi³³ li⁰³3 np ²¹,q031 kh133 1033 np 21,suspect,0.50,4,走 回那 里 歇,转去那里住,UNKNOWN,扫描 OCR + IPA 锚点版面解析（四行对照） | 整理日期 2026-09,medium
SANGJIAJING-P0316-L-02,SANGJIAJING,316,L,2,转去那里住,mi ³³ a²¹ dz⁰²1 di³³,mi 33 A21 dz.0²1 d133,suspect,0.75,4,彝地 阿着底,彝乡阿着底,UNKNOWN,扫描 OCR + IPA 锚点版面解析（四行对照） | 整理日期 2026-09,medium
SANGJIAJING-P0316-R-01,SANGJIAJING,316,R,1,子开学,,mu²th2 dzi²t4u ng33,failed,0.00,1,春天 1 季落,春季 已过完,UNKNOWN,扫描 OCR + IPA 锚点版面解析（四行对照） | 整理日期 2026-09,medium
SANGJIAJING-P0316-R-02,SANGJIAJING,316,R,2,春季 已过完,thi²¹ dzi²¹ t4li³³ nu ³³ bi²¹,thi21 dzi21 t4133 nu 33 b1²1,ok,0.80,5,章赶你 给 一,这章经诵完,UNKNOWN,扫描 OCR + IPA 锚点版面解析（四行对照） | 整理日期 2026-09,medium
SANGJIAJING-P0319-L-01,SANGJIAJING,319,L,1,?,1ɒ²¹ zi²¹ li⁰⁴ tsh³³ bu³³,1D21 z.i21 104 tsh;33 bu3,suspect,0.60,5,蜂 聚 石脚拢,群聚石崖 蜂,UNKNOWN,扫描 OCR + IPA 锚点版面解析（四行对照） | 整理日期 2026-09,medium
SANGJIAJING-P0319-L-02,SANGJIAJING,319,L,2,飞 日,te³³ phi²¹ dze⁴⁴ le³¹ li⁰⁴4,te33 ph121 dze44 le31 1044,ok,1.00,5,屋厦滴沟处,屋厦之檐下,UNKNOWN,扫描 OCR + IPA 锚点版面解析（四行对照） | 整理日期 2026-09,medium
SANGJIAJING-P0319-R-01,SANGJIAJING,319,R,1,3=,be⁴⁴ si²¹ be⁴⁴ de²¹ de²¹,be44 si21 be44 de21 de21,ok,1.00,5,说款款 说 诉,叽 叽 喳语,UNKNOWN,扫描 OCR + IPA 锚点版面解析（四行对照） | 整理日期 2026-09,medium
SANGJIAJING-P0319-R-02,SANGJIAJING,319,R,2,不3,1mxcmzpe³³ bu³³ xu2,1mxcmzpe3 bu33 xu²!,suspect,0.67,3,肩膀齐平平,俩人齐肩坐,UNKNOWN,扫描 OCR + IPA 锚点版面解析（四行对照） | 整理日期 2026-09,medium
SANGJIAJING-P0320-L-01,SANGJIAJING,320,L,1,3=,pɒ³³ tche³³ tsw n⁰³3 n⁰³3,pD33 tche3tsw n033 n033,suspect,0.50,4,布 匹 齐 排 排,垫 布 对 排 放③,UNKNOWN,扫描 OCR + IPA 锚点版面解析（四行对照） | 整理日期 2026-09,medium
SANGJIAJING-P0320-L-02,SANGJIAJING,320,L,2,Dz 3E 7,phɒ³³ ni²¹ le³¹ da⁴⁴ dzɒ²¹,phD33 n121 le31 da44 dzD21,ok,1.00,5,彝 手 布 裁 毛,毛 葬 家 裁 布,UNKNOWN,扫描 OCR + IPA 锚点版面解析（四行对照） | 整理日期 2026-09,medium
SANGJIAJING-P0320-L-03,SANGJIAJING,320,L,3,毛 葬 家 裁 布,ce ⁴⁴ le³¹ bu²¹ da⁴⁴ cemy1,ce 44 le31 bu²1 da44 cemy1 ,ok,1.00,5,断 汉 手 绸 裁,汉 家 裁 绸 齐,UNKNOWN,扫描 OCR + IPA 锚点版面解析（四行对照） | 整理日期 2026-09,medium
SANGJIAJING-P0320-L-04,SANGJIAJING,320,L,4,田 # 田 # 每,²¹ mp ²¹ mp tsi³³ tsi³³ mu³³,21 mp 21 mp ts133 ts133 mu33,suspect,0.60,5,不 剩 不 剩 的,诵 经 不 余 诵,UNKNOWN,扫描 OCR + IPA 锚点版面解析（四行对照） | 整理日期 2026-09,medium
SANGJIAJING-P0320-R-01,SANGJIAJING,320,R,1,Z,a²¹ si³³ bo³³ tsi³³ dzɒ²¹,A21 si33 bo33 ts133 dZD21,ok,1.00,5,阿 波 知 枣 斯,阿 波 知 枣斯,UNKNOWN,扫描 OCR + IPA 锚点版面解析（四行对照） | 整理日期 2026-09,medium
SANGJIAJING-P0320-R-02,SANGJIAJING,320,R,2,飞 田 正,tsi³³ dzɒ²¹ lu²¹ tch³³ 4u³³,tsi33 dzp²1 lu²1 tch33 4u33,suspect,0.60,5,知 枣 娄 青 舒,知 枣 娄 青 舒,UNKNOWN,扫描 OCR + IPA 锚点版面解析（四行对照） | 整理日期 2026-09,medium
SANGJIAJING-P0320-R-03,SANGJIAJING,320,R,3,子 开,kho²¹ 3g ²¹ nu³³,kho21 3G 21 nu33,suspect,0.67,3,柯 奴 兴 诗 安,柯 兴 诗 安 奴,UNKNOWN,扫描 OCR + IPA 锚点版面解析（四行对照） | 整理日期 2026-09,medium
SANGJIAJING-P0321-L-01,SANGJIAJING,321,L,1,X,tshi²¹ tsiss emg mɒ³³ tciss,tshi21 tsiss emG mD3 tciss,suspect,0.67,3,家 母 狗 独 养,家母养 独狗,UNKNOWN,扫描 OCR + IPA 锚点版面解析（四行对照） | 整理日期 2026-09,medium
SANGJIAJING-P0321-L-02,SANGJIAJING,321,L,2,办 与,tshi2i ni²¹ qho²¹ li⁰³1,tshi2i ni21 qho21 1031,suspect,0.67,3,狗养 二 年 够,养狗 满 两 年,UNKNOWN,扫描 OCR + IPA 锚点版面解析（四行对照） | 整理日期 2026-09,medium
SANGJIAJING-P0321-L-03,SANGJIAJING,321,L,3,养狗 满 两 年,tshi²¹ tc1s kh⁰³1 ³³ dlɒ³³,tshi21 tc1*s kh031 33 dlD33,suspect,0.50,4,狗养 六 群 成,繁殖成六群,UNKNOWN,扫描 OCR + IPA 锚点版面解析（四行对照） | 整理日期 2026-09,medium
SANGJIAJING-P0321-R-01,SANGJIAJING,321,R,1,九,tshi²¹ qh⁰³1 li⁰³1 sms,tshi21 qh031 1031 sms,suspect,0.50,4,狗养 三 年 够,养狗 满 年,UNKNOWN,扫描 OCR + IPA 锚点版面解析（四行对照） | 整理日期 2026-09,medium
SANGJIAJING-P0321-R-02,SANGJIAJING,321,R,2,九九,tshi²¹ t tcis kur ³³ dlɒ³³,tshi21 t tci*s kur 33 dlp33,suspect,0.67,3,狗 养 九 群 成,繁 殖 成九 群,UNKNOWN,扫描 OCR + IPA 锚点版面解析（四行对照） | 整理日期 2026-09,medium
SANGJIAJING-P0321-R-03,SANGJIAJING,321,R,3,开,,tshi21 dless dzi21 mb,failed,0.33,3,狗 群 吠 汪 汪,狗 群 吠 汪 汪,UNKNOWN,扫描 OCR + IPA 锚点版面解析（四行对照） | 整理日期 2026-09,medium
SANGJIAJING-P0321-R-04,SANGJIAJING,321,R,4,U Z 分,mg ³³ si³³ mp zɒ²¹,mG 33 si33 mp ZD21,suspect,0.67,3,家 母 她 儿 大,家 母 大 子 我,UNKNOWN,扫描 OCR + IPA 锚点版面解析（四行对照） | 整理日期 2026-09,medium
SANGJIAJING-P0321-R-05,SANGJIAJING,321,R,5,3,,si33 dy31 ZO.'s le31 1e33,failed,0.25,4,金 戴 我 手 腕,金饰戴手腕,UNKNOWN,扫描 OCR + IPA 锚点版面解析（四行对照） | 整理日期 2026-09,medium
SANGJIAJING-P0322-L-01,SANGJIAJING,322,L,1,田函,zi²¹ mp dzo²¹ 1ɒ³³,zi21 mp dzo21 1D33,suspect,0.67,3,我 不 属 的 啊,此 奢 不 属 我,UNKNOWN,扫描 OCR + IPA 锚点版面解析（四行对照） | 整理日期 2026-09,medium
SANGJIAJING-P0322-L-02,SANGJIAJING,322,L,2,办 77,tshi²¹ ⁰⁵5 tce⁴⁴ ne4 dzj²¹,tshi21 0.55 tce44 ne4 dzj21,suspect,0.50,4,狗 头 绳 黑 拴,皮 绳 拴 狗 头,UNKNOWN,扫描 OCR + IPA 锚点版面解析（四行对照） | 整理日期 2026-09,medium
SANGJIAJING-P0322-L-03,SANGJIAJING,322,L,3,% 台 3,tshi4 ⁰⁵5 si³³ ne⁴⁴ de³¹,tshi4 055 si33 ne44 de31,ok,1.00,4,绳 头 金 黑 亮,绳 扣 金 光 亮,UNKNOWN,扫描 OCR + IPA 锚点版面解析（四行对照） | 整理日期 2026-09,medium
SANGJIAJING-P0322-L-04,SANGJIAJING,322,L,4,九开 答 日 7开7,tshi²¹ dzi²¹ 1e³³ li⁰³3 dzi²¹,tshi21 dzi21 1e33 1033 dzi21,ok,0.80,5,狗 跳 滚 样 跳,狗 跳 翻 腾 跳,UNKNOWN,扫描 OCR + IPA 锚点版面解析（四行对照） | 整理日期 2026-09,medium
SANGJIAJING-P0322-L-05,SANGJIAJING,322,L,5,答 日 年 张 7开7,1e³³ li⁰³3 kɒ³³ z1 j⁴⁴ dzi²¹,1e33 1033 kD33 Z1 j44 dzi21,suspect,0.60,5,滚 样 路 影 跳,着 自 跳 追 影,UNKNOWN,扫描 OCR + IPA 锚点版面解析（四行对照） | 整理日期 2026-09,medium
SANGJIAJING-P0322-R-01,SANGJIAJING,322,R,1,九开 ： 日开,tshi²¹ dzi2ltchg³³ li⁰³3 dzi²¹,"tshi21 dzi2ltchg33 1033 dz,i21",suspect,0.75,4,狗 跳 上 处 跳,狗 往 高 处 跳,UNKNOWN,扫描 OCR + IPA 锚点版面解析（四行对照） | 整理日期 2026-09,medium
SANGJIAJING-P0322-R-02,SANGJIAJING,322,R,2,日 分 7开7,the³³ li⁰³3 yɒ ³³ ku³³ dzi²¹,the33 1033 YD 33 ku33 dz.i21,ok,1.00,5,上 处 鞍 做 跳,上 跳 腾 过 架,UNKNOWN,扫描 OCR + IPA 锚点版面解析（四行对照） | 整理日期 2026-09,medium
SANGJIAJING-P0322-R-03,SANGJIAJING,322,R,3,分 Z,yɒ ³³ ku³³ t4ess ne ⁴⁴ si⁵⁵ s,yD 33 ku33 t4ess ne 44 si5s,suspect,0.60,5,像 鞍 做 鹰 黑,上 腾 似 飞 鹰,UNKNOWN,扫描 OCR + IPA 锚点版面解析（四行对照） | 整理日期 2026-09,medium
SANGJIAJING-P0322-R-04,SANGJIAJING,322,R,4,7开 日 7开7,tshi²¹ li⁰³3 dzi²¹ dzi²¹ y⁰³1,tshi21 1033 dzi21 dzi21 y031,ok,0.80,5,狗 跳 崖 处 跳,狗 跳 跳 石 崖,UNKNOWN,扫描 OCR + IPA 锚点版面解析（四行对照） | 整理日期 2026-09,medium
SANGJIAJING-P0322-R-05,SANGJIAJING,322,R,5,日 公会 7开7,li⁰³3 tɒ³³ dzj²¹,1033 tD33 dz.j21,suspect,0.67,3,崖 处 起 诱 跳,诱 着 跳 上崖,UNKNOWN,扫描 OCR + IPA 锚点版面解析（四行对照） | 整理日期 2026-09,medium
SANGJIAJING-P0323-L-01,SANGJIAJING,323,L,1,3=,tɒ³³ biss,tD33 biss,ok,1.00,2,起 诱 抖 数 动,抖 数 跳 上 崖,UNKNOWN,扫描 OCR + IPA 锚点版面解析（四行对照） | 整理日期 2026-09,medium
SANGJIAJING-P0323-L-02,SANGJIAJING,323,L,2,7开7 7 日 77,tshi²¹ dzi²¹ me ³³ li⁰³3 dzi²¹,"tshi21 dzi21 me 33 1033 dz,i21",ok,1.00,5,狗 跳 埂 处 跳,狗 跳 跳 土 埂,UNKNOWN,扫描 OCR + IPA 锚点版面解析（四行对照） | 整理日期 2026-09,medium
SANGJIAJING-P0323-L-03,SANGJIAJING,323,L,3,U Z 分 4,,33 33 si33 921 mG mp ZD21 3Z,failed,0.33,6,家 母 她 儿 大,家 母 N 长 子,UNKNOWN,扫描 OCR + IPA 锚点版面解析（四行对照） | 整理日期 2026-09,medium
SANGJIAJING-P0323-L-04,SANGJIAJING,323,L,4,开 同 3,tshi²¹ dzi2 mb ³³ sɒ ³³,tshi21 dzi2 mb 33 SD 33,suspect,0.67,3,我 狗 跳 完 了,狗 跳 跳 完 了,UNKNOWN,扫描 OCR + IPA 锚点版面解析（四行对照） | 整理日期 2026-09,medium
SANGJIAJING-P0323-R-01,SANGJIAJING,323,R,1,开 办 正 每,tshi²¹ tshi²¹ ³³ mu ³³ dzi²¹ qɒ,tshi21 tshi21 33 mu 33 dzi21 qD,ok,0.83,6,狗 跳 狗 玩 做,跳 狗 又 戏 狗,UNKNOWN,扫描 OCR + IPA 锚点版面解析（四行对照） | 整理日期 2026-09,medium
SANGJIAJING-P0323-R-02,SANGJIAJING,323,R,2,九 开 日 五,tshi²¹ dzi2l ʊe²¹ li⁰³3 do4,tshi21 dzi2l Ve21 1033 do4,suspect,0.75,4,狗 跳 野 处 出,狗 到 野 外 跳,UNKNOWN,扫描 OCR + IPA 锚点版面解析（四行对照） | 整理日期 2026-09,medium
SANGJIAJING-P0323-R-03,SANGJIAJING,323,R,3,3 口 学,bu²¹ lu³³ t4ur³³ ³³ ze ⁴⁴ sɒ,bu²1 lu33 t4ur33 33 ze 44 SD,suspect,0.67,6,胡 像 蝶 飞 的,翻 腾 似 蝶 舞,UNKNOWN,扫描 OCR + IPA 锚点版面解析（四行对照） | 整理日期 2026-09,medium
SANGJIAJING-P0323-R-04,SANGJIAJING,323,R,4,九 开 7 日,tshi²¹ dzi²¹ du²¹ tsh³³ li⁰³3,tshi21 dzi21 du²1 tsh33 1033,ok,0.80,5,狗 跳 洞 处 下,狗 跳 落 人 洞,UNKNOWN,扫描 OCR + IPA 锚点版面解析（四行对照） | 整理日期 2026-09,medium
SANGJIAJING-P0323-R-05,SANGJIAJING,323,R,5,用 ? 3,si³³ thg1 le³³ sɒ ³³ ³⁰4,si33 thg1 le33 SD 33 304,suspect,0.50,4,草 团 滚 的 像,滚 如 团 草 一,UNKNOWN,扫描 OCR + IPA 锚点版面解析（四行对照） | 整理日期 2026-09,medium
SANGJIAJING-P0324-L-01,SANGJIAJING,324,L,1,九开 3,tshi²¹ dzi²¹ ³³ sɒ,tshi21 dzi21 33 SD,suspect,0.75,4,狗 口 跳 起 的 像,拼 命 往 上 跳,UNKNOWN,扫描 OCR + IPA 锚点版面解析（四行对照） | 整理日期 2026-09,medium
SANGJIAJING-P0324-L-02,SANGJIAJING,324,L,2,九天 开九 每,tshi²¹ dzi²¹ tshi²¹ 4e³¹,tshi21 dzi21 tshi21 4e31,suspect,0.75,4,狗 跳 狗 喘 的,累 得 气 喘 喘,UNKNOWN,扫描 OCR + IPA 锚点版面解析（四行对照） | 整理日期 2026-09,medium
SANGJIAJING-P0324-L-03,SANGJIAJING,324,L,3,召飞田卡,,tsh21 tD”q”u²n mp²1thu31,failed,0.33,3,狗 起 口 不 出,跳 不 上 洞 口,UNKNOWN,扫描 OCR + IPA 锚点版面解析（四行对照） | 整理日期 2026-09,medium
SANGJIAJING-P0324-L-04,SANGJIAJING,324,L,4,y y 专 每,tshi²¹ tshi²¹ si³³ mu³³,tshi21 tshi21 si33 mu33,ok,1.00,4,狗 诱 狗 牵 的,诱 狗 又 拉 狗,UNKNOWN,扫描 OCR + IPA 锚点版面解析（四行对照） | 整理日期 2026-09,medium
SANGJIAJING-P0324-L-05,SANGJIAJING,324,L,5,九开 全 U 九,tshi²¹ dzi²¹ tɒ³³ ⁴⁰²¹,tshi21 dzi21 tD33 4021,suspect,0.75,4,狗 跳 起 顺 也,狗 终 上 洞 口,UNKNOWN,扫描 OCR + IPA 锚点版面解析（四行对照） | 整理日期 2026-09,medium
SANGJIAJING-P0324-R-01,SANGJIAJING,324,R,1,y 子 全 田,tshi²¹ si³³ tɒ³³ mp ²¹ ⁴⁰²¹,tshi21 si33 tD33 mp 21 4021,suspect,0.60,5,狗 死 起 不 顺,不 料 狗 气 绝,UNKNOWN,扫描 OCR + IPA 锚点版面解析（四行对照） | 整理日期 2026-09,medium
SANGJIAJING-P0324-R-02,SANGJIAJING,324,R,2,y 子 九,tsh²¹ si³³ tsh²¹ mu ³³ tshi²¹,tsh21 si33 tsh21 mu? 33 tshi21,suspect,0.60,5,狗 死 狗 的 腐,狗 死 自 腐 烂,UNKNOWN,扫描 OCR + IPA 锚点版面解析（四行对照） | 整理日期 2026-09,medium
SANGJIAJING-P0324-R-03,SANGJIAJING,324,R,3,办 子 A 不 天,tshi²¹ tɒ³³ bu³³ ɒli³³,tshi21 tD33 bu33 D133,suspect,0.75,4,狗 死 蕨 草 丛,狗 死 蕨 草 丛,UNKNOWN,扫描 OCR + IPA 锚点版面解析（四行对照） | 整理日期 2026-09,medium
SANGJIAJING-P0324-R-04,SANGJIAJING,324,R,4,办 子 7 茶,tshi²¹ si³³ tce ⁵⁵ me zu³³,tshi21 si33 tce 55 me Zu33,suspect,0.75,4,狗 死 绳 尾 拿,狗 死 拿 绳 索,UNKNOWN,扫描 OCR + IPA 锚点版面解析（四行对照） | 整理日期 2026-09,medium
SANGJIAJING-P0325-L-01,SANGJIAJING,325,L,1,X 面 O 飞 光,,tshi2i 33 sur's 4D33 V133 nD,failed,0.25,4,冬 三 月 当 中,冬 三 月 当 中,UNKNOWN,扫描 OCR + IPA 锚点版面解析（四行对照） | 整理日期 2026-09,medium
SANGJIAJING-P0325-L-02,SANGJIAJING,325,L,2,田 电 日 7,mp ²¹ do²¹ tu³³ li⁰³3 do²¹,mp 21 do21 tu33 1033 do21,ok,0.80,5,不 掉 地 处 掉,狗 尸 放 何 处,UNKNOWN,扫描 OCR + IPA 锚点版面解析（四行对照） | 整理日期 2026-09,medium
SANGJIAJING-P0325-L-03,SANGJIAJING,325,L,3,办 田,tshi²¹ ⁰⁵5 bu²¹ ⁴⁰⁴⁴,tshi21 0.55 bu21 4044,suspect,0.50,4,狗 头 虫 不,狗 头 不 生,UNKNOWN,扫描 OCR + IPA 锚点版面解析（四行对照） | 整理日期 2026-09,medium
SANGJIAJING-P0325-R-01,SANGJIAJING,325,R,1,田 U,,tshi21 kw33 bu21 mp 21 4021,failed,0.40,5,狗 身 虫 不 遇,狗 身 不 遇 虫,UNKNOWN,扫描 OCR + IPA 锚点版面解析（四行对照） | 整理日期 2026-09,medium
SANGJIAJING-P0325-R-02,SANGJIAJING,325,R,2,田,tshi²¹ ku³³ bu²¹ mp ²¹ hy³¹,tshi21 ku33 bu²1 mp 21 hy31,suspect,0.60,5,狗 身 虫 不 站,狗 身 无 落 虫,UNKNOWN,扫描 OCR + IPA 锚点版面解析（四行对照） | 整理日期 2026-09,medium
SANGJIAJING-P0325-R-03,SANGJIAJING,325,R,3,去 O 飞 光,,ne 33 ssms 4D33 V33 33 nD,failed,0.40,5,春 三 月 当 中,春 三 月 当 中,UNKNOWN,扫描 OCR + IPA 锚点版面解析（四行对照） | 整理日期 2026-09,medium
SANGJIAJING-P0325-R-04,SANGJIAJING,325,R,4,田 电 日,li⁰³3 mɒ ²¹ do²¹ tur³³ do²¹,1033 mD 21 do21 tur33 do21,ok,1.00,5,不 掉 地 处 掉,狗 户 放 何 处,UNKNOWN,扫描 OCR + IPA 锚点版面解析（四行对照） | 整理日期 2026-09,medium
SANGJIAJING-P0325-R-05,SANGJIAJING,325,R,5,ZZ 电 分,he³¹ 1o²¹ ne ⁴⁴ yɒ ³³ do²¹,he31 1o21 ne 44 yD 33 do21,ok,0.80,5,八 凹 眼 处 掉,放 在 深 凹 里,UNKNOWN,扫描 OCR + IPA 锚点版面解析（四行对照） | 整理日期 2026-09,medium
SANGJIAJING-P0326-L-01,SANGJIAJING,326,L,1,,,Z4A U,failed,0.00,1,tshi21 0.55 bu²1 4044 4021,狗 头 虫 蛆 遇,UNKNOWN,扫描 OCR + IPA 锚点版面解析（四行对照） | 整理日期 2026-09,medium
SANGJIAJING-P0326-L-02,SANGJIAJING,326,L,2,台 田 Z4,tshi²¹ ⁰⁵5 bu²¹ ⁴⁰⁴⁴,tshi21 055 bu21 4044,suspect,0.50,4,狗 头 虫 不 蛆,狗 头 不 生 蛆,UNKNOWN,扫描 OCR + IPA 锚点版面解析（四行对照） | 整理日期 2026-09,medium
SANGJIAJING-P0326-L-03,SANGJIAJING,326,L,3,狗 头 不 生 蛆,,tshi211 kw33 bu²i 4044 1021,failed,0.33,3,狗 身 虫 蛆 遇,狗 身 生 蛆 否,UNKNOWN,扫描 OCR + IPA 锚点版面解析（四行对照） | 整理日期 2026-09,medium
SANGJIAJING-P0326-L-04,SANGJIAJING,326,L,4,九 田 Z4,tshi²¹ ku³³ bu2i mp li⁰⁴4,tshi21 ku33 bu2i mp 1044,suspect,0.67,3,狗 身 虫 不,狗 身 不 生,UNKNOWN,扫描 OCR + IPA 锚点版面解析（四行对照） | 整理日期 2026-09,medium
SANGJIAJING-P0326-L-05,SANGJIAJING,326,L,5,7世 Z 光 O,,S133 su 33 4D33 V33 np 33,failed,0.40,5,夏 三 月 当 中,当 夏 三 月 中,UNKNOWN,扫描 OCR + IPA 锚点版面解析（四行对照） | 整理日期 2026-09,medium
SANGJIAJING-P0326-R-01,SANGJIAJING,326,R,1,田 7 电 日,do²¹ tu ³³ li⁰³3 do²¹,do21 tu 33 1033 do21,ok,1.00,4,不 掉 地 处 掉,狗 户 放 何 处,UNKNOWN,扫描 OCR + IPA 锚点版面解析（四行对照） | 整理日期 2026-09,medium
SANGJIAJING-P0326-R-02,SANGJIAJING,326,R,2,灶 分 与,du²¹ fess to⁵⁵ s do²¹ ɒ³³,du21 fess to5s do21 D33,suspect,0.75,4,洞 与 崖 层 掉,放 在 崖 洞 中,UNKNOWN,扫描 OCR + IPA 锚点版面解析（四行对照） | 整理日期 2026-09,medium
SANGJIAJING-P0326-R-03,SANGJIAJING,326,R,3,过 了 三 昼 夜,bu ⁴⁴ ob ³¹ ne⁴⁴ 1h³³ zi³³,bu 44 ob 31 ne44 1h33 zi33,ok,0.80,5,返 回 看 来 呢,回 头 去看 狗,UNKNOWN,扫描 OCR + IPA 锚点版面解析（四行对照） | 整理日期 2026-09,medium
SANGJIAJING-P0327-L-01,SANGJIAJING,327,L,1,九 3,,tshi21 4133 055 bu21 ng33,failed,0.40,5,狗 头虫 也 裹,狗 头 被 虫 叮,UNKNOWN,扫描 OCR + IPA 锚点版面解析（四行对照） | 整理日期 2026-09,medium
SANGJIAJING-P0327-L-02,SANGJIAJING,327,L,2,九,ne³³ tshi²¹ kur³³ bu²¹ hy³¹,ne33 tshi21 kur33 bu²1 hy31,ok,0.80,5,狗 身 虫 也 站,狗 身有 虫 爬,UNKNOWN,扫描 OCR + IPA 锚点版面解析（四行对照） | 整理日期 2026-09,medium
SANGJIAJING-P0327-L-03,SANGJIAJING,327,L,3,手 年 WI,siss thi²¹ tsu³³ 4a³¹ nɒ³³,siss thi21 tsu33 4a31 nD33,suspect,0.50,4,变 先 头 一 对,先 生 一 对 虫,UNKNOWN,扫描 OCR + IPA 锚点版面解析（四行对照） | 整理日期 2026-09,medium
SANGJIAJING-P0327-L-04,SANGJIAJING,327,L,4,IM,,h33 th21 tsu334 4u²! tD33,failed,0.25,4,一 对放 来 起,生成两 类虫,UNKNOWN,扫描 OCR + IPA 锚点版面解析（四行对照） | 整理日期 2026-09,medium
SANGJIAJING-P0327-R-01,SANGJIAJING,327,R,1,分 勿,,33 thi21 YD nD33 tsu da31,failed,0.25,4,后 来 一 对 变,后 来 生 一 对,UNKNOWN,扫描 OCR + IPA 锚点版面解析（四行对照） | 整理日期 2026-09,medium
SANGJIAJING-P0327-R-02,SANGJIAJING,327,R,2,IM 会,thi²¹ tsu³⁴ u²¹ li³³ tɒ³³,th121 tsu34u²1 133 tD33,ok,1.00,5,一 对 放 来 起,生 成 两 类 虫,UNKNOWN,扫描 OCR + IPA 锚点版面解析（四行对照） | 整理日期 2026-09,medium
SANGJIAJING-P0327-R-03,SANGJIAJING,327,R,3,万 九 年,khi³³ ng³³ kɒ³³ bu²¹ ɒe³³,kh133 ng33 kp33 bu21 De33,ok,0.80,5,它 也 路 虫 是,它 们 是 野 虫,UNKNOWN,扫描 OCR + IPA 锚点版面解析（四行对照） | 整理日期 2026-09,medium
SANGJIAJING-P0327-R-04,SANGJIAJING,327,R,4,Z 九,ne li³³ mi³³ dze⁴⁴ dur²¹,ne 133 m133 dze44 dur²1,suspect,0.75,4,拿 也 荒 野 放,放在 荒野里,UNKNOWN,扫描 OCR + IPA 锚点版面解析（四行对照） | 整理日期 2026-09,medium
SANGJIAJING-P0328-L-01,SANGJIAJING,328,L,1,7 日 IM,me ³³ li⁰³3 thi²¹ tsw³³ 4a³¹,me 33 1033 thi21 tsw33 4a31,suspect,0.60,5,尾 处 一 对 变,最 后 生 对 一,UNKNOWN,扫描 OCR + IPA 锚点版面解析（四行对照） | 整理日期 2026-09,medium
SANGJIAJING-P0328-L-02,SANGJIAJING,328,L,2,A 分 3,bu²¹ 4u³³ yɒ ³³ bu2,bu21 4u33 yD 33 bu2!,suspect,0.75,4,虫 银 与 虫 金,银 虫 与 金 虫,UNKNOWN,扫描 OCR + IPA 锚点版面解析（四行对照） | 整理日期 2026-09,medium
SANGJIAJING-P0328-L-03,SANGJIAJING,328,L,3,具 分,bu2i dze³¹ ³³ bu²¹ yɒ,bu²i dze31 33 bu21 YD,suspect,0.50,4,虫 花 与 虫 彩,花 虫 与 彩 虫,UNKNOWN,扫描 OCR + IPA 锚点版面解析（四行对照） | 整理日期 2026-09,medium
SANGJIAJING-P0328-L-04,SANGJIAJING,328,L,4,分,phe³³ bu²¹ ne4 yɒ bu²¹,phe33 bu²1 ne4 YD bu21,suspect,0.67,3,虫 黑 与 虫 灰,黑 虫 与 灰 虫,UNKNOWN,扫描 OCR + IPA 锚点版面解析（四行对照） | 整理日期 2026-09,medium
SANGJIAJING-P0328-L-05,SANGJIAJING,328,L,5,面 又,ms tsus iɒ³³ tɒss,ms tsu's ID33 tDss,suspect,0.50,2,三 对 放 了 搁,出 变 生 三 对,UNKNOWN,扫描 OCR + IPA 锚点版面解析（四行对照） | 整理日期 2026-09,medium
SANGJIAJING-P0328-R-01,SANGJIAJING,328,R,1,万九 w,,kh33 33 ne33 lurss bu2i ne,failed,0.25,4,它 也 喜 虫 是,它 们 是 喜 虫,UNKNOWN,扫描 OCR + IPA 锚点版面解析（四行对照） | 整理日期 2026-09,medium
SANGJIAJING-P0328-R-02,SANGJIAJING,328,R,2,灶 田 Z,du²¹ mp ²¹ si³³ bu²¹,du²1 mp 21 si33 bu21,suspect,0.75,4,箩 不 编 它 虫,未 装 N 虫,UNKNOWN,扫描 OCR + IPA 锚点版面解析（四行对照） | 整理日期 2026-09,medium
SANGJIAJING-P0328-R-03,SANGJIAJING,328,R,3,田 Z,fa⁴⁴ si³³ mp ²¹ ku³³ bu²¹,fa44 si33 mp 21 ku33 bu21,ok,0.80,5,簸 不 制 它 虫,未 人 簸 之 虫,UNKNOWN,扫描 OCR + IPA 锚点版面解析（四行对照） | 整理日期 2026-09,medium
SANGJIAJING-P0328-R-04,SANGJIAJING,328,R,4,Z4 46 效 7:,niss bi²¹ yw ³³ a²¹ me²¹,niss b121 yw 33 A21 me21,suspect,0.50,4,尼 比 额 阿 曼,尼 比 额 阿 曼,UNKNOWN,扫描 OCR + IPA 锚点版面解析（四行对照） | 整理日期 2026-09,medium
SANGJIAJING-P0329-L-01,SANGJIAJING,329,L,1,了 效 7:,,eemy1 b121 tg33 A21,failed,0.33,3,特 比 阿 曼,特 比 阿 曼,UNKNOWN,扫描 OCR + IPA 锚点版面解析（四行对照） | 整理日期 2026-09,medium
SANGJIAJING-P0329-L-02,SANGJIAJING,329,L,2,州 九,zi³³ ng³³ be³³ le³¹,z.133 ng33 be33 le31,suspect,0.75,4,拿 也 衫 襟 兜,兜 在衣 襟 中,UNKNOWN,扫描 OCR + IPA 锚点版面解析（四行对照） | 整理日期 2026-09,medium
SANGJIAJING-P0329-L-03,SANGJIAJING,329,L,3,男 每,,tsh021 si33 tsh021,failed,0.33,3,行 走 行 走 的,一 程 又 一 程,UNKNOWN,扫描 OCR + IPA 锚点版面解析（四行对照） | 整理日期 2026-09,medium
SANGJIAJING-P0329-L-04,SANGJIAJING,329,L,4,田 电 日 N.,,tsh;33 m1 1033 tsh:3 mp21,failed,0.00,3,不 到 地 处 到,到 处 都 走 遍,UNKNOWN,扫描 OCR + IPA 锚点版面解析（四行对照） | 整理日期 2026-09,medium
SANGJIAJING-P0329-L-05,SANGJIAJING,329,L,5,77 WI 分,th³³ tsh³³ tsi³³ zɒ1,th33 tsh:33 tsi33 ZD1,suspect,0.50,4,执 提 昆 明 到,到执提 昆 明⑧,UNKNOWN,扫描 OCR + IPA 锚点版面解析（四行对照） | 整理日期 2026-09,medium
SANGJIAJING-P0329-R-01,SANGJIAJING,329,R,1,分 年 专 飞,,55 21 kD33 si21 33 ob ZD nu,failed,0.33,6,昆 明 路 走 女,遇 到 行 路 女,UNKNOWN,扫描 OCR + IPA 锚点版面解析（四行对照） | 整理日期 2026-09,medium
SANGJIAJING-P0329-R-02,SANGJIAJING,329,R,2,年 专 飞,si²¹ si²¹ kɒ³³ di³³,si21 si21 kD33 di33,ok,1.00,4,路 行 女 坝 走,平 坝 行 路 女,UNKNOWN,扫描 OCR + IPA 锚点版面解析（四行对照） | 整理日期 2026-09,medium
SANGJIAJING-P0329-R-03,SANGJIAJING,329,R,3,Z 开,th²¹ tchi²¹ be⁴⁴ do⁴⁴ li³³,th21 tch121 be44 do44 133,ok,0.80,5,一 句 说 出 来,应 答 一 句 话,UNKNOWN,扫描 OCR + IPA 锚点版面解析（四行对照） | 整理日期 2026-09,medium
SANGJIAJING-P0329-R-04,SANGJIAJING,329,R,4,九4,ku tsh³³ phu²¹ zi³³ zɔss,ku tsh33 phu²1 zi33 Z.OSS,ok,1.00,4,九 十 我 祖 呢,九 十 我 祖 父,UNKNOWN,扫描 OCR + IPA 锚点版面解析（四行对照） | 整理日期 2026-09,medium
SANGJIAJING-P0329-R-05,SANGJIAJING,329,R,5,田 子,si³³ phu2i bu²¹,si33 phu²i bu²1,suspect,0.50,2,我 祖 虫 不 绕,我祖 不 绕 丝,UNKNOWN,扫描 OCR + IPA 锚点版面解析（四行对照） | 整理日期 2026-09,medium
SANGJIAJING-P0330-L-01,SANGJIAJING,330,L,1,ZZ24,tshi³³ phi²¹ zi³³ he³¹ zɔss,tsh133 ph121 zi33 he31 Z.OSs,ok,1.00,5,八 十 我 奶 呢,八 十 我 奶 时,UNKNOWN,扫描 OCR + IPA 锚点版面解析（四行对照） | 整理日期 2026-09,medium
SANGJIAJING-P0330-L-02,SANGJIAJING,330,L,2,700 #,si²¹ tsi³³ phɒ²¹ z⁰⁵,si21 ts133 phD21 Z.0.5,suspect,0.75,4,父 七 十 我 呢,七 十 我 之 父,UNKNOWN,扫描 OCR + IPA 锚点版面解析（四行对照） | 整理日期 2026-09,medium
SANGJIAJING-P0330-L-03,SANGJIAJING,330,L,3,田,po²¹ z0s bu²¹ mɒ²¹ ho³³,po21 Z0.'s bu²1 mp²1 ho33,suspect,0.75,4,我 父 虫 不 养,我 父 不 养 蚕,UNKNOWN,扫描 OCR + IPA 锚点版面解析（四行对照） | 整理日期 2026-09,medium
SANGJIAJING-P0330-L-04,SANGJIAJING,330,L,4,三 U,,zi33 kh031 tsh33 mp 33,failed,0.25,4,六 十 我 母 呢,十之 母 六 我,UNKNOWN,扫描 OCR + IPA 锚点版面解析（四行对照） | 整理日期 2026-09,medium
SANGJIAJING-P0330-R-01,SANGJIAJING,330,R,1,与,zi³³ ni²¹ tsh³³ z0s5 tsh³³,zi33 ni21 tsh33 Z.0.S5 tsh:33,suspect,0.50,4,二 十 我 到 呢,二 十 之 我 辈,UNKNOWN,扫描 OCR + IPA 锚点版面解析（四行对照） | 整理日期 2026-09,medium
SANGJIAJING-P0330-R-02,SANGJIAJING,330,R,2,田,ng³³ bu²¹ mɒ²¹ ho³³,ng33 bu²1 mp²1 ho33,suspect,0.75,4,养 我 也 虫 不,我 也 不 养 蚕,UNKNOWN,扫描 OCR + IPA 锚点版面解析（四行对照） | 整理日期 2026-09,medium
SANGJIAJING-P0330-R-03,SANGJIAJING,330,R,3,金 全,ne ⁴⁴ bu²¹ ni⁴⁴ de⁴⁴,ne 44 bu21 ni44 de44,ok,1.00,4,我 看 虫 航 脏,我 看 蚕 恶 心,UNKNOWN,扫描 OCR + IPA 锚点版面解析（四行对照） | 整理日期 2026-09,medium
SANGJIAJING-P0331-L-01,SANGJIAJING,331,L,1,46 效 7:,²¹ a²¹ bi²¹ yu me²¹,21 A21 b121 yu me21,suspect,0.50,4,尼 比 额 阿 曼,尼 比 额 阿 曼,UNKNOWN,扫描 OCR + IPA 锚点版面解析（四行对照） | 整理日期 2026-09,medium
SANGJIAJING-P0331-L-02,SANGJIAJING,331,L,2,男 每,tsho²¹ si²¹ tsho²¹ mu³³,tsho21 si21 tsho21 mu33,ok,1.00,4,行 走 行 走 的,又 一 程 一 程,UNKNOWN,扫描 OCR + IPA 锚点版面解析（四行对照） | 整理日期 2026-09,medium
SANGJIAJING-P0331-L-03,SANGJIAJING,331,L,3,田 电 九,tsh³³ tu ³³ ne³³ tsh3,tsh;33 tu 33 ne33 tsh:3,suspect,0.50,4,到 地 也 到 不,到 处 都 走 遍,UNKNOWN,扫描 OCR + IPA 锚点版面解析（四行对照） | 整理日期 2026-09,medium
SANGJIAJING-P0331-L-04,SANGJIAJING,331,L,4,A,si²¹ 1p³³ lu²¹ dlɒ²¹ tsh³³,si21 1p33 lu²1 dlp21 tsh;33,suspect,0.60,5,走 了 澄 江 到,走 到 了 澄 江,UNKNOWN,扫描 OCR + IPA 锚点版面解析（四行对照） | 整理日期 2026-09,medium
SANGJIAJING-P0331-L-05,SANGJIAJING,331,L,5,Z 飞,a³³ ³³ lu²¹ dlɒ²¹ do³¹ nw,A33 33 lu21 dlD21 do31 nw,suspect,0.67,6,澄 江 阿 夺 女,澄江 阿 夺,UNKNOWN,扫描 OCR + IPA 锚点版面解析（四行对照） | 整理日期 2026-09,medium
SANGJIAJING-P0331-R-01,SANGJIAJING,331,R,1,7飞 中,li³³ tɒ³³ bu²¹ ho³³,"1,33 tD33 bu21 ho33",ok,1.00,4,你 起 虫 养 来,请 你 来 养 蚕,UNKNOWN,扫描 OCR + IPA 锚点版面解析（四行对照） | 整理日期 2026-09,medium
SANGJIAJING-P0331-R-02,SANGJIAJING,331,R,2,田,z⁰⁵5 phu²¹ bu²¹ mɒ²¹ ho³³,Z.055 phu²1 bu²1 mp²1 ho33,ok,0.80,5,我 祖 虫 不 养,我 祖 不 养 蚕,UNKNOWN,扫描 OCR + IPA 锚点版面解析（四行对照） | 整理日期 2026-09,medium
SANGJIAJING-P0331-R-03,SANGJIAJING,331,R,3,U 7 田 本,mp ³³ bu²¹ mp ²¹ ho³³,mp 33 bu21 mp 21 ho33,suspect,0.50,4,我 养 每 虫 不,我 不 养 蚕,UNKNOWN,扫描 OCR + IPA 锚点版面解析（四行对照） | 整理日期 2026-09,medium
SANGJIAJING-P0331-R-04,SANGJIAJING,331,R,4,田,phɒ²¹ bu²¹ ho³³ z0ss mɒ²¹,php²1 bu²1 ho33 Z.0Ss mp21,suspect,0.75,4,我 父 虫 不 养,我 父 不 养 蚕,UNKNOWN,扫描 OCR + IPA 锚点版面解析（四行对照） | 整理日期 2026-09,medium
SANGJIAJING-P0331-R-05,SANGJIAJING,331,R,5,全,ni⁴⁴ ne4 bu²¹ de⁴⁴,ni44 ne4 bu²1 de44,suspect,0.67,3,我 看 虫 航 脏,我 看蚕 恶 心,UNKNOWN,扫描 OCR + IPA 锚点版面解析（四行对照） | 整理日期 2026-09,medium
SANGJIAJING-P0332-L-01,SANGJIAJING,332,L,1,九 田,ne³³ bu²¹ mɒ²¹ ho³³,ne33 bu²1 mp²1 ho33,ok,1.00,4,我 也 虫 不 养,我 养 蚕 也 不,UNKNOWN,扫描 OCR + IPA 锚点版面解析（四行对照） | 整理日期 2026-09,medium
SANGJIAJING-P0332-L-02,SANGJIAJING,332,L,2,Z4 46 效 7:,niss bi²¹ yu ³³ a²¹ me,niss b121 yu 33 A21 me,suspect,0.75,4,尼 比 额 阿 曼,尼 比 额 阿 曼,UNKNOWN,扫描 OCR + IPA 锚点版面解析（四行对照） | 整理日期 2026-09,medium
SANGJIAJING-P0332-L-03,SANGJIAJING,332,L,3,举 电州,tsho²¹ si²¹ du²¹ pur tsh³³,tsho21 si21 du²1 pur tsh:33,ok,1.00,4,行 走 宜 良 到,行 走 到 宜 良,UNKNOWN,扫描 OCR + IPA 锚点版面解析（四行对照） | 整理日期 2026-09,medium
SANGJIAJING-P0332-L-04,SANGJIAJING,332,L,4,面 Z,ni³³ ³³ si²¹ 1i⁴⁴ nur,ni33 33 si21 1i44 nur,suspect,0.60,5,船 坐 女 坝 走,坐 船 出 外 行,UNKNOWN,扫描 OCR + IPA 锚点版面解析（四行对照） | 整理日期 2026-09,medium
SANGJIAJING-P0332-R-01,SANGJIAJING,332,R,1,会,,33 h233 1a33 nu tD3 bu²1,failed,0.20,5,你 起 虫 养 来,请 你 来 养 蚕,UNKNOWN,扫描 OCR + IPA 锚点版面解析（四行对照） | 整理日期 2026-09,medium
SANGJIAJING-P0332-R-02,SANGJIAJING,332,R,2,2,,"thi21 tchi2i be44 do4 1,33",failed,0.33,3,一 句 说 出 来,应 句 话 回 一,UNKNOWN,扫描 OCR + IPA 锚点版面解析（四行对照） | 整理日期 2026-09,medium
SANGJIAJING-P0332-R-03,SANGJIAJING,332,R,3,田 700,zɔ ⁵⁵ pɒ h²¹ bu²¹ mp ²¹,"Z.O"" 55 p""D h21 bu21 mp 21",suspect,0.75,4,我 父 虫 不 绕,我 父 不 绕 丝,UNKNOWN,扫描 OCR + IPA 锚点版面解析（四行对照） | 整理日期 2026-09,medium
SANGJIAJING-P0333-L-01,SANGJIAJING,333,L,1,金 全,z0ss ne4 bu2i ni⁴⁴ de⁴⁴,Z.0Ss ne4 bu2i ni44 de44,suspect,0.50,2,我 看 虫 航 脏,我 看蚕 恶 心,UNKNOWN,扫描 OCR + IPA 锚点版面解析（四行对照） | 整理日期 2026-09,medium
SANGJIAJING-P0333-L-02,SANGJIAJING,333,L,2,九限 配,,Z0.'S bu21 D033 ne3 90%4,failed,0.40,5,我 也 虫 害 怕,我 见 蚕 害 怕,UNKNOWN,扫描 OCR + IPA 锚点版面解析（四行对照） | 整理日期 2026-09,medium
SANGJIAJING-P0333-L-03,SANGJIAJING,333,L,3,九 田,bu²¹ mɒ²¹ ho³³ ne³³,bu²1 mD21 ho33 ne33,ok,1.00,4,我 也 虫 不 养,我 也 不 养 蚕,UNKNOWN,扫描 OCR + IPA 锚点版面解析（四行对照） | 整理日期 2026-09,medium
SANGJIAJING-P0333-L-04,SANGJIAJING,333,L,4,46 效 7:,bi²¹ a²¹ niss emx me²¹,b121 A21 niss emx me21,suspect,0.67,3,尼 比 额 阿 曼,尼比额 阿曼,UNKNOWN,扫描 OCR + IPA 锚点版面解析（四行对照） | 整理日期 2026-09,medium
SANGJIAJING-P0333-R-01,SANGJIAJING,333,R,1,每,,tsho21 si21 ts021 44 33 8X mu,failed,0.33,6,行 走 行 走 的,一 程 又 一 程,UNKNOWN,扫描 OCR + IPA 锚点版面解析（四行对照） | 整理日期 2026-09,medium
SANGJIAJING-P0333-R-02,SANGJIAJING,333,R,2,举 W,tsho²¹ tsh³³ si²¹ lurs,tsho21 tsh:33 si21 lur's,suspect,0.75,4,行 走 路 南 到,行 走 路 南 至,UNKNOWN,扫描 OCR + IPA 锚点版面解析（四行对照） | 整理日期 2026-09,medium
SANGJIAJING-P0333-R-03,SANGJIAJING,333,R,3,7开 ￥,,1p21 dzj21 nw33 d133 si21,failed,0.40,5,劳 执 女 坝 走,劳 执 女 外 行,UNKNOWN,扫描 OCR + IPA 锚点版面解析（四行对照） | 整理日期 2026-09,medium
SANGJIAJING-P0333-R-04,SANGJIAJING,333,R,4,Z4 会,nu ³³ tɒ³³ bu²¹ ho³³ h³³,nu 33 tD33 bu²1 ho33 h33,ok,0.80,5,你 起 虫 养 来,请 你 来 养 蚕,UNKNOWN,扫描 OCR + IPA 锚点版面解析（四行对照） | 整理日期 2026-09,medium
SANGJIAJING-P0334-L-01,SANGJIAJING,334,L,1,U 血 田 #,,33 mp 21 tsiss mp,failed,0.33,3,抽 我 每 处 不,我 母 不 巢 丝,UNKNOWN,扫描 OCR + IPA 锚点版面解析（四行对照） | 整理日期 2026-09,medium
SANGJIAJING-P0334-L-02,SANGJIAJING,334,L,2,金 全,bu²¹ ni⁴⁴ ²⁰⁵⁵ ne4 de⁴⁴,bu²1 ni44 2.055 ne4 de44,suspect,0.50,4,我 看 虫 航 脏,我 看 蚕 恶 心,UNKNOWN,扫描 OCR + IPA 锚点版面解析（四行对照） | 整理日期 2026-09,medium
SANGJIAJING-P0334-R-01,SANGJIAJING,334,R,1,九 田,,33 ne bu21 ho33,failed,0.33,3,我 也 虫 不 养,我 也 不 养 蚕,UNKNOWN,扫描 OCR + IPA 锚点版面解析（四行对照） | 整理日期 2026-09,medium
SANGJIAJING-P0334-R-02,SANGJIAJING,334,R,2,Z出 46 7:,n1s bi²¹ a²¹ me²¹,n1's b121 A21 me21,suspect,0.67,3,尼 比 额 阿 曼,曼 尼 比 额 阿,UNKNOWN,扫描 OCR + IPA 锚点版面解析（四行对照） | 整理日期 2026-09,medium
SANGJIAJING-P0334-R-03,SANGJIAJING,334,R,3,效 7:,nis bi²¹ a²¹ me2 ²¹ ⁰³3,ni's b121 A21 me² 21 $033,suspect,0.50,4,尼 索 阿 曼 比,尼 比 索 阿 曼,UNKNOWN,扫描 OCR + IPA 锚点版面解析（四行对照） | 整理日期 2026-09,medium
SANGJIAJING-P0334-R-04,SANGJIAJING,334,R,4,了 效 7:,thu³³ bi²¹ a²¹ me²¹ te³³,thu33 b1²1 A21 me21 te33,ok,1.00,5,特 比 当 阿 曼,特 比 阿 曼,UNKNOWN,扫描 OCR + IPA 锚点版面解析（四行对照） | 整理日期 2026-09,medium
SANGJIAJING-P0335-L-01,SANGJIAJING,335,L,1,男 每,tsho²¹ si²¹ tsho²¹ ⁴⁴ ³³ mu,tsho21 si21 tsho21 44 33 mu,suspect,0.67,6,行 走 行 走 的,程 又 一 程 一,UNKNOWN,扫描 OCR + IPA 锚点版面解析（四行对照） | 整理日期 2026-09,medium
SANGJIAJING-P0335-L-02,SANGJIAJING,335,L,2,田 电 九,mɒ²¹ tsh³³ tu³³ ne³³,mp21 tsh:33 tu33 ne33,suspect,0.75,4,不 到 地 也 到,走遍 到 处 都,UNKNOWN,扫描 OCR + IPA 锚点版面解析（四行对照） | 整理日期 2026-09,medium
SANGJIAJING-P0335-L-03,SANGJIAJING,335,L,3,： N.,hɒ³³ li⁰²1 ³³ tche³³ t tshi³³ md,hp33 1021 33 tche33t tshi33 md,suspect,0.67,6,郝 罗 山 上 到,走 到 郝 罗 山,UNKNOWN,扫描 OCR + IPA 锚点版面解析（四行对照） | 整理日期 2026-09,medium
SANGJIAJING-P0335-L-04,SANGJIAJING,335,L,4,4 亏 日 住,t4u⁴⁴ nj³³ li⁰⁶ li⁰³3 tsi³³,t4u44 nj33 106 1033 tsi33,suspect,0.60,5,人 居 地 处 遇,寻 访 到 村 寨,UNKNOWN,扫描 OCR + IPA 锚点版面解析（四行对照） | 整理日期 2026-09,medium
SANGJIAJING-P0335-L-05,SANGJIAJING,335,L,5,Z4 日 年,tho²¹ ni⁴⁴ t4u4 li⁰³3 np ²¹,tho21 ni44 t4u4 1033 np 21,suspect,0.50,4,松 青 人 处 停,松 林 人家 家 歇,UNKNOWN,扫描 OCR + IPA 锚点版面解析（四行对照） | 整理日期 2026-09,medium
SANGJIAJING-P0335-R-01,SANGJIAJING,335,R,1,子 Wi 学 司,,m²1 4u33 th12i ku33,failed,0.00,3,天 白 一 片 下,整 个 天 底 下,UNKNOWN,扫描 OCR + IPA 锚点版面解析（四行对照） | 整理日期 2026-09,medium
SANGJIAJING-P0335-R-02,SANGJIAJING,335,R,2,介 WI 学,mi ³³ thi²¹ ³⁰1 h³³ ne⁴⁴,mi 33 thi21 3.01 h33 ne44,suspect,0.60,5,地 黑 疆 上 一,整 个 大 地 上,UNKNOWN,扫描 OCR + IPA 锚点版面解析（四行对照） | 整理日期 2026-09,medium
SANGJIAJING-P0335-R-03,SANGJIAJING,335,R,3,W 分 W 学,tsi³³ do⁴⁴ ³³ tlu ³³ yɒ tsi³³,tsi33 do44 33 tlu 33 yD tsi33,suspect,0.60,5,东 方 与 西 方,从 东 走 到 西,UNKNOWN,扫描 OCR + IPA 锚点版面解析（四行对照） | 整理日期 2026-09,medium
SANGJIAJING-P0335-R-04,SANGJIAJING,335,R,4,200 光分,si²¹ zi³¹ nɒ ³³ yɒ ³³ ³³1 ³³,"si21 zi31 n,D 33 YD 33 331 33",suspect,0.67,6,南 方 与 北 方,从 南 走到 西,UNKNOWN,扫描 OCR + IPA 锚点版面解析（四行对照） | 整理日期 2026-09,medium
SANGJIAJING-P0336-L-01,SANGJIAJING,336,L,1,W 介 ZZ 安,,liss mi 33 4021 he31 Ve33,failed,0.25,4,四 面 地 八 方,四 面 与 八 方,UNKNOWN,扫描 OCR + IPA 锚点版面解析（四行对照） | 整理日期 2026-09,medium
SANGJIAJING-P0336-L-02,SANGJIAJING,336,L,2,举,nu³³ li³³ si²¹ t⁰³3 zi³³,"nu33 1,33 si21 t$033 zi33",ok,0.80,5,你 来 走 在 呢,你 们 都 走 遍,UNKNOWN,扫描 OCR + IPA 锚点版面解析（四行对照） | 整理日期 2026-09,medium
SANGJIAJING-P0336-L-03,SANGJIAJING,336,L,3,飞 开 田 九,kh³³ dzi²¹ mɒ ²¹ bu ne ³³,"kh,33 dzi21 mD 21 bu ne 33",suspect,0.50,4,请 钱 不 有 也,虽无 资 询 费,UNKNOWN,扫描 OCR + IPA 锚点版面解析（四行对照） | 整理日期 2026-09,medium
SANGJIAJING-P0336-R-01,SANGJIAJING,336,R,1,7水,³³ do²¹ bi²¹ ɔss 2j³³ nu,33 do21 b121 $OSS 2j33 nu,suspect,0.60,5,我 呢 你 话 给,还 是 告 诉 你,UNKNOWN,扫描 OCR + IPA 锚点版面解析（四行对照） | 整理日期 2026-09,medium
SANGJIAJING-P0336-R-02,SANGJIAJING,336,R,2,田 田,,mD no33 mp 2 tS033,failed,0.00,2,我 不 见 不 有,见 没 有 我 不,UNKNOWN,扫描 OCR + IPA 锚点版面解析（四行对照） | 整理日期 2026-09,medium
SANGJIAJING-P0336-R-03,SANGJIAJING,336,R,3,WI 本,thj2i tchi²¹ li³³ be⁴⁴ do4,thj2i tchi21 133 be44 do4,suspect,0.75,4,一 句 说 出 来,回 应 一 句 话,UNKNOWN,扫描 OCR + IPA 锚点版面解析（四行对照） | 整理日期 2026-09,medium
SANGJIAJING-P0337-L-01,SANGJIAJING,337,L,1,Dz Z:,,si33 55 33 ni²1 V33 su nu,failed,0.33,6,彝 家 她 三 女,彝 家 冏三 姊 妹,UNKNOWN,扫描 OCR + IPA 锚点版面解析（四行对照） | 整理日期 2026-09,medium
SANGJIAJING-P0337-L-02,SANGJIAJING,337,L,2,分 司,bu²¹ ho³³ kh³³ yɒ ³³ li⁰³3,"bu²1 ho33 kh,33 yD 33 1$033",ok,0.80,5,虫 养 那 里 有,她 茧 们 养 日 蚕,UNKNOWN,扫描 OCR + IPA 锚点版面解析（四行对照） | 整理日期 2026-09,medium
SANGJIAJING-P0337-L-03,SANGJIAJING,337,L,3,Z4 46 7:,bi²¹ mx ³³ a²¹,br21 mx 33 A21,suspect,0.67,3,尼 额 阿 曼 比,尼 比 额 阿 曼,UNKNOWN,扫描 OCR + IPA 锚点版面解析（四行对照） | 整理日期 2026-09,medium
SANGJIAJING-P0337-L-04,SANGJIAJING,337,L,4,Z 了 效 7:,thw³³ bi³³ tg³³ a²¹ me²¹,thw33 b133 tg33 A21 me21,suspect,0.60,5,特 比 当 阿 曼,特 比 阿 曼,UNKNOWN,扫描 OCR + IPA 锚点版面解析（四行对照） | 整理日期 2026-09,medium
SANGJIAJING-P0337-L-05,SANGJIAJING,337,L,5,田 住 Z 九 住,²¹ tsi³³ si³³ mp tsi³³,21 tsi33 si33 mp tsi33,suspect,0.75,4,不 遇 她 也 遇,路 遇 许 多 人,UNKNOWN,扫描 OCR + IPA 锚点版面解析（四行对照） | 整理日期 2026-09,medium
SANGJIAJING-P0337-R-01,SANGJIAJING,337,R,1,Dz Z飞 飞 住,,n1²1 V133 33 55 nu ms tsi33,failed,0.20,5,彝 家 女 三 遇,遇 葬 家 仁 女,UNKNOWN,扫描 OCR + IPA 锚点版面解析（四行对照） | 整理日期 2026-09,medium
SANGJIAJING-P0337-R-02,SANGJIAJING,337,R,2,九,phu²¹ ng³³ bu²¹ ho³³,phu²1 ng33 bu²1 ho33,suspect,0.75,4,我 祖 也 虫 养,我 祖 也 养 蚕,UNKNOWN,扫描 OCR + IPA 锚点版面解析（四行对照） | 整理日期 2026-09,medium
SANGJIAJING-P0337-R-03,SANGJIAJING,337,R,3,72,z⁰⁵ phɒ²¹ bu²¹ ho³³ ne³³,Z.0'5 phD21 bu21 ho33 ne33,ok,0.80,5,我 父 也 虫 蚕,我 父 也 养 蚕,UNKNOWN,扫描 OCR + IPA 锚点版面解析（四行对照） | 整理日期 2026-09,medium
SANGJIAJING-P0337-R-04,SANGJIAJING,337,R,4,U 血 九 #,,33 mp 33 ne tsiss,failed,0.00,3,我 母 处 也 抽,我 亦 巢 丝,UNKNOWN,扫描 OCR + IPA 锚点版面解析（四行对照） | 整理日期 2026-09,medium
SANGJIAJING-P0338-L-01,SANGJIAJING,338,L,1,国 N.,,A21 33 55 tsh:33 3G ZO,failed,0.20,5,现 在 我 辈 到,现 今 至 我 辈,UNKNOWN,扫描 OCR + IPA 锚点版面解析（四行对照） | 整理日期 2026-09,medium
SANGJIAJING-P0338-L-02,SANGJIAJING,338,L,2,九 飞,zɔs ne³³ bu²¹ ho³³ kurs,ZO'S ne33 bu²1 ho33 kur's,suspect,0.75,4,我 也 虫 养 会,蚕 我 ：也 会 养,UNKNOWN,扫描 OCR + IPA 锚点版面解析（四行对照） | 整理日期 2026-09,medium
SANGJIAJING-P0338-L-03,SANGJIAJING,338,L,3,九 配 w,bu²¹ no ³³ lurs zɔ ng³³,bu21 no 33 lur*s Z.O ng33,suspect,0.67,3,我 虫 对 喜 也,见 蚕 我 喜 欢,UNKNOWN,扫描 OCR + IPA 锚点版面解析（四行对照） | 整理日期 2026-09,medium
SANGJIAJING-P0338-L-04,SANGJIAJING,338,L,4,九 配,bu²¹ ²¹ ng³³ ɒ⁰³3 gɒ,bu²1 21 ng33 D033 gD,suspect,0.60,5,我 也 虫 对 爱,见 蚕 我 喜 爱,UNKNOWN,扫描 OCR + IPA 锚点版面解析（四行对照） | 整理日期 2026-09,medium
SANGJIAJING-P0338-L-05,SANGJIAJING,338,L,5,D2 飞 Z,ni²¹ ʊli³³ si³³ ms nu,ni²1 V133 si33 ms nu,suspect,0.75,4,葬 家 她 三 女,彝家之 三 女,UNKNOWN,扫描 OCR + IPA 锚点版面解析（四行对照） | 整理日期 2026-09,medium
SANGJIAJING-P0338-R-01,SANGJIAJING,338,R,1,,li³³ bu²¹ zi³³ ho³³,133 bu²1 zi33 ho33,ok,1.00,4,我 来 虫 养 呢,我 们 来 养 蚕,UNKNOWN,扫描 OCR + IPA 锚点版面解析（四行对照） | 整理日期 2026-09,medium
SANGJIAJING-P0338-R-02,SANGJIAJING,338,R,2,金 田,bu²¹ ni⁴⁴ tsɒ³³ mp t⁰³3,bu²1 ni44 tsp33 mp t$033,suspect,0.75,4,蚕 蛹 饭 不 有,食 物 无 蚕 蛹,UNKNOWN,扫描 OCR + IPA 锚点版面解析（四行对照） | 整理日期 2026-09,medium
SANGJIAJING-P0338-R-03,SANGJIAJING,338,R,3,不 全 G,,bu21 33 SD ZO.SS,failed,0.33,3,虫 饭 找 要 还,尚 需 寻 蚕 食,UNKNOWN,扫描 OCR + IPA 锚点版面解析（四行对照） | 整理日期 2026-09,medium
SANGJIAJING-P0338-R-04,SANGJIAJING,338,R,4,田 电 九,tshi³³ ne ³³ tsh³³,tshi33 ne 33 tsh:33,suspect,0.67,3,不 到 地 也 到,四 处 均 走 遍,UNKNOWN,扫描 OCR + IPA 锚点版面解析（四行对照） | 整理日期 2026-09,medium
SANGJIAJING-P0338-R-05,SANGJIAJING,338,R,5,子 金 N,,m²1 tsh:33 9021 pu33,failed,0.25,4,天 际 山 到,至 天 台圭 山,UNKNOWN,扫描 OCR + IPA 锚点版面解析（四行对照） | 整理日期 2026-09,medium
SANGJIAJING-P0339-L-01,SANGJIAJING,339,L,1,甩中,,phe44 33 9021 YD mp 33 4D21,failed,0.40,5,圭山 半 处 竹 叶,半 山 长 竹 子,UNKNOWN,扫描 OCR + IPA 锚点版面解析（四行对照） | 整理日期 2026-09,medium
SANGJIAJING-P0339-L-02,SANGJIAJING,339,L,2,半 山 长 竹 子,th²¹ qess ky⁴⁴ tsh³³ li³³,th21 qess ky44 tsh33 13,suspect,0.50,4,一 枝 割 」下 来,割 冏下 竹枝 叶,UNKNOWN,扫描 OCR + IPA 锚点版面解析（四行对照） | 整理日期 2026-09,medium
SANGJIAJING-P0339-L-03,SANGJIAJING,339,L,3,& 田,ky4 ky⁴⁴ qur³³ mɒ²¹ qu³³,ky4 ky44 qur33 mp21 qu33,suspect,0.75,4,割 完 不 割 完,不 管 割 完 否,UNKNOWN,扫描 OCR + IPA 锚点版面解析（四行对照） | 整理日期 2026-09,medium
SANGJIAJING-P0339-L-04,SANGJIAJING,339,L,4,Z w tQ,,V133 1D33 lurss he33 ob 31,failed,0.25,4,拿 了 自 家 回,拿 回 到 家 中,UNKNOWN,扫描 OCR + IPA 锚点版面解析（四行对照） | 整理日期 2026-09,medium
SANGJIAJING-P0339-L-05,SANGJIAJING,339,L,5,年岛 日,4u³³ kɒ²¹ tho³³ li⁰³3 tsh⁰⁴,4u33 kp21 tho33 1033 tsh04,suspect,0.60,5,银 筛 底 处 落,撒在 银筛底,UNKNOWN,扫描 OCR + IPA 锚点版面解析（四行对照） | 整理日期 2026-09,medium
SANGJIAJING-P0339-R-01,SANGJIAJING,339,R,1,3 年 七日,si³³ kɒ²¹ tho³³ li⁰³3 tsh³³,si33 kp²1 tho33 1033 tsh33,ok,0.80,5,金 筛 底 处 下,撒 在 筛 底 金,UNKNOWN,扫描 OCR + IPA 锚点版面解析（四行对照） | 整理日期 2026-09,medium
SANGJIAJING-P0339-R-02,SANGJIAJING,339,R,2,Z43=7 71,tshi³³ tsh³³ bu²¹ y⁰³1 do²¹,tsh133 tsh33 bu21 Y031 do21,suspect,0.60,5,下 下 虫 旁 落,竹 叶 落 蚕 旁,UNKNOWN,扫描 OCR + IPA 锚点版面解析（四行对照） | 整理日期 2026-09,medium
SANGJIAJING-P0339-R-03,SANGJIAJING,339,R,3,田召,bu²¹ ⁰⁵5 tɒ³³ smi mɒ²¹,bu21 0.55 tD33 smi mD²1,suspect,0.50,4,虫 头 摇 不 起,蚕 蛹 不 头,UNKNOWN,扫描 OCR + IPA 锚点版面解析（四行对照） | 整理日期 2026-09,medium
SANGJIAJING-P0339-R-04,SANGJIAJING,339,R,4,田,,tsh:33 bu2i tSD33 hy31,failed,0.00,3,虫 脚 找 不 站,蚕 不 爬 竹 叶,UNKNOWN,扫描 OCR + IPA 锚点版面解析（四行对照） | 整理日期 2026-09,medium
SANGJIAJING-P0339-R-05,SANGJIAJING,339,R,5,7飞 田 金,bu²¹ ni⁴⁴ tsɒ³³ mɒ2l ɒ³³,bu²1 ni44 tsp33 mD2l D33,suspect,0.75,4,虫 蛹 饭 不 是,蚕 不 吃竹 叶,UNKNOWN,扫描 OCR + IPA 锚点版面解析（四行对照） | 整理日期 2026-09,medium
SANGJIAJING-P0340-L-01,SANGJIAJING,340,L,1,生 五,bu²¹ tsɒ³³ sɒ ³³ do⁴⁴ 1h3,bu²1 tsD33 SD 33 do44 1h3,ok,0.80,5,虫 饭 找 出 来,外 食 出 找 蚕,UNKNOWN,扫描 OCR + IPA 锚点版面解析（四行对照） | 整理日期 2026-09,medium
SANGJIAJING-P0340-L-02,SANGJIAJING,340,L,2,田 N. 电 九,,tsh:33 tw 33 ne 33 tsh;33,failed,0.25,4,不 到 地 也 到,到 处 都 走 遍,UNKNOWN,扫描 OCR + IPA 锚点版面解析（四行对照） | 整理日期 2026-09,medium
SANGJIAJING-P0340-L-03,SANGJIAJING,340,L,3,办,,tso 1021 tsh;33 VD.SS VD.SS,failed,0.00,3,丛 周 林 处,走 到 罔 树 林,UNKNOWN,扫描 OCR + IPA 锚点版面解析（四行对照） | 整理日期 2026-09,medium
SANGJIAJING-P0340-L-04,SANGJIAJING,340,L,4,分 7世 N,phe³¹ yɒ ³³ phe³¹,phe31 YD 33 phe31,ok,1.00,3,叶 与 栎 叶,树 树 栋 叶,UNKNOWN,扫描 OCR + IPA 锚点版面解析（四行对照） | 整理日期 2026-09,medium
SANGJIAJING-P0340-R-01,SANGJIAJING,340,R,1,矢 同田 文 同,,XX 44 mb 33 mp XX mb 33,failed,0.00,3,摘 完 不 摘 完,不 管 摘 完 否,UNKNOWN,扫描 OCR + IPA 锚点版面解析（四行对照） | 整理日期 2026-09,medium
SANGJIAJING-P0340-R-02,SANGJIAJING,340,R,2,tQ 矢 W,,8x 44 ob 31 lurs he33 tsh:33,failed,0.25,4,摘 回 自 家 到,摘 叶 回 家 中,UNKNOWN,扫描 OCR + IPA 锚点版面解析（四行对照） | 整理日期 2026-09,medium
SANGJIAJING-P0340-R-03,SANGJIAJING,340,R,3,A 年 日,4u³³ kɒ²¹ tho³³ li⁰³3 tsh³³,"4u33 kD²1 tho33 1033 tsh,33",suspect,0.60,5,银 筛 底 处 下,撒 在 银 筛 底,UNKNOWN,扫描 OCR + IPA 锚点版面解析（四行对照） | 整理日期 2026-09,medium
SANGJIAJING-P0340-R-04,SANGJIAJING,340,R,4,3 年 日,kɒ³³ tho³³ tsh³³ li⁰³3,kD33tho33 tsh33 1033,suspect,0.75,4,金 筛底 处 下,撒 金 筛 底 在,UNKNOWN,扫描 OCR + IPA 锚点版面解析（四行对照） | 整理日期 2026-09,medium
SANGJIAJING-P0340-R-05,SANGJIAJING,340,R,5,Z43 7,,tsh133tsh33 bu² yo,failed,0.33,3,下 下 虫 旁 落,撒 在蚕 蛹旁,UNKNOWN,扫描 OCR + IPA 锚点版面解析（四行对照） | 整理日期 2026-09,medium
SANGJIAJING-P0341-L-01,SANGJIAJING,341,L,1,台 荟 田 会,,055 55 bu21 mG mp 21 tD33,failed,0.40,5,虫 头 望 不 愿,蚕 蛹 不 愿 瞅,UNKNOWN,扫描 OCR + IPA 锚点版面解析（四行对照） | 整理日期 2026-09,medium
SANGJIAJING-P0341-L-02,SANGJIAJING,341,L,2,签 田,,tsh;33 bu21 33 mp 21 hy31,failed,0.20,5,虫 脚 找 不 站,蚕 蛹 不 爬 叶,UNKNOWN,扫描 OCR + IPA 锚点版面解析（四行对照） | 整理日期 2026-09,medium
SANGJIAJING-P0341-L-03,SANGJIAJING,341,L,3,金 田 国,bu²¹ tsɒ³³ ni4 ne³³,bu21 tsD33 ni4 ne33,suspect,0.67,3,虫 蛹 饭 不 是,不 是 蚕 蛹 食,UNKNOWN,扫描 OCR + IPA 锚点版面解析（四行对照） | 整理日期 2026-09,medium
SANGJIAJING-P0341-L-04,SANGJIAJING,341,L,4,Z出 么 46 效 7:,bi²¹ ³³ a²¹ yw me,b121 33 A21 yw? me,suspect,0.75,4,尼 比 额 阿 曼,尼 比 额 阿 曼,UNKNOWN,扫描 OCR + IPA 锚点版面解析（四行对照） | 整理日期 2026-09,medium
SANGJIAJING-P0341-L-05,SANGJIAJING,341,L,5,么 效 7:,ni⁵⁵ bi²¹ a²¹,n155 bi21 A21,ok,1.00,3,尼 比 索 阿 曼,曼 尼 比 索 阿,UNKNOWN,扫描 OCR + IPA 锚点版面解析（四行对照） | 整理日期 2026-09,medium
SANGJIAJING-P0341-R-01,SANGJIAJING,341,R,1,Z 了 效 7:,thw³³ a²¹ bi²¹ tg³³ me²¹,thw33 A21 b1²1 tg33 me21,suspect,0.60,5,特 比 当 阿 曼,特 比 阿 曼,UNKNOWN,扫描 OCR + IPA 锚点版面解析（四行对照） | 整理日期 2026-09,medium
SANGJIAJING-P0341-R-02,SANGJIAJING,341,R,2,举 男,tsh⁰²1 tsho²¹ si³³ mu³³,tsh021 tsho21 si33 mu3 好好,suspect,0.75,4,行 走 行 走 做,一 程 又 一 程,UNKNOWN,扫描 OCR + IPA 锚点版面解析（四行对照） | 整理日期 2026-09,medium
SANGJIAJING-P0341-R-03,SANGJIAJING,341,R,3,田 电 九,,mp21 tsh;33 tur ne33 tsh:33,failed,0.25,4,不 到 地 也 到,四 方 都 走 遍,UNKNOWN,扫描 OCR + IPA 锚点版面解析（四行对照） | 整理日期 2026-09,medium
SANGJIAJING-P0341-R-04,SANGJIAJING,341,R,4,Z 口 效 Az 住,si³³ a³³ no³³ t4u⁴⁴ tsi³³,si33 A33 no33 t4u44 tsi33,ok,0.80,5,它 地 阿 人 遇,他 乡 遇 路 人,UNKNOWN,扫描 OCR + IPA 锚点版面解析（四行对照） | 整理日期 2026-09,medium
SANGJIAJING-P0341-R-05,SANGJIAJING,341,R,5,子 IU 子 7,qo²¹ thi²¹ m ²¹ sa ⁴⁴,"qo21 th121 m 21 Sa"" 44",suspect,0.75,4,天 际 天 鳞 铺,空 天 布 鳞 云,UNKNOWN,扫描 OCR + IPA 锚点版面解析（四行对照） | 整理日期 2026-09,medium
SANGJIAJING-P0342-L-01,SANGJIAJING,342,L,1,介 WI 企 4,th³³ mi³³ mi³³ gos t4u⁴⁴,th33 m133 m133 go's t4u44,suspect,0.50,4,地 际 地 头 叠,地 上 田 畴 连,UNKNOWN,扫描 OCR + IPA 锚点版面解析（四行对照） | 整理日期 2026-09,medium
SANGJIAJING-P0342-L-02,SANGJIAJING,342,L,2,Z 口 效 分 A,si³³ no³³ a³³ t4u4 zɒ ²¹,si33 no33 A33 t4u4 ZD 21,suspect,0.75,4,它 地 阿 人 儿,他 乡 行 路 人,UNKNOWN,扫描 OCR + IPA 锚点版面解析（四行对照） | 整理日期 2026-09,medium
SANGJIAJING-P0342-L-03,SANGJIAJING,342,L,3,飞开 田路 九,tch³³ dzi²¹ bu³³ mɒ²¹ ne³³,tch33dzi21 bu33 mp²1 ne33,ok,0.80,5,请 钱 不 有 也,虽 无 资 讯 费,UNKNOWN,扫描 OCR + IPA 锚点版面解析（四行对照） | 整理日期 2026-09,medium
SANGJIAJING-P0342-L-04,SANGJIAJING,342,L,4,亏 文,,th21 tsh33 kp²1,failed,0.33,3,3 一 日 十 话 闻,日 闻 十 全 话,UNKNOWN,扫描 OCR + IPA 锚点版面解析（四行对照） | 整理日期 2026-09,medium
SANGJIAJING-P0342-R-01,SANGJIAJING,342,R,1,nI 本,thi²¹ li³³ to¹²1 be⁴⁴ do⁴⁴,"th121 1,33 to121 be44 do44",ok,1.00,5,一 句 说 出 来,语 来 相 告 一,UNKNOWN,扫描 OCR + IPA 锚点版面解析（四行对照） | 整理日期 2026-09,medium
SANGJIAJING-P0342-R-02,SANGJIAJING,342,R,2,正 700 去,bu²¹ tsɒ³³ di²¹ th³³ si²¹,bu²1 tsp33 dr21 th33 si21,ok,0.80,5,虫 饭 的 那,蚕 食那 桩,UNKNOWN,扫描 OCR + IPA 锚点版面解析（四行对照） | 整理日期 2026-09,medium
SANGJIAJING-P0342-R-03,SANGJIAJING,342,R,3,办 7 田 公会,qo²¹ tshi²¹ me ⁵⁵ mɒ²¹ tɒ³³,qo21 tshi21 me 55 mp²1 tp33,ok,1.00,5,耕 狗 尾 不 有,门 狗 尾 拉,UNKNOWN,扫描 OCR + IPA 锚点版面解析（四行对照） | 整理日期 2026-09,medium
SANGJIAJING-P0342-R-04,SANGJIAJING,342,R,4,子 办 7 3=,si³³ tsh²¹ tɒ³³ me ⁵⁵ tɒ³³,si33 tsh21 tp3 me 55 tD33,ok,0.80,5,猎 狗 尾 直 直,猎 狗 尾 伸 直,UNKNOWN,扫描 OCR + IPA 锚点版面解析（四行对照） | 整理日期 2026-09,medium
SANGJIAJING-P0343-L-01,SANGJIAJING,343,L,1,日,bi²¹ thu³³ fess qe³¹ li⁰³3,b121 thu33 fess qe31 1033,suspect,0.75,4,河 水 崖 岸 处,河 岸 河 堤 上,UNKNOWN,扫描 OCR + IPA 锚点版面解析（四行对照） | 整理日期 2026-09,medium
SANGJIAJING-P0343-L-02,SANGJIAJING,343,L,2,住 万 日,xu ⁴⁴ tsi³³ khi³³ li⁰³3 te³³,xu 44 tsi33 kh133 1033 te33,ok,1.00,5,桑 树 那 处 种,河 堤 长 桑 树,UNKNOWN,扫描 OCR + IPA 锚点版面解析（四行对照） | 整理日期 2026-09,medium
SANGJIAJING-P0343-L-03,SANGJIAJING,343,L,3,日,kh³³ li⁰³3 ɒ ³³ nu³³,kh33 1033 $D 33 nu33,suspect,0.75,4,你 那 找 要 里,你 去 那 里 找,UNKNOWN,扫描 OCR + IPA 锚点版面解析（四行对照） | 整理日期 2026-09,medium
SANGJIAJING-P0343-L-04,SANGJIAJING,343,L,4,Z4 46 效 7:,bi²¹ ³³ a²¹ niss yu me²¹,b121 33 A21 niss yu me21,suspect,0.50,4,尼 比 额 阿 曼,尼 比 额 阿 曼,UNKNOWN,扫描 OCR + IPA 锚点版面解析（四行对照） | 整理日期 2026-09,medium
SANGJIAJING-P0343-L-05,SANGJIAJING,343,L,5,Z4 效 7:,ni⁵⁵ bi²¹ ⁰³3 a²¹ me²¹,n155 b121 $033 A21 me21,ok,0.80,5,尼 比 索 阿 曼,尼 比 索 阿 曼,UNKNOWN,扫描 OCR + IPA 锚点版面解析（四行对照） | 整理日期 2026-09,medium
SANGJIAJING-P0343-R-01,SANGJIAJING,343,R,1,Z 46 7:,³³ a²¹ bi²¹ yw mg²¹,33 A21 b1²1 yw mg21,suspect,0.50,4,特 比 额 阿 曼,特 比 额 阿 曼,UNKNOWN,扫描 OCR + IPA 锚点版面解析（四行对照） | 整理日期 2026-09,medium
SANGJIAJING-P0343-R-02,SANGJIAJING,343,R,2,200 U 与,,si21 4033 Ve21 d133 md 44,failed,0.40,5,七 方 来 返,急 忙 转 过 身,UNKNOWN,扫描 OCR + IPA 锚点版面解析（四行对照） | 整理日期 2026-09,medium
SANGJIAJING-P0343-R-03,SANGJIAJING,343,R,3,W tQ,,44 ob 31 lur?s he33 tsh33 md,failed,0.20,5,返 回 自 家 到,返 回 到 家 中,UNKNOWN,扫描 OCR + IPA 锚点版面解析（四行对照） | 整理日期 2026-09,medium
SANGJIAJING-P0343-R-04,SANGJIAJING,343,R,4,返 回 到 家 中,tche⁴⁴ ⁰⁵5 tsho²¹ dess toss,tche44 0.55 tsho21 dess to.ss,suspect,0.50,4,村 头 青 伴 帮,村 头 N 伙 子,UNKNOWN,扫描 OCR + IPA 锚点版面解析（四行对照） | 整理日期 2026-09,medium
SANGJIAJING-P0344-L-01,SANGJIAJING,344,L,1,7 田 年,tche⁴¹ me lu2l t tsho1 toss,tche41 me lu²l t tsho1 toss,suspect,0.50,2,村 尾 少 伴 帮,村 尾 N 少 年,UNKNOWN,扫描 OCR + IPA 锚点版面解析（四行对照） | 整理日期 2026-09,medium
SANGJIAJING-P0344-L-02,SANGJIAJING,344,L,2,田 年 九,zɔs mɒ²¹ kɒ³³ su³³ tshi³³,Z.O's mp21 kp33 su33 tsh133,suspect,0.75,4,我 不 加 三 十,不 加 我 十 三,UNKNOWN,扫描 OCR + IPA 锚点版面解析（四行对照） | 整理日期 2026-09,medium
SANGJIAJING-P0344-L-03,SANGJIAJING,344,L,3,年 面,kɒ³³ sur³³ tshi³³ th²¹,kD33 sur33 tsh133 th21,suspect,0.75,4,我 加 三 十 一,加 我 三 十 一,UNKNOWN,扫描 OCR + IPA 锚点版面解析（四行对照） | 整理日期 2026-09,medium
SANGJIAJING-P0344-L-04,SANGJIAJING,344,L,4,会 7,tɒ³³ tshi²¹ ku³³ dzɒ²¹ ne³¹,tD33 tshi21 ku3 dzD21 ne31,ok,1.00,5,早 起 早饭 做 吃,早 起 吃 早 饭,UNKNOWN,扫描 OCR + IPA 锚点版面解析（四行对照） | 整理日期 2026-09,medium
SANGJIAJING-P0344-L-05,SANGJIAJING,344,L,5,司 (μ) VV,siss t⁰³3 dy³¹ ³³ tei³³,siss t$033 dy31 33 tei33,suspect,0.50,4,转 戴 腋 下 夹,帽 饰 腋 下夹? 月,UNKNOWN,扫描 OCR + IPA 锚点版面解析（四行对照） | 整理日期 2026-09,medium
SANGJIAJING-P0344-R-01,SANGJIAJING,344,R,1,驾,,dess qe44 21 bu²l,failed,0.00,3,男 大 篮 大 背,伙 子 背 大 蓝,UNKNOWN,扫描 OCR + IPA 锚点版面解析（四行对照） | 整理日期 2026-09,medium
SANGJIAJING-P0344-R-02,SANGJIAJING,344,R,2,田 光光 72,qhe⁴⁴ lu2 hass nass bu2i,qhe44 lu²! hass naSs bu2i,suspect,0.50,2,少 小 蓝 小 背,少 年 背 小 蓝,UNKNOWN,扫描 OCR + IPA 锚点版面解析（四行对照） | 整理日期 2026-09,medium
SANGJIAJING-P0344-R-03,SANGJIAJING,344,R,3,男 举 每,,tsh021 si33 tsh021,failed,0.33,3,行 走 行 走 的,一 程 又 一 程,UNKNOWN,扫描 OCR + IPA 锚点版面解析（四行对照） | 整理日期 2026-09,medium
SANGJIAJING-P0344-R-04,SANGJIAJING,344,R,4,田 电 九,tshi³³ ne³³ tsh³³ tur³³,tshi33 ne33 tsh33 tur33,suspect,0.75,4,不 到 地 也 到,八 方 都 走 遍,UNKNOWN,扫描 OCR + IPA 锚点版面解析（四行对照） | 整理日期 2026-09,medium
SANGJIAJING-P0344-R-05,SANGJIAJING,344,R,5,易,zi³³ bi²¹ tsh³³ bi²¹ pu³³,Z.133 b121 tsh;33 b121 pu33,ok,0.80,5,河 水 河 岸 到,走到河岸 上,UNKNOWN,扫描 OCR + IPA 锚点版面解析（四行对照） | 整理日期 2026-09,medium
SANGJIAJING-P0345-L-01,SANGJIAJING,345,L,1,易 3=,bi²¹ 2li³³ ne ³³ x⁰²1 xo²¹,b121 2.133 ne 33 X021 Xo21,suspect,0.60,5,河 水 叫 哗 哗,河 水 哗 哗 流,UNKNOWN,扫描 OCR + IPA 锚点版面解析（四行对照） | 整理日期 2026-09,medium
SANGJIAJING-P0345-L-02,SANGJIAJING,345,L,2,nI ￥ 万 日,,th21 4D21 kh33 1033 bu2!,failed,0.40,5,一 条 那 里 河,河 水 横 面 前,UNKNOWN,扫描 OCR + IPA 锚点版面解析（四行对照） | 整理日期 2026-09,medium
SANGJIAJING-P0345-L-03,SANGJIAJING,345,L,3,红 46 效 7:,nis bi²¹ mx ³³ a²¹ me²¹,"ni,s b121 mx 33 A21 me21",suspect,0.50,4,尼 比 额 阿 曼,尼 比 额 阿 曼,UNKNOWN,扫描 OCR + IPA 锚点版面解析（四行对照） | 整理日期 2026-09,medium
SANGJIAJING-P0345-L-04,SANGJIAJING,345,L,4,Z4 7:,,n1ss A21 b121 $033,failed,0.33,3,尼 比 索 阿 曼,尼 比 索 阿 曼,UNKNOWN,扫描 OCR + IPA 锚点版面解析（四行对照） | 整理日期 2026-09,medium
SANGJIAJING-P0345-L-05,SANGJIAJING,345,L,5,了 效 7:,bi²¹ te³³ a²¹ me²¹,b1²1 te33 A21 me21,ok,1.00,4,特 比 当 阿 曼,特 比 当 阿 曼,UNKNOWN,扫描 OCR + IPA 锚点版面解析（四行对照） | 整理日期 2026-09,medium
SANGJIAJING-P0345-R-01,SANGJIAJING,345,R,1,7司 九 7,,VI21 !Z mg33 t3033 ne 33,failed,0.25,4,水 尾 转 也 远,绕 河 尾 路 远,UNKNOWN,扫描 OCR + IPA 锚点版面解析（四行对照） | 整理日期 2026-09,medium
SANGJIAJING-P0345-R-02,SANGJIAJING,345,R,2,九,zi³³ dz⁰³1 m6 ne³³ nes,"z,133 dz.031 m6 ne33 nes",suspect,0.50,4,水 腰 涉 也 深,涉 河 中 又 深,UNKNOWN,扫描 OCR + IPA 锚点版面解析（四行对照） | 整理日期 2026-09,medium
SANGJIAJING-P0345-R-03,SANGJIAJING,345,R,3,红 46 效 7:,³³ a²¹ bi²¹ m8 me ²¹,33 A21 br21 m8 me 21,suspect,0.50,4,尼 比 额 阿 曼,彝 家 养 蚕 妇,UNKNOWN,扫描 OCR + IPA 锚点版面解析（四行对照） | 整理日期 2026-09,medium
SANGJIAJING-P0345-R-04,SANGJIAJING,345,R,4,效 7:,sstu b²¹ ⁰³3 a²¹ me²¹,ssTu b21 $033 A21 me21,suspect,0.75,4,尼 比 索 阿 曼,尼 比 索 阿 曼,UNKNOWN,扫描 OCR + IPA 锚点版面解析（四行对照） | 整理日期 2026-09,medium
SANGJIAJING-P0346-L-01,SANGJIAJING,346,L,1,3 7:,a²¹ thu³³ bi²¹ te³³ me²¹,A21 thu33 b1²1 te33 me21,ok,1.00,5,特 比 当 阿 曼,特 比 当 阿 曼,UNKNOWN,扫描 OCR + IPA 锚点版面解析（四行对照） | 整理日期 2026-09,medium
SANGJIAJING-P0346-L-02,SANGJIAJING,346,L,2,举 男 每,tsɔ²¹ tsh⁰²1 si²¹ 8x ⁴⁴ mu³³,tsO21 tsh021 si21 8X 44 mu33,suspect,0.60,5,行 走 行 走 的,一 程 又 一 程,UNKNOWN,扫描 OCR + IPA 锚点版面解析（四行对照） | 整理日期 2026-09,medium
SANGJIAJING-P0346-L-03,SANGJIAJING,346,L,3,举,,"tsho21 si21 2.,133 0.55 tsh;33",failed,0.40,5,行 走 水 头 到,到 达 了 河 头,UNKNOWN,扫描 OCR + IPA 锚点版面解析（四行对照） | 整理日期 2026-09,medium
SANGJIAJING-P0346-L-04,SANGJIAJING,346,L,4,田 住 Z 九 住,si³³ mp ²¹ tsi³³ tsi³³,si33 mp 21 tsi33 tsi33,suspect,0.75,4,不 遇 它 也 遇,河 头 遇 到 它,UNKNOWN,扫描 OCR + IPA 锚点版面解析（四行对照） | 整理日期 2026-09,medium
SANGJIAJING-P0346-L-05,SANGJIAJING,346,L,5,分 住,lu²¹ ne ⁴⁴ zɒ tsu tsis,"lu21 ne 44 ZD"" tsu tsis",suspect,0.67,3,龙 黑 儿 双 遇,龙 对 小 黑,UNKNOWN,扫描 OCR + IPA 锚点版面解析（四行对照） | 整理日期 2026-09,medium
SANGJIAJING-P0346-R-01,SANGJIAJING,346,R,1,A 分,,44 lu21 ne ne33,failed,0.33,3,龙 黑 儿 的 也,两 个 小 黑 龙,UNKNOWN,扫描 OCR + IPA 锚点版面解析（四行对照） | 整理日期 2026-09,medium
SANGJIAJING-P0346-R-02,SANGJIAJING,346,R,2,Z Z4 3=,bu³³ si³³ nu³³ ³³ ³³,bu33 si33 nu3 33 33,suspect,0.60,5,漂 主 你 是 是,你 俩 崩 公 否,UNKNOWN,扫描 OCR + IPA 锚点版面解析（四行对照） | 整理日期 2026-09,medium
SANGJIAJING-P0346-R-03,SANGJIAJING,346,R,3,Z 田 国,bu³³ si³³ z0s mɒ²¹,bu33 si33 Z.0$s mD21,suspect,0.67,3,漂 主 我 不 是,我 俩 非 崩 公,UNKNOWN,扫描 OCR + IPA 锚点版面解析（四行对照） | 整理日期 2026-09,medium
SANGJIAJING-P0346-R-04,SANGJIAJING,346,R,4,九 晏 Z,zi³³ si³³ ²⁰⁵⁵ ne³³ mo²¹,"z,133 si33 2.055 ne33 mo21",ok,0.80,5,我 也 水 潜 主,我 是 潜 水 者,UNKNOWN,扫描 OCR + IPA 锚点版面解析（四行对照） | 整理日期 2026-09,medium
SANGJIAJING-P0346-R-05,SANGJIAJING,346,R,5,Z,si³³ bu³³ me to ³³,si33 bu33 ! me t$o 33,suspect,0.67,3,漂 主 水 尾 在,崩 公 在 河 尾,UNKNOWN,扫描 OCR + IPA 锚点版面解析（四行对照） | 整理日期 2026-09,medium
SANGJIAJING-P0347-L-01,SANGJIAJING,347,L,1,举 ①,si²¹ tsh³³ tsho²¹ 2li³³ me³³,si21 tsh:33 tsho21 2.133 me33,suspect,0.60,5,行 走 水 尾 到,行 走 至 河 尾,UNKNOWN,扫描 OCR + IPA 锚点版面解析（四行对照） | 整理日期 2026-09,medium
SANGJIAJING-P0347-L-02,SANGJIAJING,347,L,2,Z 住 田 住 九,mp ²¹ tsi³³ si³³ ne ³³,mp 21 ts133 si33 ne 33,suspect,0.75,4,不 遇 它 也 遇,遇 见 了 它 们,UNKNOWN,扫描 OCR + IPA 锚点版面解析（四行对照） | 整理日期 2026-09,medium
SANGJIAJING-P0347-L-03,SANGJIAJING,347,L,3,分 住,,bD-s ni44 ZD21 tsu tsiss,failed,0.33,3,蛙 绿 儿 对 遇,一 对 绿 青 蛙,UNKNOWN,扫描 OCR + IPA 锚点版面解析（四行对照） | 整理日期 2026-09,medium
SANGJIAJING-P0347-L-04,SANGJIAJING,347,L,4,分 去 九,,bpss 21 Di ZD n033,failed,0.00,2,蛙 绿 儿 的 也,你 俩 小 绿 蛙,UNKNOWN,扫描 OCR + IPA 锚点版面解析（四行对照） | 整理日期 2026-09,medium
SANGJIAJING-P0347-L-05,SANGJIAJING,347,L,5,Z Z出 3=,bu³³ si³³ nɒ2 ²¹ 3g ³³ ³⁰ ³³,bu33 si33 np² 21 3G 33 30 33,suspect,0.50,6,漂 主 你 是 是,渡 河 崩 公 否,UNKNOWN,扫描 OCR + IPA 锚点版面解析（四行对照） | 整理日期 2026-09,medium
SANGJIAJING-P0347-R-01,SANGJIAJING,347,R,1,Z 田,si³³ ³³ bu³³ z0s5 mɒ ²¹ ne,si33 33 bu33 Z.0S5 mD 21 ne,suspect,0.60,5,漂 主 我 不 是,我 俩 非 崩 公,UNKNOWN,扫描 OCR + IPA 锚点版面解析（四行对照） | 整理日期 2026-09,medium
SANGJIAJING-P0347-R-02,SANGJIAJING,347,R,2,Z,bu³³ si³³ 2li³¹ dzo³³ r to ³³,bu33 si33 2131 dzo3r t$o 33,ok,0.80,5,漂 主 水 腰 在,崩 公 在 河 腰,UNKNOWN,扫描 OCR + IPA 锚点版面解析（四行对照） | 整理日期 2026-09,medium
SANGJIAJING-P0347-R-03,SANGJIAJING,347,R,3,男,1ɒ³³ zi³³ dzo³¹ t tshi³³,"1D33 z.,133 dzo31 t tshi33",suspect,0.75,4,走 了 水 腰 到,行 至 河 中 段,UNKNOWN,扫描 OCR + IPA 锚点版面解析（四行对照） | 整理日期 2026-09,medium
SANGJIAJING-P0347-R-04,SANGJIAJING,347,R,4,田 分 弘 住,,noss ne 44 ZD²1 tsu tsi33,failed,0.33,3,猴 黑 儿 双 遇,遇 一 对 黑 猴,UNKNOWN,扫描 OCR + IPA 锚点版面解析（四行对照） | 整理日期 2026-09,medium
SANGJIAJING-P0348-L-01,SANGJIAJING,348,L,1,Z m,bu³³ si³³ nes dzu,bu33 si3 nes dzu,suspect,0.67,3,漂 是 主 我 呢,我 俩 是 崩 公,UNKNOWN,扫描 OCR + IPA 锚点版面解析（四行对照） | 整理日期 2026-09,medium
SANGJIAJING-P0348-L-02,SANGJIAJING,348,L,2,G 不,phu²¹ bu³³ bi²¹ ²⁰5,phu21 bu33 b121 20.5,suspect,0.75,4,漂 款给 要 还,但 须 付 渡 钱,UNKNOWN,扫描 OCR + IPA 锚点版面解析（四行对照） | 整理日期 2026-09,medium
SANGJIAJING-P0348-L-03,SANGJIAJING,348,L,3,无 田,bu³³ pu²¹ mp bi²¹ zi³³,bu33 pu21 mp b121 zi33,ok,1.00,4,漂 款 不 给 呢,若 不 付 渡 钱,UNKNOWN,扫描 OCR + IPA 锚点版面解析（四行对照） | 整理日期 2026-09,medium
SANGJIAJING-P0348-R-01,SANGJIAJING,348,R,1,巧 田 年,³³ bu³³ nu³³ mp ²¹ kɒ³³,33 bu33 nu33 mp 21 kD33,suspect,0.60,5,我 漂 你 不 过,不 渡 你 过 河,UNKNOWN,扫描 OCR + IPA 锚点版面解析（四行对照） | 整理日期 2026-09,medium
SANGJIAJING-P0348-R-02,SANGJIAJING,348,R,2,46 7:,bi²¹ yu ³³ a²¹ mg²¹ sslu,b121 yu 33 A21 mg21 sslu,ok,0.80,5,尼 比 额 阿 曼,尼 比 额 阿 曼,UNKNOWN,扫描 OCR + IPA 锚点版面解析（四行对照） | 整理日期 2026-09,medium
SANGJIAJING-P0348-R-03,SANGJIAJING,348,R,3,Z4 7:,bi²¹ a²¹ n1ss ⁰³3 mel,b121 A21 n1ss $033 me?l,suspect,0.75,4,尼 比 索 阿 曼,尼 比 索 阿 曼,UNKNOWN,扫描 OCR + IPA 锚点版面解析（四行对照） | 整理日期 2026-09,medium
SANGJIAJING-P0348-R-04,SANGJIAJING,348,R,4,开 了 效 7:,thw³³ a²¹ bi²¹ te³³,thw33 A21 b121 te33,suspect,0.75,4,特 比 阿 曼,特 阿 曼 比,UNKNOWN,扫描 OCR + IPA 锚点版面解析（四行对照） | 整理日期 2026-09,medium
SANGJIAJING-P0348-R-05,SANGJIAJING,348,R,5,日 A 2,,055 1033 4u33 q044 lu31,failed,0.40,5,头 处 银 帽 脱,脱 下 白 银 帽,UNKNOWN,扫描 OCR + IPA 锚点版面解析（四行对照） | 整理日期 2026-09,medium
SANGJIAJING-P0349-L-01,SANGJIAJING,349,L,1,3 2,si³³ zɒ ³³ le³¹ ku³³ luss,si33 ZD 33 le31 ku33 luss,ok,1.00,5,右 手 金 镯 脱,右 腕 脱 日 金 镯,UNKNOWN,扫描 OCR + IPA 锚点版面解析（四行对照） | 整理日期 2026-09,medium
SANGJIAJING-P0349-L-02,SANGJIAJING,349,L,2,号 A 本 2,le³¹ 4u³³ ku³³ lu³¹ ʊe1,le31 4u33 ku33 lu31 Ve1,suspect,0.60,5,左 手 镯 脱 银,左 腕 脱 银 镯,UNKNOWN,扫描 OCR + IPA 锚点版面解析（四行对照） | 整理日期 2026-09,medium
SANGJIAJING-P0349-L-03,SANGJIAJING,349,L,3,日 2,ku³³ li⁰³3 be³³ lui³¹ s³³,ku33 1033 be33 lui31 S33,ok,0.80,5,身 处 犀 衣 脱,脱 下 犀 皮 衣,UNKNOWN,扫描 OCR + IPA 锚点版面解析（四行对照） | 整理日期 2026-09,medium
SANGJIAJING-P0349-L-04,SANGJIAJING,349,L,4,去 田,di²¹ noss y⁰³1 do²¹,dr²1 nos's Y031 do21,ok,1.00,3,哗 的 猴 旁 落,哗 的 丢 猴 旁,UNKNOWN,扫描 OCR + IPA 锚点版面解析（四行对照） | 整理日期 2026-09,medium
SANGJIAJING-P0349-R-01,SANGJIAJING,349,R,1,田 田,,"44 kh,33 noss ne mp 21 nos",failed,0.25,4,猴 黑 它 不 要,猴 不 要 财 物,UNKNOWN,扫描 OCR + IPA 锚点版面解析（四行对照） | 整理日期 2026-09,medium
SANGJIAJING-P0349-R-02,SANGJIAJING,349,R,2,子 效 Z 万,a²¹ siss kh³³ tɒ²¹,A21 siss kh33 tD21,ok,1.00,3,天 过 时 去 那,久 远 之 时 日,UNKNOWN,扫描 OCR + IPA 锚点版面解析（四行对照） | 整理日期 2026-09,medium
SANGJIAJING-P0349-R-03,SANGJIAJING,349,R,3,74,,ku tsh133 phu² zi33,failed,0.00,2,九 十 我 祖 辈,九 十 我 祖 辈,UNKNOWN,扫描 OCR + IPA 锚点版面解析（四行对照） | 整理日期 2026-09,medium
SANGJIAJING-P0349-R-04,SANGJIAJING,349,R,4,举 住,pu²¹ si²¹ tsi³³ ²⁰3,p*u21 si21 tsi33 203,suspect,0.75,4,我 祖 果 树 生,我 祖 树 上 生,UNKNOWN,扫描 OCR + IPA 锚点版面解析（四行对照） | 整理日期 2026-09,medium
SANGJIAJING-P0350-L-01,SANGJIAJING,350,L,1,效 ?,a²¹ ³³ zi³³ tsh3 3g,"A21 33 zi33 tsh,3 3G",suspect,0.50,4,现 在 我 辈 到,如 今 之 我 辈,UNKNOWN,扫描 OCR + IPA 锚点版面解析（四行对照） | 整理日期 2026-09,medium
SANGJIAJING-P0350-L-02,SANGJIAJING,350,L,2,至 庄,,Z.0 44 4e33 tsi33 204,failed,0.25,4,我 生 林 木 生,我 在 林 中 生,UNKNOWN,扫描 OCR + IPA 锚点版面解析（四行对照） | 整理日期 2026-09,medium
SANGJIAJING-P0350-L-03,SANGJIAJING,350,L,3,九 7 至,ni³¹ ⁴³3 si²¹ dzɒ²¹ ne³³,ni31 433 si21 dzp21 ne33,ok,0.80,5,饿 也 林 果 吃,饿 了 吃 野 果,UNKNOWN,扫描 OCR + IPA 锚点版面解析（四行对照） | 整理日期 2026-09,medium
SANGJIAJING-P0350-L-04,SANGJIAJING,350,L,4,孔,si²¹ noss buss ɒes,si21 noss buss DeS,suspect,0.50,2,我 要 山 楂 是,要 的 是 山 楂,UNKNOWN,扫描 OCR + IPA 锚点版面解析（四行对照） | 整理日期 2026-09,medium
SANGJIAJING-P0350-R-01,SANGJIAJING,350,R,1,R,si²¹ dɒ²¹ ³³ 3g,si21 dp21 33 3G,suspect,0.50,4,我 要 山 果 是,要 的 山 林 果,UNKNOWN,扫描 OCR + IPA 锚点版面解析（四行对照） | 整理日期 2026-09,medium
SANGJIAJING-P0350-R-02,SANGJIAJING,350,R,2,46 效 7:,a²¹ bi²¹ yu ³³ me²¹,A21 b121 yu 33 me21,ok,1.00,4,尼 比 额 阿 曼,尼 额 阿 曼 比,UNKNOWN,扫描 OCR + IPA 锚点版面解析（四行对照） | 整理日期 2026-09,medium
SANGJIAJING-P0350-R-03,SANGJIAJING,350,R,3,Z 年 Z,a²¹ si⁵⁵ zɔ kɒ³³ ph³³,A21 si55 Z.O kD33 ph33,suspect,0.50,4,我 们 自 过 世,你 我 同 世 生,UNKNOWN,扫描 OCR + IPA 锚点版面解析（四行对照） | 整理日期 2026-09,medium
SANGJIAJING-P0350-R-04,SANGJIAJING,350,R,4,U,si²¹ buss si²¹ dɒ²¹ mp ³³,si21 buss si21 dp21 mp 33,suspect,0.50,4,山 楂 林 果 大,山 楂 山 林 果,UNKNOWN,扫描 OCR + IPA 锚点版面解析（四行对照） | 整理日期 2026-09,medium
SANGJIAJING-P0351-L-01,SANGJIAJING,351,L,1,& 与 田,,33 si21 21 33 mb TeP mp² 3G Ve21,failed,0.20,5,完 的 果 不 是,山 果 要 不 完,UNKNOWN,扫描 OCR + IPA 锚点版面解析（四行对照） | 整理日期 2026-09,medium
SANGJIAJING-P0351-L-02,SANGJIAJING,351,L,2,号,,si21 4021 Ve21 V133 pu 44 2033,failed,0.33,6,七 面 的 返,身 立 马 转 折,UNKNOWN,扫描 OCR + IPA 锚点版面解析（四行对照） | 整理日期 2026-09,medium
SANGJIAJING-P0351-L-03,SANGJIAJING,351,L,3,特,,ph33 tsh:33 md 44 ob 31 kD33,failed,0.40,5,返 回 路 半 到,回走 至半 路,UNKNOWN,扫描 OCR + IPA 锚点版面解析（四行对照） | 整理日期 2026-09,medium
SANGJIAJING-P0351-R-01,SANGJIAJING,351,R,1,号 7 U,si⁴⁴ le³¹ mp ³³ x4,si44 le31 mp 33 X4,suspect,0.50,4,右 手 树 果 摘,右 手 摘 果 子,UNKNOWN,扫描 OCR + IPA 锚点版面解析（四行对照） | 整理日期 2026-09,medium
SANGJIAJING-P0351-R-02,SANGJIAJING,351,R,2,日,be³³ le³¹ li⁰³3 thu³³,be33 le31 1033 thu3,ok,1.00,4,美 衣 襟 处 兜,兜 日 在 衣 襟 中,UNKNOWN,扫描 OCR + IPA 锚点版面解析（四行对照） | 整理日期 2026-09,medium
SANGJIAJING-P0351-R-03,SANGJIAJING,351,R,3,易,,b121 tsh33 md 44 9031 bu33,failed,0.40,5,返 回 河 岸 到,返 回 至 河 堤,UNKNOWN,扫描 OCR + IPA 锚点版面解析（四行对照） | 整理日期 2026-09,medium
SANGJIAJING-P0352-L-01,SANGJIAJING,352,L,1,去 田,ms noss ne ⁴⁴ bi²¹,ms noss ne 44 b121,suspect,0.50,2,刷 地 猴 黑 给,刷 地 倒 给 猴,UNKNOWN,扫描 OCR + IPA 锚点版面解析（四行对照） | 整理日期 2026-09,medium
SANGJIAJING-P0352-L-02,SANGJIAJING,352,L,2,田 w,noss ne4 si²¹ ɒ⁰³3 lurss,noss ne4 si21 D033 lurs's,suspect,0.67,3,猴 黑 果 见 喜,猴 黑 见 果 喜,UNKNOWN,扫描 OCR + IPA 锚点版面解析（四行对照） | 整理日期 2026-09,medium
SANGJIAJING-P0352-L-03,SANGJIAJING,352,L,3,田 7 田 每,,noss dzD²1 noss bu44 mu 33,failed,0.33,3,猴 吃 猴 饱 的,黑 猴 吃 饱 果,UNKNOWN,扫描 OCR + IPA 锚点版面解析（四行对照） | 整理日期 2026-09,medium
SANGJIAJING-P0352-L-04,SANGJIAJING,352,L,4,九 亏,bu³³ niss ni³³ tɒ³³ ne³³,bu33 niss ni33 tD33 ne33,suspect,0.75,4,起 也 船 头 坐,上 船 坐 船 尾,UNKNOWN,扫描 OCR + IPA 锚点版面解析（四行对照） | 整理日期 2026-09,medium
SANGJIAJING-P0352-L-05,SANGJIAJING,352,L,5,上 船 坐 船 尾,phi²¹ t4e⁴⁴ tswpe h³³,"phi21 t4e44 tsw""p""e h33",suspect,0.67,3,扁 板 齐 肩 摇,臂齐 划 桨 双,UNKNOWN,扫描 OCR + IPA 锚点版面解析（四行对照） | 整理日期 2026-09,medium
SANGJIAJING-P0352-R-01,SANGJIAJING,352,R,1,如 3 Z,,44 si33 niss du33 1D33,failed,0.25,4,划 处 蟒 蛇 头,划 波 纹 似 蛇,UNKNOWN,扫描 OCR + IPA 锚点版面解析（四行对照） | 整理日期 2026-09,medium
SANGJIAJING-P0352-R-02,SANGJIAJING,352,R,2,S,2zi³³ li⁴⁴ tho²¹ phi²¹ pu ⁴⁴,"2z,133 li44 tho21 phi21 pu 44",ok,0.80,5,水 浪 松 板 翻,水 浪 浆 下 翻,UNKNOWN,扫描 OCR + IPA 锚点版面解析（四行对照） | 整理日期 2026-09,medium
SANGJIAJING-P0352-R-03,SANGJIAJING,352,R,3,田 N. 电 日,tshi³³ tsh³³ mɒ²¹ tu³³ loc,tshi33 tsh:33 mD21 tu33 loc,ok,0.80,5,不 到 地 处 到,一 直 往 前 划,UNKNOWN,扫描 OCR + IPA 锚点版面解析（四行对照） | 整理日期 2026-09,medium
SANGJIAJING-P0352-R-04,SANGJIAJING,352,R,4,易 电,,"tsh;33 b121 !'2 twr p""e",failed,0.33,3,河 水 对 面 到,划 到 河 岸 对,UNKNOWN,扫描 OCR + IPA 锚点版面解析（四行对照） | 整理日期 2026-09,medium
SANGJIAJING-P0353-L-01,SANGJIAJING,353,L,1,易 日,bi²¹ zi³³ fess qe³¹ li⁰³3,"b121 z,133 fess qe31 1033",suspect,0.75,4,河 水 崖 壁 处,河 边 岩 石 上,UNKNOWN,扫描 OCR + IPA 锚点版面解析（四行对照） | 整理日期 2026-09,medium
SANGJIAJING-P0353-L-02,SANGJIAJING,353,L,2,河 边 岩 石 上,xw dzoku dzo²¹ mu ³³,xw dzoku dzo²1 mu 33,suspect,0.50,2,桑 林 九 片 的,桑林 九 大 片,UNKNOWN,扫描 OCR + IPA 锚点版面解析（四行对照） | 整理日期 2026-09,medium
SANGJIAJING-P0353-L-03,SANGJIAJING,353,L,3,物AZZ 3,xw dzo²¹ he³¹ 1o²¹ ɒ³³,xw dzo²1 he31 1o21 D3,suspect,0.75,4,桑 树 八 凹 满,桑 树 满 八 凹,UNKNOWN,扫描 OCR + IPA 锚点版面解析（四行对照） | 整理日期 2026-09,medium
SANGJIAJING-P0353-L-04,SANGJIAJING,353,L,4,田 Z,ne ⁴⁴ le³¹ mp me ³³ ɒ⁰³,ne 44 le31 mp me 33 D03,ok,1.00,4,见 看 手 不 及,树 高 难 摘 叶,UNKNOWN,扫描 OCR + IPA 锚点版面解析（四行对照） | 整理日期 2026-09,medium
SANGJIAJING-P0353-L-05,SANGJIAJING,353,L,5,Z4 46 效 7:,ni⁵⁵ bi²¹ yu ³³ a²¹ me²¹,n155 b121 yu 33 A21 me21,ok,1.00,5,尼 比 额 阿 曼,尼比 额 阿曼,UNKNOWN,扫描 OCR + IPA 锚点版面解析（四行对照） | 整理日期 2026-09,medium
SANGJIAJING-P0353-R-01,SANGJIAJING,353,R,1,亏,,ne turss phe44 0i3,failed,0.00,2,我 看 对 面 着,朝 对 面 看 去,UNKNOWN,扫描 OCR + IPA 锚点版面解析（四行对照） | 整理日期 2026-09,medium
SANGJIAJING-P0353-R-02,SANGJIAJING,353,R,2,Zur 每 U,⁴⁴ mu³³ tsho²¹ si³³ mp ɒ³³,44 mu33 tsho21 si33 mp D33,ok,0.80,5,韩 木 戳 诗 玛,韩 木 戳 诗 玛,UNKNOWN,扫描 OCR + IPA 锚点版面解析（四行对照） | 整理日期 2026-09,medium
SANGJIAJING-P0353-R-03,SANGJIAJING,353,R,3,住,kh³³ tsi³³ ob ³¹ ne ⁴⁴ mg ³¹,kh33 tsi33 ob 31 ne 44 mG 31,suspect,0.60,5,她 院 钩 黑 林,铁 钩 多 如 林,UNKNOWN,扫描 OCR + IPA 锚点版面解析（四行对照） | 整理日期 2026-09,medium
SANGJIAJING-P0353-R-04,SANGJIAJING,353,R,4,Zur 每7 分,⁴⁴ mu³³ tshi³¹ xa ti³³ zɒ²¹,44 mu33 tshi31 xa t$i33 ZD21,suspect,0.60,5,韩 木 次 知 绕,韩木次知 绕,UNKNOWN,扫描 OCR + IPA 锚点版面解析（四行对照） | 整理日期 2026-09,medium
SANGJIAJING-P0354-L-01,SANGJIAJING,354,L,1,万函 3=,,kh133 dzo21 21 21 m mG,failed,0.40,5,他 店 黑 林 林,店 中 铁 钩 多,UNKNOWN,扫描 OCR + IPA 锚点版面解析（四行对照） | 整理日期 2026-09,medium
SANGJIAJING-P0354-L-02,SANGJIAJING,354,L,2,万 7±],,"nu' kh,33 33 55 1h33 np np",failed,0.20,5,你 它 我 借 来,你 将 它 借 我,UNKNOWN,扫描 OCR + IPA 锚点版面解析（四行对照） | 整理日期 2026-09,medium
SANGJIAJING-P0354-L-03,SANGJIAJING,354,L,3,Zu 每7L 分,⁴⁴ tshi³¹ ²¹ xa mu³³ tsi³³ zɒ,44 tshi31 21 Xa mu33 ts133 ZD,suspect,0.50,6,韩 木 次 知 绕,韩 木 次 知 绕,UNKNOWN,扫描 OCR + IPA 锚点版面解析（四行对照） | 整理日期 2026-09,medium
SANGJIAJING-P0354-L-04,SANGJIAJING,354,L,4,韩 木 次 知 绕,,"33 h33 55 nu33 9031 q""D np",failed,0.33,6,你 钩 我 如 借,你若 借我 钩,UNKNOWN,扫描 OCR + IPA 锚点版面解析（四行对照） | 整理日期 2026-09,medium
SANGJIAJING-P0354-R-01,SANGJIAJING,354,R,1,Ztf 介 π 西,dzi²¹ ³³ np ³³ mi ³³ fu³³ ³⁰,dzi21 33 np 33 mi 33 fu33 30,suspect,0.50,6,我 地 官 府 是,我 乡 有 官 府,UNKNOWN,扫描 OCR + IPA 锚点版面解析（四行对照） | 整理日期 2026-09,medium
SANGJIAJING-P0354-R-02,SANGJIAJING,354,R,2,飞± 介 π 台 每,np mi³³ dzi²¹ ⁰⁵5 mu³³,np m133 dzi21 055 mu3,suspect,0.75,4,我 地 官 头 做,官 让 你 做 衙,UNKNOWN,扫描 OCR + IPA 锚点版面解析（四行对照） | 整理日期 2026-09,medium
SANGJIAJING-P0354-R-03,SANGJIAJING,354,R,3,±7 开 日,³³ khi³³ np be⁴⁴ li⁰³3 fur³³,33 kh133 np be44 1033 fur33,ok,0.80,5,我 说 那 里 告,我去打招 呼,UNKNOWN,扫描 OCR + IPA 锚点版面解析（四行对照） | 整理日期 2026-09,medium
SANGJIAJING-P0355-L-01,SANGJIAJING,355,L,1,凹7L 分,⁴⁴ mu ³³ tshi³¹ tsi³³ ²¹ px zɒ,44 mu 33 tshi31 tsi33 21 px ZD,suspect,0.67,6,韩 木 次 知 绕,韩 木 次 知 绕,UNKNOWN,扫描 OCR + IPA 锚点版面解析（四行对照） | 整理日期 2026-09,medium
SANGJIAJING-P0355-L-02,SANGJIAJING,355,L,2,7:,me²¹ le³¹ fa⁴⁴ bɒ²¹ 2li³³,me21 le31 fa44 bp21 2133,ok,0.80,5,妻 手 箱 边 拿,妻子 扯 风 箱,UNKNOWN,扫描 OCR + IPA 锚点版面解析（四行对照） | 整理日期 2026-09,medium
SANGJIAJING-P0355-L-03,SANGJIAJING,355,L,3,住 7科 办 Z4,tshi²¹ 4u³³ tsi³³ de²¹,tshi21 4u33 tsi33 de21,suspect,0.75,4,狗 舌 水 响 打,狗 舔 水 声 般,UNKNOWN,扫描 OCR + IPA 锚点版面解析（四行对照） | 整理日期 2026-09,medium
SANGJIAJING-P0355-L-04,SANGJIAJING,355,L,4,Z Z4 住 中,,ve31 4D33 tsi33 4055 2133,failed,0.40,5,猪 舌 水 响 荡,猪 嘬 水 声 般,UNKNOWN,扫描 OCR + IPA 锚点版面解析（四行对照） | 整理日期 2026-09,medium
SANGJIAJING-P0355-L-05,SANGJIAJING,355,L,5,日 W,,mx 44 eru 1033 tsiss,failed,0.33,3,铁 夹 水 处 淬,铁钩 水 里淬,UNKNOWN,扫描 OCR + IPA 锚点版面解析（四行对照） | 整理日期 2026-09,medium
SANGJIAJING-P0355-R-01,SANGJIAJING,355,R,1,特 学 ± 口,mx ⁴⁴ mi²¹ bu²¹ lu³³ tu³³,mx 44 m121 bu²1 lu33 tu33,ok,0.80,5,铁 屑 蝴 蝶 飞,铁 屑 似 蝶 飞,UNKNOWN,扫描 OCR + IPA 锚点版面解析（四行对照） | 整理日期 2026-09,medium
SANGJIAJING-P0355-R-02,SANGJIAJING,355,R,2,? 事,de²¹ khu²¹ ⁴⁴ li⁰⁴4 tsa ⁵⁵ xu,de21 khu21 44 1044 tsa 55 xu,ok,0.83,6,打 声 铁 石 碰,锤 声 似 击 石,UNKNOWN,扫描 OCR + IPA 锚点版面解析（四行对照） | 整理日期 2026-09,medium
SANGJIAJING-P0356-L-01,SANGJIAJING,356,L,1,,,33 44 4D21 tsi33 mu mx gess,failed,0.20,5,树 高 桑 枝 叶,高拔 桑 树 叶,UNKNOWN,扫描 OCR + IPA 锚点版面解析（四行对照） | 整理日期 2026-09,medium
SANGJIAJING-P0356-L-02,SANGJIAJING,356,L,2,未 抹 下 及 全,dess ²¹ q2e⁴⁴ ²¹ dle³³,dess 21 q²e44 21 dle33,suspect,0.50,4,伙 大 篮 大 满,伙 子 大 蓝 满,UNKNOWN,扫描 OCR + IPA 锚点版面解析（四行对照） | 整理日期 2026-09,medium
SANGJIAJING-P0356-L-03,SANGJIAJING,356,L,3,田 光,lu²¹ ⁵⁵ qe⁴⁴ ⁵⁵ dle³³ na na,lu²1 55 qe44 55 dle33 na na,suspect,0.50,6,少 小 篮 小 满,少 年 小 篮 满,UNKNOWN,扫描 OCR + IPA 锚点版面解析（四行对照） | 整理日期 2026-09,medium
SANGJIAJING-P0356-L-04,SANGJIAJING,356,L,4,去,li³³ dlo²¹ di²¹ ⁹⁰³¹,133 dlo21 d121 9031,suspect,0.75,4,跨 的 返 回 来,快步返身 跑,UNKNOWN,扫描 OCR + IPA 锚点版面解析（四行对照） | 整理日期 2026-09,medium
SANGJIAJING-P0356-R-01,SANGJIAJING,356,R,1,,⁴⁴ ³¹ bi²¹ bu³³ tsh³³ md qo,44 31 b121 bu33 tsh33 md qo,suspect,0.50,6,返 回 到 河 边,返 回 到 河 边,UNKNOWN,扫描 OCR + IPA 锚点版面解析（四行对照） | 整理日期 2026-09,medium
SANGJIAJING-P0356-R-02,SANGJIAJING,356,R,2,HA,ne ⁴⁴ ssm phe⁴⁴ ni³³,ne 44 ssm phe44 ni33,ok,1.00,3,我 看 对 面 着,顺 河看 对 面,UNKNOWN,扫描 OCR + IPA 锚点版面解析（四行对照） | 整理日期 2026-09,medium
SANGJIAJING-P0356-R-03,SANGJIAJING,356,R,3,每 7,tho²¹ da 4 zi³³ mu ³³ te³³,tho21 da 4 zi33 mu 33 te33,suspect,0.75,4,松 断 柱 做 栽,松 木 做 桥 柱,UNKNOWN,扫描 OCR + IPA 锚点版面解析（四行对照） | 整理日期 2026-09,medium
SANGJIAJING-P0356-R-04,SANGJIAJING,356,R,4,开,,qo21 mG 334h33 m.1 pu 33 mu,failed,0.40,5,沙松 筒 梁 做 铺,沙 松木 铺 面,UNKNOWN,扫描 OCR + IPA 锚点版面解析（四行对照） | 整理日期 2026-09,medium
SANGJIAJING-P0357-L-01,SANGJIAJING,357,L,1,,zɔs tsu kɒ³³ mu³³,"Z.O""S tsu kD33 mu33",suspect,0.50,2,我 桥 我 过 的,我 桥 我 自 过,UNKNOWN,扫描 OCR + IPA 锚点版面解析（四行对照） | 整理日期 2026-09,medium
SANGJIAJING-P0357-L-02,SANGJIAJING,357,L,2,去 为,dlo²¹ di²¹ kɒ³³ ⁹⁰³¹ li³³,"dlo21 d121 kD33 9031 1,33",ok,0.80,5,跨 的 走 回 来,回 快 步 跑 来,UNKNOWN,扫描 OCR + IPA 锚点版面解析（四行对照） | 整理日期 2026-09,medium
SANGJIAJING-P0357-L-03,SANGJIAJING,357,L,3,W .to,kɒ³³ qo ³¹ ius he³³ tsh³³,kD33 qo 31 Iu*s he33 tsh33,suspect,0.50,4,走 家 到 回 自,回 到自 家 屋,UNKNOWN,扫描 OCR + IPA 锚点版面解析（四行对照） | 整理日期 2026-09,medium
SANGJIAJING-P0357-L-04,SANGJIAJING,357,L,4,金Ω,4u³³ kɒ²¹ tho³³ 1a³³ tce ⁴⁴,4u33 kD²1 tho33 1a33 tce 44,suspect,0.60,5,银 筛底 来 凉,凉 在 银 筛 底,UNKNOWN,扫描 OCR + IPA 锚点版面解析（四行对照） | 整理日期 2026-09,medium
SANGJIAJING-P0357-L-05,SANGJIAJING,357,L,5,3 金,si³³ tho³³ tsh³³ kɒ²¹ li³³,"si33 tho33 tsh,33 kD21 133",ok,0.80,5,金 筛底 来 下,撒落金 筛底,UNKNOWN,扫描 OCR + IPA 锚点版面解析（四行对照） | 整理日期 2026-09,medium
SANGJIAJING-P0357-R-01,SANGJIAJING,357,R,1,Z437 7水,,tsh33 tsh33 bu2 do21,failed,0.00,3,下 下 虫 旁 落,桑 叶 落 蚕 间,UNKNOWN,扫描 OCR + IPA 锚点版面解析（四行对照） | 整理日期 2026-09,medium
SANGJIAJING-P0357-R-02,SANGJIAJING,357,R,2,九,⁰⁵5 bu²¹ ne³³ tɒ³³,0.55 bu21 ne33 tD33,suspect,0.75,4,虫 头 摇 也 起,动头 蚕 蛹 摆,UNKNOWN,扫描 OCR + IPA 锚点版面解析（四行对照） | 整理日期 2026-09,medium
SANGJIAJING-P0357-R-03,SANGJIAJING,357,R,3,N. 九,,bu21 tsh:33 4D21 ne 33 hy31,failed,0.40,5,蚕 脚 叶 也 站,蚕 蛹 爬 上 叶,UNKNOWN,扫描 OCR + IPA 锚点版面解析（四行对照） | 整理日期 2026-09,medium
SANGJIAJING-P0357-R-04,SANGJIAJING,357,R,4,鸟 九 目,bu²¹ ni³³ tsɒ³³ ng³³ t⁰³3,bu²1 ni3! tsp33 ng33 t$033,suspect,0.60,5,蚕 饿 饭 也 有,蚕 饿 有 食 吃,UNKNOWN,扫描 OCR + IPA 锚点版面解析（四行对照） | 整理日期 2026-09,medium
SANGJIAJING-P0357-R-05,SANGJIAJING,357,R,5,号 田,zi³¹ tsh³³ bu²¹ mp ²¹ li³⁰³³,zi31 tsh33 bu21 mp 21 13033,suspect,0.60,5,虫 睡 床 不 有,没有 作茧 床,UNKNOWN,扫描 OCR + IPA 锚点版面解析（四行对照） | 整理日期 2026-09,medium
SANGJIAJING-P0358-L-01,SANGJIAJING,358,L,1,,siss tsh³³ yo²¹ bu²¹ ne⁴⁴,siss tsh:33 yo21 bu²1 ne44,ok,1.00,4,菜 籽 虫 黑 窝,菜 籽 铺 作 床,UNKNOWN,扫描 OCR + IPA 锚点版面解析（四行对照） | 整理日期 2026-09,medium
SANGJIAJING-P0358-L-02,SANGJIAJING,358,L,2,特 WI π,kɒ³³ thi²¹ kɒ³³ dzi²¹ mo²¹,kp33 thi21 kD33 dzi21 mo21,ok,1.00,5,官老 路 边 路,路 旁 之 首物,UNKNOWN,扫描 OCR + IPA 锚点版面解析（四行对照） | 整理日期 2026-09,medium
SANGJIAJING-P0358-L-03,SANGJIAJING,358,L,3,去 中 特 π,mos ⁴⁰⁵⁵ kɒ³³ dzi²¹ mo²¹,"mo""s 4055 kD33 dzi21 mo21",ok,1.00,4,高 梁 路 官老,高 梁 物 之首,UNKNOWN,扫描 OCR + IPA 锚点版面解析（四行对照） | 整理日期 2026-09,medium
SANGJIAJING-P0358-L-04,SANGJIAJING,358,L,4,中 全 &,,405s yu² bu2i de44 kyss,failed,0.00,3,梁 杆 虫 上 架,高粱杆 作架,UNKNOWN,扫描 OCR + IPA 锚点版面解析（四行对照） | 整理日期 2026-09,medium
SANGJIAJING-P0358-R-01,SANGJIAJING,358,R,1,A州A泌,bu²¹ hu³³ t the³³,bu²1 Hu3t the33,ok,1.00,3,虫 白 线 白 抽,白 茧 扯 白 丝,UNKNOWN,扫描 OCR + IPA 锚点版面解析（四行对照） | 整理日期 2026-09,medium
SANGJIAJING-P0358-R-02,SANGJIAJING,358,R,2,州,tgh²³ si³³ bu²¹ ni ⁴⁴ ɒi4,tgh23 si33 bu21 ni :44 Di4,ok,0.80,5,虫 红 线 红 抽,红 茧 抽 红 丝,UNKNOWN,扫描 OCR + IPA 锚点版面解析（四行对照） | 整理日期 2026-09,medium
SANGJIAJING-P0358-R-03,SANGJIAJING,358,R,3,3 子,bu²¹ si³³ tche³³,bu21 si33 tche33,ok,1.00,3,虫 金 线 金 抽,黄茧抽 黄 丝,UNKNOWN,扫描 OCR + IPA 锚点版面解析（四行对照） | 整理日期 2026-09,medium
SANGJIAJING-P0358-R-04,SANGJIAJING,358,R,4,子,,bu²p²tcepe3,failed,0.00,1,虫灰 线灰 抽,灰 茧 抽 灰 丝,UNKNOWN,扫描 OCR + IPA 锚点版面解析（四行对照） | 整理日期 2026-09,medium
SANGJIAJING-P0358-R-05,SANGJIAJING,358,R,5,子,,bu²l tce h33 mb 33 SD 33,failed,0.33,3,虫线 抽 完 了,茧 毕 丝 完,UNKNOWN,扫描 OCR + IPA 锚点版面解析（四行对照） | 整理日期 2026-09,medium
SANGJIAJING-P0359-L-01,SANGJIAJING,359,L,1,亏 开,ne2 bu tch³³ ni³³ ob ³³,ne² bu?! tch33 ni33 ob 33,suspect,0.67,3,日 吉 虫 线 拉,吉 昼 拉 蚕 丝,UNKNOWN,扫描 OCR + IPA 锚点版面解析（四行对照） | 整理日期 2026-09,medium
SANGJIAJING-P0359-L-02,SANGJIAJING,359,L,2,ZZ 开,,"he31 30 21 ZO"" 55 tc""e""t""e h33h21",failed,0.33,6,夜 吉 我 线 团,吉 夜 绕 丝 线,UNKNOWN,扫描 OCR + IPA 锚点版面解析（四行对照） | 整理日期 2026-09,medium
SANGJIAJING-P0359-L-03,SANGJIAJING,359,L,3,@,4u³³ tcheku³³ t tshi³³ the²¹,4u33 tcheku3t tsh133the21,suspect,0.50,4,白 线九 十 团,白 线九 十 团,UNKNOWN,扫描 OCR + IPA 锚点版面解析（四行对照） | 整理日期 2026-09,medium
SANGJIAJING-P0359-L-04,SANGJIAJING,359,L,4,3 4,si³³ tch3kw³³ tsh³³ the²¹,si33 tch3kw33 tsh33the21,suspect,0.50,4,金 线九 十 团,黄 线 九 十 团,UNKNOWN,扫描 OCR + IPA 锚点版面解析（四行对照） | 整理日期 2026-09,medium
SANGJIAJING-P0359-R-01,SANGJIAJING,359,R,1,Dz Z,ni²¹ ʊi³³ si³³ surs nu ³³,ni²1 VI33 si33 sur's nu? 33,suspect,0.50,4,彝 家 她 三 女,彝 家 三 姊 妹,UNKNOWN,扫描 OCR + IPA 锚点版面解析（四行对照） | 整理日期 2026-09,medium
SANGJIAJING-P0359-R-02,SANGJIAJING,359,R,2,3 田,si³³ di³³ mɒ²¹ t⁰³3 ⁰³1,si33 di33 mp21 t$033 031,suspect,0.60,5,挽 线 坝 不 有,挽 线 无 场 地,UNKNOWN,扫描 OCR + IPA 锚点版面解析（四行对照） | 整理日期 2026-09,medium
SANGJIAJING-P0359-R-03,SANGJIAJING,359,R,3,与 日,tsh³³ sɒ³³ li⁰³3 ni²¹,tsh33 SD33 1033 n1²1,suspect,0.75,4,十 二 坝 阔 处,十 二 场 坝 地,UNKNOWN,扫描 OCR + IPA 锚点版面解析（四行对照） | 整理日期 2026-09,medium
SANGJIAJING-P0359-R-04,SANGJIAJING,359,R,4,3 每 刀,si³³ ³¹ mu³³ bi²¹,si33 31 mu33 b121,suspect,0.75,4,挽 线 坝 做 给,作挽 线场 选,UNKNOWN,扫描 OCR + IPA 锚点版面解析（四行对照） | 整理日期 2026-09,medium
SANGJIAJING-P0360-L-01,SANGJIAJING,360,L,1,九4 3,ku³³ t tshi³³ ku⁵⁵ thu,ku3t tsh13ku5thu,ok,1.00,4,九 十九 截 挽,挽 九 十 九 截,UNKNOWN,扫描 OCR + IPA 锚点版面解析（四行对照） | 整理日期 2026-09,medium
SANGJIAJING-P0360-L-02,SANGJIAJING,360,L,2,与 # 3,ni²¹ hɒ³³ tsi³³ bur⁴⁴,ni21 hp33 ts133 bur44,ok,1.00,4,百 二 十 缎 挽,挽 百 二 十 缎,UNKNOWN,扫描 OCR + IPA 锚点版面解析（四行对照） | 整理日期 2026-09,medium
SANGJIAJING-P0360-L-03,SANGJIAJING,360,L,3,3,mb ³³ e³¹ sɒ³³,mb 33 e31 SD33,suspect,0.67,3,我 线 挽 完 了,把 线 挽 完 了,UNKNOWN,扫描 OCR + IPA 锚点版面解析（四行对照） | 整理日期 2026-09,medium
SANGJIAJING-P0360-L-04,SANGJIAJING,360,L,4,Dz Z,,n1²1 V133 si33 55 su mu,failed,0.40,5,家 她 三 女,彝 家 三 姊 妹,UNKNOWN,扫描 OCR + IPA 锚点版面解析（四行对照） | 整理日期 2026-09,medium
SANGJIAJING-P0360-L-05,SANGJIAJING,360,L,5,7.0 去 会会,tshi²¹ 3 tɒ³³,tshi21 3 tD33,suspect,0.50,2,我 布 织 的 起,准 备 丝 布 织,UNKNOWN,扫描 OCR + IPA 锚点版面解析（四行对照） | 整理日期 2026-09,medium
SANGJIAJING-P0360-R-01,SANGJIAJING,360,R,1,画 分,tshu²¹ lu²¹ dɒ²¹ ze ³¹ zɒ,tshu21 lu21 dp21 ze 31 ZD,ok,1.00,5,澄 江 分 线 框,澄 江 分 线 框,UNKNOWN,扫描 OCR + IPA 锚点版面解析（四行对照） | 整理日期 2026-09,medium
SANGJIAJING-P0360-R-02,SANGJIAJING,360,R,2,见 A Z,du2i pur³³ 4u³³ e³¹ niss,du²i pur33 4u33 e31 niss,suspect,0.50,4,宜 良 银 布 轴,宜 良 银 布 轴,UNKNOWN,扫描 OCR + IPA 锚点版面解析（四行对照） | 整理日期 2026-09,medium
SANGJIAJING-P0360-R-03,SANGJIAJING,360,R,3,W 7开,,dzi2 lu?s ze 31 dly4,failed,0.00,2,路 南 铜 踩 板,路 南 铜 踩 板,UNKNOWN,扫描 OCR + IPA 锚点版面解析（四行对照） | 整理日期 2026-09,medium
SANGJIAJING-P0361-L-01,SANGJIAJING,361,L,1,效 ? 7,a²¹ li⁰⁴4 dly⁴⁴ mes ⁰³1,A21 1044 dly44 me's 031,suspect,0.75,4,阿 罗 织 踩 尾,阿 罗 制 支 架,UNKNOWN,扫描 OCR + IPA 锚点版面解析（四行对照） | 整理日期 2026-09,medium
SANGJIAJING-P0361-L-02,SANGJIAJING,361,L,2,Dz 飞 Z 面,ni²¹ ʊi³³ si³³ ss nu ³³,ni²1 VI33 si33 s's nu 33,suspect,0.75,4,彝 家 她 三 女,彝 家 三 姊 妹,UNKNOWN,扫描 OCR + IPA 锚点版面解析（四行对照） | 整理日期 2026-09,medium
SANGJIAJING-P0361-L-03,SANGJIAJING,361,L,3,W 泛張 7.0,kh⁰³3 t tshi²¹ tsi³³ tci4 1ɒ³³,kh033 t tshi21 tsi33 tci4 1D33,suspect,0.50,4,天 样 套 的 织,布美如 冏日 月,UNKNOWN,扫描 OCR + IPA 锚点版面解析（四行对照） | 整理日期 2026-09,medium
SANGJIAJING-P0361-R-01,SANGJIAJING,361,R,1,子 日 号,ms mu²¹ li⁰³3 ni³³ ne ⁴⁴,ms mu21 1033 ni33 ne 44,ok,1.00,4,夜 看 天 处 着,夜 里 观 天 空,UNKNOWN,扫描 OCR + IPA 锚点版面解析（四行对照） | 整理日期 2026-09,medium
SANGJIAJING-P0361-R-02,SANGJIAJING,361,R,2,WI 亏 O 张 光,thi²¹ ni³³ 4ɒ³³ zi⁴⁴ leap,thi21 ni33 4D33 zi44 leap,ok,0.80,5,一 日 月 影 结,布 白 如 月 光,UNKNOWN,扫描 OCR + IPA 锚点版面解析（四行对照） | 整理日期 2026-09,medium
SANGJIAJING-P0361-R-03,SANGJIAJING,361,R,3,O 瓷 民 去 7.0,4ɒ³³ kh⁰³3 bɒ³³ ip³³ tshi²¹,4D33 kh033 bD33 Ip33 tshi21,suspect,0.60,5,月 样 亮 的 织,月 白 为 标 准,UNKNOWN,扫描 OCR + IPA 锚点版面解析（四行对照） | 整理日期 2026-09,medium
SANGJIAJING-P0361-R-04,SANGJIAJING,361,R,4,D2 Z,ni²¹ ʊli³³ si³³ ⁵⁵ su,n121 V133 si33 55 su,suspect,0.60,5,葬 家 她 三 女,彝家 三冏 姊 妹,UNKNOWN,扫描 OCR + IPA 锚点版面解析（四行对照） | 整理日期 2026-09,medium
SANGJIAJING-P0362-L-01,SANGJIAJING,362,L,1,nI 亏 张 7.0,thi²¹ ni³³ tshi2,th121 ni33 tshi2,ok,1.00,3,日 星 影 织 一,布 织 星 图 案,UNKNOWN,扫描 OCR + IPA 锚点版面解析（四行对照） | 整理日期 2026-09,medium
SANGJIAJING-P0362-L-02,SANGJIAJING,362,L,2,张E 7.0,,tce 33 :44 reap 1D33 tshi21 Z1,failed,0.40,5,星 影 戴 的 织,星 图 案 精 美,UNKNOWN,扫描 OCR + IPA 锚点版面解析（四行对照） | 整理日期 2026-09,medium
SANGJIAJING-P0362-R-01,SANGJIAJING,362,R,1,张E 光 每 7.0,,leap mu33 tshi21 33,failed,0.33,3,襄 影 戴 的 织,襄 形 图 精 美,UNKNOWN,扫描 OCR + IPA 锚点版面解析（四行对照） | 整理日期 2026-09,medium
SANGJIAJING-P0362-R-02,SANGJIAJING,362,R,2,子 日 了 配,m²¹ li⁰³3 te³³ ɒ⁰³3,m²1 1033 te33 D033,suspect,0.75,4,天 处 云 戴 见,空 中票 飘白 云,UNKNOWN,扫描 OCR + IPA 锚点版面解析（四行对照） | 整理日期 2026-09,medium
SANGJIAJING-P0363-L-01,SANGJIAJING,363,L,1,亏 了 张,,th21 re&p ni33 te33 .,failed,0.33,3,一 日 云 影 戴,日 织 白 云 图,UNKNOWN,扫描 OCR + IPA 锚点版面解析（四行对照） | 整理日期 2026-09,medium
SANGJIAJING-P0363-L-02,SANGJIAJING,363,L,2,张 每70,te³³ 2i4 re p mu³³ tshi²¹,te33 2i4 re&p mu33 tshi21,suspect,0.67,3,云 影 戴 的 织,白 精 美 云 图,UNKNOWN,扫描 OCR + IPA 锚点版面解析（四行对照） | 整理日期 2026-09,medium
SANGJIAJING-P0363-L-03,SANGJIAJING,363,L,3,日 了 配,,m3 1033 33 pu te33 D033,failed,0.25,4,地 上 山 峦 见,山 峦 迭 起 伏,UNKNOWN,扫描 OCR + IPA 锚点版面解析（四行对照） | 整理日期 2026-09,medium
SANGJIAJING-P0363-L-04,SANGJIAJING,363,L,4,nI 亏 张,thi²¹ zi⁴⁴ 0li³³ pu ³³ re p,th121 zi44 013 pu 33 re&p,ok,0.80,5,一 日 山 影 戴,日 织 山 峦 图,UNKNOWN,扫描 OCR + IPA 锚点版面解析（四行对照） | 整理日期 2026-09,medium
SANGJIAJING-P0363-R-01,SANGJIAJING,363,R,1,张 7.0,,33 44 dy31 tshi21 pu Z1 1D33,failed,0.20,5,山 影 戴 的 织,山 峦 图 精 美,UNKNOWN,扫描 OCR + IPA 锚点版面解析（四行对照） | 整理日期 2026-09,medium
SANGJIAJING-P0363-R-02,SANGJIAJING,363,R,2,飞 介 日,nu ⁵⁵ ne ⁴⁴ mi³³ li⁰³3 ni⁴⁴,nu 55 ne 44 m133 1033 ni44,ok,1.00,5,女 看 地 处 着,织 女 看 大 地,UNKNOWN,扫描 OCR + IPA 锚点版面解析（四行对照） | 整理日期 2026-09,medium
SANGJIAJING-P0363-R-03,SANGJIAJING,363,R,3,介 日 用 张 配,mi³³ li⁰³3 ɒ⁰³,m133 1033 D03,ok,1.00,3,地 上 草 影 见,青 草 绿 如 茵,UNKNOWN,扫描 OCR + IPA 锚点版面解析（四行对照） | 整理日期 2026-09,medium
SANGJIAJING-P0363-R-04,SANGJIAJING,363,R,4,mI 亏 张E,,th21 ni33 siss re&p,failed,0.33,3,一 日 草 影 戴,日 织 青 草 图,UNKNOWN,扫描 OCR + IPA 锚点版面解析（四行对照） | 整理日期 2026-09,medium
SANGJIAJING-P0363-R-05,SANGJIAJING,363,R,5,用 张 光 70,,siss tshi21 2i144 leap mu 33,failed,0.00,3,草 影 戴 的 织,青草 图 精美,UNKNOWN,扫描 OCR + IPA 锚点版面解析（四行对照） | 整理日期 2026-09,medium
SANGJIAJING-P0364-L-01,SANGJIAJING,364,L,1,企 日 ? 张 配,zi⁴⁴ m1 ³³ li⁰³3 li0 4 ɒ⁰³,zi44 m1 33 1033 10 4 D03,suspect,0.50,4,地 处 石 影 见,奇 石 立 一 一,UNKNOWN,扫描 OCR + IPA 锚点版面解析（四行对照） | 整理日期 2026-09,medium
SANGJIAJING-P0364-L-02,SANGJIAJING,364,L,2,nI 号 张 ?,zi¹⁴ th²¹ ni³³ li0 4 dy³¹,zi14 th21 n133 10 4 dy31,suspect,0.50,4,日 石 影 戴 一,日 织 奇 石 图,UNKNOWN,扫描 OCR + IPA 锚点版面解析（四行对照） | 整理日期 2026-09,medium
SANGJIAJING-P0364-R-01,SANGJIAJING,364,R,1,O WI 司 电,xw ⁴⁴ thi²¹ lu²¹ t⁰³3 tu³³,xw 44 th121 lu21 t$033 tu33,suspect,0.60,5,湖 中 龙 在 地,湖 池 游 蛟 龙,UNKNOWN,扫描 OCR + IPA 锚点版面解析（四行对照） | 整理日期 2026-09,medium
SANGJIAJING-P0364-R-02,SANGJIAJING,364,R,2,IU 亏 光 A 张E,th²¹ ni³³ lu²¹ dy³¹,th21 ni33 lu21 dy31 .,suspect,0.50,4,日 龙 影 戴 一,日 织 蛟 龙 图,UNKNOWN,扫描 OCR + IPA 锚点版面解析（四行对照） | 整理日期 2026-09,medium
SANGJIAJING-P0364-R-03,SANGJIAJING,364,R,3,张E 光 7.0,lu²¹ zi⁴⁴ reap mu ³³ tshi²¹,lu21 zi44 reap mu 33 tshi21,suspect,0.75,4,龙 影 戴 的 织,蛟 龙 图 精 美,UNKNOWN,扫描 OCR + IPA 锚点版面解析（四行对照） | 整理日期 2026-09,medium
SANGJIAJING-P0364-R-04,SANGJIAJING,364,R,4,Dz 飞 Z,ʊli³³ si³³ ni2 ⁵⁵ mu ³³,V133 si33 ni2! 55 mu 33,suspect,0.75,4,葬 家 她 三 女,彝家 三 姊 妹,UNKNOWN,扫描 OCR + IPA 锚点版面解析（四行对照） | 整理日期 2026-09,medium
SANGJIAJING-P0365-L-01,SANGJIAJING,365,L,1,亏 卡,ni³³ th²¹ me³³ thu³¹,ni33 th21 me33 thu31,suspect,0.75,4,一 日 我 名 出,盛 名 天 下 扬,UNKNOWN,扫描 OCR + IPA 锚点版面解析（四行对照） | 整理日期 2026-09,medium
SANGJIAJING-P0365-L-02,SANGJIAJING,365,L,2,D2 四至,ni²¹ me³³ dza⁴⁴ li³³ pe h³³,"n121 me33 dza44 1,33 p""e h33",ok,1.00,5,抢 葬 名 贼 来,彝 名被 贼 抢,UNKNOWN,扫描 OCR + IPA 锚点版面解析（四行对照） | 整理日期 2026-09,medium
SANGJIAJING-P0365-L-03,SANGJIAJING,365,L,3,Dz 77,ni²¹ gu²¹ tshi³³ do²¹,n121 gu²1 tshi33 do21,ok,1.00,4,彝 奔 脚 落 大,彝 奔 脚 步 大,UNKNOWN,扫描 OCR + IPA 锚点版面解析（四行对照） | 整理日期 2026-09,medium
SANGJIAJING-P0365-L-04,SANGJIAJING,365,L,4,至 光,dzɒ⁴⁴ ⁴⁴ tshi³³ do²¹ na ⁵⁵,dzD44 44 tshi33 do21 na 55,ok,0.80,5,贼 奔 脚 落 小,贼奔脚 步 小,UNKNOWN,扫描 OCR + IPA 锚点版面解析（四行对照） | 整理日期 2026-09,medium
SANGJIAJING-P0365-R-01,SANGJIAJING,365,R,1,Dz 如丰 的,qe³¹ ni²¹ pu dzɒ4 du³³,qe31 n1²1 pu dzD4 du33,suspect,0.67,3,彝 返 贼 后 赶,彝 人 追 赶 贼,UNKNOWN,扫描 OCR + IPA 锚点版面解析（四行对照） | 整理日期 2026-09,medium
SANGJIAJING-P0365-R-02,SANGJIAJING,365,R,2,W,dza⁴⁴ qe³¹ lus d3 tsh³³,dza44 qe31 lu's d3 tsh:33,suspect,0.67,3,贼 赶 路 南 到,南 追 贼 至 路,UNKNOWN,扫描 OCR + IPA 锚点版面解析（四行对照） | 整理日期 2026-09,medium
SANGJIAJING-P0365-R-03,SANGJIAJING,365,R,3,田,dzɒ⁴⁴ tshi²¹ dzɒ²¹ mɒ²¹ me ³³,dZD44 tshi21 dzD21 mp²1 me 33,ok,1.00,5,早饭 贼 吃 不 及,未 及 吃 早 饭,UNKNOWN,扫描 OCR + IPA 锚点版面解析（四行对照） | 整理日期 2026-09,medium
SANGJIAJING-P0365-R-04,SANGJIAJING,365,R,4,至 见州,dza tsh³³ qe³¹ dur²¹ pu³³,dza tsh:33 qe31 dur²1 pu33,ok,1.00,4,贼 追 宜 良 到,追 贼 到 宜 良,UNKNOWN,扫描 OCR + IPA 锚点版面解析（四行对照） | 整理日期 2026-09,medium
SANGJIAJING-P0365-R-05,SANGJIAJING,365,R,5,田 飞,dzɒ mp ²¹ me ³³,dzD mp 21 me 33,ok,1.00,2,贼 晚饭 吃 不 及,未及 晚饭 吃,UNKNOWN,扫描 OCR + IPA 锚点版面解析（四行对照） | 整理日期 2026-09,medium
SANGJIAJING-P0366-L-01,SANGJIAJING,366,L,1,至日 分 N.,tsh³³ dza ⁴⁴ qe³¹ qo ⁵⁵ zɒ²¹,tsh;33 dza 44 qe31 qo 55 ZD21,ok,0.80,5,贼 追 昆 明 到,追 贼 至 昆 明,UNKNOWN,扫描 OCR + IPA 锚点版面解析（四行对照） | 整理日期 2026-09,medium
SANGJIAJING-P0366-L-02,SANGJIAJING,366,L,2,至 女 的,,dza du3 qe3i ne33 mg33,failed,0.25,4,贼 后 追 也 及,追 上 了 盗 贼,UNKNOWN,扫描 OCR + IPA 锚点版面解析（四行对照） | 整理日期 2026-09,medium
SANGJIAJING-P0366-L-03,SANGJIAJING,366,L,3,分 至 3E,,1e33 9oSs ZD dza44 da 4,failed,0.33,3,昆 明 贼 脖 断,昆 明 砍 贼 头,UNKNOWN,扫描 OCR + IPA 锚点版面解析（四行对照） | 整理日期 2026-09,medium
SANGJIAJING-P0366-R-01,SANGJIAJING,366,R,1,答 3E Z,,1e33 da 44 siss dzedze,failed,0.33,3,脖 断 血 淋 淋,砍 脖 淋 淋 血,UNKNOWN,扫描 OCR + IPA 锚点版面解析（四行对照） | 整理日期 2026-09,medium
SANGJIAJING-P0366-R-02,SANGJIAJING,366,R,2,Dz,ni²¹ me ³³ h³³ qo ³¹ lh³³,"n1²1 me"" 33 h33 qo 31 lh,33",suspect,0.60,5,葬 名 抢 回 来,彝 名 抢 回 来,UNKNOWN,扫描 OCR + IPA 锚点版面解析（四行对照） | 整理日期 2026-09,medium
SANGJIAJING-P0366-R-03,SANGJIAJING,366,R,3,Dz 日,ni³³ tci³³ li⁰³3 se³³ tce,n133 tc133 1033 Se33 tce,ok,1.00,5,彝 汉 甸 梁 处,彝 汉 赶 集 场,UNKNOWN,扫描 OCR + IPA 锚点版面解析（四行对照） | 整理日期 2026-09,medium
SANGJIAJING-P0366-R-04,SANGJIAJING,366,R,4,四星风,,phu21 tchi44 33 33 ne me,failed,0.40,5,名 款 抓 也 及,售 布 筹 名 款,UNKNOWN,扫描 OCR + IPA 锚点版面解析（四行对照） | 整理日期 2026-09,medium
SANGJIAJING-P0366-R-05,SANGJIAJING,366,R,5,女,me³³ phu²¹ me du³³ tsho²¹,me33 phu²1 me du33 tsho21,suspect,0.75,4,名 款 名 缘 行,筹名款 为 忙,UNKNOWN,扫描 OCR + IPA 锚点版面解析（四行对照） | 整理日期 2026-09,medium
SANGJIAJING-P0367-L-01,SANGJIAJING,367,L,1,用 世勿,si⁵⁵ s nɒ²¹ th²¹ thu³³ vu²¹,si5s np21 th21 thu33 vu21,ok,0.80,5,首先 卖 一 截,先 卖 一 截 布,UNKNOWN,扫描 OCR + IPA 锚点版面解析（四行对照） | 整理日期 2026-09,medium
SANGJIAJING-P0367-L-02,SANGJIAJING,367,L,2,田 Z 九,²¹ si³³ bi²¹ mp bi²¹ ne³³,21 si33 bi21 mp b121 ne33,ok,0.80,5,不 给 他 也 给,一 问 买 主 一,UNKNOWN,扫描 OCR + IPA 锚点版面解析（四行对照） | 整理日期 2026-09,medium
SANGJIAJING-P0367-L-03,SANGJIAJING,367,L,3,九老不 分,tshi²¹ qhx³¹ dzi2l zɒ³³ bi²¹,tshi21 qhx31 dzi²l ZD33 b121,suspect,0.50,4,皂 役 官 儿 给,卖 给 官 与 吏,UNKNOWN,扫描 OCR + IPA 锚点版面解析（四行对照） | 整理日期 2026-09,medium
SANGJIAJING-P0367-L-04,SANGJIAJING,367,L,4,G 西,,fess 21 33 re&p ms me mu33,failed,0.33,3,案 名 穿 的,名为 审 案 衣,UNKNOWN,扫描 OCR + IPA 锚点版面解析（四行对照） | 整理日期 2026-09,medium
SANGJIAJING-P0367-L-05,SANGJIAJING,367,L,5,女 勿 7#,du³³ thi2thu³³ vu²¹ nɒ³³,du33 th12thu33 vu²1 np33,suspect,0.75,4,后 来 一 截 卖,后卖 一 截布,UNKNOWN,扫描 OCR + IPA 锚点版面解析（四行对照） | 整理日期 2026-09,medium
SANGJIAJING-P0367-R-01,SANGJIAJING,367,R,1,田 Z: 九,bi²¹ si³³ ne³³ bi²¹,b121 si33 ne33 b121,ok,1.00,4,不 给 他 也 给,一 一 问 卖 主,UNKNOWN,扫描 OCR + IPA 锚点版面解析（四行对照） | 整理日期 2026-09,medium
SANGJIAJING-P0367-R-02,SANGJIAJING,367,R,2,田 Z 九,,21 si33 33 mp ne Ve33,failed,0.25,4,不 买 他 也 买,唯 有 他 来 买,UNKNOWN,扫描 OCR + IPA 锚点版面解析（四行对照） | 整理日期 2026-09,medium
SANGJIAJING-P0367-R-03,SANGJIAJING,367,R,3,九 安,khi³³ ne³³ li³³ ʊe³³,"kh133 ne33 1,33 Ve.33",suspect,0.75,4,他 也 将 来 买,兵 将 来 买 布,UNKNOWN,扫描 OCR + IPA 锚点版面解析（四行对照） | 整理日期 2026-09,medium
SANGJIAJING-P0367-R-04,SANGJIAJING,367,R,4,兵 将 来 买 布,,khp21 33 33 dy31 mu me,failed,0.20,5,名 的 拷 做 穿,名 为 施 刑 衣,UNKNOWN,扫描 OCR + IPA 锚点版面解析（四行对照） | 整理日期 2026-09,medium
SANGJIAJING-P0367-R-05,SANGJIAJING,367,R,5,女 勿 WI 74,du³³ thi²¹ thu³³ vu²¹ nɒ³³,du3 th1²1thu33 vu21 nD33,ok,1.00,5,后 来 一 截 卖,后又卖 一 截,UNKNOWN,扫描 OCR + IPA 锚点版面解析（四行对照） | 整理日期 2026-09,medium
SANGJIAJING-P0368-L-01,SANGJIAJING,368,L,1,安,,"A21 1y44 kur's 1,3 Ve33",failed,0.25,4,阿 勒 匠 来 买,阿 勒 工 匠 买,UNKNOWN,扫描 OCR + IPA 锚点版面解析（四行对照） | 整理日期 2026-09,medium
SANGJIAJING-P0368-L-02,SANGJIAJING,368,L,2,田 安 Z 九 安,,mp 21 si33 ne33 Ve33 Ve33,failed,0.40,5,不 买 别人 也 买,人 中 他 来 买,UNKNOWN,扫描 OCR + IPA 锚点版面解析（四行对照） | 整理日期 2026-09,medium
SANGJIAJING-P0368-L-03,SANGJIAJING,368,L,3,Bz 张4 口,ʊe³³ ni²¹ phu³³ t4u⁴⁴ li³³,Ve33 n121 phu33 t4u44 13,suspect,0.60,5,彝寨 人 来 买,彝家 人来 买,UNKNOWN,扫描 OCR + IPA 锚点版面解析（四行对照） | 整理日期 2026-09,medium
SANGJIAJING-P0368-R-01,SANGJIAJING,368,R,1,3,sɒ³³ duss me³³ mu ³³,SD33 duss me33 mu 33,suspect,0.67,3,稼 稿 名 的 穿,名 稿 衣 为 稼,UNKNOWN,扫描 OCR + IPA 锚点版面解析（四行对照） | 整理日期 2026-09,medium
SANGJIAJING-P0368-R-02,SANGJIAJING,368,R,2,Z,me ³³ reap nu³³ mu³³,me 33 reap nu33 mu33,suspect,0.67,3,名 戴 你 头 做,所 有 名 归 你,UNKNOWN,扫描 OCR + IPA 锚点版面解析（四行对照） | 整理日期 2026-09,medium
SANGJIAJING-P0368-R-03,SANGJIAJING,368,R,3,光 7世 开 Z出,kho²¹ si³³ ne2 ²¹ nu³³,kho21 si33 ne² 21 nu33,ok,1.00,4,柯 兴 诗 安 奴,柯 兴 诗 安 奴,UNKNOWN,扫描 OCR + IPA 锚点版面解析（四行对照） | 整理日期 2026-09,medium
SANGJIAJING-P0368-R-04,SANGJIAJING,368,R,4,# 7 Z,si⁴⁴ niss mx ⁴⁴ gu²¹ tsess,si44 niss mx 44 gu²1 tsess,ok,1.00,4,铁 犁 木 嘴 接,铁 铧 接 木犁,UNKNOWN,扫描 OCR + IPA 锚点版面解析（四行对照） | 整理日期 2026-09,medium
SANGJIAJING-P0369-L-01,SANGJIAJING,369,L,1,全 日,ag ⁵⁵ li⁰³3 tsh³³ thi²¹ ni³³,aG 55 1033 tsh:33 th121 ni33,ok,0.80,5,阴 处 到 一 日,到 阴 间 之 日,UNKNOWN,扫描 OCR + IPA 锚点版面解析（四行对照） | 整理日期 2026-09,medium
SANGJIAJING-P0369-L-02,SANGJIAJING,369,L,2,Z 光 X O,tshi²¹ 4ɒ³³ ʊi ³³ nɒ ³³,tshi21 4D33 VI 33 nD 33,suspect,0.50,4,冬 三 月 中,冬 三 月 期 间,UNKNOWN,扫描 OCR + IPA 锚点版面解析（四行对照） | 整理日期 2026-09,medium
SANGJIAJING-P0369-L-03,SANGJIAJING,369,L,3,冬 三 月 期 间,,55 VD21 dlp33 ness m133,failed,0.25,4,阴 地 雪 下 深,阴 间 积 雪 深,UNKNOWN,扫描 OCR + IPA 锚点版面解析（四行对照） | 整理日期 2026-09,medium
SANGJIAJING-P0369-L-04,SANGJIAJING,369,L,4,7世 子,mu²¹ hp zi³³ ness,mu²1 hp zi33 ness,ok,1.00,3,夏 天 雨 呢 深,地 上 雨 水 深,UNKNOWN,扫描 OCR + IPA 锚点版面解析（四行对照） | 整理日期 2026-09,medium
SANGJIAJING-P0369-R-01,SANGJIAJING,369,R,1,与 田 与,,IeP si33 reP enu mp 21,failed,0.00,2,别人 行 你 不 行,你 会 不 适 应,UNKNOWN,扫描 OCR + IPA 锚点版面解析（四行对照） | 整理日期 2026-09,medium
SANGJIAJING-P0369-R-02,SANGJIAJING,369,R,2,张,me ³³ z1 ⁴⁴ mu ³³ bi²¹ ny³³,me 33 Z1 :44 mu 33 br21 ny33,suspect,0.60,5,名 魂 做 给 你,与 你 阴 间 名,UNKNOWN,扫描 OCR + IPA 锚点版面解析（四行对照） | 整理日期 2026-09,medium
SANGJIAJING-P0369-R-03,SANGJIAJING,369,R,3,光 7世 子 开 Z4,kho²¹ gi³³ nu³³ ne²¹,kho21 G133 nu33 ne21,ok,1.00,4,柯 兴 诗 安 奴,柯 兴 诗 安 奴,UNKNOWN,扫描 OCR + IPA 锚点版面解析（四行对照） | 整理日期 2026-09,medium
SANGJIAJING-P0369-R-04,SANGJIAJING,369,R,4,子 Z 万,a²¹ si⁵⁵ s kh3 thɒ²¹ mu²¹,A21 si5s kh3 thD²1 mu21,suspect,0.75,4,天 以 前 那 时,过 去 之 时 日,UNKNOWN,扫描 OCR + IPA 锚点版面解析（四行对照） | 整理日期 2026-09,medium
SANGJIAJING-P0369-R-05,SANGJIAJING,369,R,5,74,ku³³ t tshi³³ nu³³ phu²¹,ku3 t tsh133 nu33 phu21,ok,1.00,4,九 十 你 祖 辈,九十 你 祖 辈,UNKNOWN,扫描 OCR + IPA 锚点版面解析（四行对照） | 整理日期 2026-09,medium
SANGJIAJING-P0370-L-01,SANGJIAJING,370,L,1,,pu²¹ nu³³ me ³³,pu21 nu33 me 33,ok,1.00,3,你 祖 名 获 死,你 祖 获 名 死,UNKNOWN,扫描 OCR + IPA 锚点版面解析（四行对照） | 整理日期 2026-09,medium
SANGJIAJING-P0370-L-02,SANGJIAJING,370,L,2,你 祖 获 名 死,zz ɔ 7,ZZ O 7,ok,1.00,1,he31 tsh133 n133 ph21 2i33,奶 辈 八 十 你,UNKNOWN,扫描 OCR + IPA 锚点版面解析（四行对照） | 整理日期 2026-09,medium
SANGJIAJING-P0370-L-03,SANGJIAJING,370,L,3,ZZ O 7,he³¹ tshi³³ ni³³ ph²¹ 2i³³,he31 tsh133 n133 ph21 2i33,suspect,0.60,5,奶 辈 八 十 你,八 十 你 奶 辈,UNKNOWN,扫描 OCR + IPA 锚点版面解析（四行对照） | 整理日期 2026-09,medium
SANGJIAJING-P0370-L-04,SANGJIAJING,370,L,4,Z出,ph²¹ si³³ nu³³ mg³³ ɔs,ph21 si33 nu33 mg33 $O'S,suspect,0.60,5,你 奶 名 获 死,你 奶 获 名 死,UNKNOWN,扫描 OCR + IPA 锚点版面解析（四行对照） | 整理日期 2026-09,medium
SANGJIAJING-P0370-L-05,SANGJIAJING,370,L,5,700 Z4,si²¹ tsh³³ nu³³ pɒ nh²¹,"si21 tsh33 nu33 p""D nh21",suspect,0.75,4,七 十 你 父 辈,父 辈 七 十 你,UNKNOWN,扫描 OCR + IPA 锚点版面解析（四行对照） | 整理日期 2026-09,medium
SANGJIAJING-P0370-L-06,SANGJIAJING,370,L,6,子,nu³³ phɒ²¹ me 0ss,nu33 phD21 me $0Ss,suspect,0.67,3,你 父 名 获 死,你 父 得 名 死,UNKNOWN,扫描 OCR + IPA 锚点版面解析（四行对照） | 整理日期 2026-09,medium
SANGJIAJING-P0370-R-01,SANGJIAJING,370,R,1,U,,zi33 kh031 tsh33 mp 33,failed,0.25,4,六 十 你 母 辈,辈 六 十 你 母,UNKNOWN,扫描 OCR + IPA 锚点版面解析（四行对照） | 整理日期 2026-09,medium
SANGJIAJING-P0370-R-02,SANGJIAJING,370,R,2,五 2Z4,tshi³³ zi³³ nɒs nu³³,tsh133 zi33 nDs nu33,suspect,0.67,3,五 十 你 兄 辈,五 十 你 兄 辈,UNKNOWN,扫描 OCR + IPA 锚点版面解析（四行对照） | 整理日期 2026-09,medium
SANGJIAJING-P0370-R-03,SANGJIAJING,370,R,3,你 兄 获 名 死,,1 7L 日 nI WI,failed,0.00,1,th121 tsh133 th121 tshi31 1033,一 十 一 代 处,UNKNOWN,扫描 OCR + IPA 锚点版面解析（四行对照） | 整理日期 2026-09,medium
SANGJIAJING-P0370-R-04,SANGJIAJING,370,R,4,1 7L 日 nI WI,thi²¹ tshi³³ thi²¹ tshi³¹ li⁰³3,th121 tsh133 th121 tshi31 1033,ok,1.00,5,一 十 一 代 处,辈 第 冏十 是 你,UNKNOWN,扫描 OCR + IPA 锚点版面解析（四行对照） | 整理日期 2026-09,medium
SANGJIAJING-P0371-L-01,SANGJIAJING,371,L,1,九 Z 子,³³ si³³ nu³³ ne ³³ me ⁰⁵5,33 si33 nu33 ne 33 me $055,ok,0.80,5,你 也 名 获 死,你 也 获 名 死,UNKNOWN,扫描 OCR + IPA 锚点版面解析（四行对照） | 整理日期 2026-09,medium
SANGJIAJING-P0371-L-02,SANGJIAJING,371,L,2,光 7世 开 Z出,si³³ kho²¹ 3g ²¹ nu³³,si33 kho21 3G 21 nu33,suspect,0.75,4,柯 兴 诗 安 奴,柯 兴 诗 安 奴,UNKNOWN,扫描 OCR + IPA 锚点版面解析（四行对照） | 整理日期 2026-09,medium
SANGJIAJING-P0371-L-03,SANGJIAJING,371,L,3,5 司 日 3=,ni²¹ ne ⁴⁴ li⁰³3 1o²¹ 1o²¹,ni21 ne 44 1$033 1o21 1o21,suspect,0.60,5,两 眼 转 圆 圆,两 眼 圆 圆 转,UNKNOWN,扫描 OCR + IPA 锚点版面解析（四行对照） | 整理日期 2026-09,medium
SANGJIAJING-P0371-L-04,SANGJIAJING,371,L,4,Z# 九,me ³³ du³³ 1i³³ ne4 ng³³,me 33 du33 1i33 ne4 ng33,suspect,0.50,4,名 处 看 来 吧,来 看 名 份 经,UNKNOWN,扫描 OCR + IPA 锚点版面解析（四行对照） | 整理日期 2026-09,medium
SANGJIAJING-P0371-L-05,SANGJIAJING,371,L,5,A 3=,ni²¹ lɒ²¹ np ⁵⁵ qɒ ²¹ 1ɒ²¹,ni21 lp21 np 55 qD 21 1D21,suspect,0.60,5,两 耳 直 煽 煽,直 竖 如 扇 两,UNKNOWN,扫描 OCR + IPA 锚点版面解析（四行对照） | 整理日期 2026-09,medium
SANGJIAJING-P0371-R-01,SANGJIAJING,371,R,1,女 九,,33 33 h33 me du33 np ne33,failed,0.20,5,名 处 听 来 吧,来 听 名 份 经,UNKNOWN,扫描 OCR + IPA 锚点版面解析（四行对照） | 整理日期 2026-09,medium
SANGJIAJING-P0371-R-02,SANGJIAJING,371,R,2,与 3=,ni²¹ le³¹ tce ⁴⁴ ʊɒ ²¹ ʊɒ ²¹,ni21 le31 tce 44 VD 21 VD 21,suspect,0.60,5,两 手 爪 索 索,两 手 指 伸 展,UNKNOWN,扫描 OCR + IPA 锚点版面解析（四行对照） | 整理日期 2026-09,medium
SANGJIAJING-P0371-R-03,SANGJIAJING,371,R,3,女 OXX 九,me³³ du³³ tsess 1h³³ ne³³,me33 du33 tsess 1h33 ne33,suspect,0.75,4,名 处 接 来 吧,来 接 名 份 经,UNKNOWN,扫描 OCR + IPA 锚点版面解析（四行对照） | 整理日期 2026-09,medium
SANGJIAJING-P0371-R-04,SANGJIAJING,371,R,4,Z4 3=,tshi³³ tho³¹ ²¹ nu³³ m6,tshi33 tho31 21 nu33 m6,suspect,0.60,5,你 脚 迈 急 急,双 脚 迈 步 急,UNKNOWN,扫描 OCR + IPA 锚点版面解析（四行对照） | 整理日期 2026-09,medium
SANGJIAJING-P0371-R-05,SANGJIAJING,371,R,5,丽 Z4 住 九,me ³³ du³³ tsi³³ li³³,me 33 du33 tsi33 133,ok,1.00,4,名 处 迎 来 吧,来 名 份 迎 经,UNKNOWN,扫描 OCR + IPA 锚点版面解析（四行对照） | 整理日期 2026-09,medium
SANGJIAJING-P0372-L-01,SANGJIAJING,372,L,1,,dzi²¹ zi³³ me³³ dzi²¹ 2li³³,dzi21z133 me33 dzi21 2133,ok,0.80,5,献去名献去,奉送名份经,UNKNOWN,扫描 OCR + IPA 锚点版面解析（四行对照） | 整理日期 2026-09,medium
SANGJIAJING-P0372-R-01,SANGJIAJING,372,R,1,,thi²¹ kho³³ dzi2zi³³ 1ɒ³³,th121 kho33dzi²zi33 1D33,suspect,0.50,4,一 件献去 吧,好好接受 吧,UNKNOWN,扫描 OCR + IPA 锚点版面解析（四行对照） | 整理日期 2026-09,medium
SANGJIAJING-P0374-L-01,SANGJIAJING,374,L,1,勿,,tshi2ldu² 21,failed,0.00,1,药 挖,挖药治病,UNKNOWN,扫描 OCR + IPA 锚点版面解析（四行对照） | 整理日期 2026-09,medium
SANGJIAJING-P0374-L-02,SANGJIAJING,374,L,2,勿,le³¹ nɒ³³ tsi2i ʊɒss,le31 nD33 tsi2i VDSS,suspect,0.67,3,手 脉 病 生摸,病因 摸 脉 诊,UNKNOWN,扫描 OCR + IPA 锚点版面解析（四行对照） | 整理日期 2026-09,medium
SANGJIAJING-P0374-L-03,SANGJIAJING,374,L,3,众要,,m²l th121 dzi2l 106 dz133,failed,0.33,3,处理 前事理 一 章,理事抓端缘,UNKNOWN,扫描 OCR + IPA 锚点版面解析（四行对照） | 整理日期 2026-09,medium
SANGJIAJING-P0374-R-01,SANGJIAJING,374,R,1,田,mɒ²¹ ⁰³3 ip du²¹ zi³³,mp21 $033 IP du²1 zi33,suspect,0.50,4,不诵的 想 呢,原本不想 诵,UNKNOWN,扫描 OCR + IPA 锚点版面解析（四行对照） | 整理日期 2026-09,medium
SANGJIAJING-P0374-R-02,SANGJIAJING,374,R,2,圭山麓银湖,x⁰³3 tche²¹ tsh³³ zi³³ tɒ³³,x033tche21tsh:33 Z133 tD33,suspect,0.60,5,水 净砂子脚起,砂滤水洁净,UNKNOWN,扫描 OCR + IPA 锚点版面解析（四行对照） | 整理日期 2026-09,medium
SANGJIAJING-P0375-L-01,SANGJIAJING,375,L,1,田,,tsh:33 tp33 kh33 mD21 X0.33,failed,0.40,5,脚 起 它 不 净,行 走 它 不,UNKNOWN,扫描 OCR + IPA 锚点版面解析（四行对照） | 整理日期 2026-09,medium
SANGJIAJING-P0375-L-02,SANGJIAJING,375,L,2,田 # 田 #,²¹ tsi³³ ²¹ tsi³³ zi³³ mp mp,21 ts133 21 ts133 zi33 mp mp,suspect,0.50,6,不 剩 不 剩 呢,寻 思 莫 遗 缺,UNKNOWN,扫描 OCR + IPA 锚点版面解析（四行对照） | 整理日期 2026-09,medium
SANGJIAJING-P0375-L-03,SANGJIAJING,375,L,3,X 正 勿 小,tshi²¹ du2l ab ³³ nɒ³³ ku³³,tshi21 du2l ab 33 nD3 ku33,suspect,0.75,4,药 挖 呢 病 治,挖药 呢 治 病,UNKNOWN,扫描 OCR + IPA 锚点版面解析（四行对照） | 整理日期 2026-09,medium
SANGJIAJING-P0375-L-04,SANGJIAJING,375,L,4,X 签,tshi²¹ du²¹ tshi²¹ ³¹ qe,tshi21 du²1 tshi21 31 qe,ok,0.80,5,药挖 药 找 去,去找药 挖 药,UNKNOWN,扫描 OCR + IPA 锚点版面解析（四行对照） | 整理日期 2026-09,medium
SANGJIAJING-P0375-R-01,SANGJIAJING,375,R,1,7=7,qu²¹ du²¹ tc³³ kɒ³³,"q""u21 du21 tc33 kD33",suspect,0.75,4,崖端 处 山 冏上 过,走 崖 顶 山 上,UNKNOWN,扫描 OCR + IPA 锚点版面解析（四行对照） | 整理日期 2026-09,medium
SANGJIAJING-P0375-R-02,SANGJIAJING,375,R,2,7开 # 米,thi²¹ dzi1 tsi³³ 1ɒ⁵⁵ s zi³³,th121 dzi1 ts133 1D.5s zi33,suspect,0.50,4,一 章 剩 了 呢,遗 缺 寻 药 经,UNKNOWN,扫描 OCR + IPA 锚点版面解析（四行对照） | 整理日期 2026-09,medium
SANGJIAJING-P0375-R-03,SANGJIAJING,375,R,3,与 写,le³¹ kw ³³1 h²¹ ni,"le31 kw"" 3.31 h21 ni)",suspect,0.50,4,师 傅 聪明 二 人,贤 经 师 二 人,UNKNOWN,扫描 OCR + IPA 锚点版面解析（四行对照） | 整理日期 2026-09,medium
SANGJIAJING-P0375-R-04,SANGJIAJING,375,R,4,飞 金 日,ag ²¹ nu³³ li⁰³3 bi²¹ ⁰³3,aG 21 nu33 1033 b121 $033,ok,0.80,5,我们 诵 你 处 给,诵 经 超 度 你,UNKNOWN,扫描 OCR + IPA 锚点版面解析（四行对照） | 整理日期 2026-09,medium
SANGJIAJING-P0375-R-05,SANGJIAJING,375,R,5,平u 田 π,,kho21 21 dzi21 613 mp 204,failed,0.40,5,若 柯 兴 麻 资,柯 兴 麻 资 若,UNKNOWN,扫描 OCR + IPA 锚点版面解析（四行对照） | 整理日期 2026-09,medium
SANGJIAJING-P0376-L-01,SANGJIAJING,376,L,1,与 ★ 3=,ni²¹ nɒs qɒ2 ²¹ 1p²¹ lɒ²¹,ni²1 nDs qD² 21 1p21 lp21,suspect,0.50,4,二 直 展 扇 扇,两 耳 竖 伸 展,UNKNOWN,扫描 OCR + IPA 锚点版面解析（四行对照） | 整理日期 2026-09,medium
SANGJIAJING-P0376-L-02,SANGJIAJING,376,L,2,小 女,,tshi21 du² m1²1 h33 np,failed,0.25,4,药 挖 事理 听 来,来 听 挖 药 经,UNKNOWN,扫描 OCR + IPA 锚点版面解析（四行对照） | 整理日期 2026-09,medium
SANGJIAJING-P0376-L-03,SANGJIAJING,376,L,3,与 司 3=,ni²¹ ne ⁴⁴ to ³³ 1o²¹ 1o²¹,ni21 ne 44 t$o 33 1o21 1o21,suspect,0.60,5,二 眼 转 盈 盈,两 眼 转 灵 灵,UNKNOWN,扫描 OCR + IPA 锚点版面解析（四行对照） | 整理日期 2026-09,medium
SANGJIAJING-P0376-L-04,SANGJIAJING,376,L,4,X,tshi²¹ ge³¹ mi²¹ ne⁴⁴ h³³,tshi21 ge31 m1²1 ne44 h33,ok,0.80,5,药 赶 事理 看 来,来 看 药 经,UNKNOWN,扫描 OCR + IPA 锚点版面解析（四行对照） | 整理日期 2026-09,medium
SANGJIAJING-P0376-L-05,SANGJIAJING,376,L,5,亚u 专,kho²¹ si³³ si³³ nu³³,kho21 si33 si33 nu33,ok,1.00,4,柯 兴 诗 斯 奴,柯 兴 诗 斯 奴,UNKNOWN,扫描 OCR + IPA 锚点版面解析（四行对照） | 整理日期 2026-09,medium
SANGJIAJING-P0376-R-01,SANGJIAJING,376,R,1,田 #,mp ²¹ bu ⁴⁴ tsiss si²¹ dzɒ²¹,mp 21 bu 44 tsiss si21 dZD21,suspect,0.50,4,不 饱 前 走 吃,不 饱 去 前 吃,UNKNOWN,扫描 OCR + IPA 锚点版面解析（四行对照） | 整理日期 2026-09,medium
SANGJIAJING-P0376-R-02,SANGJIAJING,376,R,2,# 日严,,1h33 tsiss 1033 dzD nu33,failed,0.00,3,你 来 前 处 吃,你 去 前 面 吃,UNKNOWN,扫描 OCR + IPA 锚点版面解析（四行对照） | 整理日期 2026-09,medium
SANGJIAJING-P0376-R-03,SANGJIAJING,376,R,3,#7 拼,,tsiss dzp21 nu33 tsiss bu 44,failed,0.33,3,先 吃 你 先 饱,你 先 吃 先 饱,UNKNOWN,扫描 OCR + IPA 锚点版面解析（四行对照） | 整理日期 2026-09,medium
SANGJIAJING-P0376-R-04,SANGJIAJING,376,R,4,7,reazp nu³³ bu ⁴⁴ zi³³,reazp nu33 bu 44 zi33,suspect,0.67,3,你 吃 你 饱 呢,你 吃 饱 以 后,UNKNOWN,扫描 OCR + IPA 锚点版面解析（四行对照） | 整理日期 2026-09,medium
SANGJIAJING-P0377-L-01,SANGJIAJING,377,L,1,女 配,,"tcher 33 l,33 mu np sOG",failed,0.33,3,醒 的 听 来 要,清 醒 来 听 经,UNKNOWN,扫描 OCR + IPA 锚点版面解析（四行对照） | 整理日期 2026-09,medium
SANGJIAJING-P0377-L-02,SANGJIAJING,377,L,2,X 小 勿,tshi²¹ du²¹ qɒ ³³ np ³³ ku³³,tshi21 du21 qD 33 np 33 ku33,ok,0.80,5,药 挖 呢 病 治,挖 药 治 病 经,UNKNOWN,扫描 OCR + IPA 锚点版面解析（四行对照） | 整理日期 2026-09,medium
SANGJIAJING-P0377-L-03,SANGJIAJING,377,L,3,3= 子万雨,ne³¹ ne³¹ mu2 khi³³ thɒ²¹,ne31 ne31 mu² kh133 thD21,suspect,0.75,4,早 早 天 那 时,远 古 的 时 候,UNKNOWN,扫描 OCR + IPA 锚点版面解析（四行对照） | 整理日期 2026-09,medium
SANGJIAJING-P0377-R-01,SANGJIAJING,377,R,1,Z4 4 目,thɒ²¹ zɔ ⁴⁴ t4u³³ z⁰⁴,"thp21 ZO 44 t4u33 Z,04",suspect,0.50,4,人 生 人 在 时,活 于 人 世 时,UNKNOWN,扫描 OCR + IPA 锚点版面解析（四行对照） | 整理日期 2026-09,medium
SANGJIAJING-P0377-R-02,SANGJIAJING,377,R,2,X 每,tshi²¹ pɒ h²¹ 1h³³ sɒ ³³ mu ³³,"tshi21 p""D h21 1h33 SD 33 mu 33",ok,0.80,5,父 来 药 找 做,父 亲 去 找 药,UNKNOWN,扫描 OCR + IPA 锚点版面解析（四行对照） | 整理日期 2026-09,medium
SANGJIAJING-P0377-R-03,SANGJIAJING,377,R,3,U 平u 勿 每,³³ zi³³ mp gi³³ nɒ³³,33 zi33 mp G133 nD33,suspect,0.75,4,妈 呢 闲 病 做,母 亲 病 闲 家,UNKNOWN,扫描 OCR + IPA 锚点版面解析（四行对照） | 整理日期 2026-09,medium
SANGJIAJING-P0377-R-04,SANGJIAJING,377,R,4,X 平u 口,tshi²¹ gi³³ li³³ ku³³ tshi²¹,tshi21 G133 133 ku33 tshi21,ok,1.00,5,药 闲 来 身洗,药 水 洗 病 身,UNKNOWN,扫描 OCR + IPA 锚点版面解析（四行对照） | 整理日期 2026-09,medium
SANGJIAJING-P0378-L-01,SANGJIAJING,378,L,1,X 开 开 每 生,³³ tshi²¹ ne²¹ 3g mu ³³ sɒ,33 tshi21 ne21 3G mu 33 SD,suspect,0.60,5,药 良 良 的 找,着 意 找 良 药,UNKNOWN,扫描 OCR + IPA 锚点版面解析（四行对照） | 整理日期 2026-09,medium
SANGJIAJING-P0378-L-02,SANGJIAJING,378,L,2,勿 开,np ³³ tshi²¹ ne ²¹ mu ³³ tshi²¹,np 33 tshi21 ne 21 mu 33 tshi21,ok,0.80,5,药 物 善待 的 洗,药物 小 心 洗,UNKNOWN,扫描 OCR + IPA 锚点版面解析（四行对照） | 整理日期 2026-09,medium
SANGJIAJING-P0378-L-03,SANGJIAJING,378,L,3,一关 开 每 不,mi²¹ tshi²¹ ne ²¹ mu ³³ 2u³³,m1²1 tshi21 ne 21 mu 33 2u33,ok,0.80,5,药 物 善待 的 拿,药物 小 心 拿,UNKNOWN,扫描 OCR + IPA 锚点版面解析（四行对照） | 整理日期 2026-09,medium
SANGJIAJING-P0378-L-04,SANGJIAJING,378,L,4,X 生,tshi²¹ tshi²¹ ne ²¹ ge³¹,tshi21 tshi21 ne 21 ge31,ok,1.00,4,药 找 药 良 赶,药 去 寻找 良,UNKNOWN,扫描 OCR + IPA 锚点版面解析（四行对照） | 整理日期 2026-09,medium
SANGJIAJING-P0378-R-01,SANGJIAJING,378,R,1,目 光日 企,qɒ³³ li⁰³3 tshi²¹ to³³ mi³³,qD33 1033 tshi21 t$o33 m13,ok,1.00,5,药 有 何 处 地,何 地 有 良 药,UNKNOWN,扫描 OCR + IPA 锚点版面解析（四行对照） | 整理日期 2026-09,medium
SANGJIAJING-P0378-R-02,SANGJIAJING,378,R,2,电 目 日,mi²¹ tso ³³ ab h³³ li⁰³3 tu³³,"m121 tso"" 33 ab h33 1033 tu33",ok,1.00,5,药 有 何 处 方,何 方 有 良 药,UNKNOWN,扫描 OCR + IPA 锚点版面解析（四行对照） | 整理日期 2026-09,medium
SANGJIAJING-P0378-R-03,SANGJIAJING,378,R,3,3 7 去,a²¹ sɒ³³ di²¹ sas li⁰³3,A21 SD33 di²1 sa$s 1$033,suspect,0.75,4,哪 个 知 的 有,谁 人 会 知 晓,UNKNOWN,扫描 OCR + IPA 锚点版面解析（四行对照） | 整理日期 2026-09,medium
SANGJIAJING-P0378-R-04,SANGJIAJING,378,R,4,去,,A21 n33 55 di21 t5033 SD gD,failed,0.33,6,哪 个 闻 的 有,谁 人 可 曾 闻,UNKNOWN,扫描 OCR + IPA 锚点版面解析（四行对照） | 整理日期 2026-09,medium
SANGJIAJING-P0378-R-05,SANGJIAJING,378,R,5,易 7个,niss bi²¹ a²¹ me²¹,niss bi21 A21 me21,suspect,0.67,3,尼 比 布 阿 曼,尼 比 布 阿 曼,UNKNOWN,扫描 OCR + IPA 锚点版面解析（四行对照） | 整理日期 2026-09,medium
SANGJIAJING-P0379-L-01,SANGJIAJING,379,L,1,效,thw³³ bi²¹ a²¹ te³³,thw33 b1²1 A21 te3,suspect,0.75,4,特 比 阿 晒,特 比 当 阿 晒,UNKNOWN,扫描 OCR + IPA 锚点版面解析（四行对照） | 整理日期 2026-09,medium
SANGJIAJING-P0379-L-02,SANGJIAJING,379,L,2,特 比 当 阿 晒,si²¹ nua ³³ ⁰⁵5 a²¹ te³³,si21 nua 33 $055 A21 te33,ok,0.80,5,奴 斯 索 阿 当,奴 斯 索 阿,UNKNOWN,扫描 OCR + IPA 锚点版面解析（四行对照） | 整理日期 2026-09,medium
SANGJIAJING-P0379-L-03,SANGJIAJING,379,L,3,π 半万 田 国,dzi²¹ mus kh³³ mp ²¹ ³³ ne,"dzi21 mu""s kh33 mp 21 33 ne",suspect,0.60,5,官 将 他 不 是,非 官 亦 非 将,UNKNOWN,扫描 OCR + IPA 锚点版面解析（四行对照） | 整理日期 2026-09,medium
SANGJIAJING-P0379-L-04,SANGJIAJING,379,L,4,G 万 7,zi⁴⁴ kh³³ 1r³³ sa⁵⁵ fess,zi44 kh33 1r33 sa55 fess,suspect,0.60,5,案 压 他 来 知,谱熟诉 讼事,UNKNOWN,扫描 OCR + IPA 锚点版面解析（四行对照） | 整理日期 2026-09,medium
SANGJIAJING-P0379-R-01,SANGJIAJING,379,R,1,日 女,tshi²¹ tsi³³ khi³³ li⁰³3 nɒ³³,tshi21 tsi?3 kh133 1033 nD33,ok,1.00,5,药棵 她 处 问,问她 药 事 草,UNKNOWN,扫描 OCR + IPA 锚点版面解析（四行对照） | 整理日期 2026-09,medium
SANGJIAJING-P0379-R-02,SANGJIAJING,379,R,2,女 住 日,,m21 tsi33 kh33 1033 np 33,failed,0.40,5,药 棵 她 处 问,草 药 何 处 长,UNKNOWN,扫描 OCR + IPA 锚点版面解析（四行对照） | 整理日期 2026-09,medium
SANGJIAJING-P0379-R-03,SANGJIAJING,379,R,3,了,bi²¹ thu³³ a²¹ te³³,b1²1 thu33 A21. te33,ok,1.00,4,尼 比 特 阿,尼 比 特 阿 当,UNKNOWN,扫描 OCR + IPA 锚点版面解析（四行对照） | 整理日期 2026-09,medium
SANGJIAJING-P0379-R-04,SANGJIAJING,379,R,4,yf 20 住科,tshi²¹ zj³³ 4ɒ³³ tsi³³ de²¹,"tshi21 z,j33 4D33 tsi33 de21",suspect,0.60,5,狗 舌 水 锣 打,狗舌 搅水 响,UNKNOWN,扫描 OCR + IPA 锚点版面解析（四行对照） | 整理日期 2026-09,medium
SANGJIAJING-P0380-L-01,SANGJIAJING,380,L,1,可中,zi³³ tche³³ ve³¹ 4ɒ³³ li⁰⁵5,zi3tche33 ve31 4D33 10.55,ok,0.80,5,猪 舌 水 冏上 涮,猪 舌 水 面 涮,UNKNOWN,扫描 OCR + IPA 锚点版面解析（四行对照） | 整理日期 2026-09,medium
SANGJIAJING-P0380-L-02,SANGJIAJING,380,L,2,WI 本中,thi²¹ tghi²¹ li⁰⁵5 do 4 1h³³,th121 tgh121 1055 do 4 1h33,suspect,0.75,4,一 句 涮 出 来,说 出 一 句 来,UNKNOWN,扫描 OCR + IPA 锚点版面解析（四行对照） | 整理日期 2026-09,medium
SANGJIAJING-P0380-L-03,SANGJIAJING,380,L,3,X 庄 子 双,tshi²¹ tsi³³ mu²¹ li⁰²1 nu2l,tshi21 tsi33 mu²1 1021 nu²l,ok,0.80,5,药 棵 天 脸 长,草 药长 天 上,UNKNOWN,扫描 OCR + IPA 锚点版面解析（四行对照） | 整理日期 2026-09,medium
SANGJIAJING-P0380-L-04,SANGJIAJING,380,L,4,住子 4,toss mi²¹ tsi³³ mu²¹ dzo⁴⁴,toss mi²1 tsi33 mu21 dzo44,suspect,0.75,4,药 司 棵 天 台 林,天 台 药 成 片,UNKNOWN,扫描 OCR + IPA 锚点版面解析（四行对照） | 整理日期 2026-09,medium
SANGJIAJING-P0380-L-05,SANGJIAJING,380,L,5,住 子,tshi²¹ tsi³³ mu ²¹ yo ³¹,tshi21 tsi33 mu 21 yo 31,ok,1.00,4,药 棵 天 际 有,草药天 有 际,UNKNOWN,扫描 OCR + IPA 锚点版面解析（四行对照） | 整理日期 2026-09,medium
SANGJIAJING-P0380-R-01,SANGJIAJING,380,R,1,X 子 全,tsh³³ tshi²¹ mu²¹ ⁸⁰³¹,tsh:33 tshi21 mu21 8031 $,suspect,0.50,4,药 找 天 际 到,找 药 至 天 际,UNKNOWN,扫描 OCR + IPA 锚点版面解析（四行对照） | 整理日期 2026-09,medium
SANGJIAJING-P0380-R-02,SANGJIAJING,380,R,2,X 住 田 配,tshi²¹ tsi³³ ne⁴⁴ mp ²¹,tshi21 tsi33 ne44 mp 21,suspect,0.75,4,药棵 看 不 见,不 见 有 草 药,UNKNOWN,扫描 OCR + IPA 锚点版面解析（四行对照） | 整理日期 2026-09,medium
SANGJIAJING-P0380-R-03,SANGJIAJING,380,R,3,目 万 田 文,tso³³1 khi³³ ²¹ mi²¹ mp gɒ,tso331 kh133 21 m121 mp gD,ok,0.80,5,药 有 她 不 闻,未 闻 有 草 药,UNKNOWN,扫描 OCR + IPA 锚点版面解析（四行对照） | 整理日期 2026-09,medium
SANGJIAJING-P0380-R-04,SANGJIAJING,380,R,4,未 闻 有 草 药,thu³³ niss bi²¹ a²¹ te³³,thu33 niss b1²1 A21 te33,suspect,0.75,4,尼 比 特 阿,阿 尼 比 特,UNKNOWN,扫描 OCR + IPA 锚点版面解析（四行对照） | 整理日期 2026-09,medium
SANGJIAJING-P0381-L-01,SANGJIAJING,381,L,1,X 目 子,tshi²¹ t³⁰³³ mu2l fi³³ li⁰³3,tshi21 t3033 mu²l fi33 1$033,suspect,0.50,4,药 有 天 分 有,天 地 界 有 药,UNKNOWN,扫描 OCR + IPA 锚点版面解析（四行对照） | 整理日期 2026-09,medium
SANGJIAJING-P0381-L-02,SANGJIAJING,381,L,2,住 子,mi²¹ tsi³³ mu²¹ fi³³ nu2l,m1²1 tsi33 mu²1 fi33 nu²l,ok,0.80,5,药 棵 天 分 长,药长 天 地 界,UNKNOWN,扫描 OCR + IPA 锚点版面解析（四行对照） | 整理日期 2026-09,medium
SANGJIAJING-P0381-L-03,SANGJIAJING,381,L,3,药长 天 地 界,tho²¹ dzo qɒ ⁵⁵ 1o²¹ nu,tho²1dzo qD 55 1o21 nu,suspect,0.50,4,托作 高 罗 妮,托 作 高 罗 妮,UNKNOWN,扫描 OCR + IPA 锚点版面解析（四行对照） | 整理日期 2026-09,medium
SANGJIAJING-P0381-L-04,SANGJIAJING,381,L,4,子,tsho²¹ si²¹ tshi³³ mu²¹ fi³³,tsho21 si21 tshi33 mu21 fi33,ok,1.00,5,行 走 天 分 到,来到 天 界 地,UNKNOWN,扫描 OCR + IPA 锚点版面解析（四行对照） | 整理日期 2026-09,medium
SANGJIAJING-P0381-R-01,SANGJIAJING,381,R,1,WI 7,thy2i do²¹ do²¹ iɒ³³ tsi³³,thy2i do21 do21 ID33 tsi33,suspect,0.75,4,一 话 话 了 信,头 次 话 真,UNKNOWN,扫描 OCR + IPA 锚点版面解析（四行对照） | 整理日期 2026-09,medium
SANGJIAJING-P0381-R-02,SANGJIAJING,381,R,2,与 7 九 Z,ni²¹ do²¹ ng³³ si³³,ni21 do21 ng33 si33,suspect,0.75,4,别人 二 话 也 信,二 次 话 亦 信,UNKNOWN,扫描 OCR + IPA 锚点版面解析（四行对照） | 整理日期 2026-09,medium
SANGJIAJING-P0381-R-03,SANGJIAJING,381,R,3,住 田,tshi²¹ tsi³³ mp ²¹,tshi21 tsi33 mp 21,suspect,0.67,3,药 棵 药 不 找,药 不 找 草 根,UNKNOWN,扫描 OCR + IPA 锚点版面解析（四行对照） | 整理日期 2026-09,medium
SANGJIAJING-P0382-L-01,SANGJIAJING,382,L,1,丑 丑,tsi³³ ne2 tsi³³ ɒe²¹ 9e³¹,tsi33 ne2 tsi33 De21 9e31,suspect,0.50,4,胆 良 胆 良 赶,去 寻 求 苦 胆,UNKNOWN,扫描 OCR + IPA 锚点版面解析（四行对照） | 整理日期 2026-09,medium
SANGJIAJING-P0382-L-02,SANGJIAJING,382,L,2,O,,t5133 De21 kw33 tsh3,failed,0.25,4,胆 良 九 十 样,苦 胆 九 十 种,UNKNOWN,扫描 OCR + IPA 锚点版面解析（四行对照） | 整理日期 2026-09,medium
SANGJIAJING-P0382-L-03,SANGJIAJING,382,L,3,万,khi³³ zi³³ qe³¹ li³³ zi³³,kh133 zi33 qe31 133 z.133,ok,1.00,5,那 样 赶 了 去,去 寻 九 十 胆,UNKNOWN,扫描 OCR + IPA 锚点版面解析（四行对照） | 整理日期 2026-09,medium
SANGJIAJING-P0382-L-04,SANGJIAJING,382,L,4,田 分,,tsh33 033 ku33 mp 21 YD 33,failed,0.40,5,九 十 种 不 得,未 九 十 种 获,UNKNOWN,扫描 OCR + IPA 锚点版面解析（四行对照） | 整理日期 2026-09,medium
SANGJIAJING-P0382-R-01,SANGJIAJING,382,R,1,,,033 21 qe31 kur*s tsi33 ne,failed,0.40,5,九 种 胆 良 赶,去 九 种 胆,UNKNOWN,扫描 OCR + IPA 锚点版面解析（四行对照） | 整理日期 2026-09,medium
SANGJIAJING-P0382-R-02,SANGJIAJING,382,R,2,柔 3,,k²u44 m6 tsi33 zi33,failed,0.33,3,雁 胆 呢 角 黄,雁 胆 加 茸 角,UNKNOWN,扫描 OCR + IPA 锚点版面解析（四行对照） | 整理日期 2026-09,medium
SANGJIAJING-P0382-R-03,SANGJIAJING,382,R,3,3,,55 zi33 qD tsi33,failed,0.33,3,小 鹧鸪 胆 呢 皮 黄,鹧 鸪 加 黄 皮,UNKNOWN,扫描 OCR + IPA 锚点版面解析（四行对照） | 整理日期 2026-09,medium
SANGJIAJING-P0383-L-01,SANGJIAJING,383,L,1,分 特,,tsh:33 33 44 15133 YD 1D33 mx,failed,0.29,7,麂 胆 与 獐 麝,麂 胆 与 獐 麝,UNKNOWN,扫描 OCR + IPA 锚点版面解析（四行对照） | 整理日期 2026-09,medium
SANGJIAJING-P0383-L-02,SANGJIAJING,383,L,2,致 年,tciss bu²¹ tsi³³ kɒ³³ mb ³³,tciss bu21 tsi33 kD33 mb 33,suspect,0.50,4,怪味 虫 胆 加 完,最 后 加 虫 胆,UNKNOWN,扫描 OCR + IPA 锚点版面解析（四行对照） | 整理日期 2026-09,medium
SANGJIAJING-P0383-L-03,SANGJIAJING,383,L,3,分,kurs t5li³³ li³³ ³³ ge³³ yɒ,kur's t5133 133 33 ge33 yD,suspect,0.60,5,九 赶 得 胆 了,九 种 胆 尽 获,UNKNOWN,扫描 OCR + IPA 锚点版面解析（四行对照） | 整理日期 2026-09,medium
SANGJIAJING-P0383-L-04,SANGJIAJING,383,L,4,灶 九,du³³ qe³¹ ne³³ kurs tsi³³,du33 qe31 ne33 kur's tsi33,suspect,0.75,4,后 也 九 胆 赶,后 再 求 九 胆,UNKNOWN,扫描 OCR + IPA 锚点版面解析（四行对照） | 整理日期 2026-09,medium
SANGJIAJING-P0383-L-05,SANGJIAJING,383,L,5,后 再 求 九 胆,tsi³³ zi³³ kurss 9e³¹ do 4,tsi33 zi33 kurss 9e31 do 4,suspect,0.75,4,九 胆 赶 出 呢,寻 九 胆 求 啥,UNKNOWN,扫描 OCR + IPA 锚点版面解析（四行对照） | 整理日期 2026-09,medium
SANGJIAJING-P0383-R-01,SANGJIAJING,383,R,1,住 五,tho²¹ tho²¹ tsi³³ be³³ t5li³³,tho21 tho21 tsi33 be33 t5133,ok,0.80,5,松 棵 松 根 胆,松 壮 根 深 胆,UNKNOWN,扫描 OCR + IPA 锚点版面解析（四行对照） | 整理日期 2026-09,medium
SANGJIAJING-P0383-R-02,SANGJIAJING,383,R,2,Z Z,duss mu³³ tsi³³ dus,duss mu33 tsi33 du's,suspect,0.67,3,耕 做 胆 耕 胆,稼 丰 收 胆,UNKNOWN,扫描 OCR + IPA 锚点版面解析（四行对照） | 整理日期 2026-09,medium
SANGJIAJING-P0383-R-03,SANGJIAJING,383,R,3,每 O,fi³³ mu³³ t5li³³ fi³³ t5li³³,fi33 mu33 t5133 fi33 t5133,suspect,0.60,5,健 的 健 胆 胆,体 魄 健 壮 胆,UNKNOWN,扫描 OCR + IPA 锚点版面解析（四行对照） | 整理日期 2026-09,medium
SANGJIAJING-P0383-R-04,SANGJIAJING,383,R,4,Z4 电 每,,4uss 1o21 tsi33 mu qe31,failed,0.33,3,耕 胆 满 的 赶,胆 汁 盈 兆 丰,UNKNOWN,扫描 OCR + IPA 锚点版面解析（四行对照） | 整理日期 2026-09,medium
SANGJIAJING-P0383-R-05,SANGJIAJING,383,R,5,3,si³³ fi³³ tsi³³ mu ³³,si33 fi33 tsi33 mu 33,ok,1.00,4,金 胆 健 的 胆,金 色 兆 健? 胆,UNKNOWN,扫描 OCR + IPA 锚点版面解析（四行对照） | 整理日期 2026-09,medium
SANGJIAJING-P0384-L-01,SANGJIAJING,384,L,1,的,fi³³ tsi³³ qe ³¹ 1ɒ³³ tɒ³³,fi33 tsi33 qe 31 1D33 tD33,ok,0.80,5,健 胆 赶 了 起,起 身 寻 健 胆,UNKNOWN,扫描 OCR + IPA 锚点版面解析（四行对照） | 整理日期 2026-09,medium
SANGJIAJING-P0384-L-02,SANGJIAJING,384,L,2,6 的 2,tsi³³ fi³³ ge³¹ 1h³³ zi³³,tsi33 fi33 ge31 1h33 zi33,ok,0.80,5,健 胆 赶 来 呢,要 去 寻 健 胆,UNKNOWN,扫描 OCR + IPA 锚点版面解析（四行对照） | 整理日期 2026-09,medium
SANGJIAJING-P0384-L-03,SANGJIAJING,384,L,3,Z 3 分,qe³¹ si³³ a²¹ ³³ sɒ³³ yɒ,qe31 si33 A21 33 SD.33 yD,ok,0.83,6,赶 主 哪 个 的,谁 人 去 寻 找,UNKNOWN,扫描 OCR + IPA 锚点版面解析（四行对照） | 整理日期 2026-09,medium
SANGJIAJING-P0384-L-04,SANGJIAJING,384,L,4,3 公会,iɒ³³ a²¹ ³³ tɒ³³ ge³¹ sɒ,ID33 A21 33 tD3 ge31 SD?,ok,0.83,6,獐 赶 哪 个 起,谁 人 找 獐,UNKNOWN,扫描 OCR + IPA 锚点版面解析（四行对照） | 整理日期 2026-09,medium
SANGJIAJING-P0384-L-05,SANGJIAJING,384,L,5,的 日,1ɒ³³ qe ³¹ mu ³³ pu h³³ li⁰³3,"1D33 qe 31 mu 33 p""u"" h..33 1033",ok,0.80,5,獐 赶 尼 普 处,去 尼 普 寻 獐,UNKNOWN,扫描 OCR + IPA 锚点版面解析（四行对照） | 整理日期 2026-09,medium
SANGJIAJING-P0384-R-01,SANGJIAJING,384,R,1,开,²¹ ip³³ tsi³³ 1ɒ³³ xw ⁴⁴ ne,21 Ip33 tsi33 1D33 xw 44 ne,suspect,0.50,6,獐 胆 獐 麝 良,胆 獐 麝 良,UNKNOWN,扫描 OCR + IPA 锚点版面解析（四行对照） | 整理日期 2026-09,medium
SANGJIAJING-P0384-R-02,SANGJIAJING,384,R,2,X,,1D33 tsi33 tshi21 3G 21 3G 55,failed,0.40,5,獐 胆 药 良 是,獐 胆 是 良 药,UNKNOWN,扫描 OCR + IPA 锚点版面解析（四行对照） | 整理日期 2026-09,medium
SANGJIAJING-P0384-R-03,SANGJIAJING,384,R,3,特 办 OX,,1D33 44 33 tsess xw nu ne21,failed,0.00,4,獐 麝 女 巢 接,阴 部 取 麝 香,UNKNOWN,扫描 OCR + IPA 锚点版面解析（四行对照） | 整理日期 2026-09,medium
SANGJIAJING-P0384-R-04,SANGJIAJING,384,R,4,九 分,tsi³³ ³³ ³³ ip³³ ne ge³¹ yɒ,tsi33 33 33 Ip33 ne ge31 yD,suspect,0.50,6,獐 胆 也 赶 得,獐 胆 寻 得 了,UNKNOWN,扫描 OCR + IPA 锚点版面解析（四行对照） | 整理日期 2026-09,medium
SANGJIAJING-P0385-L-01,SANGJIAJING,385,L,1,,hɒ³³ li⁰²1 tchi1 kurss ʊli³³,hD33 1021 tchi1 kurss V133,suspect,0.67,3,郝 罗 奇 格 尾,郝 罗 奇 格尾,UNKNOWN,扫描 OCR + IPA 锚点版面解析（四行对照） | 整理日期 2026-09,medium
SANGJIAJING-P0385-L-02,SANGJIAJING,385,L,2,3 3= 7办 光,q⁰⁵5 si³³ si³³ me,q055 si33 si33 me,suspect,0.75,4,果 诗 金 繁 戴,果 诗 有 吉 兆,UNKNOWN,扫描 OCR + IPA 锚点版面解析（四行对照） | 整理日期 2026-09,medium
SANGJIAJING-P0385-L-03,SANGJIAJING,385,L,3,3 Z,ob ⁵⁵ si³³ dzɒ si³³ ⁹⁰²¹,ob 55 si33 dzD si33 9021,suspect,0.50,4,果 诗 食 吃 主,果 诗 吃饭主,UNKNOWN,扫描 OCR + IPA 锚点版面解析（四行对照） | 整理日期 2026-09,medium
SANGJIAJING-P0385-R-01,SANGJIAJING,385,R,1,,dzɒ²¹ tɒ³³ li³³ 1ɒ³³,dzD21 tD33 133 1D33,suspect,0.75,4,食 吃 起 来 吧,吃 饭 起 身 吧,UNKNOWN,扫描 OCR + IPA 锚点版面解析（四行对照） | 整理日期 2026-09,medium
SANGJIAJING-P0385-R-02,SANGJIAJING,385,R,2,奖 每,1ɒ³³ t4li³³ iɒ³³ mu³³ do⁴⁴,1D33 t4133 ID33 mu33 do44,suspect,0.60,5,獐 攀 做 的 出,起身 去 獐,UNKNOWN,扫描 OCR + IPA 锚点版面解析（四行对照） | 整理日期 2026-09,medium
SANGJIAJING-P0385-R-03,SANGJIAJING,385,R,3,7 470,4u³³ ku³³ tshi³³ tsh³³,4u33 ku3 tsh133 tsh:33,suspect,0.50,4,网 白 九 十笼,十笼 白 网 九,UNKNOWN,扫描 OCR + IPA 锚点版面解析（四行对照） | 整理日期 2026-09,medium
SANGJIAJING-P0385-R-04,SANGJIAJING,385,R,4,W 470,,33 tsiss ku33 tsh133t tsh:33 VD,failed,0.20,5,九 十笼 网 制,制 网 九 十笼,UNKNOWN,扫描 OCR + IPA 锚点版面解析（四行对照） | 整理日期 2026-09,medium
SANGJIAJING-P0385-R-05,SANGJIAJING,385,R,5,3 W,si³³ tshi²¹ ku²³ tshi³³ tsiss,si33 tshi21ku²3 tsh133 tsiss,ok,1.00,5,猎 狗九十 备,备九十猎狗,UNKNOWN,扫描 OCR + IPA 锚点版面解析（四行对照） | 整理日期 2026-09,medium
SANGJIAJING-P0386-L-01,SANGJIAJING,386,L,1,九4 W 田 分,ku³³ t tsh³³ tsiss ²¹ ³³ mp ax,ku33 t tsh33 tsiss 21 33 mp ax,suspect,0.60,5,九 十 备 不 得,没 备 下 九 十,UNKNOWN,扫描 OCR + IPA 锚点版面解析（四行对照） | 整理日期 2026-09,medium
SANGJIAJING-P0386-L-02,SANGJIAJING,386,L,2,3 办 面 4 分,si³³ tshi²¹ tsh³³ ³³ sur³³ ax,si33 tshi21 tsh33 33 sur33 ax,suspect,0.67,6,猎 狗 三 十 得,获 三 十 猎 狗,UNKNOWN,扫描 OCR + IPA 锚点版面解析（四行对照） | 整理日期 2026-09,medium
SANGJIAJING-P0386-L-03,SANGJIAJING,386,L,3,3 雪,si³³ 4e⁵⁵ s su³³ tsh³³ zɔ ⁴⁴,si33 4e5s su33 tsh33 Z.O 44,suspect,0.60,5,猎 伙子 三 十 人,猎 手 三 十 人,UNKNOWN,扫描 OCR + IPA 锚点版面解析（四行对照） | 整理日期 2026-09,medium
SANGJIAJING-P0386-L-04,SANGJIAJING,386,L,4,日,tche³¹ ⁵⁵ h ³³ li⁰³3 bu²¹ np tce,"tche31 55 h_33 1033 bu21 np"""" tc""e",suspect,0.67,6,背 背 弓 箭 处,弓 箭 背 背 上,UNKNOWN,扫描 OCR + IPA 锚点版面解析（四行对照） | 整理日期 2026-09,medium
SANGJIAJING-P0386-L-05,SANGJIAJING,386,L,5,3= 每,do⁴⁴ sur²¹ sur2i tɒ³³ mu³³,do44 sur²1 sur2i tD33 mu33,suspect,0.75,4,刷 刷 起 立 做,刷 站起身,UNKNOWN,扫描 OCR + IPA 锚点版面解析（四行对照） | 整理日期 2026-09,medium
SANGJIAJING-P0386-R-01,SANGJIAJING,386,R,1,田 3 电 日,,mp 21 tu33 1033 tsh;33 小3,failed,0.40,5,不 猎 地 处 到,至 远 方 猎 场,UNKNOWN,扫描 OCR + IPA 锚点版面解析（四行对照） | 整理日期 2026-09,medium
SANGJIAJING-P0386-R-02,SANGJIAJING,386,R,2,4 来,,33 4u33 md VD21 bur33,failed,0.25,4,山 头 雪 白 堆,山 头 覆 白 雪,UNKNOWN,扫描 OCR + IPA 锚点版面解析（四行对照） | 整理日期 2026-09,medium
SANGJIAJING-P0386-R-03,SANGJIAJING,386,R,3,HZ 3,,pu phe44 fess 1e0X,failed,0.00,2,山 半 崖 际 猎,猎 半 山 崖 洞,UNKNOWN,扫描 OCR + IPA 锚点版面解析（四行对照） | 整理日期 2026-09,medium
SANGJIAJING-P0386-R-04,SANGJIAJING,386,R,4,7 4P,,33 tho33 si44 21 433 md,failed,0.33,6,大 林 山 脚 木,山 脚 林 密 深,UNKNOWN,扫描 OCR + IPA 锚点版面解析（四行对照） | 整理日期 2026-09,medium
SANGJIAJING-P0387-L-01,SANGJIAJING,387,L,1,3 3=,,"he4 h21 S06 p""D",failed,0.33,3,果 诗 猎 狩 郎,果 诗 猎 狩 郎,UNKNOWN,扫描 OCR + IPA 锚点版面解析（四行对照） | 整理日期 2026-09,medium
SANGJIAJING-P0387-L-02,SANGJIAJING,387,L,2,#咖 日,dzi²¹ ⁹⁰5 kɒ³³ li⁰³3,dz121 905 kD33 1033,suspect,0.75,4,兽 野 道 口 处,野 兽逃 道 口,UNKNOWN,扫描 OCR + IPA 锚点版面解析（四行对照） | 整理日期 2026-09,medium
SANGJIAJING-P0387-L-03,SANGJIAJING,387,L,3,去H,ʊɒ ³³ to⁴⁴ iɒ³³ te³³ tsx,"VD 33 to44 ID33 te33 ts""x",suspect,0.60,5,桩插 网 了 立,网 桩插 稳 实,UNKNOWN,扫描 OCR + IPA 锚点版面解析（四行对照） | 整理日期 2026-09,medium
SANGJIAJING-P0387-L-04,SANGJIAJING,387,L,4,网 桩插 稳 实,tshi²¹ 3th³³ dlu³³,tshi21 3th33 dlu3,suspect,0.67,3,狗放 山林 底 进,猎狗进 山箐,UNKNOWN,扫描 OCR + IPA 锚点版面解析（四行对照） | 整理日期 2026-09,medium
SANGJIAJING-P0387-R-01,SANGJIAJING,387,R,1,日,le³¹ ³³ tche³¹ npss li⁰³3 ob,le31 33 tche31 npss 1033 ob,ok,0.80,5,弓 箭 手 处 拉,手 拉 开弓 弦,UNKNOWN,扫描 OCR + IPA 锚点版面解析（四行对照） | 整理日期 2026-09,medium
SANGJIAJING-P0387-R-02,SANGJIAJING,387,R,2,田 介 里,li⁰³1 thi²¹ ky⁴⁴ li⁰³1,1031 th121 ky44 1031,suspect,0.75,4,不 成 一 遍 成,出 现 一 景 状,UNKNOWN,扫描 OCR + IPA 锚点版面解析（四行对照） | 整理日期 2026-09,medium
SANGJIAJING-P0387-R-03,SANGJIAJING,387,R,3,至岛九孔码,tho²¹ tshi²¹ dzɒ²¹ tɒ³³,tho21 tshi²1 dz.D²1 tD33,ok,1.00,4,山林 底 狗 吠 起,箐厂 底 猎狗 吠,UNKNOWN,扫描 OCR + IPA 锚点版面解析（四行对照） | 整理日期 2026-09,medium
SANGJIAJING-P0387-R-04,SANGJIAJING,387,R,4,了 列3,si³³ xzpzpnb z⁰⁴4,si33 xzpzpnb Z.044,suspect,0.50,2,猎 人声,猎人声鼎沸,UNKNOWN,扫描 OCR + IPA 锚点版面解析（四行对照） | 整理日期 2026-09,medium
SANGJIAJING-P0388-L-01,SANGJIAJING,388,L,1,π 丰,ni⁴⁴ qw dzi²¹ 1ɒ³³ do⁴⁴,ni44 qw dzi21 1D33 do44,suspect,0.75,4,冠 指 獐 红 出,竖 角 子 獐 出,UNKNOWN,扫描 OCR + IPA 锚点版面解析（四行对照） | 整理日期 2026-09,medium
SANGJIAJING-P0388-L-02,SANGJIAJING,388,L,2,日 答,tshi³³ li⁰³3 1e³³ ʊɒ³³ ne⁴⁴,tsh133 1033 1e33 VD.33 ne44,suspect,0.60,5,网 十 眼 处 裹,十 网 眼 裹 住,UNKNOWN,扫描 OCR + IPA 锚点版面解析（四行对照） | 整理日期 2026-09,medium
SANGJIAJING-P0388-R-01,SANGJIAJING,388,R,1,田 Z 又,,21 21 VI33 mp zu ID33 tDss,failed,0.40,5,不 捉 啊 拿 搁,任 它 网 中 裹,UNKNOWN,扫描 OCR + IPA 锚点版面解析（四行对照） | 整理日期 2026-09,medium
SANGJIAJING-P0388-R-02,SANGJIAJING,388,R,2,甘 与 司 答,,ni21 dD21 9033 t$033 1e33,failed,0.40,5,曲 二 转 滚,曲 滚 两 圈,UNKNOWN,扫描 OCR + IPA 锚点版面解析（四行对照） | 整理日期 2026-09,medium
SANGJIAJING-P0388-R-03,SANGJIAJING,388,R,3,不 丑 与,ba⁴⁴ 3g ²¹ ni²¹ xw,ba44 3G 21 ni21 xw,suspect,0.50,4,射 具 次 拴 二,拉 弓 射 两 次,UNKNOWN,扫描 OCR + IPA 锚点版面解析（四行对照） | 整理日期 2026-09,medium
SANGJIAJING-P0388-R-04,SANGJIAJING,388,R,4,% 丑 与 答,ne2 ²¹ ni²¹ 1e³³ tshi⁴⁴,ne² 21 ni²1 1e33 tshi44,suspect,0.75,4,杀 具 二 脖 断,刀 断 两 次 脖,UNKNOWN,扫描 OCR + IPA 锚点版面解析（四行对照） | 整理日期 2026-09,medium
SANGJIAJING-P0388-R-05,SANGJIAJING,388,R,5,飞 正,,"1tgh33 l,33 th,33 mu²l",failed,0.00,4,老 请 公道 来 请,请 公 道 老者,UNKNOWN,扫描 OCR + IPA 锚点版面解析（四行对照） | 整理日期 2026-09,medium
SANGJIAJING-P0389-L-01,SANGJIAJING,389,L,1,%,,dess le31 k033 1y33 XD21,failed,0.25,4,伙子 手 快 来 杀,伙 子 快 解 肉,UNKNOWN,扫描 OCR + IPA 锚点版面解析（四行对照） | 整理日期 2026-09,medium
SANGJIAJING-P0389-L-02,SANGJIAJING,389,L,2,% 子 A,,1D33 XD mu² 4u33,failed,0.00,2,肉 天 白 献,獐 肉 祭 天 神,UNKNOWN,扫描 OCR + IPA 锚点版面解析（四行对照） | 整理日期 2026-09,medium
SANGJIAJING-P0389-L-03,SANGJIAJING,389,L,3,子 A % 田 口,mu²¹ 4u³³ xɒ²¹ mɒ2l nos,mu21 4u33 XD21 mD2l no*s,suspect,0.50,4,天 白 肉 不 软,祭 天 肉 坚 硬,UNKNOWN,扫描 OCR + IPA 锚点版面解析（四行对照） | 整理日期 2026-09,medium
SANGJIAJING-P0389-R-01,SANGJIAJING,389,R,1,万 % 配 田,khi³³ ⁵⁵ xɒ²¹ mp ²¹,kh133 55 XD21 mp 21,suspect,0.50,4,它 肉 要 不 真,也 不 能 捡,UNKNOWN,扫描 OCR + IPA 锚点版面解析（四行对照） | 整理日期 2026-09,medium
SANGJIAJING-P0389-R-02,SANGJIAJING,389,R,2,子 76,mb ³³ du³³ mi³³,mb 33 du33 m133,suspect,0.67,3,后 天 地 献 完,祭 完 天 地 后,UNKNOWN,扫描 OCR + IPA 锚点版面解析（四行对照） | 整理日期 2026-09,medium
SANGJIAJING-P0389-R-03,SANGJIAJING,389,R,3,了 办,li³³ siss si³³ tshi²¹ to³³,133 siss si33 tshi21 to33,suspect,0.75,4,獐 血 猎 狗 喂,獐 血 喂 猎 狗,UNKNOWN,扫描 OCR + IPA 锚点版面解析（四行对照） | 整理日期 2026-09,medium
SANGJIAJING-P0389-R-04,SANGJIAJING,389,R,4,% 3,1p³³ fi³³ xɒ ²¹ zɔ ⁴⁴,1p33 fi33 XD 21 Z.O 44,suspect,0.75,4,獐 肉 猎 人 分,獐 猎 分 肉 人,UNKNOWN,扫描 OCR + IPA 锚点版面解析（四行对照） | 整理日期 2026-09,medium
SANGJIAJING-P0390-L-01,SANGJIAJING,390,L,1,亏 飞 日,ni³³ 1ɒ³³ nu ³³ tys li⁰³3,ni33 1D33 nu 33 ty's 1033,suspect,0.75,4,獐 坐 女 隙 处,獐 子 股 盆 里,UNKNOWN,扫描 OCR + IPA 锚点版面解析（四行对照） | 整理日期 2026-09,medium
SANGJIAJING-P0390-L-02,SANGJIAJING,390,L,2,#X 丑,1ɒ³³ tshi²¹ ne²¹ ne ³³ xur⁴⁴,1D33 tshi21 ne21 ne 33 xur44,ok,0.80,5,獐 麝药 名 是,麝是 名 贵 药,UNKNOWN,扫描 OCR + IPA 锚点版面解析（四行对照） | 整理日期 2026-09,medium
SANGJIAJING-P0390-L-03,SANGJIAJING,390,L,3,米丑 九,tshi²¹ ne²¹ ³³ ne ne³³ tsi³³,tshi21 ne²1 33 ne ne33 tsi33,suspect,0.60,5,药 名 是 也 真,名 贵 药 不 假,UNKNOWN,扫描 OCR + IPA 锚点版面解析（四行对照） | 整理日期 2026-09,medium
SANGJIAJING-P0390-L-04,SANGJIAJING,390,L,4,X 丑 Z,,tshi21 1p33 ky44,failed,0.33,3,药 名 了 拿,割 下 獐 子麝,UNKNOWN,扫描 OCR + IPA 锚点版面解析（四行对照） | 整理日期 2026-09,medium
SANGJIAJING-P0390-R-01,SANGJIAJING,390,R,1,飞 飞羽,tshi2i ʊli³³ tsh⁰²1 do²¹ mu³³,tshi2i V133 tsh021 do21 mu33,suspect,0.50,4,药 拿 伴 迈 做,带药 登 路 程,UNKNOWN,扫描 OCR + IPA 锚点版面解析（四行对照） | 整理日期 2026-09,medium
SANGJIAJING-P0390-R-02,SANGJIAJING,390,R,2,飞,tho²¹ dzo qɒ ⁵⁵ 1o²¹ nu,tho²1 dzo qD 55 1o21 nu,suspect,0.50,4,托作 高 罗 妮,托 作 高 罗 妮,UNKNOWN,扫描 OCR + IPA 锚点版面解析（四行对照） | 整理日期 2026-09,medium
SANGJIAJING-P0390-R-03,SANGJIAJING,390,R,3,A,le³¹ 4u³³ ku³³ le p ʊe²¹,le31 4u33 ku33 le&p Ve21,suspect,0.50,4,左 手 银 镯 戴,左 手 戴 银 镯,UNKNOWN,扫描 OCR + IPA 锚点版面解析（四行对照） | 整理日期 2026-09,medium
SANGJIAJING-P0390-R-04,SANGJIAJING,390,R,4,号 3,,33 si33 piss ZD le31 dy31,failed,0.25,4,右 手 金 戒 戴,右手 戴 金戒,UNKNOWN,扫描 OCR + IPA 锚点版面解析（四行对照） | 整理日期 2026-09,medium
SANGJIAJING-P0391-L-01,SANGJIAJING,391,L,1,万 与 每,kh³³ ʊli³³ ⁵⁵ ni²¹ mu ³³ nu,"kh,33 V133 55 ni²1 mu 33 nu",suspect,0.50,6,他 家 二 兄 妹,他 们 兄 妹 俩,UNKNOWN,扫描 OCR + IPA 锚点版面解析（四行对照） | 整理日期 2026-09,medium
SANGJIAJING-P0391-L-02,SANGJIAJING,391,L,2,nI 田,,th21 kD33 88 44 mp 21,failed,0.20,5,一 路 走 不 无羞,羞 于 一 路 走,UNKNOWN,扫描 OCR + IPA 锚点版面解析（四行对照） | 整理日期 2026-09,medium
SANGJIAJING-P0391-L-03,SANGJIAJING,391,L,3,WI 特 田,th²¹ kɒ³³ 8x mp ²¹ tɒ³³,th21 kD33 8X mp 21 tD33,suspect,0.50,4,路 走 不 肯 一,不 肯 走 一 路,UNKNOWN,扫描 OCR + IPA 锚点版面解析（四行对照） | 整理日期 2026-09,medium
SANGJIAJING-P0391-L-04,SANGJIAJING,391,L,4,IM Z,,nw 55 h1s5 th121 1o21 33 m6,failed,0.00,5,妹 跑 一 凹 进,妹 跑 进 山 凹,UNKNOWN,扫描 OCR + IPA 锚点版面解析（四行对照） | 整理日期 2026-09,medium
SANGJIAJING-P0391-L-05,SANGJIAJING,391,L,5,全,thi²¹ dess tce³³ tce³³ de4,th121 dess tce33 tce33 de4,suspect,0.75,4,伙子 跑 一 梁 上,伙子 跑 山 梁,UNKNOWN,扫描 OCR + IPA 锚点版面解析（四行对照） | 整理日期 2026-09,medium
SANGJIAJING-P0391-R-01,SANGJIAJING,391,R,1,田 住 专 日 住,mp ²¹ tsi³³ li⁰³3 tsi³³,mp 21 tsi33 1033 tsi33,suspect,0.75,4,不 遇 别人 处 遇,没 有 遇 他 人,UNKNOWN,扫描 OCR + IPA 锚点版面解析（四行对照） | 整理日期 2026-09,medium
SANGJIAJING-P0391-R-02,SANGJIAJING,391,R,2,专 日 效 住,si³³ li³³ li⁰³3 a²¹ tsi³³,si33 133 1033 A21 tsi33,ok,1.00,5,别人 处 阿 因 遇,遇 见 了 阿 因,UNKNOWN,扫描 OCR + IPA 锚点版面解析（四行对照） | 整理日期 2026-09,medium
SANGJIAJING-P0391-R-03,SANGJIAJING,391,R,3,专 日 效 女,si³³ li⁰³3 a²¹ np ³³,si33 1033 A21 np 33,suspect,0.75,4,别人 处 阿 因 问,向 阿 因 寻 问,UNKNOWN,扫描 OCR + IPA 锚点版面解析（四行对照） | 整理日期 2026-09,medium
SANGJIAJING-P0392-L-01,SANGJIAJING,392,L,1,,ni zzz⁴⁷,nI ZZZ47,ok,1.00,1,th121 he31 tsh133 do21,夜 十 话 闻,UNKNOWN,扫描 OCR + IPA 锚点版面解析（四行对照） | 整理日期 2026-09,medium
SANGJIAJING-P0392-L-02,SANGJIAJING,392,L,2,nI ZZZ47,thi²¹ he³¹ tshi³³ do²¹,th121 he31 tsh133 do21,ok,1.00,4,夜 十 话 闻,夜 闻 十 话 一,UNKNOWN,扫描 OCR + IPA 锚点版面解析（四行对照） | 整理日期 2026-09,medium
SANGJIAJING-P0392-L-03,SANGJIAJING,392,L,3,☆ 金 田 仑,do²¹ gɒ ɒ²¹ ni4 mp ²¹ mi³³,do21 gD D21 ni4 mp 21 m133,suspect,0.75,4,话 闻 心 不 忘,闻 话 心 不 忘,UNKNOWN,扫描 OCR + IPA 锚点版面解析（四行对照） | 整理日期 2026-09,medium
SANGJIAJING-P0392-L-04,SANGJIAJING,392,L,4,# WI 天,,33 th21 ni33 mi ne4 tsiss,failed,0.25,4,地 黑 渗 一 日,渗 人 地 之 日,UNKNOWN,扫描 OCR + IPA 锚点版面解析（四行对照） | 整理日期 2026-09,medium
SANGJIAJING-P0392-R-01,SANGJIAJING,392,R,1,子 天 日,mu²¹ tce mu²¹ ni³³ li⁰³3,mu²1 tce mu21 ni33 1033,suspect,0.75,4,天 清 天 日 处,无 云 之 晴 日,UNKNOWN,扫描 OCR + IPA 锚点版面解析（四行对照） | 整理日期 2026-09,medium
SANGJIAJING-P0392-R-02,SANGJIAJING,392,R,2,天,,th2 ni33 tsh33 mx 21,failed,0.00,3,一 日 十 次 见,一 日 见 十 次,UNKNOWN,扫描 OCR + IPA 锚点版面解析（四行对照） | 整理日期 2026-09,medium
SANGJIAJING-P0392-R-03,SANGJIAJING,392,R,3,万 系 目,khi³³ zi³³ 2i³³ t⁰³3,kh133 zi33 2i33 t$033,suspect,0.50,4,那 样 像 在 呢,此 般 情 况 下,UNKNOWN,扫描 OCR + IPA 锚点版面解析（四行对照） | 整理日期 2026-09,medium
SANGJIAJING-P0393-L-01,SANGJIAJING,393,L,1,形 Z出 WI,a²¹ th²¹ nu³³ ²⁰4,A21 th21 nu33 204,suspect,0.50,4,阿 因 你 一 人,唯 遇 阿 因 你,UNKNOWN,扫描 OCR + IPA 锚点版面解析（四行对照） | 整理日期 2026-09,medium
SANGJIAJING-P0393-R-01,SANGJIAJING,393,R,1,目 配 3=,,tshi21 33 33 tso oG D033,failed,0.25,4,药 有 你 见 见,你 可 见 到 药,UNKNOWN,扫描 OCR + IPA 锚点版面解析（四行对照） | 整理日期 2026-09,medium
SANGJIAJING-P0393-R-02,SANGJIAJING,393,R,2,效 Z 7水,a³³ thi²¹ tch²¹ do²¹,A33 thi21 tch21 do21,suspect,0.75,4,阿 因 一 句 丢,阿 因 说 一 句,UNKNOWN,扫描 OCR + IPA 锚点版面解析（四行对照） | 整理日期 2026-09,medium
SANGJIAJING-P0393-R-03,SANGJIAJING,393,R,3,77 中,thi²¹ do²¹ zi³³ ⁴⁰⁵⁵ do⁴⁴,th121 do21 zi33 4055 do44,ok,0.80,5,一 句 涮 出 呢,说 出 一 句 来,UNKNOWN,扫描 OCR + IPA 锚点版面解析（四行对照） | 整理日期 2026-09,medium
SANGJIAJING-P0393-R-04,SANGJIAJING,393,R,4,X 田 3,,tshi2i kh33 44 m121 mp 21 sa,failed,0.40,5,药 药 它 不 知,不 知 1道 有 药,UNKNOWN,扫描 OCR + IPA 锚点版面解析（四行对照） | 整理日期 2026-09,medium
SANGJIAJING-P0394-L-01,SANGJIAJING,394,L,1,田,,kh33 aG ne44 mp 21 n03,failed,0.00,4,我 它 看 不 见,我 没 见 过 药,UNKNOWN,扫描 OCR + IPA 锚点版面解析（四行对照） | 整理日期 2026-09,medium
SANGJIAJING-P0394-L-02,SANGJIAJING,394,L,2,专,,"zi33 si33 t""w 4h.._33 np 33 gp 21",failed,0.40,5,别人 点 我 闻 呢,人 说 我 听 过,UNKNOWN,扫描 OCR + IPA 锚点版面解析（四行对照） | 整理日期 2026-09,medium
SANGJIAJING-P0394-L-03,SANGJIAJING,394,L,3,? 双@3=,tsess the²¹ the²¹ li⁰⁴ ng³¹,tsess the21 the21 104 ng31,suspect,0.50,4,石 癫 接 滚 滚,癫 石 团 团 滚,UNKNOWN,扫描 OCR + IPA 锚点版面解析（四行对照） | 整理日期 2026-09,medium
SANGJIAJING-P0394-R-01,SANGJIAJING,394,R,1,米庄 子,tshi²¹ tsi³³ mu²¹ 1e4,tshi21 tsi33 mu²1 1e4,suspect,0.75,4,药棵 天 雷 摇,药 棵 半 空 摇,UNKNOWN,扫描 OCR + IPA 锚点版面解析（四行对照） | 整理日期 2026-09,medium
SANGJIAJING-P0394-R-02,SANGJIAJING,394,R,2,住,kɒ²¹ kɒ1 mi²¹ tsi³³,"k""p²1 kD1 m121 tsi33",suspect,0.67,3,药 棵 白朴朴,药 秆 灰 白 色,UNKNOWN,扫描 OCR + IPA 锚点版面解析（四行对照） | 整理日期 2026-09,medium
SANGJIAJING-P0394-R-03,SANGJIAJING,394,R,3,万 双 2 m,kh³³ zi³³ dzw nu²¹,"kh,33 Zi33 dz,w nu²1",suspect,0.67,3,那 样 长 来 呢,此 般 生 长 着,UNKNOWN,扫描 OCR + IPA 锚点版面解析（四行对照） | 整理日期 2026-09,medium
SANGJIAJING-P0394-R-04,SANGJIAJING,394,R,4,此 般 生 长 着,,tho²1 dz044 1o21 9DS nu33,failed,0.25,4,托 罗 高 罗 妮,托 罗 高 罗 妮,UNKNOWN,扫描 OCR + IPA 锚点版面解析（四行对照） | 整理日期 2026-09,medium
SANGJIAJING-P0394-R-05,SANGJIAJING,394,R,5,台,tche⁴⁴ 0s lu²¹ tsh⁰²1 as ⁵⁵,tche44 0$S lu²1 tsh021 as 55,suspect,0.50,4,村 头 伙子 伴 喂,（食 待 饮 伙 子,UNKNOWN,扫描 OCR + IPA 锚点版面解析（四行对照） | 整理日期 2026-09,medium
SANGJIAJING-P0395-L-01,SANGJIAJING,395,L,1,,,lu² tsho²1 1 lu²l tsh33,failed,0.00,2,伙子 伴 伙子十 人,邀 十 个 伙 子,UNKNOWN,扫描 OCR + IPA 锚点版面解析（四行对照） | 整理日期 2026-09,medium
SANGJIAJING-P0395-L-02,SANGJIAJING,395,L,2,田益,the4 qo ³³ lu²¹ tsho²¹ tsɒ,the4 qo 33 lu²1 tsho21 tsD,suspect,0.75,4,村 中 伙子 伴 找,村 中 邀 伙 子,UNKNOWN,扫描 OCR + IPA 锚点版面解析（四行对照） | 整理日期 2026-09,medium
SANGJIAJING-P0395-L-03,SANGJIAJING,395,L,3,田 面 z4 分,,lu²1 tsh021 th33 33 33 yD,failed,0.33,6,伙子 伴 三 十 得,邀 得 三 十 人,UNKNOWN,扫描 OCR + IPA 锚点版面解析（四行对照） | 整理日期 2026-09,medium
SANGJIAJING-P0395-L-04,SANGJIAJING,395,L,4,田 年,khi³³ mɒ²¹ kɒ³³ su³³ tshi³³,kh133 mp²1 kD33 su33 tsh133,ok,1.00,5,她 不 加 三 十,不 加 她 三冏 十,UNKNOWN,扫描 OCR + IPA 锚点版面解析（四行对照） | 整理日期 2026-09,medium
SANGJIAJING-P0395-R-01,SANGJIAJING,395,R,1,万年 面4W,kh³³ kɒ³³ sur ³³ tshi³³ thi2i,kh33 kp33 sur 33 tsh133 th12i,suspect,0.60,5,她 加 三 十 一,加 她 十 三 一,UNKNOWN,扫描 OCR + IPA 锚点版面解析（四行对照） | 整理日期 2026-09,medium
SANGJIAJING-P0395-R-02,SANGJIAJING,395,R,2,田,lur²¹ ²¹ qe h⁴⁴ bu²¹,"lur²1 21 q""e” h44 bu21",suspect,0.75,4,伙子 大 篮 大 背,大 者 背 大 篮,UNKNOWN,扫描 OCR + IPA 锚点版面解析（四行对照） | 整理日期 2026-09,medium
SANGJIAJING-P0395-R-03,SANGJIAJING,395,R,3,田 光光,lur²¹ nias qe⁴⁴ bu²¹ nass,lur²1 nia's qe44 bu21 nass,suspect,0.75,4,伙子 小 篮 小 背,小 者 背 小 篮,UNKNOWN,扫描 OCR + IPA 锚点版面解析（四行对照） | 整理日期 2026-09,medium
SANGJIAJING-P0395-R-04,SANGJIAJING,395,R,4,Y 飞,niss ³³ du²¹ tu³³ ³³,niss 33 du21 tu33 33,suspect,0.75,4,控 具 嘴 长 拿,拿 上 尖 嘴 锄,UNKNOWN,扫描 OCR + IPA 锚点版面解析（四行对照） | 整理日期 2026-09,medium
SANGJIAJING-P0395-R-05,SANGJIAJING,395,R,5,3= U,,te33 le&p hp33 mp 33,failed,0.33,3,云 结 结 雨 水,结云 孕 日 雨 水,UNKNOWN,扫描 OCR + IPA 锚点版面解析（四行对照） | 整理日期 2026-09,medium
SANGJIAJING-P0396-L-01,SANGJIAJING,396,L,1,田 A,,te33 mp 21 reap hp33 4u33,failed,0.25,4,云 不 结 雨 白,云 跑 下 冰 電,UNKNOWN,扫描 OCR + IPA 锚点版面解析（四行对照） | 整理日期 2026-09,medium
SANGJIAJING-P0396-L-02,SANGJIAJING,396,L,2,去,,ms IaP tD33 do44 h33,failed,0.33,3,的 起 出 来,刷 地 站 起 身,UNKNOWN,扫描 OCR + IPA 锚点版面解析（四行对照） | 整理日期 2026-09,medium
SANGJIAJING-P0396-L-03,SANGJIAJING,396,L,3,700 甘 特,si²¹ dɒ²¹ kɒ³³ ʊe³³ tsho²¹,si21 dp21 kD33 Ve33 tsho21,ok,0.80,5,道 七 路 边 行,七 条 路 边 走,UNKNOWN,扫描 OCR + IPA 锚点版面解析（四行对照） | 整理日期 2026-09,medium
SANGJIAJING-P0396-L-04,SANGJIAJING,396,L,4,甘# 甘 日,dɒ²¹ kɒ³³ dɒ²¹ li⁰³3 tsho²¹,dp21 kD33 dp21 1033 tsho21,ok,1.00,5,道 路 道 处 行,行 在 路 途 上 口,UNKNOWN,扫描 OCR + IPA 锚点版面解析（四行对照） | 整理日期 2026-09,medium
SANGJIAJING-P0396-L-05,SANGJIAJING,396,L,5,羽飞男 每,tsho²¹ do²¹ tso ho²¹ ⁸⁸ mu ³³,"tsho21 do21 ts""o~"" ho21 88 mu 33",suspect,0.60,5,行 迈 行 走 做,小 步 加 步 大,UNKNOWN,扫描 OCR + IPA 锚点版面解析（四行对照） | 整理日期 2026-09,medium
SANGJIAJING-P0396-R-01,SANGJIAJING,396,R,1,17死,q2u²¹ bi²¹ zi³³ fess og,q²u21 br21 Z.133 fess oG,suspect,0.50,4,河 水 崖 口 见,见 河 岸 崖 壁,UNKNOWN,扫描 OCR + IPA 锚点版面解析（四行对照） | 整理日期 2026-09,medium
SANGJIAJING-P0396-R-02,SANGJIAJING,396,R,2,田,,"h21 kh133 p""D mp?1",failed,0.33,3,父 思念 她 不 哭,思 父 她 没 哭,UNKNOWN,扫描 OCR + IPA 锚点版面解析（四行对照） | 整理日期 2026-09,medium
SANGJIAJING-P0397-L-01,SANGJIAJING,397,L,1,7=配,zi³³ fess qu2 no ³³,"zi33 fess q""u² no 33",suspect,0.50,2,崖 口 见 呢 哭,见 崖 壁 愁 哭,UNKNOWN,扫描 OCR + IPA 锚点版面解析（四行对照） | 整理日期 2026-09,medium
SANGJIAJING-P0397-L-02,SANGJIAJING,397,L,2,IM 子 又,,th2i si33 ni4 ID33 tDss,failed,0.33,3,样 哭 了 搁 一,停 下 哭 一 阵,UNKNOWN,扫描 OCR + IPA 锚点版面解析（四行对照） | 整理日期 2026-09,medium
SANGJIAJING-P0397-L-03,SANGJIAJING,397,L,3,易 易,bi²¹ zi³³ bi²¹ tsh³³ pu³³,b121 Z.133 b121 tsh;33 pu33,ok,0.80,5,河 水 河 岸 到,行 至 河 岸 上,UNKNOWN,扫描 OCR + IPA 锚点版面解析（四行对照） | 整理日期 2026-09,medium
SANGJIAJING-P0397-L-04,SANGJIAJING,397,L,4,易,bi²¹ pu³³ fess qe ³³1 h³³,b121 pu33 fess qe' 3.31 h33,suspect,0.50,4,河 岸 崖 端 上,河 岸 峭 崖 上,UNKNOWN,扫描 OCR + IPA 锚点版面解析（四行对照） | 整理日期 2026-09,medium
SANGJIAJING-P0397-R-01,SANGJIAJING,397,R,1,住 # 3=,tshi²¹ ³³ tsi³³ ni4 zɛ,tshi21 33 tsi33 ni4 ZE,suspect,0.50,4,药 棵 绿 笑 笑,药 苗 绿 鲜 鲜,UNKNOWN,扫描 OCR + IPA 锚点版面解析（四行对照） | 整理日期 2026-09,medium
SANGJIAJING-P0397-R-02,SANGJIAJING,397,R,2,住,tshi²¹ tsi³³ mi²¹ tsi³³ dzo⁴⁴,tshi21 tsi33 mi²1 tsi33 dzo44,ok,1.00,5,药 棵 药 棵 沾,苗 药 药 连 苗,UNKNOWN,扫描 OCR + IPA 锚点版面解析（四行对照） | 整理日期 2026-09,medium
SANGJIAJING-P0397-R-03,SANGJIAJING,397,R,3,X 万 日,tshi²¹ mi²¹ kh³³ li⁰³3 nu ²¹,tshi21 m121 kh33 1033. nu 21,ok,0.80,5,药 药 长 那 里,药 材 那 里 长,UNKNOWN,扫描 OCR + IPA 锚点版面解析（四行对照） | 整理日期 2026-09,medium
SANGJIAJING-P0397-R-04,SANGJIAJING,397,R,4,田 西4与,lu²¹ tsho²¹ tshi³³ su³³ z⁰⁴,lu²1 tsho21 tsh133 su33 Z.04,ok,0.80,5,伙子 伴 三 十 人,三 十 个 伙 子,UNKNOWN,扫描 OCR + IPA 锚点版面解析（四行对照） | 整理日期 2026-09,medium
SANGJIAJING-P0397-R-05,SANGJIAJING,397,R,5,与 17飞,tsh³³ fess mb h²¹ do⁴⁴,tsh;33 fess m.b h.21 do44,suspect,0.67,3,两 脚 崖 口 登,双 脚 登崖 口,UNKNOWN,扫描 OCR + IPA 锚点版面解析（四行对照） | 整理日期 2026-09,medium
SANGJIAJING-P0398-L-01,SANGJIAJING,398,L,1,与,ni²¹ rmyb le³¹ s dlo ⁴⁴,ni21 rmyb le31 s dlo 44,ok,1.00,3,两 手 崖 口 攀,双 手 攀 崖 口,UNKNOWN,扫描 OCR + IPA 锚点版面解析（四行对照） | 整理日期 2026-09,medium
SANGJIAJING-P0398-L-02,SANGJIAJING,398,L,2,去,dlo²¹ di²¹ festch³³ de⁴⁴,dlo21 di21 festch33 de44,ok,1.00,4,霍 的 上上 崖,霍 地 登 上 崖,UNKNOWN,扫描 OCR + IPA 锚点版面解析（四行对照） | 整理日期 2026-09,medium
SANGJIAJING-P0398-L-03,SANGJIAJING,398,L,3,住 Z 住,tshi²¹ tsi³³ tsi³³ do³¹ du2,tshi21 tsi33 tsi33 do31 du²!,ok,1.00,5,药 棵 毒 棵 放,割 药 苗 毒 草,UNKNOWN,扫描 OCR + IPA 锚点版面解析（四行对照） | 整理日期 2026-09,medium
SANGJIAJING-P0398-L-04,SANGJIAJING,398,L,4,Z Z 金 小,ni⁴⁴ do³¹ tshi²¹ do³¹ du²¹,ni44 do31 tshi21 do31 du21,ok,1.00,5,毒 .药 毒 根茎 挖,挖 茎 毒 药 根,UNKNOWN,扫描 OCR + IPA 锚点版面解析（四行对照） | 整理日期 2026-09,medium
SANGJIAJING-P0398-L-05,SANGJIAJING,398,L,5,住 A Y,m²¹ tsi³³ 4u³³ iɒ³³ du²¹,m21 tsi33 4u33 ID33 du21,suspect,0.60,5,药 棵 白 了 挖,棵 枯 挖其 根,UNKNOWN,扫描 OCR + IPA 锚点版面解析（四行对照） | 整理日期 2026-09,medium
SANGJIAJING-P0398-R-01,SANGJIAJING,398,R,1,Y Z,,niss du21 tu33 33 33,failed,0.25,4,挖 具 嘴 长 拿,挖 尖 嘴 锄 根,UNKNOWN,扫描 OCR + IPA 锚点版面解析（四行对照） | 整理日期 2026-09,medium
SANGJIAJING-P0398-R-02,SANGJIAJING,398,R,2,用 勿 WI 安 众,siss np ³³ th²¹ ob ³³ d2li³³,siss np 33 th21 ob 33 d2133,suspect,0.50,4,先 前 扯 伸 一,首 先 扯 一 根,UNKNOWN,扫描 OCR + IPA 锚点版面解析（四行对照） | 整理日期 2026-09,medium
SANGJIAJING-P0398-R-03,SANGJIAJING,398,R,3,7 W,si⁴⁴ ti⁴⁴ ɒe³³ tɒ³³ sɔ,si44 ti44 De33 t$D33 SO,ok,1.00,5,树 缠 藤 条 头,藤 条 缠 树 木,UNKNOWN,扫描 OCR + IPA 锚点版面解析（四行对照） | 整理日期 2026-09,medium
SANGJIAJING-P0398-R-04,SANGJIAJING,398,R,4,X,⁰⁵5 li³³ tsi²¹ le³¹ do 4,0.55 133 tsi21 le31 do 4,ok,0.80,5,药 头 钩 出 来,钩 ：下 药 梢 藤 1,UNKNOWN,扫描 OCR + IPA 锚点版面解析（四行对照） | 整理日期 2026-09,medium
SANGJIAJING-P0398-R-05,SANGJIAJING,398,R,5,开每 子 A,mu dzi²¹ mu³³ bi²¹,"mu dz,i21 mu33 b121",suspect,0.67,3,天 白 钱 做 给 日,此 为 天力 药,UNKNOWN,扫描 OCR + IPA 锚点版面解析（四行对照） | 整理日期 2026-09,medium
SANGJIAJING-P0399-L-01,SANGJIAJING,399,L,1,年 每 了,mu ³³ kɒ³³ iɒ³³ mu te³³,mu 33 kp33 ID33 mu te33,suspect,0.75,4,高 过 了 高 置,高 天 药 高 用,UNKNOWN,扫描 OCR + IPA 锚点版面解析（四行对照） | 整理日期 2026-09,medium
SANGJIAJING-P0399-L-02,SANGJIAJING,399,L,2,Z 子 半,,V133 1D33 mu²1 muss to33,failed,0.25,4,拿 了 天 马 喂,马 天 药 喂 天,UNKNOWN,扫描 OCR + IPA 锚点版面解析（四行对照） | 整理日期 2026-09,medium
SANGJIAJING-P0399-L-03,SANGJIAJING,399,L,3,分 日 WI 众,yɒ ³³ li⁰³3 th²¹ sɔb d2li³³,yD 33 1033 th21 SOb d2133,suspect,0.50,4,处 扯 伸 后 一,后 来 扯 一 根,UNKNOWN,扫描 OCR + IPA 锚点版面解析（四行对照） | 整理日期 2026-09,medium
SANGJIAJING-P0399-L-04,SANGJIAJING,399,L,4,3E 2,tshi²¹ dz⁰³1 do⁴⁴ 1h³³ da⁴⁴,"tshi21 dz,031 do44 1h33 da44",suspect,0.60,5,药 腰 断 出 来,断 下 药 藤 腰,UNKNOWN,扫描 OCR + IPA 锚点版面解析（四行对照） | 整理日期 2026-09,medium
SANGJIAJING-P0399-R-01,SANGJIAJING,399,R,1,Z 九 π,ʊli³³ dzi²¹ ne³³ muss do³³,V133 dzi21 ne33 muss do33,suspect,0.50,4,拿 也 官 马 喂,地 药 喂 官 马,UNKNOWN,扫描 OCR + IPA 锚点版面解析（四行对照） | 整理日期 2026-09,medium
SANGJIAJING-P0399-R-02,SANGJIAJING,399,R,2,灶 九 众,,du33 ng33 th21 q033,failed,0.25,4,后 也 一 扯 伸,再 后 扯 一 根,UNKNOWN,扫描 OCR + IPA 锚点版面解析（四行对照） | 整理日期 2026-09,medium
SANGJIAJING-P0399-R-03,SANGJIAJING,399,R,3,X 7: 田,tshi²¹ mess lur²¹ do⁴⁴ li³³,tshi21 mess lur²1 do44 133,suspect,0.75,4,药 尾 整个 来 出,拔 出 药 根 茎,UNKNOWN,扫描 OCR + IPA 锚点版面解析（四行对照） | 整理日期 2026-09,medium
SANGJIAJING-P0399-R-04,SANGJIAJING,399,R,4,丑 日 ZZ,tshi2i qe⁴⁴ li⁰³3 dlu³³ ne2i,tshi2i qe44 1033 dlu33 ne2i,suspect,0.50,4,药 良 篮 处 进,药 材 装 进 篮,UNKNOWN,扫描 OCR + IPA 锚点版面解析（四行对照） | 整理日期 2026-09,medium
SANGJIAJING-P0399-R-05,SANGJIAJING,399,R,5,田 九,lu²¹ ²¹ qe⁴⁴ ne³³ dle³³,lu21 21 qe44 ne33 dle33,ok,0.80,5,伙子 大 篮 也 满,大者 篮装 满,UNKNOWN,扫描 OCR + IPA 锚点版面解析（四行对照） | 整理日期 2026-09,medium
SANGJIAJING-P0400-L-01,SANGJIAJING,400,L,1,田光飞,qhe⁴⁴ ³³ lu²¹ nas ne dle³³,qhe44 33 lu²1 na's ne dle33,suspect,0.50,4,伙子 小 篮 也 满,小 者 篮 也 满,UNKNOWN,扫描 OCR + IPA 锚点版面解析（四行对照） | 整理日期 2026-09,medium
SANGJIAJING-P0400-L-02,SANGJIAJING,400,L,2,男 7,1ɒ³³ kɒ³³ du²¹ ⁹⁰³¹,1D33 kD33 du21 9031,suspect,0.50,4,走 了 路 原 回,原 路 去 返 回,UNKNOWN,扫描 OCR + IPA 锚点版面解析（四行对照） | 整理日期 2026-09,medium
SANGJIAJING-P0400-L-03,SANGJIAJING,400,L,3,司 W to,he³³ tshi³³ t⁰³3 1p³³ lurs,he33 tshi33 t$033 1p33 lur's,suspect,0.60,5,转 了 勒 罕 到,转 回 到 勒 罕,UNKNOWN,扫描 OCR + IPA 锚点版面解析（四行对照） | 整理日期 2026-09,medium
SANGJIAJING-P0400-L-04,SANGJIAJING,400,L,4,住 包,,tsi33 niss tshi21 tce4 di33,failed,0.33,3,院 坝 药 凉 坪,坝 药 坪 院 凉,UNKNOWN,扫描 OCR + IPA 锚点版面解析（四行对照） | 整理日期 2026-09,medium
SANGJIAJING-P0400-R-01,SANGJIAJING,400,R,1,%X 包 % 3=,tshi²¹ tce ⁴⁴ niss,tshi21 tce 44 niss,ok,1.00,3,药 凉,药 材 凉,UNKNOWN,扫描 OCR + IPA 锚点版面解析（四行对照） | 整理日期 2026-09,medium
SANGJIAJING-P0400-R-02,SANGJIAJING,400,R,2,X 焱 A,khɒ²¹ khɒ²¹ tshi²¹ 4u³³,khp²1khD21 tshi21 4u33,suspect,0.75,4,药 晒 白 枯枯,药 材 晒 干 燥,UNKNOWN,扫描 OCR + IPA 锚点版面解析（四行对照） | 整理日期 2026-09,medium
SANGJIAJING-P0400-R-03,SANGJIAJING,400,R,3,焱,tshi²¹ tce4 tshj²¹ fe³³,tshi21 tce4 tshj21 fe33,suspect,0.67,3,药 凉 药 晒 干,药 材 凉 晒 干,UNKNOWN,扫描 OCR + IPA 锚点版面解析（四行对照） | 整理日期 2026-09,medium
SANGJIAJING-P0400-R-04,SANGJIAJING,400,R,4,X 70,tshi²¹ t1s5 mu li³³ zi³³,"tshi21 t1s5 mu? 1,33 zi33",suspect,0.67,3,药 春 做 来 呢,要 春 药 材 了,UNKNOWN,扫描 OCR + IPA 锚点版面解析（四行对照） | 整理日期 2026-09,medium
SANGJIAJING-P0401-L-01,SANGJIAJING,401,L,1,飞,si³³ ʊli³³ ⁹⁰ s ku³³,si33 V133 90$s ku33,suspect,0.50,4,果 诗 家 屋 里,果 诗 家 屋 里,UNKNOWN,扫描 OCR + IPA 锚点版面解析（四行对照） | 整理日期 2026-09,medium
SANGJIAJING-P0401-L-02,SANGJIAJING,401,L,2,半 4h X图,mu ⁵⁵ me³¹ qe⁴⁴ do4,mu 55 me31 qe44 do4,ok,1.00,4,将 大 出 兵 强,兵 强 马 又 壮,UNKNOWN,扫描 OCR + IPA 锚点版面解析（四行对照） | 整理日期 2026-09,medium
SANGJIAJING-P0401-L-03,SANGJIAJING,401,L,3,A 面 70,ʊɒ ³³ 4u³³ ³³ tshi³³ dza³³ su,VD 33 4U33 33 tshi33 dza3 su,suspect,0.50,6,网 白 三 笼 编,编 织 三 笼 网,UNKNOWN,扫描 OCR + IPA 锚点版面解析（四行对照） | 整理日期 2026-09,medium
SANGJIAJING-P0401-L-04,SANGJIAJING,401,L,4,面 70 钙,,h33 tsh33 kD33 m.b VD 21 ms 33,failed,0.20,5,套 网 三 笼 加,加 冏三 笼 套 网,UNKNOWN,扫描 OCR + IPA 锚点版面解析（四行对照） | 整理日期 2026-09,medium
SANGJIAJING-P0401-R-01,SANGJIAJING,401,R,1,了 办 日 专,si³³ si³³ tshi²¹ le³¹ li⁰³3,si33 si33 tshi21 le31 1033,ok,1.00,5,猪 狗 手 处 牵,牵 猪 狗 手 上,UNKNOWN,扫描 OCR + IPA 锚点版面解析（四行对照） | 整理日期 2026-09,medium
SANGJIAJING-P0401-R-02,SANGJIAJING,401,R,2,去,ta³³ do 4 zi¹³3,ta33 do 4 zi133,suspect,0.50,2,地 去 起 出,地 起 身 走,UNKNOWN,扫描 OCR + IPA 锚点版面解析（四行对照） | 整理日期 2026-09,medium
SANGJIAJING-P0401-R-03,SANGJIAJING,401,R,3,田 WI 电 日,²¹ tshi³³ thi²¹ li⁰³3 mp turs,21 tshi33 th121 1033 mp turs,ok,0.80,5,不 到 一 地 处,来 到 陌 生 地,UNKNOWN,扫描 OCR + IPA 锚点版面解析（四行对照） | 整理日期 2026-09,medium
SANGJIAJING-P0401-R-04,SANGJIAJING,401,R,4,矢 田,,si21 S031 1e31 mp 21 me 33,failed,0.40,5,果 摘 手 不 及,摘 手 难 及 果,UNKNOWN,扫描 OCR + IPA 锚点版面解析（四行对照） | 整理日期 2026-09,medium
SANGJIAJING-P0402-L-01,SANGJIAJING,402,L,1,了 日,niss dzi²¹ te³³ me³³ li⁰³3,niss dz121 te33 me33 1033,suspect,0.75,4,嘴 伸 埂 尾 处,前 倾 断 崖 处,UNKNOWN,扫描 OCR + IPA 锚点版面解析（四行对照） | 整理日期 2026-09,medium
SANGJIAJING-P0402-L-02,SANGJIAJING,402,L,2,荟 R,tless do⁴⁴ md ³³ qɒ ³³ dɒ²¹,tless do44 md 33 qD 33 dp21,suspect,0.50,4,鹰 出 山 垭 岭,鹰 山 垭 岭,UNKNOWN,扫描 OCR + IPA 锚点版面解析（四行对照） | 整理日期 2026-09,medium
SANGJIAJING-P0402-L-03,SANGJIAJING,402,L,3,荟 A,,tless 4u33 tless ne44 qu33,failed,0.33,3,鹰 白 鹰 黑 套,网 套 黑 白 鹰,UNKNOWN,扫描 OCR + IPA 锚点版面解析（四行对照） | 整理日期 2026-09,medium
SANGJIAJING-P0402-L-04,SANGJIAJING,402,L,4,日 WI 灶 包,thi²¹ yu2l li⁰³3 du³³,th121 yu2l 1033 du33,suspect,0.67,3,前 处 一 桩 拴,首 先 套 一 只,UNKNOWN,扫描 OCR + IPA 锚点版面解析（四行对照） | 整理日期 2026-09,medium
SANGJIAJING-P0402-L-05,SANGJIAJING,402,L,5,荟 WI 了,tless 4u³³ thi²¹ mɒ³³ te³³,tless 4u33 thi21 mD33 te33,suspect,0.75,4,鹰 白 一 个 着,网套 白 鹰,UNKNOWN,扫描 OCR + IPA 锚点版面解析（四行对照） | 整理日期 2026-09,medium
SANGJIAJING-P0402-R-01,SANGJIAJING,402,R,1,π 飞 A 国,dzi²¹ ʊli³³ tless du³³ ne,dzi21 V133 tless du33 ne,suspect,0.50,4,官 家 鹰 冏白 是,是 官 家 冏白 鹰,UNKNOWN,扫描 OCR + IPA 锚点版面解析（四行对照） | 整理日期 2026-09,medium
SANGJIAJING-P0402-R-02,SANGJIAJING,402,R,2,π 会 π,,q031 dzi21 tless du² dzi21,failed,0.33,3,官 鹰 放 官 还,放 鹰 还 官 家,UNKNOWN,扫描 OCR + IPA 锚点版面解析（四行对照） | 整理日期 2026-09,medium
SANGJIAJING-P0402-R-03,SANGJIAJING,402,R,3,分 日 WI 灶 包,³³ li⁰³3 thi²¹ du³³ niss yɒ,33 1033 th121 du33 niss yD,suspect,0.60,5,后 处 一 桩 拴,后 来 套 一 只,UNKNOWN,扫描 OCR + IPA 锚点版面解析（四行对照） | 整理日期 2026-09,medium
SANGJIAJING-P0402-R-04,SANGJIAJING,402,R,4,荟,,thi2 tche33 tless ne44 te33,failed,0.33,3,鹰 黑 一 只 着,网 套 一 黑 鹰,UNKNOWN,扫描 OCR + IPA 锚点版面解析（四行对照） | 整理日期 2026-09,medium
SANGJIAJING-P0403-L-01,SANGJIAJING,403,L,1,,,muss ttess mu*5 q031 Hu²1,failed,0.33,3,将 鹰 放 将 还,放鹰还将 家,UNKNOWN,扫描 OCR + IPA 锚点版面解析（四行对照） | 整理日期 2026-09,medium
SANGJIAJING-P0403-L-02,SANGJIAJING,403,L,2,灶 日,th²¹ tche³³ du³³ li⁰³3 niss,th21 tche33 du3 1033 niss,ok,0.80,5,后 处 一 只,再后 只,UNKNOWN,扫描 OCR + IPA 锚点版面解析（四行对照） | 整理日期 2026-09,medium
SANGJIAJING-P0403-L-03,SANGJIAJING,403,L,3,3 几分 荟 WI,,t4ess si33 th21 mp' 33 YD,failed,0.25,4,鹰黄 个 得 一,套 获 一 黄 鹰,UNKNOWN,扫描 OCR + IPA 锚点版面解析（四行对照） | 整理日期 2026-09,medium
SANGJIAJING-P0403-L-04,SANGJIAJING,403,L,4,不 飞 3 国,,V133 tless si33 、33 p133 ne,failed,0.40,5,毕摩 家 鹰 黄 是,毕 摩 家黄 鹰,UNKNOWN,扫描 OCR + IPA 锚点版面解析（四行对照） | 整理日期 2026-09,medium
SANGJIAJING-P0403-L-05,SANGJIAJING,403,L,5,不,,q031 p133 t4ess dur²1 D133,failed,0.25,4,毕摩 鹰 放 毕摩 还,黄鹰还毕摩,UNKNOWN,扫描 OCR + IPA 锚点版面解析（四行对照） | 整理日期 2026-09,medium
SANGJIAJING-P0403-R-01,SANGJIAJING,403,R,1,7L 日 IM 包,,1033 th21 VD 33 niss tsi31,failed,0.25,4,再 处 一 网 拴,最 后套 一 只,UNKNOWN,扫描 OCR + IPA 锚点版面解析（四行对照） | 整理日期 2026-09,medium
SANGJIAJING-P0403-R-02,SANGJIAJING,403,R,2,最 后套 一 只,du³³ qu³³ t4es phe³³ tless,du3 qu3 t4es phe33 tless,suspect,0.75,4,鹰灰 鹰 桩套,套住 灰鹰,UNKNOWN,扫描 OCR + IPA 锚点版面解析（四行对照） | 整理日期 2026-09,medium
SANGJIAJING-P0403-R-03,SANGJIAJING,403,R,3,几分,tyes phe³³ thi²¹ mɒ³³ ³³ yɒ,tyes phe33 thi21 mp3 33 yD,suspect,0.60,5,鹰灰 个 得 一,套获 灰 鹰,UNKNOWN,扫描 OCR + IPA 锚点版面解析（四行对照） | 整理日期 2026-09,medium
SANGJIAJING-P0403-R-04,SANGJIAJING,403,R,4,用,,t4ephe33tshi21 t4e5s,failed,0.25,4,鹰灰药 鹰 是,灰鹰是 药 鹰,UNKNOWN,扫描 OCR + IPA 锚点版面解析（四行对照） | 整理日期 2026-09,medium
SANGJIAJING-P0403-R-05,SANGJIAJING,403,R,5,灰鹰是 药 鹰,t4ess pe h³³ zu ³³ do⁴⁴ li³³,"t4ess p""e"" h33 zu 33 do44 133",suspect,0.75,4,鹰灰 捉 出来,捉灰鹰过来,UNKNOWN,扫描 OCR + IPA 锚点版面解析（四行对照） | 整理日期 2026-09,medium
SANGJIAJING-P0404-L-01,SANGJIAJING,404,L,1,,,t4e5sphe33dzo²kw”3 kD33,failed,0.33,3,鹰灰腰身 加,灰鹰之腹 腔,UNKNOWN,扫描 OCR + IPA 锚点版面解析（四行对照） | 整理日期 2026-09,medium
SANGJIAJING-P0404-L-02,SANGJIAJING,404,L,2,704日,ti⁵⁵ s tshu³³ tshi²¹ li⁰²1 mp ³³,t15s tshu33 tshi21 1021 mp 33,ok,0.80,5,药 春確 白 大,用 作春药,UNKNOWN,扫描 OCR + IPA 锚点版面解析（四行对照） | 整理日期 2026-09,medium
SANGJIAJING-P0404-L-03,SANGJIAJING,404,L,3,用 作春药,t4ess kuw3 tshi²¹ ti⁵⁵ li⁰²1,t4ess kuw3 tshi21 t155 1021,suspect,0.67,3,鹰身药 春 白,鹰身作 药 白,UNKNOWN,扫描 OCR + IPA 锚点版面解析（四行对照） | 整理日期 2026-09,medium
SANGJIAJING-P0404-L-04,SANGJIAJING,404,L,4,没 有春 药,,t4ess pu3 tshi21 t1s5 pu33,failed,0.33,3,鹰骨药 春 棒,鹰骨作日,UNKNOWN,扫描 OCR + IPA 锚点版面解析（四行对照） | 整理日期 2026-09,medium
SANGJIAJING-P0404-R-01,SANGJIAJING,404,R,1,田 目,tshi²¹ kɒ³³ fa⁴⁴ mɒ2 ²¹ t⁰³3,tshi21 kD33 fa44 mp² 21 t$033,ok,0.80,5,药筛筛 不 有,没 有筛 药筛,UNKNOWN,扫描 OCR + IPA 锚点版面解析（四行对照） | 整理日期 2026-09,medium
SANGJIAJING-P0404-R-02,SANGJIAJING,404,R,2,没 有筛 药筛,t4ess tu³³ tshi²¹ kɒ³³ fa⁴⁴,t4ess tu33 tshi21 kD3 fa44,suspect,0.75,4,鹰翅药筛 筛,鹰翅作 药 筛,UNKNOWN,扫描 OCR + IPA 锚点版面解析（四行对照） | 整理日期 2026-09,medium
SANGJIAJING-P0404-R-03,SANGJIAJING,404,R,3,米里卉 田,tshi²¹ phu³³ tu³³ mɒ²¹ t⁰³3,tshi21phu33 tu33 mp21 t$033,ok,0.80,5,药盖具 不 有,没有药盖具,UNKNOWN,扫描 OCR + IPA 锚点版面解析（四行对照） | 整理日期 2026-09,medium
SANGJIAJING-P0404-R-04,SANGJIAJING,404,R,4,荟万米里卉,,tshi21pw33 t4ess mess tu33,failed,0.33,3,鹰尾药盖 具,鹰尾 作 盖 具,UNKNOWN,扫描 OCR + IPA 锚点版面解析（四行对照） | 整理日期 2026-09,medium
SANGJIAJING-P0404-R-05,SANGJIAJING,404,R,5,田,tshi²¹ tce⁵⁵ s tu³³ mɒ ²¹ to ³³,tshi21 tce5s tu33 mD 21 t$o 33,ok,1.00,5,药煮具 不 有,没有煮药具,UNKNOWN,扫描 OCR + IPA 锚点版面解析（四行对照） | 整理日期 2026-09,medium
SANGJIAJING-P0405-L-01,SANGJIAJING,405,L,1,分 3 茶,z³³ zɒ²¹ si³³ bu³³,"z,33 ZD21 si33 bu33",suspect,0.75,4,昆 明 金 罐 拿,昆 明 罐 拿 金,UNKNOWN,扫描 OCR + IPA 锚点版面解析（四行对照） | 整理日期 2026-09,medium
SANGJIAJING-P0405-L-02,SANGJIAJING,405,L,2,见州 A,dur²¹ pur³³ 4u³³ bu³³,dur21 pur33 4u33 bu33,suspect,0.75,4,宜 良 银 罐 拿,宜 良 拿 银 罐,UNKNOWN,扫描 OCR + IPA 锚点版面解析（四行对照） | 整理日期 2026-09,medium
SANGJIAJING-P0405-L-03,SANGJIAJING,405,L,3,国 茶,lu²¹ dlɒ²¹ bu³³ ɒe³³ 2li³³,lu²1 dlp21 bu33 De33 213,ok,0.80,5,澄 江 铵 罐 拿,澄 江 拿 铵 罐,UNKNOWN,扫描 OCR + IPA 锚点版面解析（四行对照） | 整理日期 2026-09,medium
SANGJIAJING-P0405-L-04,SANGJIAJING,405,L,4,半,,h33 muss zu! bu33,failed,0.00,2,还 是 将 使 罐,都 是将使 罐,UNKNOWN,扫描 OCR + IPA 锚点版面解析（四行对照） | 整理日期 2026-09,medium
SANGJIAJING-P0405-R-01,SANGJIAJING,405,R,1,W 77 茶,,"lur's dz,i21 bu33 2133",failed,0.33,3,路 南 铜 罐 拿,路 南 铜 罐 拿,UNKNOWN,扫描 OCR + IPA 锚点版面解析（四行对照） | 整理日期 2026-09,medium
SANGJIAJING-P0405-R-02,SANGJIAJING,405,R,2,九,a²¹ 1y4 3g ³³ bu³³,A21 1y4 3G 33 bu33,suspect,0.67,3,阿 勒 也 使 罐,阿 勒 匠 用 罐,UNKNOWN,扫描 OCR + IPA 锚点版面解析（四行对照） | 整理日期 2026-09,medium
SANGJIAJING-P0405-R-03,SANGJIAJING,405,R,3,与 特 茶,,1p21 ni²1 44 bu33 zu3 33 mx,failed,0.43,7,陆 良 铁 罐 拿,陆 良拿 铁 罐,UNKNOWN,扫描 OCR + IPA 锚点版面解析（四行对照） | 整理日期 2026-09,medium
SANGJIAJING-P0405-R-04,SANGJIAJING,405,R,4,专 九万分,si³³ kh³³ ³³ ne³³ yɒ,si33 kh33 33 ne33 YD,suspect,0.60,5,别人 也 它 的 使,别人使用它,UNKNOWN,扫描 OCR + IPA 锚点版面解析（四行对照） | 整理日期 2026-09,medium
SANGJIAJING-P0406-L-01,SANGJIAJING,406,L,1,考万九,si³³ zu2 ²¹ kh³³ ng³³ zu²¹,si33 Zu² 21 kh33 ng33 Zu²1,suspect,0.60,5,别人 使 她 也 使,人 用 她 也 用,UNKNOWN,扫描 OCR + IPA 锚点版面解析（四行对照） | 整理日期 2026-09,medium
SANGJIAJING-P0406-L-02,SANGJIAJING,406,L,2,z4 3= 九 ZZ,,tsh133 033 033 ng33 dlw,failed,0.20,5,十 样 样 也 装,十 样 药 可 装,UNKNOWN,扫描 OCR + IPA 锚点版面解析（四行对照） | 整理日期 2026-09,medium
SANGJIAJING-P0406-L-03,SANGJIAJING,406,L,3,九么 九 分,,ku's b121 Ve33 3U 33 yD 33,failed,0.25,4,匠 给 买 也 得,从 匠 处 买 得,UNKNOWN,扫描 OCR + IPA 锚点版面解析（四行对照） | 整理日期 2026-09,medium
SANGJIAJING-P0406-L-04,SANGJIAJING,406,L,4,? 九 目,tshi²¹ tcess bu³³ li³⁰3,tshi21 tcess bu33 1303,suspect,0.67,3,药煮 罐 也 有,煮 药 罐 有 了,UNKNOWN,扫描 OCR + IPA 锚点版面解析（四行对照） | 整理日期 2026-09,medium
SANGJIAJING-P0406-L-05,SANGJIAJING,406,L,5,田,tshi²¹ tcess 2li³³ mɒ²¹ t⁰³3,tshi21 tcess 2133 mp²1 t$033,suspect,0.50,4,药煮 水 不 有,没有煮药水,UNKNOWN,扫描 OCR + IPA 锚点版面解析（四行对照） | 整理日期 2026-09,medium
SANGJIAJING-P0406-R-01,SANGJIAJING,406,R,1,效,a³³ tcess li³³ mi³³,A33 tcess 133 m133,suspect,0.67,3,什 么煮 来 作,什 么煮 药 水,UNKNOWN,扫描 OCR + IPA 锚点版面解析（四行对照） | 整理日期 2026-09,medium
SANGJIAJING-P0406-R-02,SANGJIAJING,406,R,2,效 7,a³³ mi³³ tshi²¹ tcess si4,A33 m133 tshi21tcess si4,suspect,0.75,4,什 么药 煮 柴,么煮药 什 柴,UNKNOWN,扫描 OCR + IPA 锚点版面解析（四行对照） | 整理日期 2026-09,medium
SANGJIAJING-P0406-R-03,SANGJIAJING,406,R,3,7,,t4ess yu²1 tshi2ltces,failed,0.00,2,骨药 鹰 煮 柴,鹰骨煮 药 柴,UNKNOWN,扫描 OCR + IPA 锚点版面解析（四行对照） | 整理日期 2026-09,medium
SANGJIAJING-P0406-R-04,SANGJIAJING,406,R,4,田 m,,tshi21 tcess tuss mp21 t3033,failed,0.33,3,药煮 火 不有,煮药没有火,UNKNOWN,扫描 OCR + IPA 锚点版面解析（四行对照） | 整理日期 2026-09,medium
SANGJIAJING-P0407-L-01,SANGJIAJING,407,L,1,女 7 专,kurs ʊi³³ si³³,kur's VI33 si33,suspect,0.50,2,格资 家 知 主 问,问 格 资 圣 者,UNKNOWN,扫描 OCR + IPA 锚点版面解析（四行对照） | 整理日期 2026-09,medium
SANGJIAJING-P0407-L-02,SANGJIAJING,407,L,2,7 专,⁵⁵ si³³ th²¹ do²¹ bi²¹ sa,55 si33 th21 do21 b121 sa,suspect,0.67,6,知 主 一 话 给,圣 者 答 一 句,UNKNOWN,扫描 OCR + IPA 锚点版面解析（四行对照） | 整理日期 2026-09,medium
SANGJIAJING-P0407-L-03,SANGJIAJING,407,L,3,特子 3E,mx mu da⁴⁴ mu³³ bi²¹,mx mu da44 mu33 b121,suspect,0.67,3,铁 火 镰 做 给,拿 来 铁 火 镰,UNKNOWN,扫描 OCR + IPA 锚点版面解析（四行对照） | 整理日期 2026-09,medium
SANGJIAJING-P0407-R-01,SANGJIAJING,407,R,1,3E ?,tchi³¹ bx³¹ mi²¹ d4 li⁰⁴,tchi31bx31 m1²1 d4 104,suspect,0.50,4,羊 蹄 火 燧 石,羊 蹄 取 火 石,UNKNOWN,扫描 OCR + IPA 锚点版面解析（四行对照） | 整理日期 2026-09,medium
SANGJIAJING-P0407-R-02,SANGJIAJING,407,R,2,日,te³³ m8 tsh³³ li⁰³3 md,te33 m8 tsh;33 1033 md,suspect,0.50,4,埂 尾 山 脚 处,山 脚 石 壁 下,UNKNOWN,扫描 OCR + IPA 锚点版面解析（四行对照） | 整理日期 2026-09,medium
SANGJIAJING-P0407-R-03,SANGJIAJING,407,R,3,效 α 3E,a³³ mb ³³ mi²¹ dq⁴⁴ tsɒ³³,A33 mb 33 m121 dq44 tsp33,suspect,0.60,5,阿 格 引 火 草,阿 格 引 火 草,UNKNOWN,扫描 OCR + IPA 锚点版面解析（四行对照） | 整理日期 2026-09,medium
SANGJIAJING-P0407-R-04,SANGJIAJING,407,R,4,用 #,kɒ³³ tsi³³ ka⁴⁴ tsha⁴⁴ si⁵⁵ s,kD33 ts133 ka44 tsha44 si5s,ok,0.83,6,路 边 卡查 草,路 边 卡 查 草,UNKNOWN,扫描 OCR + IPA 锚点版面解析（四行对照） | 整理日期 2026-09,medium
SANGJIAJING-P0407-R-05,SANGJIAJING,407,R,5,OX 出,,tuss tsess 33 zu mu,failed,0.00,2,水 接 饭 做 使,用 来 添火势,UNKNOWN,扫描 OCR + IPA 锚点版面解析（四行对照） | 整理日期 2026-09,medium
SANGJIAJING-P0408-L-01,SANGJIAJING,408,L,1,九,,tshi2l t tcess tuss ne33,failed,0.00,1,药 煮 火 也 有,煮 药 火 也 有,UNKNOWN,扫描 OCR + IPA 锚点版面解析（四行对照） | 整理日期 2026-09,medium
SANGJIAJING-P0408-L-02,SANGJIAJING,408,L,2,分 田,,33 33 tuss tsD33 yD mp 21 mb,failed,0.20,5,火 饭 得 不 完,柴 火 尚 不 够,UNKNOWN,扫描 OCR + IPA 锚点版面解析（四行对照） | 整理日期 2026-09,medium
SANGJIAJING-P0408-L-03,SANGJIAJING,408,L,3,住 住去,tsi³³ mu³³ tsit tche³³ tci⁵⁵ s,"tsi33 mu33 tsi""t tche3tc15s",suspect,0.60,5,棵 一的 棵 上找,树 木 枝 上 找,UNKNOWN,扫描 OCR + IPA 锚点版面解析（四行对照） | 整理日期 2026-09,medium
SANGJIAJING-P0408-L-04,SANGJIAJING,408,L,4,不,,"tsi33 nu* p""e31 4D21",failed,0.33,3,棵 找 沙松 叶 子,找树 找 沙 松,UNKNOWN,扫描 OCR + IPA 锚点版面解析（四行对照） | 整理日期 2026-09,medium
SANGJIAJING-P0408-R-01,SANGJIAJING,408,R,1,,,mG 33 tsi33 4D21,failed,0.33,3,沙 松 叶 结 厚,沙 松 针 叶 厚,UNKNOWN,扫描 OCR + IPA 锚点版面解析（四行对照） | 整理日期 2026-09,medium
SANGJIAJING-P0408-R-02,SANGJIAJING,408,R,2,住 飞比,tsi³³ ness 4ɒ²¹ dx³¹ bɒ²¹,tsi33 ness 4D21 dx31 bp²1,suspect,0.50,4,资 楠 叶 结 薄,资 楠 叶 子 稀,UNKNOWN,扫描 OCR + IPA 锚点版面解析（四行对照） | 整理日期 2026-09,medium
SANGJIAJING-P0408-R-03,SANGJIAJING,408,R,3,A 不 住 3=,tɒ³³ ɒli³³ tsi³³ tsi³³ ne,tD33 D13 tsi33 tsi33 ne,ok,0.80,5,蕨 草 棵 棵 矮,蕨 草 棵 低 矮,UNKNOWN,扫描 OCR + IPA 锚点版面解析（四行对照） | 整理日期 2026-09,medium
SANGJIAJING-P0408-R-04,SANGJIAJING,408,R,4,A 不 飞比,tɒ³³ pi³³ 4ɒ²¹ dy³¹ bɒ²¹,tD33 p133 4D21 dy31 bp21,suspect,0.60,5,蕨 草 叶 结 薄,蕨 草 叶 子 稀,UNKNOWN,扫描 OCR + IPA 锚点版面解析（四行对照） | 整理日期 2026-09,medium
SANGJIAJING-P0408-R-05,SANGJIAJING,408,R,5,茶 不,,33 4D21 tD33 4D21 mG,failed,0.20,5,沙松 叶 蕨 草 叶,沙 松 蕨 草 叶,UNKNOWN,扫描 OCR + IPA 锚点版面解析（四行对照） | 整理日期 2026-09,medium
SANGJIAJING-P0409-L-01,SANGJIAJING,409,L,1,开,³³ tuss tsɒ³³ khi³³ ne,33 tuss tsp33 kh133 ne,suspect,0.50,4,火 饭 它 也 良,添 火 势 极 好,UNKNOWN,扫描 OCR + IPA 锚点版面解析（四行对照） | 整理日期 2026-09,medium
SANGJIAJING-P0409-L-02,SANGJIAJING,409,L,2,每3: 电,³³ pu mu³³ mu³³ kɒ³³ tu³³,33 pu mu33 mu33 kD33 tu33,suspect,0.60,5,山 高高 路 地,高 山 N 山 路,UNKNOWN,扫描 OCR + IPA 锚点版面解析（四行对照） | 整理日期 2026-09,medium
SANGJIAJING-P0409-R-01,SANGJIAJING,409,R,1,ZI 3=,tuss dy³¹ tɒ³³ ni²¹ ni²¹,tuss dy31 tD33 n1²1 ni²1,ok,1.00,4,火 着 起 窜 窜,火 苗 向 上 窜,UNKNOWN,扫描 OCR + IPA 锚点版面解析（四行对照） | 整理日期 2026-09,medium
SANGJIAJING-P0409-R-02,SANGJIAJING,409,R,2,火 苗 向 上 窜,zi³³ tshi²¹ tcess tshi²² 4e⁴⁴,"z,133 tshi21 tcess tshi22 4e44",suspect,0.50,4,药煮药 水 开,煮 药水 滚 开,UNKNOWN,扫描 OCR + IPA 锚点版面解析（四行对照） | 整理日期 2026-09,medium
SANGJIAJING-P0409-R-03,SANGJIAJING,409,R,3,飞卉 田,tshi²¹ qhu³³ tu³³ mɒ²¹ t⁰³3,tshi21qhu33 tu33 mD²1 t$033,ok,0.80,5,药 盛 具 不 有,盛 药没 有具,UNKNOWN,扫描 OCR + IPA 锚点版面解析（四行对照） | 整理日期 2026-09,medium
SANGJIAJING-P0409-R-04,SANGJIAJING,409,R,4,荟 不 米飞Z,,tshi21g²u*'3 siss t4ess,failed,0.33,3,D3 鹰 肚 药 盛 碗,鹰 肚 作 药 碗,UNKNOWN,扫描 OCR + IPA 锚点版面解析（四行对照） | 整理日期 2026-09,medium
SANGJIAJING-P0410-L-01,SANGJIAJING,410,L,1,X 丑 % 又,tshi²¹ ne²¹ tcess 1ɒ³³ tɒss,tshi21 ne21 tcess 1D33 tDss,suspect,0.75,4,药 良 煮 了 搁,良 药 煮 好 了,UNKNOWN,扫描 OCR + IPA 锚点版面解析（四行对照） | 整理日期 2026-09,medium
SANGJIAJING-P0410-L-02,SANGJIAJING,410,L,2,X Z,tshi²¹ do³¹ pe h³³ 1ɒ³³ do ⁴⁴,"tshi21 do31 p""e h33 1D33 do 44",ok,0.80,5,药 浓 灰 了 出,药 汤 浓 泛 灰,UNKNOWN,扫描 OCR + IPA 锚点版面解析（四行对照） | 整理日期 2026-09,medium
SANGJIAJING-P0410-L-03,SANGJIAJING,410,L,3,飞 田 目,,tshi21 Z.0S5 mp21 t5033,failed,0.33,3,药 勺 不 有,没有 药 勺,UNKNOWN,扫描 OCR + IPA 锚点版面解析（四行对照） | 整理日期 2026-09,medium
SANGJIAJING-P0410-L-04,SANGJIAJING,410,L,4,荟 飞曲,,tshi21 qx31 t4es tu33,failed,0.33,3,鹰 翅 药 勺,鹰 翅 作 药 勺,UNKNOWN,扫描 OCR + IPA 锚点版面解析（四行对照） | 整理日期 2026-09,medium
SANGJIAJING-P0410-L-05,SANGJIAJING,410,L,5,田,tshi²¹ to³³ khi⁴⁴ mp to,tshi21 to33 kh144 mp t$o,ok,1.00,4,药 喂 角 不 有,没有 药 角 喂,UNKNOWN,扫描 OCR + IPA 锚点版面解析（四行对照） | 整理日期 2026-09,medium
SANGJIAJING-P0410-R-01,SANGJIAJING,410,R,1,,to³³ khu4 a³³ mi³³ tshi2i,to33khu4 A33 m133 tshi2i,suspect,0.50,4,什 么药 喂角,啥 作 喂 药 角,UNKNOWN,扫描 OCR + IPA 锚点版面解析（四行对照） | 整理日期 2026-09,medium
SANGJIAJING-P0410-R-02,SANGJIAJING,410,R,2,荟 X,ku4 tless ⁰⁵ tsi²¹ to³³,ku4 tless 0.$5 tsi21 to33,suspect,0.67,3,鹰 头 药 喂 角,鹰 头 喂 药 角,UNKNOWN,扫描 OCR + IPA 锚点版面解析（四行对照） | 整理日期 2026-09,medium
SANGJIAJING-P0410-R-03,SANGJIAJING,410,R,3,用 日 WI 用 飞,,siss 1033  th21 Z.OS5 qhy31,failed,0.00,3,先 处 一 勺 百,首 先 百 一 勺,UNKNOWN,扫描 OCR + IPA 锚点版面解析（四行对照） | 整理日期 2026-09,medium
SANGJIAJING-P0410-R-04,SANGJIAJING,410,R,4,Z卅 日,siss th²¹ khu4 li⁰³3 to³³,siss th21 khu4 1033 to33,suspect,0.67,3,先 处 一 角 喂,首 先 喂 一 角,UNKNOWN,扫描 OCR + IPA 锚点版面解析（四行对照） | 整理日期 2026-09,medium
SANGJIAJING-P0410-R-05,SANGJIAJING,410,R,5,子 A 日,mu²¹ 4u³³ 4ɒ²¹ li⁰³3 to³³,mu²1 4u33 4D21 1033 to33,suspect,0.60,5,天 白 叶 处 喂,喂 天 赐 叶 汤,UNKNOWN,扫描 OCR + IPA 锚点版面解析（四行对照） | 整理日期 2026-09,medium
SANGJIAJING-P0411-L-01,SANGJIAJING,411,L,1,W,tshi²¹ to³³ lurs mu ³³ to³³,tshi21 to33 lur's mu 33 to33,suspect,0.75,4,药 喂 喜 喂 做,心 喜来 喂药,UNKNOWN,扫描 OCR + IPA 锚点版面解析（四行对照） | 整理日期 2026-09,medium
SANGJIAJING-P0411-L-02,SANGJIAJING,411,L,2,勿 红斋每,np ³³ ki⁵⁵ k⁰³3 kɒ²¹ mu³³,np 33 k155 k033 kD21 mu33,suspect,0.60,5,病 让 快 效 做,让 病 快 转好,UNKNOWN,扫描 OCR + IPA 锚点版面解析（四行对照） | 整理日期 2026-09,medium
SANGJIAJING-P0411-L-03,SANGJIAJING,411,L,3,X 日,tshi²¹ to³³ ⁰⁵5 li⁰³3 tsh³³,tshi21 to33 055 1033 tsh:33,suspect,0.60,5,药 喂 头 处 到,药 喂 进 嘴,UNKNOWN,扫描 OCR + IPA 锚点版面解析（四行对照） | 整理日期 2026-09,medium
SANGJIAJING-P0411-L-04,SANGJIAJING,411,L,4,勿,np ³³ zi³³ ku³³ mu ³³ ze³¹,np 33 zi33 ku33 mu 33 Ze31,ok,0.80,5,病 呢身 下 做,病 从 身 冏上 除,UNKNOWN,扫描 OCR + IPA 锚点版面解析（四行对照） | 整理日期 2026-09,medium
SANGJIAJING-P0411-L-05,SANGJIAJING,411,L,5,X 杜 ZZZ 每,,tshi21 h21 tsiss to33 ab mu33,failed,0.25,4,药 喂 苦 喝 做,喂药 喝苦药,UNKNOWN,扫描 OCR + IPA 锚点版面解析（四行对照） | 整理日期 2026-09,medium
SANGJIAJING-P0411-R-01,SANGJIAJING,411,R,1,乘勿,,ku33 33 k033 np dur1 mu33,failed,0.25,4,身 病 -快效 做,病魔快脱身,UNKNOWN,扫描 OCR + IPA 锚点版面解析（四行对照） | 整理日期 2026-09,medium
SANGJIAJING-P0411-R-02,SANGJIAJING,411,R,2,X圣万 与光,tshi²¹ mi²¹ khi³³ ni²¹ kh⁰³3,tshi21 m1²1 kh133 ni21 kh033,ok,0.80,5,汤药 面药 那 两 样,汤面 药 两 副,UNKNOWN,扫描 OCR + IPA 锚点版面解析（四行对照） | 整理日期 2026-09,medium
SANGJIAJING-P0411-R-03,SANGJIAJING,411,R,3,X 丑 九,tshi²¹ 3g ²¹ ³³ ne ³³ tsi³³ ne,tshi21 3G 21 33 ne 33 tsi33 ne,suspect,0.67,6,药良 是 也 真,确实是 良 药,UNKNOWN,扫描 OCR + IPA 锚点版面解析（四行对照） | 整理日期 2026-09,medium
SANGJIAJING-P0411-R-04,SANGJIAJING,411,R,4,十 勿万 X,khi³³ li³³ tshj²¹ tu³³ nɒ³³,kh133 133 tshj21 tu3 nD33,ok,0.80,5,千 病 它 来 洗,千 病 它来 治,UNKNOWN,扫描 OCR + IPA 锚点版面解析（四行对照） | 整理日期 2026-09,medium
SANGJIAJING-P0411-R-05,SANGJIAJING,411,R,5,勿万希与,khɒ⁵⁵ s va ⁵⁵ khi³³,khD5s va 55 kh13,ok,1.00,3,万 病 它效 可,万病它 可医?,UNKNOWN,扫描 OCR + IPA 锚点版面解析（四行对照） | 整理日期 2026-09,medium
SANGJIAJING-P0412-L-01,SANGJIAJING,412,L,1,X 开 IU 电 又,,tshi2i th21 ne21 tu tDSs,failed,0.33,3,药 良 一 地 搁,良 药 出 一 地,UNKNOWN,扫描 OCR + IPA 锚点版面解析（四行对照） | 整理日期 2026-09,medium
SANGJIAJING-P0412-L-02,SANGJIAJING,412,L,2,电,me ³³ tu³³ th³³ do⁴⁴,me 33 tu33 th33 do44,suspect,0.75,4,名 盛 地 处 出,盛 名 传 远 方,UNKNOWN,扫描 OCR + IPA 锚点版面解析（四行对照） | 整理日期 2026-09,medium
SANGJIAJING-P0412-L-03,SANGJIAJING,412,L,3,X 子 A,tshi2i to³³ mu²¹ 4u³³ to³³,tshi2i to33 mu²1 4u33 to33,suspect,0.50,4,药 喂 喂 天 白,良 药 喂 天 神,UNKNOWN,扫描 OCR + IPA 锚点版面解析（四行对照） | 整理日期 2026-09,medium
SANGJIAJING-P0412-L-04,SANGJIAJING,412,L,4,子 A 田,4u³³ to³³ tshi²¹ mu²¹,4u33 to33 tshi21 mu²1,suspect,0.75,4,天 白 不 喂 药,喂 天 所 剩 药,UNKNOWN,扫描 OCR + IPA 锚点版面解析（四行对照） | 整理日期 2026-09,medium
SANGJIAJING-P0412-L-05,SANGJIAJING,412,L,5,X W π,tshi²¹ to³³ tsi³³ dzi²¹ to³³,tshi21 to33 tsi33 dzi21 to33,ok,1.00,5,药 喂 太 阳 喂,拿来 太 阳 喂,UNKNOWN,扫描 OCR + IPA 锚点版面解析（四行对照） | 整理日期 2026-09,medium
SANGJIAJING-P0412-R-01,SANGJIAJING,412,R,1,W π 田,tshi²¹ tsi³³ dzi²¹ mɒ²¹ to³³,tshi21 tsi33 dzi21 mp21 to33,ok,1.00,5,太 阳 不 喂 药,喂 阳 所 剩 药,UNKNOWN,扫描 OCR + IPA 锚点版面解析（四行对照） | 整理日期 2026-09,medium
SANGJIAJING-P0412-R-02,SANGJIAJING,412,R,2,面 了,tce³³ zi³¹ te³³ mw ²¹ to³³,tce33 zi31 te33 mw 21 to33,ok,0.80,5,星 宿 云 老 喂,喂 星 星 云 彩,UNKNOWN,扫描 OCR + IPA 锚点版面解析（四行对照） | 整理日期 2026-09,medium
SANGJIAJING-P0412-R-03,SANGJIAJING,412,R,3,万 九 田 X,khi³³ ne ³³ to³³ tshi²¹ mɒ²¹,kh133 ne 33 to33 tshi21 mD21,ok,1.00,5,它 也 不 喂 药,星 云 喂 剩 药,UNKNOWN,扫描 OCR + IPA 锚点版面解析（四行对照） | 整理日期 2026-09,medium
SANGJIAJING-P0412-R-04,SANGJIAJING,412,R,4,星 云 喂 剩 药,tshi²¹ tcess thi²¹ bu³³ 4e⁴⁴,tshi21tcess th121 bu33 4e44,suspect,0.50,4,药煮 一 罐 开,煮 开 一 罐 药,UNKNOWN,扫描 OCR + IPA 锚点版面解析（四行对照） | 整理日期 2026-09,medium
SANGJIAJING-P0412-R-05,SANGJIAJING,412,R,5,分 日 MI,th²¹ si⁵⁵ s yɒ ³³ li⁰³3 t⁰³3,th21 si5s YD 33 1033 t033,suspect,0.60,5,后 处 一 碗 喂,后 来 喂 碗 一,UNKNOWN,扫描 OCR + IPA 锚点版面解析（四行对照） | 整理日期 2026-09,medium
SANGJIAJING-P0413-L-01,SANGJIAJING,413,L,1,π,4i³³ dzi²¹ hɒ³³ mu to³³,4i33 dzi21 hp33 mu to33,suspect,0.50,4,风 生 雨 老 喂,喂 风 神 雨 神,UNKNOWN,扫描 OCR + IPA 锚点版面解析（四行对照） | 整理日期 2026-09,medium
SANGJIAJING-P0413-L-02,SANGJIAJING,413,L,2,每,tshi²¹ to³³ ⁰⁵5 to³³ mu³³,tshi21 to33 055 to33 mu33,ok,0.80,5,药 喂 头 喂 做,药 喂 喂 从 嘴,UNKNOWN,扫描 OCR + IPA 锚点版面解析（四行对照） | 整理日期 2026-09,medium
SANGJIAJING-P0413-L-03,SANGJIAJING,413,L,3,7L  日 IM 雪,tshi³¹ li⁰³3 thi²¹ bu³³ 4e⁴⁴,tshi31 1033 th121 bu33 4e44,ok,0.80,5,再 处 一 罐 开,再 煮 一 罐 药,UNKNOWN,扫描 OCR + IPA 锚点版面解析（四行对照） | 整理日期 2026-09,medium
SANGJIAJING-P0413-R-01,SANGJIAJING,413,R,1,70 日,tshi²¹ ³³ li⁰³3 tsh³³ ne,tshi21 33 1033 tsh;33 ne,suspect,0.60,5,味美 甜 味美 处 到,味美 到 极 至,UNKNOWN,扫描 OCR + IPA 锚点版面解析（四行对照） | 整理日期 2026-09,medium
SANGJIAJING-P0413-R-02,SANGJIAJING,413,R,2,九老π 分,tshi²¹ tshx4 zi²¹ zɒ²¹ to³³,tshi21 tshx4 zi21 ZD21 to33,suspect,0.75,4,衙 役 官 儿 喂,喂 官 衙 役 员,UNKNOWN,扫描 OCR + IPA 锚点版面解析（四行对照） | 整理日期 2026-09,medium
SANGJIAJING-P0413-R-03,SANGJIAJING,413,R,3,用 日 nI,sss li⁰³3 thi²¹ bu³³ tsɒ³³,sss 1033 th121 bu33 tsp33,ok,1.00,4,先 处 一 罐 熬,首 先 熬 一 罐,UNKNOWN,扫描 OCR + IPA 锚点版面解析（四行对照） | 整理日期 2026-09,medium
SANGJIAJING-P0413-R-04,SANGJIAJING,413,R,4,田 专 日 名,²¹ si³³ mp to³³ li⁰³3 to³³,21 si33 mp to33 1033 to33,ok,0.80,5,不 喂 别人 处 喂,另 外 喂 人,UNKNOWN,扫描 OCR + IPA 锚点版面解析（四行对照） | 整理日期 2026-09,medium
SANGJIAJING-P0414-L-01,SANGJIAJING,414,L,1,台,,"tshj21 0.55 4i33 dza"" 44",failed,0.25,4,药 梢 风 打 勤,药 梢 易 受 吹,UNKNOWN,扫描 OCR + IPA 锚点版面解析（四行对照） | 整理日期 2026-09,medium
SANGJIAJING-P0414-L-02,SANGJIAJING,414,L,2,灶 日 WI,du³³ li⁰³3 thi2i bu³³,du33 1033 th12i bu33,suspect,0.67,3,后 处 一 罐 熬,罐 后 来 熬 一,UNKNOWN,扫描 OCR + IPA 锚点版面解析（四行对照） | 整理日期 2026-09,medium
SANGJIAJING-P0414-L-03,SANGJIAJING,414,L,3,田 IM,,21 to33 th21 ZO 44 mp t03,failed,0.40,5,不 喂 一 人 喂,另 外 再 喂 人,UNKNOWN,扫描 OCR + IPA 锚点版面解析（四行对照） | 整理日期 2026-09,medium
SANGJIAJING-P0414-L-04,SANGJIAJING,414,L,4,% 飞,pu³³ tche4 ³³ m8 ʊli³³ t⁰³3,"p""u3tche4 33 m8 V133 t033",suspect,0.50,4,村寨 舅 家 喂,喂寨 中阿舅,UNKNOWN,扫描 OCR + IPA 锚点版面解析（四行对照） | 整理日期 2026-09,medium
SANGJIAJING-P0414-R-01,SANGJIAJING,414,R,1,开 圣 与,tshi²¹ ne ²¹ mi²¹ ni2l kh⁰³3,tshi21 ne 21 m1²1 ni2l kh033,suspect,0.75,4,汤药 良 面药 二 样,汤 面 两 副 药,UNKNOWN,扫描 OCR + IPA 锚点版面解析（四行对照） | 整理日期 2026-09,medium
SANGJIAJING-P0414-R-02,SANGJIAJING,414,R,2,W 7 天,tshɒ²¹ dzɒ²¹ ⁴⁰³³ tciss tɒss,tshD²1dzD²1 4033 tciss tDss,suspect,0.50,4,盐 吃 舌 找 搁,吃 盐 舌 找 味,UNKNOWN,扫描 OCR + IPA 锚点版面解析（四行对照） | 整理日期 2026-09,medium
SANGJIAJING-P0414-R-03,SANGJIAJING,414,R,3,日,,ng33 133 ng33 1o33 tshi:33,failed,0.40,5,味美 了 味美 处 到,味 美 到 极 至,UNKNOWN,扫描 OCR + IPA 锚点版面解析（四行对照） | 整理日期 2026-09,medium
SANGJIAJING-P0414-R-04,SANGJIAJING,414,R,4,包 不 包 口,,niss dzi21 lu33 办3,failed,0.33,3,土 诵 土 官 城,咒 土 土 成 城,UNKNOWN,扫描 OCR + IPA 锚点版面解析（四行对照） | 整理日期 2026-09,medium
SANGJIAJING-P0415-L-01,SANGJIAJING,415,L,1,7 不 7 C,si⁴⁴ si⁴⁴ 1ɒ³³ hur2l ɒli³³,si44 si44 1D33 hur2l D133,suspect,0.50,4,树 诵 树 了 熊,咒 树 树 燃 火,UNKNOWN,扫描 OCR + IPA 锚点版面解析（四行对照） | 整理日期 2026-09,medium
SANGJIAJING-P0415-L-02,SANGJIAJING,415,L,2,万 不 不,,kh33 33 33 55 pr k04 pi ne,failed,0.17,6,他 毕摩 邪 毕摩 是,他 是 邪 毕 摩,UNKNOWN,扫描 OCR + IPA 锚点版面解析（四行对照） | 整理日期 2026-09,medium
SANGJIAJING-P0415-L-03,SANGJIAJING,415,L,3,专 九 田,,si33 ng33 kh133 mp 21 Zw 21,failed,0.40,5,别人 也 他 不 使,他 别 人 不 请,UNKNOWN,扫描 OCR + IPA 锚点版面解析（四行对照） | 整理日期 2026-09,medium
SANGJIAJING-P0415-L-04,SANGJIAJING,415,L,4,不 π 田 3,,k04 dzi1 au 21 33 D133 SD,failed,0.20,5,邪 舒 诵 官 不,邪 咒 官 不 舒,UNKNOWN,扫描 OCR + IPA 锚点版面解析（四行对照） | 整理日期 2026-09,medium
SANGJIAJING-P0415-L-05,SANGJIAJING,415,L,5,日 N.,,tc1's dz121 tsh:33 k044 1033,failed,0.25,4,邪 找 畜 处 到,邪 咒 对牲畜,UNKNOWN,扫描 OCR + IPA 锚点版面解析（四行对照） | 整理日期 2026-09,medium
SANGJIAJING-P0415-R-01,SANGJIAJING,415,R,1,田,,k044 tsp dzp²1 mp,failed,0.33,3,邪 粮 吃 不 长,邪 粮 吃 不 长,UNKNOWN,扫描 OCR + IPA 锚点版面解析（四行对照） | 整理日期 2026-09,medium
SANGJIAJING-P0415-R-02,SANGJIAJING,415,R,2,用 不 用 特,,siss p133 si5s 1p33 mx 44,failed,0.25,4,草 诵 草 帽 铁,咒 草 铁 帽 成,UNKNOWN,扫描 OCR + IPA 锚点版面解析（四行对照） | 整理日期 2026-09,medium
SANGJIAJING-P0415-R-03,SANGJIAJING,415,R,3,专 九 万 田,si³³ khi³³ ng³³ mɒ²¹ zu2l,si33 kh133 ng33 mp²1 zu2l,suspect,0.60,5,别人 也 他 不 使,别人不 请他,UNKNOWN,扫描 OCR + IPA 锚点版面解析（四行对照） | 整理日期 2026-09,medium
SANGJIAJING-P0416-L-01,SANGJIAJING,416,L,1,九万 田 出,,nu 33 kh33 21 21 ne33 mp Zw,failed,0.33,6,你 也 他 不 使,你 也 莫 请他,UNKNOWN,扫描 OCR + IPA 锚点版面解析（四行对照） | 整理日期 2026-09,medium
SANGJIAJING-P0416-L-02,SANGJIAJING,416,L,2,不 世,,A21 tuss tD3 D13,failed,0.33,3,阿 细 诵 火 起,阿 细 起 火 诵,UNKNOWN,扫描 OCR + IPA 锚点版面解析（四行对照） | 整理日期 2026-09,medium
SANGJIAJING-P0416-L-03,SANGJIAJING,416,L,3,不 答,,44 ne 44 1e33 dzi21 ce p133,failed,0.40,5,汉 诵 黑 色 指,汉 人 指 字 诵,UNKNOWN,扫描 OCR + IPA 锚点版面解析（四行对照） | 整理日期 2026-09,medium
SANGJIAJING-P0416-R-01,SANGJIAJING,416,R,1,万不卅 不 的,,"kh,33 thw33 33 p133 pi qe31",failed,0.20,5,他 毕摩 点 毕摩 赶,请 诵 经 毕 摩,UNKNOWN,扫描 OCR + IPA 锚点版面解析（四行对照） | 整理日期 2026-09,medium
SANGJIAJING-P0416-R-02,SANGJIAJING,416,R,2,九@米 分 年,the²¹ tshi²¹ tshi²¹ zɒ²¹ kɒ³³,the²1tshi21 tshi21 ZD21 kD33,ok,1.00,5,巫 快 药 儿 参,巫 师 医 生 参图,UNKNOWN,扫描 OCR + IPA 锚点版面解析（四行对照） | 整理日期 2026-09,medium
SANGJIAJING-P0416-R-03,SANGJIAJING,416,R,3,不 住 众,qe ³¹ tsj³³ dzi³³ tsh³³ ɛeld,qe 31 tsj33 dz133 tsh;33 Eeld,suspect,0.60,5,毕摩 赶 院 坝 到,毕 摩 请 至 院,UNKNOWN,扫描 OCR + IPA 锚点版面解析（四行对照） | 整理日期 2026-09,medium
SANGJIAJING-P0416-R-04,SANGJIAJING,416,R,4,住 众 来,tsi³³ dz1 tshi²¹ bur³³ ze³¹,tsi33 dz1 tshi21 bur33 Ze31,suspect,0.75,4,院 坝 轿 子 下,院 坝 下 轿 子,UNKNOWN,扫描 OCR + IPA 锚点版面解析（四行对照） | 整理日期 2026-09,medium
SANGJIAJING-P0416-R-05,SANGJIAJING,416,R,5,瓦,,tshi21 ze tsi2i So21 md 44,failed,0.33,3,轿 下 药 领 返,返 回 拾 医 生,UNKNOWN,扫描 OCR + IPA 锚点版面解析（四行对照） | 整理日期 2026-09,medium
SANGJIAJING-P0417-L-01,SANGJIAJING,417,L,1,全 飞,,tshi21 33 tsD zi33 V133 SD,failed,0.40,5,轿 架 桩 柱 拿,架 轿 扛 棒,UNKNOWN,扫描 OCR + IPA 锚点版面解析（四行对照） | 整理日期 2026-09,medium
SANGJIAJING-P0417-L-02,SANGJIAJING,417,L,2,不 住 众,pi³³ tsi³³ dzi³³ hy³¹,p133 tsi33 dzi33 hy31,suspect,0.75,4,毕摩 走 院 坝 站,毕 坝 摩 站 院,UNKNOWN,扫描 OCR + IPA 锚点版面解析（四行对照） | 整理日期 2026-09,medium
SANGJIAJING-P0417-R-01,SANGJIAJING,417,R,1,目,si²¹ tsh⁰²1 si⁵⁵ t⁰³3,si21 tsh021 si55 t033,suspect,0.50,4,走 行 在 样 像,马 动 似 散 步,UNKNOWN,扫描 OCR + IPA 锚点版面解析（四行对照） | 整理日期 2026-09,medium
SANGJIAJING-P0417-R-02,SANGJIAJING,417,R,2,不 日,pi ³³ tsitce h³³ li⁰³3 hy³¹,"pi 33 ts""i""tc""e” h33 1033 hy31",suspect,0.50,4,毕摩 巫 上 处 站,毕 摩 巫 师 站,UNKNOWN,扫描 OCR + IPA 锚点版面解析（四行对照） | 整理日期 2026-09,medium
SANGJIAJING-P0417-R-03,SANGJIAJING,417,R,3,见 3E W Z,du²¹ da⁴⁴ si⁵⁵ s tsiss,du²1 da44 si5s tsiss,ok,1.00,4,捆 断 麻 样 像,如 同麻杆捆,UNKNOWN,扫描 OCR + IPA 锚点版面解析（四行对照） | 整理日期 2026-09,medium
SANGJIAJING-P0418-L-01,SANGJIAJING,418,L,1,办 住 孔,tshi²¹ tsi³³ tspss ze³¹,tshi21 tsi33 tspss Ze31,ok,1.00,3,巫 迎 雨 引 下,巫 师 引 雨 下,UNKNOWN,扫描 OCR + IPA 锚点版面解析（四行对照） | 整理日期 2026-09,medium
SANGJIAJING-P0418-L-02,SANGJIAJING,418,L,2,办 又,tshi²¹ se³¹ niss au ³³ tɒss,tshi21 se31 niss au 33 tDss,suspect,0.75,4,巫 气 嘴 巴 搁,气 巫 师 喘 粗,UNKNOWN,扫描 OCR + IPA 锚点版面解析（四行对照） | 整理日期 2026-09,medium
SANGJIAJING-P0418-L-03,SANGJIAJING,418,L,3,不 年 住 全,kɒ³³ tsi³³ ³³ de⁴⁴ nɒ,kD33 tsi33 33 de44 nD,ok,0.80,5,毕摩 过 院 处 上,毕 摩 登 台 诵,UNKNOWN,扫描 OCR + IPA 锚点版面解析（四行对照） | 整理日期 2026-09,medium
SANGJIAJING-P0418-L-04,SANGJIAJING,418,L,4,Z,,ni2l hy31 siss Di4 4,failed,0.00,2,牛 黄 站 样 像,像 一 条黄 牛,UNKNOWN,扫描 OCR + IPA 锚点版面解析（四行对照） | 整理日期 2026-09,medium
SANGJIAJING-P0418-R-01,SANGJIAJING,418,R,1,田,,noss ne 4 siss,failed,0.00,1,猴 黑 大 样 像,好 猴 像 大 黑,UNKNOWN,扫描 OCR + IPA 锚点版面解析（四行对照） | 整理日期 2026-09,medium
SANGJIAJING-P0418-R-02,SANGJIAJING,418,R,2,灶 4 M,,np 4u33 DS h44 33 0,failed,0.25,4,斑 鸠 栅 头 叫,斑 鸠 站 桩 头,UNKNOWN,扫描 OCR + IPA 锚点版面解析（四行对照） | 整理日期 2026-09,medium
SANGJIAJING-P0418-R-03,SANGJIAJING,418,R,3,州 Z,,44 hy31 siss ze 44 tsi33 ne,failed,0.40,5,秤 站 像 样,仿 佛 像 秤,UNKNOWN,扫描 OCR + IPA 锚点版面解析（四行对照） | 整理日期 2026-09,medium
SANGJIAJING-P0419-L-01,SANGJIAJING,419,L,1,飞岳九业,,tsh;33 tsh133tsu33 21 D133 m6,failed,0.33,6,十 毕摩 十 商 讨,十 毕摩商 讨,UNKNOWN,扫描 OCR + IPA 锚点版面解析（四行对照） | 整理日期 2026-09,medium
SANGJIAJING-P0419-L-02,SANGJIAJING,419,L,2,O 专 面,,xw 44 th33 Si33 dzy31 surss,failed,0.40,5,池 岸 别人 三 柴,池 边 三 堆 人,UNKNOWN,扫描 OCR + IPA 锚点版面解析（四行对照） | 整理日期 2026-09,medium
SANGJIAJING-P0419-R-01,SANGJIAJING,419,R,1,果 分,kus dzi²¹ pe h³³ zɒ ²¹,"ku's dzi21 p""e h33 ZD 21",suspect,0.67,3,格 资 虎灰 小,格 资 小 灰 虎,UNKNOWN,扫描 OCR + IPA 锚点版面解析（四行对照） | 整理日期 2026-09,medium
SANGJIAJING-P0419-R-02,SANGJIAJING,419,R,2,米,kus dzi²¹ 1ɒ⁵⁵ s phe³³ qo²¹,ku?s dzi21 1D5s phe33 qo21,suspect,0.50,4,格 备资 虎 灰 色,小 虎 毛 色 灰,UNKNOWN,扫描 OCR + IPA 锚点版面解析（四行对照） | 整理日期 2026-09,medium
SANGJIAJING-P0419-R-03,SANGJIAJING,419,R,3,田,,"si21 th33 44 noss p""e h33 88",failed,0.20,5,果 际 猴灰 走,灰猴 走果 林,UNKNOWN,扫描 OCR + IPA 锚点版面解析（四行对照） | 整理日期 2026-09,medium
SANGJIAJING-P0420-L-01,SANGJIAJING,420,L,1,张 U,mi³³ ku¹³3 dɒ²¹ ve³¹ mɒ³³,m13 ku133 dp²1 ve31 mD3,ok,1.00,5,地 中 岛 文 玛,地 文 玛 下 岛,UNKNOWN,扫描 OCR + IPA 锚点版面解析（四行对照） | 整理日期 2026-09,medium
SANGJIAJING-P0420-L-02,SANGJIAJING,420,L,2,甘 张,dɒ²¹ ve³¹ dɒ²¹ pe h³³ 8x ⁴⁴,"dp21 ve31 dp21 p""e"" h33 8X 44",ok,0.80,5,岛 文 岛 灰 走,岛 文 地 下 走,UNKNOWN,扫描 OCR + IPA 锚点版面解析（四行对照） | 整理日期 2026-09,medium
SANGJIAJING-P0420-L-03,SANGJIAJING,420,L,3,飞,phe³³ ʊli³³ tshi³³ l ku ssms,phe33 V133 tshi3l ku? ssms,suspect,0.75,4,灰 家 冏三 次 进,三 次 人 黄 昏,UNKNOWN,扫描 OCR + IPA 锚点版面解析（四行对照） | 整理日期 2026-09,medium
SANGJIAJING-P0420-L-04,SANGJIAJING,420,L,4,三 次 人 黄 昏,zi³¹ dɒ²¹ bɒ³³ tɒ³³,zi31 dp21 bp33 tD33,ok,1.00,4,地 亮 晶 先 起,启明星启 明,UNKNOWN,扫描 OCR + IPA 锚点版面解析（四行对照） | 整理日期 2026-09,medium
SANGJIAJING-P0420-R-01,SANGJIAJING,420,R,1,# A # Z#,phe³³ 4u³³ tsiss m6 ²¹,phe33 4u33 tsiss m6 21,suspect,0.67,3,露 白 露 灰 蒙,黎 明 露 灰 蒙,UNKNOWN,扫描 OCR + IPA 锚点版面解析（四行对照） | 整理日期 2026-09,medium
SANGJIAJING-P0420-R-02,SANGJIAJING,420,R,2,# A,,"tsiss 4u33 p""e"" h33 m6 21",failed,0.33,3,露 白 灰 蒙 水,雾 露 灰 蒙 水,UNKNOWN,扫描 OCR + IPA 锚点版面解析（四行对照） | 整理日期 2026-09,medium
SANGJIAJING-P0420-R-03,SANGJIAJING,420,R,3,雾 露 灰 蒙 水,²¹ 2li³³ pe³³ ⁰⁵5 zi³¹ gu,21 2.133 pe33 0.55 zi31 gu,suspect,0.50,6,蒙 水 灰 头 压,雾 露 压 黎 明,UNKNOWN,扫描 OCR + IPA 锚点版面解析（四行对照） | 整理日期 2026-09,medium
SANGJIAJING-P0420-R-04,SANGJIAJING,420,R,4,甘 π,bɒ³³ phe³³ dzi²¹ dɒ²¹ te³³,bp33 phe33 dzi21 dp21 te33,ok,1.00,5,地 亮灰 埂着,霞光投灰埂,UNKNOWN,扫描 OCR + IPA 锚点版面解析（四行对照） | 整理日期 2026-09,medium
SANGJIAJING-P0421-L-01,SANGJIAJING,421,L,1,田 开 I,mp ²¹ thi²¹ kh⁰³3 dlɒ³³ ɒo1,mp 21 th121 kh033 dlp33 Do1,suspect,0.60,5,不 吉 一 桩 成,成 一 不 吉 像,UNKNOWN,扫描 OCR + IPA 锚点版面解析（四行对照） | 整理日期 2026-09,medium
SANGJIAJING-P0421-L-02,SANGJIAJING,421,L,2,田 目,,33 pu33 tD33 pu mp21 $033,failed,0.40,5,圈条 起 圈条 不 有,编 竹 没 圈 条,UNKNOWN,扫描 OCR + IPA 锚点版面解析（四行对照） | 整理日期 2026-09,medium
SANGJIAJING-P0421-R-01,SANGJIAJING,421,R,1,7 A &,,kur VD.SS du33 4u33 eend 33,failed,0.33,3,摸 处 白 圈条 搭,依 形 制 条 圈,UNKNOWN,扫描 OCR + IPA 锚点版面解析（四行对照） | 整理日期 2026-09,medium
SANGJIAJING-P0421-R-02,SANGJIAJING,421,R,2,天 #,,VD 21 tsiss tsiss pu33,failed,0.00,2,周 制 先 圈条 走,编 竹 先 砍 条,UNKNOWN,扫描 OCR + IPA 锚点版面解析（四行对照） | 整理日期 2026-09,medium
SANGJIAJING-P0421-R-03,SANGJIAJING,421,R,3,开 西 57L 安,,phe33 21 tshi31 q033 e surs,failed,0.40,5,灰 良 三 次 扯,灰 夜 砍 三 次,UNKNOWN,扫描 OCR + IPA 锚点版面解析（四行对照） | 整理日期 2026-09,medium
SANGJIAJING-P0421-R-04,SANGJIAJING,421,R,4,见 3E W,pu ³³ qo ³³ tur³³ da⁴⁴ tsiss,pu 33 qo 33 tur33 da44 tsiss,ok,1.00,5,圈条 扯 地 砍 遇,遇 到 条 处 长,UNKNOWN,扫描 OCR + IPA 锚点版面解析（四行对照） | 整理日期 2026-09,medium
SANGJIAJING-P0422-L-01,SANGJIAJING,422,L,1,见 3E W 田,,2m da44 tsiss mp21 t$033,failed,0.00,3,捆 砍 节 不 有,无 节 条 捆 一,UNKNOWN,扫描 OCR + IPA 锚点版面解析（四行对照） | 整理日期 2026-09,medium
SANGJIAJING-P0422-L-02,SANGJIAJING,422,L,2,用 米 3,siss qɒ²¹ te³³ dzi²¹ pu³³,siss qD21 te33 dzi21 pu33,suspect,0.75,4,草 苦 圈 立 着,苦 草 做 箕 绳,UNKNOWN,扫描 OCR + IPA 锚点版面解析（四行对照） | 整理日期 2026-09,medium
SANGJIAJING-P0422-L-03,SANGJIAJING,422,L,3,π 安 74,,21 VD Eend dzi21 q033 reOzp,failed,0.25,4,雪 圈 生 弯 连,生 白 条 硬 握,UNKNOWN,扫描 OCR + IPA 锚点版面解析（四行对照） | 整理日期 2026-09,medium
SANGJIAJING-P0422-L-04,SANGJIAJING,422,L,4,π 开 Z00 3=,si²¹ dzi²¹ ⁹⁰³¹ be ⁴⁴ si²¹,si21 dzi²1 9031 be 44 si21,ok,0.80,5,生 弯 条 直 直,圈 直 弯 条 不,UNKNOWN,扫描 OCR + IPA 锚点版面解析（四行对照） | 整理日期 2026-09,medium
SANGJIAJING-P0422-R-01,SANGJIAJING,422,R,1,万开,,kh33 be Se's 1h33 2i33,failed,0.00,3,它 片 岔 来 呢,蔑 片 编 圈 上,UNKNOWN,扫描 OCR + IPA 锚点版面解析（四行对照） | 整理日期 2026-09,medium
SANGJIAJING-P0422-R-02,SANGJIAJING,422,R,2,田 开 田 开,,21 1D33 Dei mp De33 mp2l,failed,0.00,4,不 吉 啊 不 吉,不 吉 啊 不 吉,UNKNOWN,扫描 OCR + IPA 锚点版面解析（四行对照） | 整理日期 2026-09,medium
SANGJIAJING-P0422-R-03,SANGJIAJING,422,R,3,田 开 与,,21 ni²1 kh033 mp 3G dlp33,failed,0.25,4,不 吉 两 桩 成,现 二 不 吉 像,UNKNOWN,扫描 OCR + IPA 锚点版面解析（四行对照） | 整理日期 2026-09,medium
SANGJIAJING-P0422-R-04,SANGJIAJING,422,R,4,X 分,tsiss be³³ yɒ ³³ be³³,tsiss be33 yD 33 be33,suspect,0.67,3,栗 根 与 津 根,与 栗 根 津,UNKNOWN,扫描 OCR + IPA 锚点版面解析（四行对照） | 整理日期 2026-09,medium
SANGJIAJING-P0423-L-01,SANGJIAJING,423,L,1,7 X,qe⁴⁴ si4 be³³ yu ²¹ surs,qe44 si4 be33 yu 21 sur's,suspect,0.75,4,麻 栗 根 杆 使,麻 栗 根 替 代,UNKNOWN,扫描 OCR + IPA 锚点版面解析（四行对照） | 整理日期 2026-09,medium
SANGJIAJING-P0423-L-02,SANGJIAJING,423,L,2,Z 77 万,,"V133 1p33 kh,33 Y031 do21",failed,0.20,5,拿 了 它 际 搁,到 场 拿 编 竹,UNKNOWN,扫描 OCR + IPA 锚点版面解析（四行对照） | 整理日期 2026-09,medium
SANGJIAJING-P0423-L-03,SANGJIAJING,423,L,3,万 岗,kh³³ hɒ³³ tspss ze³¹,kh33 hp33 tspSs Ze31,suspect,0.67,3,它 筋条 桩 百 下,百 桩 固 筋 条,UNKNOWN,扫描 OCR + IPA 锚点版面解析（四行对照） | 整理日期 2026-09,medium
SANGJIAJING-P0423-L-04,SANGJIAJING,423,L,4,万生 与 Z4,kh³³ dlɒ³³ ni bɒ²¹ du³³,kh33 dlp33 ni! bp21 du33,suspect,0.50,4,它旁 两 面 动,蔑 片 编 纬 线,UNKNOWN,扫描 OCR + IPA 锚点版面解析（四行对照） | 整理日期 2026-09,medium
SANGJIAJING-P0423-L-05,SANGJIAJING,423,L,5,田 3= ZX,lu²¹ lu²¹ hɒ³³ s0g,lu21 lu²1 hp33 S0g,suspect,0.75,4,个 个 百 眼 交叉,条条 编 百 纬,UNKNOWN,扫描 OCR + IPA 锚点版面解析（四行对照） | 整理日期 2026-09,medium
SANGJIAJING-P0423-R-01,SANGJIAJING,423,R,1,万 田,kh³³ nu ³³ qɒ ³³ mɒ ²¹ pu³³,kh33 nu 33 qD 33 mD 21 pu33,ok,0.80,5,它 你 跟 不 圈,圈 条 不 成 圈,UNKNOWN,扫描 OCR + IPA 锚点版面解析（四行对照） | 整理日期 2026-09,medium
SANGJIAJING-P0423-R-02,SANGJIAJING,423,R,2,田 开,mp ²¹ ne ²¹ ssms kh⁰³3 dlɒ³³,mp 21 ne 21 ssms kh033 dlp33,suspect,0.50,4,吉 不 三 桩 成,现 三 不 吉 象,UNKNOWN,扫描 OCR + IPA 锚点版面解析（四行对照） | 整理日期 2026-09,medium
SANGJIAJING-P0423-R-03,SANGJIAJING,423,R,3,日 万 益,tche4 bu³³ li⁰³3 khi³³ tsɒ³³,tche4 bu33 1033 kh133 tSD33,suspect,0.75,4,寨 顶 处 它 找,寨 头 去 找 条,UNKNOWN,扫描 OCR + IPA 锚点版面解析（四行对照） | 整理日期 2026-09,medium
SANGJIAJING-P0423-R-04,SANGJIAJING,423,R,4,日 田,tche4 ²¹ bu³³ li⁰³3 mp bi²¹,tche4 21 bu33 1033 mp b121,ok,1.00,4,寨 顶 处 不 给,寨头未 找 获,UNKNOWN,扫描 OCR + IPA 锚点版面解析（四行对照） | 整理日期 2026-09,medium
SANGJIAJING-P0424-L-01,SANGJIAJING,424,L,1,口 万益,³³ tche⁴⁴ me li⁰³3 khi³³ tɒ,33 tche44 me? 1033 kh133 t$D,suspect,0.60,5,寨 尾 处 它 找,寨 尾 找 圈 条,UNKNOWN,扫描 OCR + IPA 锚点版面解析（四行对照） | 整理日期 2026-09,medium
SANGJIAJING-P0424-L-02,SANGJIAJING,424,L,2,专 签星 田 又,si³³ tsɒ³³ phu²¹ mɒ²¹ tɒss,si33 tSD33 phu21 mp21 tDss,ok,1.00,5,别人 找 价 不 搁,求 人 不 付 钱,UNKNOWN,扫描 OCR + IPA 锚点版面解析（四行对照） | 整理日期 2026-09,medium
SANGJIAJING-P0424-L-03,SANGJIAJING,424,L,3,万 700 签 了 苗,kh³³ si²¹ tsɒ ³³ te³³ as ⁵⁵,kh33 si21 tsD 33 te33 as 55,ok,0.80,5,它 们 找 着 难,难找 到 需 所,UNKNOWN,扫描 OCR + IPA 锚点版面解析（四行对照） | 整理日期 2026-09,medium
SANGJIAJING-P0424-R-01,SANGJIAJING,424,R,1,T 3=,,q044 dy31 33 33,failed,0.00,4,盖 戴 心 笑 笑,戴 帽 心 如 意,UNKNOWN,扫描 OCR + IPA 锚点版面解析（四行对照） | 整理日期 2026-09,medium
SANGJIAJING-P0424-R-02,SANGJIAJING,424,R,2,日 Z,le³¹ li⁰³3 ʊ³³ dz⁰⁴ ne,"le31 1033 V33 dz,04 ne",suspect,0.60,5,锁 黑 手 处 拿,钥 匙 手 中 拿,UNKNOWN,扫描 OCR + IPA 锚点版面解析（四行对照） | 整理日期 2026-09,medium
SANGJIAJING-P0425-L-01,SANGJIAJING,425,L,1,不 住 众,,33 tsh;33 pi tD3 tsi33 dz133,failed,0.40,5,毕摩 起 院 坝 到,毕 摩 来 院 中,UNKNOWN,扫描 OCR + IPA 锚点版面解析（四行对照） | 整理日期 2026-09,medium
SANGJIAJING-P0425-L-02,SANGJIAJING,425,L,2,田 住 专 日 住,si³³ mp ²¹ tsi³³ li⁰³3 tsi³³,si33 mp 21 tsi33 1033 tsi33,ok,0.80,5,不 遇 别人 处 遇,请 遇 到 迎 人,UNKNOWN,扫描 OCR + IPA 锚点版面解析（四行对照） | 整理日期 2026-09,medium
SANGJIAJING-P0425-L-03,SANGJIAJING,425,L,3,半,⁵⁵ si³³ q⁰⁴4 do⁴⁴ dzi²¹ mu,55 si33 q044 do44 dzi21 mu,suspect,0.67,6,马 金 盖 出 着,坐 骑 装 佩 好,UNKNOWN,扫描 OCR + IPA 锚点版面解析（四行对照） | 整理日期 2026-09,medium
SANGJIAJING-P0425-R-01,SANGJIAJING,425,R,1,A 日 70,dz⁰⁴4 ne ⁴⁴ le³¹ 1o³³ tshi²¹,"dz,044 ne 44 le31 1o33 tshi21",suspect,0.60,5,锁 黑 手 处 带,钥 拿 匙 手 中,UNKNOWN,扫描 OCR + IPA 锚点版面解析（四行对照） | 整理日期 2026-09,medium
SANGJIAJING-P0425-R-02,SANGJIAJING,425,R,2,住,,"th21 tsi33 1h,33",failed,0.33,3,人 迎 来 呢 一,一 人 来 迎 接,UNKNOWN,扫描 OCR + IPA 锚点版面解析（四行对照） | 整理日期 2026-09,medium
SANGJIAJING-P0425-R-03,SANGJIAJING,425,R,3,驰 3,siss si³³ 1ɒ³³ ni⁴⁴ pu,siss si33 1D33 ni44 pu,suspect,0.50,4,字 书 压骤 了 看,翻 开 经 书 看,UNKNOWN,扫描 OCR + IPA 锚点版面解析（四行对照） | 整理日期 2026-09,medium
SANGJIAJING-P0425-R-04,SANGJIAJING,425,R,4,翻 开 经 书 看,²¹ si³³ 1ɒ³³ sɒ md ⁴⁴ no ³¹,21 si33 1D33 SD md 44 no 31,suspect,0.60,5,美 文 翻 了 纠缠,翻 典 籍 探 求,UNKNOWN,扫描 OCR + IPA 锚点版面解析（四行对照） | 整理日期 2026-09,medium
SANGJIAJING-P0426-L-01,SANGJIAJING,426,L,1,田 专,mp ²¹ do⁴⁴ si³³ di³³ do ⁴⁴,mp 21 do44 si33 d133 do 44,ok,0.80,5,不 出 别人 地 出,去 到 远 方 地,UNKNOWN,扫描 OCR + IPA 锚点版面解析（四行对照） | 整理日期 2026-09,medium
SANGJIAJING-P0426-L-02,SANGJIAJING,426,L,2,住 包 科 又,tsi³³ niss bu³¹ de²¹ tɒss,tsi33 niss bu31 de21 tDss,suspect,0.75,4,院 坝 罐 置 搁,院 中 置 罐 子,UNKNOWN,扫描 OCR + IPA 锚点版面解析（四行对照） | 整理日期 2026-09,medium
SANGJIAJING-P0426-L-03,SANGJIAJING,426,L,3,WI Z# 女 分,,th21 33 33 33 du33 np yD ne,failed,0.17,6,一 桩 问 获 也,找 到 一 件 了,UNKNOWN,扫描 OCR + IPA 锚点版面解析（四行对照） | 整理日期 2026-09,medium
SANGJIAJING-P0426-L-04,SANGJIAJING,426,L,4,回 X 田,bu²¹ ku³³ tshi²¹ mp gu ³³,bu²1 ku3 tshi21 mp gu 33,ok,1.00,4,罐 中 药 不 进,罐 中 未 装 药,UNKNOWN,扫描 OCR + IPA 锚点版面解析（四行对照） | 整理日期 2026-09,medium
SANGJIAJING-P0426-R-01,SANGJIAJING,426,R,1,Z,tshi²¹ ssɔs ni4 mu³³ bi²¹,tshi21 SsOs ni4 mu33 b121,suspect,0.67,3,松 青 药 做 给,青 作 药 材 松,UNKNOWN,扫描 OCR + IPA 锚点版面解析（四行对照） | 整理日期 2026-09,medium
SANGJIAJING-P0426-R-02,SANGJIAJING,426,R,2,每,,tho21 VD21 mu qho21,failed,0.33,3,纸 张 雪 做 铺,纸 张 雪 白 铺,UNKNOWN,扫描 OCR + IPA 锚点版面解析（四行对照） | 整理日期 2026-09,medium
SANGJIAJING-P0426-R-03,SANGJIAJING,426,R,3,不 答,,44 ne 44 1g33 dzi2! p133,failed,0.25,4,汉 诵 黑 色 指,汉 诵 指 字 诵,UNKNOWN,扫描 OCR + IPA 锚点版面解析（四行对照） | 整理日期 2026-09,medium
SANGJIAJING-P0426-R-04,SANGJIAJING,426,R,4,金 3=,khu²¹ lur³³ ⁰³3 lur³³,khu21 lur33 $033 lur33,suspect,0.75,4,香 绿 烟 畏 畏,燃 香 烟 畏 畏,UNKNOWN,扫描 OCR + IPA 锚点版面解析（四行对照） | 整理日期 2026-09,medium
SANGJIAJING-P0427-L-01,SANGJIAJING,427,L,1,效 D 同,⁵⁵ ⁴⁴ tshi³³ dzi²¹ a³³ pɒ xb,55 44 tshi33 dz121 A33 pD xb,suspect,0.67,6,脚 伸 青 蛙 模样,青 蛙 样 曲 腿,UNKNOWN,扫描 OCR + IPA 锚点版面解析（四行对照） | 整理日期 2026-09,medium
SANGJIAJING-P0427-L-02,SANGJIAJING,427,L,2,茶 3=,ɔs du²¹ tci⁴⁴ tci4 3,O$S du21 tci44 tci4 #3,suspect,0.67,3,头 摇 冲 在 在,头 动 连 连 叩,UNKNOWN,扫描 OCR + IPA 锚点版面解析（四行对照） | 整理日期 2026-09,medium
SANGJIAJING-P0427-L-03,SANGJIAJING,427,L,3,头 动 连 连 叩,bu³³ ʊe³³ th²¹ ni³³ ku³³,bu33 Ve33 th21 ni33 ku33,suspect,0.60,5,寺庙 客 一 日 做,佛 寺 去 进 香,UNKNOWN,扫描 OCR + IPA 锚点版面解析（四行对照） | 整理日期 2026-09,medium
SANGJIAJING-P0427-L-04,SANGJIAJING,427,L,4,专 斋,si³³ zi³³ ku³³ khɒ²¹ ⁰³3,si33 zi33 ku33 khp21 $033,ok,0.80,5,别人 呢 做效 在,别 人 有 效 果,UNKNOWN,扫描 OCR + IPA 锚点版面解析（四行对照） | 整理日期 2026-09,medium
SANGJIAJING-P0427-R-01,SANGJIAJING,427,R,1,7#,th²¹ du³³ ku³³ 1ɒ³³ xɒ ³³,th21 du33 ku33 1D33 XD 33,suspect,0.60,5,一 桩 做 了 掉,做 过 了 一 样,UNKNOWN,扫描 OCR + IPA 锚点版面解析（四行对照） | 整理日期 2026-09,medium
SANGJIAJING-P0427-R-02,SANGJIAJING,427,R,2,X3= 勿 分,,tshi2l tshi21 np 33 33 fa4 YD,failed,0.00,4,药药 病 越 发,喂 药 病 愈 重,UNKNOWN,扫描 OCR + IPA 锚点版面解析（四行对照） | 整理日期 2026-09,medium
SANGJIAJING-P0427-R-03,SANGJIAJING,427,R,3,X3,tshi2l tshi²¹ bɒ³³,tshi2l tshi21 bp33,suspect,0.50,2,药药 亮 黄 分,药效分 夜 昼,UNKNOWN,扫描 OCR + IPA 锚点版面解析（四行对照） | 整理日期 2026-09,medium
SANGJIAJING-P0428-L-01,SANGJIAJING,428,L,1,田圣！ 田圣,khɒ²¹ khɒ²¹ mɒ²¹ 1ɒ³³ mɒ²¹,khD21 khD21 mp²1 1D33 mp21,ok,0.80,5,不 效 啊 不 效,无 效 啊 无 效,UNKNOWN,扫描 OCR + IPA 锚点版面解析（四行对照） | 整理日期 2026-09,medium
SANGJIAJING-P0428-L-02,SANGJIAJING,428,L,2,田 h 田 h,li⁴⁴ mp ²¹ 1y⁴⁴ zi³³ mɒ2 ²¹,1:44 mp 21 1y44 zi33 mp² 21,suspect,0.60,5,不 放心 呢 不 放心,心 甘 中 实 不,UNKNOWN,扫描 OCR + IPA 锚点版面解析（四行对照） | 整理日期 2026-09,medium
SANGJIAJING-P0428-L-03,SANGJIAJING,428,L,3,日,te³³ si³³ md ³³ li⁰³3 ge³¹,te33 si33 md 33 1033 ge31,ok,0.80,5,黄 脚 处 云 山,黄 云 山 脚 下,UNKNOWN,扫描 OCR + IPA 锚点版面解析（四行对照） | 整理日期 2026-09,medium
SANGJIAJING-P0428-L-04,SANGJIAJING,428,L,4,7,si²¹ ʊe³³ thi²¹ du³³ do³³,si21 Ve33 th121 du33 do33,ok,0.80,5,走 客 一 桩 出,路 遇 一 邪 魔,UNKNOWN,扫描 OCR + IPA 锚点版面解析（四行对照） | 整理日期 2026-09,medium
SANGJIAJING-P0428-L-05,SANGJIAJING,428,L,5,路 遇 一 邪 魔,,W Z 3 tQ 日,failed,0.00,1,si33 lur*s he33 1033,主 家 金 屋 处,UNKNOWN,扫描 OCR + IPA 锚点版面解析（四行对照） | 整理日期 2026-09,medium
SANGJIAJING-P0428-L-06,SANGJIAJING,428,L,6,W Z 3 tQ 日,si³³ lurs he³³ li⁰³3,si33 lur*s he33 1033,suspect,0.67,3,主 家 金 屋 处,主 人 家 屋 里,UNKNOWN,扫描 OCR + IPA 锚点版面解析（四行对照） | 整理日期 2026-09,medium
SANGJIAJING-P0428-R-01,SANGJIAJING,428,R,1,A 477,,21 VD21 4u33 VD ni44 dzu 33,failed,0.20,5,鸡 冏白 鸡 红 双,红 一 对 鸡,UNKNOWN,扫描 OCR + IPA 锚点版面解析（四行对照） | 整理日期 2026-09,medium
SANGJIAJING-P0428-R-02,SANGJIAJING,428,R,2,灶,ʊe³³ si²¹ th²¹ du³³ ku³³,Ve33 si21 th21 du33 ku33,suspect,0.60,5,走 客 一 桩 做,做 驱 邪 法 事,UNKNOWN,扫描 OCR + IPA 锚点版面解析（四行对照） | 整理日期 2026-09,medium
SANGJIAJING-P0428-R-03,SANGJIAJING,428,R,3,与 灶,du³³ ku³³ 1ɒ³³ ax,du33 ku33 1D33 ax,suspect,0.75,4,桩 做 掉 二 了,二 次 做 法,UNKNOWN,扫描 OCR + IPA 锚点版面解析（四行对照） | 整理日期 2026-09,medium
SANGJIAJING-P0428-R-04,SANGJIAJING,428,R,4,3= m 分 4,ku³³ ku³³ si²¹ ³³ yɒ,ku33 ku33 si21 33 yD,ok,0.80,5,做 做 走客 越 大,邪 魔 愈 加 凶,UNKNOWN,扫描 OCR + IPA 锚点版面解析（四行对照） | 整理日期 2026-09,medium
SANGJIAJING-P0428-R-05,SANGJIAJING,428,R,5,田 勿 田斋,si²¹ khɒ²¹ ku³³ np ³³ mp ²¹,"si21 khp21 ku33 np 33 mp"" 21",suspect,0.60,5,走客 做 病 不 效,驱 无 效 邪 病,UNKNOWN,扫描 OCR + IPA 锚点版面解析（四行对照） | 整理日期 2026-09,medium
SANGJIAJING-P0429-L-01,SANGJIAJING,429,L,1,不 不,1y³³ khɒ²¹ ³³ pi³³ pi³³ mb,1y33 khD21 33 p133 p133 mb,suspect,0.50,6,诵 来 诵 效 完,毕 摩 诵 有 效,UNKNOWN,扫描 OCR + IPA 锚点版面解析（四行对照） | 整理日期 2026-09,medium
SANGJIAJING-P0429-L-02,SANGJIAJING,429,L,2,专 九 专斋,si³³ ne ³³ si³³ khɒ2 t⁰³3,si33 ne? 33 si33 khD² t$033,suspect,0.75,4,别人 也 别人 效 在,对 别 人 有效,UNKNOWN,扫描 OCR + IPA 锚点版面解析（四行对照） | 整理日期 2026-09,medium
SANGJIAJING-P0429-L-03,SANGJIAJING,429,L,3,不 九 不α,pi³³ khɒ²¹ ³³ ng³³ pi³³ mb,p133 khD21 33 ng33 p133 mb,suspect,0.50,6,诵 也 诵 效 完,别 人 病 全 愈,UNKNOWN,扫描 OCR + IPA 锚点版面解析（四行对照） | 整理日期 2026-09,medium
SANGJIAJING-P0429-L-04,SANGJIAJING,429,L,4,面 灶,du³³ ku³³ 1ɒ³³ xɒ ³³,du33 ku33 1D33 XD 33,suspect,0.75,4,三 桩 做 了 掉,做 三 次 法,UNKNOWN,扫描 OCR + IPA 锚点版面解析（四行对照） | 整理日期 2026-09,medium
SANGJIAJING-P0429-R-01,SANGJIAJING,429,R,1,分 A 灶,,33 yw 21 yD su 55 du33 ku33,failed,0.40,5,前 后 三 桩 做,前 后 三 法,UNKNOWN,扫描 OCR + IPA 锚点版面解析（四行对照） | 整理日期 2026-09,medium
SANGJIAJING-P0429-R-02,SANGJIAJING,429,R,2,面 灶 的,,ku33 su's du33 XD ne 33,failed,0.33,3,三 桩 做 掉 也,做 过 三 法,UNKNOWN,扫描 OCR + IPA 锚点版面解析（四行对照） | 整理日期 2026-09,medium
SANGJIAJING-P0429-R-03,SANGJIAJING,429,R,3,九 万 田斋,ku³³ ne³³ khi³³ mɒ²¹ khɒ²¹,ku33 ne33 kh133 mp²1 khp21,ok,1.00,5,不效 做 也 它,自 己 却 无效,UNKNOWN,扫描 OCR + IPA 锚点版面解析（四行对照） | 整理日期 2026-09,medium
SANGJIAJING-P0430-L-01,SANGJIAJING,430,L,1,X 勿 国,,tsi21 to33 np 33 33 3G,failed,0.40,5,药 样 喂 病 是,似 是 吃 药 病,UNKNOWN,扫描 OCR + IPA 锚点版面解析（四行对照） | 整理日期 2026-09,medium
SANGJIAJING-P0430-L-02,SANGJIAJING,430,L,2,不 飞 6 771,,p133 V133 do21 4055 1D33,failed,0.40,5,毕摩 家 涮 了 搁,毕 摩 说 一 句,UNKNOWN,扫描 OCR + IPA 锚点版面解析（四行对照） | 整理日期 2026-09,medium
SANGJIAJING-P0430-L-03,SANGJIAJING,430,L,3,Z,si³³ mp ³³ pe ⁴⁴ le³¹,si33 mp 33 pe 44 le31,suspect,0.75,4,看 主 大 伴 手,同 者 询 N 伴,UNKNOWN,扫描 OCR + IPA 锚点版面解析（四行对照） | 整理日期 2026-09,medium
SANGJIAJING-P0430-L-04,SANGJIAJING,430,L,4,不 羽 720 每,pi³³ rop tsi²¹ ti⁵⁵ mu³³,p133 rop tsi21 t155 mu33,suspect,0.75,4,毕摩 话 药 春 做,依 话春药 材,UNKNOWN,扫描 OCR + IPA 锚点版面解析（四行对照） | 整理日期 2026-09,medium
SANGJIAJING-P0430-R-01,SANGJIAJING,430,R,1,勿 每 专,tshi²¹ to³³ np ³³ qe ³¹ mu ³³,tshi21 to33 np 33 qe 31 mu 33,ok,0.80,5,药 喂 病 赶 做,喂 药 赶 病 魔,UNKNOWN,扫描 OCR + IPA 锚点版面解析（四行对照） | 整理日期 2026-09,medium
SANGJIAJING-P0430-R-02,SANGJIAJING,430,R,2,Y,tshi²¹ du²¹ nu³³,tshi21 du21 nu?3,ok,1.00,3,高 妮 药 挖 女,高 妮挖 药 女,UNKNOWN,扫描 OCR + IPA 锚点版面解析（四行对照） | 整理日期 2026-09,medium
SANGJIAJING-P0430-R-03,SANGJIAJING,430,R,3,高 妮挖 药 女,tshi²¹ tcess t tshi²¹ bu³¹ 4e4,tshi21 tcess t tshi21 bu31 4e4,suspect,0.50,4,药 煮药 罐 开,药汤 煮 水 开,UNKNOWN,扫描 OCR + IPA 锚点版面解析（四行对照） | 整理日期 2026-09,medium
SANGJIAJING-P0430-R-04,SANGJIAJING,430,R,4,X 每,tshi²¹ de4 tshi²¹ to³³ mu³³,tshi21 de4 tshi21 to33 mu33,suspect,0.75,4,药 开药 喂 做,煮开药 喂药,UNKNOWN,扫描 OCR + IPA 锚点版面解析（四行对照） | 整理日期 2026-09,medium
SANGJIAJING-P0431-L-01,SANGJIAJING,431,L,1,田 专 WI,²¹ si³³ mp t⁰³3 thi²¹,21 si33 mp t033 th121,suspect,0.50,4,不 喂 别人 人,药 喂 个 人 一,UNKNOWN,扫描 OCR + IPA 锚点版面解析（四行对照） | 整理日期 2026-09,medium
SANGJIAJING-P0431-L-02,SANGJIAJING,431,L,2,光 平u Z4 开,kho²¹ t4u 3g ²¹ to³³ gi³³,kho21 t4u? 3G 21 to33 G133,suspect,0.75,4,柯 兴 安 喂,喂 柯 兴 安,UNKNOWN,扫描 OCR + IPA 锚点版面解析（四行对照） | 整理日期 2026-09,medium
SANGJIAJING-P0431-L-03,SANGJIAJING,431,L,3,全,,tshj2i to33 055 de4 mu33,failed,0.00,3,药 喂 头 起 做,喂 药 从 头 医,UNKNOWN,扫描 OCR + IPA 锚点版面解析（四行对照） | 整理日期 2026-09,medium
SANGJIAJING-P0431-L-04,SANGJIAJING,431,L,4,每,tshi³³ to³³ ko⁴⁴ to³³ mu³³ ³³,tshi33 to33 ko44 to33 mu3 33,ok,0.83,6,药 喂 量 喂 做,喂 药 按 量 喂,UNKNOWN,扫描 OCR + IPA 锚点版面解析（四行对照） | 整理日期 2026-09,medium
SANGJIAJING-P0431-R-01,SANGJIAJING,431,R,1,勿,ko³³ khɒ²¹ np ³³ mu ³³ to³³,ko33 khp21 np 33 mu 33 to33,ok,0.80,5,病 快 效 的 喂,效 唯 愿 快 起,UNKNOWN,扫描 OCR + IPA 锚点版面解析（四行对照） | 整理日期 2026-09,medium
SANGJIAJING-P0431-R-02,SANGJIAJING,431,R,2,X 勿 田,,tshj21 to33 np 33 mp² dur2!,failed,0.25,4,药 喂 效 病 不,药 未 能 驱 病,UNKNOWN,扫描 OCR + IPA 锚点版面解析（四行对照） | 整理日期 2026-09,medium
SANGJIAJING-P0431-R-03,SANGJIAJING,431,R,3,ZZZ 勿 田,mi2 ²¹ tsi³³ dla⁴⁴ nɒ³³ mp,m1² 21 tsi33 dlα44 nD33 mp,ok,0.80,5,粉药 喝 病 不 淡,喝 粉 药 未 轻,UNKNOWN,扫描 OCR + IPA 锚点版面解析（四行对照） | 整理日期 2026-09,medium
SANGJIAJING-P0431-R-04,SANGJIAJING,431,R,4,田,q⁰⁴4 tshi³³ pu ³³ mp ²¹ xɔ ⁰³3,"q044 tshi33 pu"" 33 mp 21 XO 033",suspect,0.60,5,既 盖 脚 不 净,盖 既 底 净 不,UNKNOWN,扫描 OCR + IPA 锚点版面解析（四行对照） | 整理日期 2026-09,medium
SANGJIAJING-P0431-R-05,SANGJIAJING,431,R,5,田圣 ZZZ,tshi²¹ mi²¹ tsiss mɒ2l khɒ²¹,tshi21 m121 tsiss mp²l khD21,suspect,0.67,3,汤药 粉药 喝 不 效,汤 粉 药 无 效,UNKNOWN,扫描 OCR + IPA 锚点版面解析（四行对照） | 整理日期 2026-09,medium
SANGJIAJING-P0432-L-01,SANGJIAJING,432,L,1,田,tshi²¹ mi²¹ mp ²¹ tsi³³,tshi21 m1²1 mp 21 tsi33,suspect,0.75,4,汤药 粉药 良 不 真,不 是 药 物 良,UNKNOWN,扫描 OCR + IPA 锚点版面解析（四行对照） | 整理日期 2026-09,medium
SANGJIAJING-P0432-L-02,SANGJIAJING,432,L,2,勿 田,tshi²¹ to³³ mp ²¹ nɒ³³ ge³¹,tshi21 to33 mp 21 np33 ge31,ok,0.80,5,药 喂 病 不 赶,喂 药 不 驱 病,UNKNOWN,扫描 OCR + IPA 锚点版面解析（四行对照） | 整理日期 2026-09,medium
SANGJIAJING-P0432-R-01,SANGJIAJING,432,R,1,ZZZ,zi khɒ²¹ si³³ tshi²¹ tsiss,zi khp²1 si33 tshi21 tsiss,suspect,0.75,4,别人 药 喝 呢效,别 人 喝 药 愈,UNKNOWN,扫描 OCR + IPA 锚点版面解析（四行对照） | 整理日期 2026-09,medium
SANGJIAJING-P0432-R-02,SANGJIAJING,432,R,2,别 人 喝 减 疼,nu³³ tshi2l to³³ mɒ²¹ khɒ²¹,nu3 tshi2l to33 mp²1 khD21,suspect,0.75,4,你 药 喂 不 效,你 喝 药 无 效,UNKNOWN,扫描 OCR + IPA 锚点版面解析（四行对照） | 整理日期 2026-09,medium
SANGJIAJING-P0432-R-03,SANGJIAJING,432,R,3,Y,du²¹ mi³³ tshi²¹ to³³ zi³³,du21 m133 tshi21 to33 zi33,ok,1.00,5,阳 间 汤药 喂 呢,药 阳 间 喂 汤,UNKNOWN,扫描 OCR + IPA 锚点版面解析（四行对照） | 整理日期 2026-09,medium
SANGJIAJING-P0433-L-01,SANGJIAJING,433,L,1,X Wi 见 3,tshi²¹ be³³ thi²¹ du2l dur²¹,tshi21 be33 th121 du2l dur21,suspect,0.75,4,药 根 一 捆 捆,药 根 捆 一 捆,UNKNOWN,扫描 OCR + IPA 锚点版面解析（四行对照） | 整理日期 2026-09,medium
SANGJIAJING-P0433-L-02,SANGJIAJING,433,L,2,Y 企 ZZZ,,du²! m133 mi 21 tsiss thp21,failed,0.33,3,阳 间 粉药 喝 时,阳 间 喝 粉 药,UNKNOWN,扫描 OCR + IPA 锚点版面解析（四行对照） | 整理日期 2026-09,medium
SANGJIAJING-P0433-L-03,SANGJIAJING,433,L,3,IM 3=,,tsiss th121 V133 V33 m1²1,failed,0.25,4,粉药 喝 — 背 背,粉 药 一 背 背,UNKNOWN,扫描 OCR + IPA 锚点版面解析（四行对照） | 整理日期 2026-09,medium
SANGJIAJING-P0433-L-04,SANGJIAJING,433,L,4,关圣 勿 的,tshi²¹ m2l tsiss np ³³ qe³¹,tshi21 m²l tsiss np 33 qe31,suspect,0.67,3,汤药 粉药 喝 病 赶,药物 驱 病 魔,UNKNOWN,扫描 OCR + IPA 锚点版面解析（四行对照） | 整理日期 2026-09,medium
SANGJIAJING-P0433-R-01,SANGJIAJING,433,R,1,O 田圣,,2zi14 mp²l khp21 4033,failed,0.00,3,魂 魄 赎 不 效,留 不 住 魄 魂,UNKNOWN,扫描 OCR + IPA 锚点版面解析（四行对照） | 整理日期 2026-09,medium
SANGJIAJING-P0433-R-02,SANGJIAJING,433,R,2,田 A,np ⁵⁵ si²¹ mɒ²¹ dur2i 3,np 55 si21 mD21 dur2i 3,suspect,0.50,4,细米 籽粒 大 不 效,未减 细 米 大,UNKNOWN,扫描 OCR + IPA 锚点版面解析（四行对照） | 整理日期 2026-09,medium
SANGJIAJING-P0433-R-03,SANGJIAJING,433,R,3,Z4 田 空,tswthe³³ dla⁴⁴ ³³3 mɒ²¹,tsw*the33 dla44 333 mp21,suspect,0.75,4,毛线 大 不 淡,未 减 毛 发 粗,UNKNOWN,扫描 OCR + IPA 锚点版面解析（四行对照） | 整理日期 2026-09,medium
SANGJIAJING-P0433-R-04,SANGJIAJING,433,R,4,子 天,mu2 li³³ li²¹ ni³³ tsh³³,mu² 133 121 ni33 tsh:33,suspect,0.50,4,天 来 今 日 到,时 日 至 今 日,UNKNOWN,扫描 OCR + IPA 锚点版面解析（四行对照） | 整理日期 2026-09,medium
SANGJIAJING-P0434-L-01,SANGJIAJING,434,L,1,田 π,mp dzi²¹ nu³³ li³³ ne ³³,mp dzi21 nu33 133 ne 33,ok,1.00,4,不 幸 你 来 是,不 幸 落 你 身,UNKNOWN,扫描 OCR + IPA 锚点版面解析（四行对照） | 整理日期 2026-09,medium
SANGJIAJING-P0434-L-02,SANGJIAJING,434,L,2,目 田 OX,,tsp 33 mp 21 tsess Se31,failed,0.00,3,饭 有 气 不 接,有 饭 不 接 气,UNKNOWN,扫描 OCR + IPA 锚点版面解析（四行对照） | 整理日期 2026-09,medium
SANGJIAJING-P0434-L-03,SANGJIAJING,434,L,3,7,np ⁵⁵ tsp ³³ nu ³³ la³³ dzɒ²¹,np 55 tsp 33 nu 33 la33 dzp21,suspect,0.60,5,阴 饭 你 来 吃,你 去 吃 阴 饭,UNKNOWN,扫描 OCR + IPA 锚点版面解析（四行对照） | 整理日期 2026-09,medium
SANGJIAJING-P0434-R-01,SANGJIAJING,434,R,1,田 必,th³³ nu³³ mɒ²¹,th33 nu3 mp21,suspect,0.67,3,你 死 不 情 愿,你 死 心 不 甘,UNKNOWN,扫描 OCR + IPA 锚点版面解析（四行对照） | 整理日期 2026-09,medium
SANGJIAJING-P0434-R-02,SANGJIAJING,434,R,2,子 必 年,nu³³ tshi²¹ kɒ³³ qo ⁵⁵,nu3 tshi21 kD3 qo 55,ok,1.00,4,你 死 药 与 愿,对 药 已 无 憾,UNKNOWN,扫描 OCR + IPA 锚点版面解析（四行对照） | 整理日期 2026-09,medium
SANGJIAJING-P0434-R-03,SANGJIAJING,434,R,3,魂 魄 进 阴 间,⁵⁵ thi²¹ np pur ³³ te³³,55 th121 np pur 33 te33,suspect,0.75,4,阴 地 山 一 梁,阴 间 一 山 梁,UNKNOWN,扫描 OCR + IPA 锚点版面解析（四行对照） | 整理日期 2026-09,medium
SANGJIAJING-P0434-R-04,SANGJIAJING,434,R,4,Z4 男,zi³³ 1h³³ li³³,zi33 1h33 好为 133,suspect,0.67,3,你 来 走 来 呢,你 走 梁 阴 山,UNKNOWN,扫描 OCR + IPA 锚点版面解析（四行对照） | 整理日期 2026-09,medium
SANGJIAJING-P0435-L-01,SANGJIAJING,435,L,1,子 W 每,nu ³³ lurs mu ³³,nu 33 lur's mu 33,suspect,0.50,2,你 死 你 喜 做,你 死 阴 间 乐,UNKNOWN,扫描 OCR + IPA 锚点版面解析（四行对照） | 整理日期 2026-09,medium
SANGJIAJING-P0435-L-02,SANGJIAJING,435,L,2,w 去 日,d²¹ si³³ li⁰³3 ³³ lurss m6,d21 si33 1033 33 lurss m6,suspect,0.60,5,喜 的 死 处 进,乐 着 进 阴 间,UNKNOWN,扫描 OCR + IPA 锚点版面解析（四行对照） | 整理日期 2026-09,medium
SANGJIAJING-P0435-L-03,SANGJIAJING,435,L,3,办 20 住 7科,tshi²¹ 4ɒ³³ 2li³³ tsi³³ de²¹,tshi21 4D33 2133 tsi33 de21,suspect,0.60,5,狗 舌 水 锣 打,响 狗 舌 搅 水,UNKNOWN,扫描 OCR + IPA 锚点版面解析（四行对照） | 整理日期 2026-09,medium
SANGJIAJING-P0435-L-04,SANGJIAJING,435,L,4,GZ 多中,,"ve31 4D33 2,133 tchg33 40.5",failed,0.20,5,猪 水 上 舌 涮,猪舌 涮 水 面,UNKNOWN,扫描 OCR + IPA 锚点版面解析（四行对照） | 整理日期 2026-09,medium
SANGJIAJING-P0435-R-01,SANGJIAJING,435,R,1,关 灶 女,nu ³³ tshi²¹ nu³³ du³³ np ³³,nu 33 tshi21 nu33 du33 np 33,ok,0.80,5,你 药 你 处 听,你 来 听 药 经,UNKNOWN,扫描 OCR + IPA 锚点版面解析（四行对照） | 整理日期 2026-09,medium
SANGJIAJING-P0435-R-02,SANGJIAJING,435,R,2,灶 分,,niss du33 niss VI33 33 yD,failed,0.25,4,前 处 前 家 的,生 前 阳 间 家,UNKNOWN,扫描 OCR + IPA 锚点版面解析（四行对照） | 整理日期 2026-09,medium
SANGJIAJING-P0435-R-03,SANGJIAJING,435,R,3,Z4 勿 丑 配,,tshi21 21 33 t4u33 ne oG,failed,0.40,5,人 病 药 良 见,人 病 逢 良 药,UNKNOWN,扫描 OCR + IPA 锚点版面解析（四行对照） | 整理日期 2026-09,medium
SANGJIAJING-P0435-R-04,SANGJIAJING,435,R,4,3,,pur 33 mu si33 VD33,failed,0.33,3,山 高 金 鸟 些,高 山 金 贵 鸟,UNKNOWN,扫描 OCR + IPA 锚点版面解析（四行对照） | 整理日期 2026-09,medium
SANGJIAJING-P0435-R-05,SANGJIAJING,435,R,5,开 去 包 目,di²¹ niss t⁵⁰³³ siss ɒei,d121 niss t5033 siss Dei,suspect,0.67,3,良 的 前 在 血,血 良 如 阳 间,UNKNOWN,扫描 OCR + IPA 锚点版面解析（四行对照） | 整理日期 2026-09,medium
SANGJIAJING-P0436-L-01,SANGJIAJING,436,L,1,H子勿包,,eenyb 1D33 np 33 ni's,failed,0.33,3,声了 死病嘴,啼为死者病,UNKNOWN,扫描 OCR + IPA 锚点版面解析（四行对照） | 整理日期 2026-09,medium
SANGJIAJING-P0436-L-02,SANGJIAJING,436,L,2,不勺 子 勿 年,xu²¹ iɒ³³ np ³³ kɒ³³,xu²1 ID33 np 33 kD33,suspect,0.75,4,倒了死病 加,倒人其药中,UNKNOWN,扫描 OCR + IPA 锚点版面解析（四行对照） | 整理日期 2026-09,medium
SANGJIAJING-P0436-L-03,SANGJIAJING,436,L,3,开么,,33 1D33 dzi1 b121 gur,failed,0.25,4,进 了 死奉献给,奉献给死者,UNKNOWN,扫描 OCR + IPA 锚点版面解析（四行对照） | 整理日期 2026-09,medium
SANGJIAJING-P0436-R-01,SANGJIAJING,436,R,1,开不七开不,dzi2l zi³³ dzi²¹,dzi2l zi33 dzi21,suspect,0.50,2,奉献去死奉献去,献死者去吧,UNKNOWN,扫描 OCR + IPA 锚点版面解析（四行对照） | 整理日期 2026-09,medium
SANGJIAJING-P0436-R-02,SANGJIAJING,436,R,2,日 分,si³³ dzi²¹ 8li³³ li⁰³3 yɒ ³³,si33 dzi21 8133 1033 yD 33,ok,0.80,5,死奉献死处获,奉献死者获,UNKNOWN,扫描 OCR + IPA 锚点版面解析（四行对照） | 整理日期 2026-09,medium
SANGJIAJING-P0440-L-01,SANGJIAJING,440,L,1,-=,,"mx 44 q033 2,133 be21 ZD21",failed,0.40,5,湖 中 水 野鸭 儿,湖中小野鸭,UNKNOWN,扫描 OCR + IPA 锚点版面解析（四行对照） | 整理日期 2026-09,medium
SANGJIAJING-P0440-R-01,SANGJIAJING,440,R,1,日,be2 tsiss be²¹ vi⁴⁴ lu³³,be2 tsiss be21 vi44 lu33,suspect,0.67,3,野鸭 美 野鸭 花 朵,野鸭美似 花,UNKNOWN,扫描 OCR + IPA 锚点版面解析（四行对照） | 整理日期 2026-09,medium
SANGJIAJING-P0440-R-02,SANGJIAJING,440,R,2,众2 效具 飞,ʊli³³ yx³¹ dzi³³ a³³ dze³¹,V133 yx31 dz133 A33 dze31,suspect,0.60,5,额津 阿 厂节 尾,额津 阿节尾 ②,UNKNOWN,扫描 OCR + IPA 锚点版面解析（四行对照） | 整理日期 2026-09,medium
SANGJIAJING-P0440-R-03,SANGJIAJING,440,R,3,1与 交,a³³ dze³¹ np ²¹ ni²¹ dzi2i,A3dze31 np 21 ni21 dzi2i,suspect,0.60,5,丧家 我们 两 人,摩 丧家两 毕,UNKNOWN,扫描 OCR + IPA 锚点版面解析（四行对照） | 整理日期 2026-09,medium
SANGJIAJING-P0441-L-01,SANGJIAJING,441,L,1,田 7h 牵 7,,mD 21 SD du3 Zu2i,failed,0.33,3,不 知 老 处 跟,不 知 模 仿 老,UNKNOWN,扫描 OCR + IPA 锚点版面解析（四行对照） | 整理日期 2026-09,medium
SANGJIAJING-P0441-L-02,SANGJIAJING,441,L,2,4 茶田不 Z,,th33mp21 dzi2l V133,failed,0.33,3,人 间 不 幸 家,人世之丧家,UNKNOWN,扫描 OCR + IPA 锚点版面解析（四行对照） | 整理日期 2026-09,medium
SANGJIAJING-P0441-R-01,SANGJIAJING,441,R,1,田 π,²¹ dzi²¹ a³³ dze³¹ ³³ mp qo,21 dzi21 A33 dze31 33 mp qo,suspect,0.67,6,不 幸 丧 家 里,丧 家 N 屋 中,UNKNOWN,扫描 OCR + IPA 锚点版面解析（四行对照） | 整理日期 2026-09,medium
SANGJIAJING-P0441-R-02,SANGJIAJING,441,R,2,3E,ni²¹ phɒ³³ le³¹ da⁴⁴ dzi²¹,ni²1 phD3 le31 da44 dz1²1,ok,1.00,5,葬 手 布 断 线头,彝裁 布 散 线,UNKNOWN,扫描 OCR + IPA 锚点版面解析（四行对照） | 整理日期 2026-09,medium
SANGJIAJING-P0441-R-03,SANGJIAJING,441,R,3,U1,,dy31 thpi mp thp21 ne 33,failed,0.33,3,纯 季 果 季 是,结 果 果 熟 季,UNKNOWN,扫描 OCR + IPA 锚点版面解析（四行对照） | 整理日期 2026-09,medium
SANGJIAJING-P0441-R-04,SANGJIAJING,441,R,4,Z,le³¹ bu²¹ tci ⁴⁴ niss,le31 bu²1 tci 44 niss,ok,1.00,4,汉 手 绸 扯 短,汉 扯 绸 布 短,UNKNOWN,扫描 OCR + IPA 锚点版面解析（四行对照） | 整理日期 2026-09,medium
SANGJIAJING-P0441-R-05,SANGJIAJING,441,R,5,田： # 田#,mɒ1 tsi³³ mɒ²¹ tsi³³ zi³³,mp?1 ts133 mD21 ts133 zi33,suspect,0.75,4,不 剩 不 剩 呢,本 想不遗剩,UNKNOWN,扫描 OCR + IPA 锚点版面解析（四行对照） | 整理日期 2026-09,medium
SANGJIAJING-P0442-L-01,SANGJIAJING,442,L,1,下 开,a²¹ me²¹ tshi²¹ 4ɒ³³,A21 me21 tshi21 4D33,suspect,0.75,4,姑 娘 狗 舌 长,如 外 狗 舌 口,UNKNOWN,扫描 OCR + IPA 锚点版面解析（四行对照） | 整理日期 2026-09,medium
SANGJIAJING-P0442-L-02,SANGJIAJING,442,L,2,W 九,,Ve21 tsiss ne Ve1 tc133,failed,0.00,2,棺 制 与 棺 始,制 棺 N 原 始,UNKNOWN,扫描 OCR + IPA 锚点版面解析（四行对照） | 整理日期 2026-09,medium
SANGJIAJING-P0442-L-03,SANGJIAJING,442,L,3,7开 #,thi²¹ dzi²¹ iɒss zi³³ tsi³³,"th121 dz,i21 IDss zi33 ts133",suspect,0.75,4,一 章 剩 了 呢,剩 下 此 一 章,UNKNOWN,扫描 OCR + IPA 锚点版面解析（四行对照） | 整理日期 2026-09,medium
SANGJIAJING-P0442-L-04,SANGJIAJING,442,L,4,W 日 W,qɒ³³ ʊɛ ²¹ tsiss li⁰³3 tsiss,qD33 VE 21 tsiss 1033 tsiss,suspect,0.50,4,棺 制 那 里 制,何地制 棺材,UNKNOWN,扫描 OCR + IPA 锚点版面解析（四行对照） | 整理日期 2026-09,medium
SANGJIAJING-P0442-R-01,SANGJIAJING,442,R,1,,,h33 tu tciss ab,failed,0.00,2,棺 找 若 地 方,何 处 找 棺 材,UNKNOWN,扫描 OCR + IPA 锚点版面解析（四行对照） | 整理日期 2026-09,medium
SANGJIAJING-P0442-R-02,SANGJIAJING,442,R,2,至 日,,tsh;33 Ve21 toIss 4e3 1033,failed,0.25,4,棺 找 山林 处 到,找 棺 到 山 林,UNKNOWN,扫描 OCR + IPA 锚点版面解析（四行对照） | 整理日期 2026-09,medium
SANGJIAJING-P0442-R-03,SANGJIAJING,442,R,3,至 至号,,"4033 0.55 4833 p""D nhn21 ni33",failed,0.40,5,山 头 山 父 居,山 头 居 山 父,UNKNOWN,扫描 OCR + IPA 锚点版面解析（四行对照） | 整理日期 2026-09,medium
SANGJIAJING-P0442-R-04,SANGJIAJING,442,R,4,至 WI 分,,4e33 dz.031 pu 33 th21,failed,0.25,4,山 腰 蹄 一 小,山 腰 一 啼 鸟,UNKNOWN,扫描 OCR + IPA 锚点版面解析（四行对照） | 整理日期 2026-09,medium
SANGJIAJING-P0443-L-01,SANGJIAJING,443,L,1,W 无,,Ve?1 tsiss Ve?1 t1ss,failed,0.00,1,棺 制 呢 棺 始,制 棺 之 原 始,UNKNOWN,扫描 OCR + IPA 锚点版面解析（四行对照） | 整理日期 2026-09,medium
SANGJIAJING-P0443-L-02,SANGJIAJING,443,L,2,专,kho²¹ gi³³ si³³ si³³ nu³³,kho21 G133 si33 si33 nu3,ok,1.00,5,柯 兴 诗 斯 奴,柯 兴 诗 斯 奴,UNKNOWN,扫描 OCR + IPA 锚点版面解析（四行对照） | 整理日期 2026-09,medium
SANGJIAJING-P0443-L-03,SANGJIAJING,443,L,3,W 女 2,,V21 tsiss 33 133 1D33 np,failed,0.40,5,棺 制 听 来 啊,来 听 制 棺 经,UNKNOWN,扫描 OCR + IPA 锚点版面解析（四行对照） | 整理日期 2026-09,medium
SANGJIAJING-P0443-L-04,SANGJIAJING,443,L,4,众 2,,"l,33 Ve2 dz133 ne 4 noss",failed,0.00,3,棺 始 看 来 吧,来看棺始 经,UNKNOWN,扫描 OCR + IPA 锚点版面解析（四行对照） | 整理日期 2026-09,medium
SANGJIAJING-P0443-R-01,SANGJIAJING,443,R,1,W 田分,,V21 tsiss nu33 mp 21 33 yD,failed,0.20,5,棺 制 你 不 得,你 不 得 棺 材,UNKNOWN,扫描 OCR + IPA 锚点版面解析（四行对照） | 整理日期 2026-09,medium
SANGJIAJING-P0443-R-02,SANGJIAJING,443,R,2,W 红 田,,21 V21 tsiss nu33 mp,failed,0.00,4,棺 制 你 不 获,你 不 获 棺 材,UNKNOWN,扫描 OCR + IPA 锚点版面解析（四行对照） | 整理日期 2026-09,medium
SANGJIAJING-P0443-R-03,SANGJIAJING,443,R,3,你 不 获 棺 材,,Z4 WI,failed,0.00,1,nu33 np 55 gur 21 th121 ni33,你 阴 进 一 日,UNKNOWN,扫描 OCR + IPA 锚点版面解析（四行对照） | 整理日期 2026-09,medium
SANGJIAJING-P0443-R-04,SANGJIAJING,443,R,4,Z4 WI,nu³³ np ⁵⁵ gur ²¹ thi²¹ ni³³,nu33 np 55 gur 21 th121 ni33,ok,0.80,5,你 阴 进 一 日,你 进 阴 间 日,UNKNOWN,扫描 OCR + IPA 锚点版面解析（四行对照） | 整理日期 2026-09,medium
SANGJIAJING-P0443-R-05,SANGJIAJING,443,R,5,WI,³³ thi²¹ ni³³ ne dzɒ²¹ mu³³,33 th121 ni33 ne dzD21 mu33,suspect,0.60,5,美味 吃 做 一 日,吃美食 N 日,UNKNOWN,扫描 OCR + IPA 锚点版面解析（四行对照） | 整理日期 2026-09,medium
SANGJIAJING-P0444-L-01,SANGJIAJING,444,L,1,ZZZ WI 天,,33 tsh;33 th21 ni33 ne,failed,0.40,5,美味 喝 到 一 日,饮 美 味 之 日,UNKNOWN,扫描 OCR + IPA 锚点版面解析（四行对照） | 整理日期 2026-09,medium
SANGJIAJING-P0444-L-02,SANGJIAJING,444,L,2,to 田强,,Ve33 tess he33 mp²1 2 bur33,failed,0.25,4,客 待 房 不 有,没 有 待 客 房,UNKNOWN,扫描 OCR + IPA 锚点版面解析（四行对照） | 整理日期 2026-09,medium
SANGJIAJING-P0444-L-03,SANGJIAJING,444,L,3,Z 田,tsho²¹ pe⁴⁴ qɒ ³³ mp ²¹ l³³,tsho21 pe44 qD 33 mp 21 l33,suspect,0.60,5,伙 伴 玩 来 不,没 有 朋 友 玩,UNKNOWN,扫描 OCR + IPA 锚点版面解析（四行对照） | 整理日期 2026-09,medium
SANGJIAJING-P0444-L-04,SANGJIAJING,444,L,4,7 正 W,ʊe²¹ si⁴⁴ di⁵⁵ s mi²¹,Ve21 si44 di5s m1²1,suspect,0.75,4,棺 木 门 四 板,棺 木 四 块 板,UNKNOWN,扫描 OCR + IPA 锚点版面解析（四行对照） | 整理日期 2026-09,medium
SANGJIAJING-P0444-L-05,SANGJIAJING,444,L,5,棺 木 四 块 板,ip zi³³ nu³³ 1h³³ sɔs,IP zi33 nu33 1h33 SOs,suspect,0.50,4,你 来 获 使 呢,你 要 获 得 它,UNKNOWN,扫描 OCR + IPA 锚点版面解析（四行对照） | 整理日期 2026-09,medium
SANGJIAJING-P0444-R-01,SANGJIAJING,444,R,1,日,qhɒ³³ ne²¹ li⁰³3 t³⁰3,qhD33 ne21 1033 t303,suspect,0.75,4,种 良 哪 里 有,哪 里 有 树 种,UNKNOWN,扫描 OCR + IPA 锚点版面解析（四行对照） | 整理日期 2026-09,medium
SANGJIAJING-P0444-R-02,SANGJIAJING,444,R,2,光灭 日 丑,q2ɒ³³ qɒ³³ ne²¹ li⁵⁵ li⁰³3,q²D33 qD33 ne²1 $155 1033,ok,0.80,5,若 撒 哪 里 好,哪 里 撒 种 好,UNKNOWN,扫描 OCR + IPA 锚点版面解析（四行对照） | 整理日期 2026-09,medium
SANGJIAJING-P0444-R-03,SANGJIAJING,444,R,3,日 3,zɔ ⁴⁴ tu³³ ab h³³ li⁰³3,ZO 44 tu33 ab h33 1033,ok,1.00,4,长 哪 舒 地 里,哪 里 宜 树 长,UNKNOWN,扫描 OCR + IPA 锚点版面解析（四行对照） | 整理日期 2026-09,medium
SANGJIAJING-P0444-R-04,SANGJIAJING,444,R,4,Z出 飞 4 7:,vi³³ thu³³ a²¹ ni²¹ mg²¹,v133thu33 A21 ni²1 mg21,ok,0.80,5,尼 维 特 阿 曼,尼 维 特 阿 曼,UNKNOWN,扫描 OCR + IPA 锚点版面解析（四行对照） | 整理日期 2026-09,medium
SANGJIAJING-P0444-R-05,SANGJIAJING,444,R,5,飞 了,eemy1 ʊi³³ a²¹ te³³ dess,eemy1 VI33 A21 te33 dess,suspect,0.75,4,特 维 阿 晒,特 维 当 阿 晒,UNKNOWN,扫描 OCR + IPA 锚点版面解析（四行对照） | 整理日期 2026-09,medium
SANGJIAJING-P0445-L-01,SANGJIAJING,445,L,1,丑 万 田,siss ne²¹ kh³³ yɒ ²¹ bur³³,siss ne21 kh33 YD 21 bur33,suspect,0.50,4,种 良 它 不 有,没 有 良 树 种,UNKNOWN,扫描 OCR + IPA 锚点版面解析（四行对照） | 整理日期 2026-09,medium
SANGJIAJING-P0445-L-02,SANGJIAJING,445,L,2,与,ni2l sess bu dzo³³ dlɒ³³,ni²l Sess bu dz.o3 dlp33,suspect,0.50,2,挎 包 腰 两 面,挎包挎 腰 要际,UNKNOWN,扫描 OCR + IPA 锚点版面解析（四行对照） | 整理日期 2026-09,medium
SANGJIAJING-P0445-R-01,SANGJIAJING,445,R,1,3 日,bu³¹ le³¹ li⁰³3 the³¹,bu31 le31 1033 the31,ok,1.00,4,金 罐 手 处 拾,陶 罐 手 上 拿,UNKNOWN,扫描 OCR + IPA 锚点版面解析（四行对照） | 整理日期 2026-09,medium
SANGJIAJING-P0445-R-02,SANGJIAJING,445,R,2,了 飞E 飞,tsh³³ tg³³ bɒ²¹ dlo⁴⁴,tsh:33 tg33 bp21 dlo44,suspect,0.50,4,两 脚 崖 壁 登,两 脚 登 崖 壁,UNKNOWN,扫描 OCR + IPA 锚点版面解析（四行对照） | 整理日期 2026-09,medium
SANGJIAJING-P0445-R-03,SANGJIAJING,445,R,3,与 了 7=,ni²¹ le³¹ te³³ me ³³ ⁰⁰³¹,ni²1 le31 te33 me 33 0031,ok,0.80,5,两 手 崖 口 攀,两 手 攀 崖 顶,UNKNOWN,扫描 OCR + IPA 锚点版面解析（四行对照） | 整理日期 2026-09,medium
SANGJIAJING-P0445-R-04,SANGJIAJING,445,R,4,X# 田 71,niss th³³ qhu²¹ ²¹ me ³³ mɒ,niss th33 qhu21 21 me 33 mD,ok,0.80,5,嘴 际 嗓 不 及,人 嘴 不 及 脖,UNKNOWN,扫描 OCR + IPA 锚点版面解析（四行对照） | 整理日期 2026-09,medium
SANGJIAJING-P0445-R-05,SANGJIAJING,445,R,5,专 子 日,dlo²¹ mu²¹ li⁰³3 tsh³³,dlo21 mu²1 1033 tsh;33,suspect,0.75,4,霍 地 天 处 到,霍地跃 上天,UNKNOWN,扫描 OCR + IPA 锚点版面解析（四行对照） | 整理日期 2026-09,medium
SANGJIAJING-P0446-L-01,SANGJIAJING,446,L,1,光,,ku*s dzi21 nu V133,failed,0.00,2,家 格 资 女 际,格 资 女 儿 家?,UNKNOWN,扫描 OCR + IPA 锚点版面解析（四行对照） | 整理日期 2026-09,medium
SANGJIAJING-P0446-L-02,SANGJIAJING,446,L,2,700 3=,,siss si21 siss dzi31 dzi31,failed,0.33,3,种 全 种 齐 齐,所 有 种 都 有,UNKNOWN,扫描 OCR + IPA 锚点版面解析（四行对照） | 整理日期 2026-09,medium
SANGJIAJING-P0446-L-03,SANGJIAJING,446,L,3,日,siss ne2i khi³³ li⁰³3 tciss,siss ne²i kh133 1033 tciss,suspect,0.67,3,种 良 那 里 找,那 种 找 良,UNKNOWN,扫描 OCR + IPA 锚点版面解析（四行对照） | 整理日期 2026-09,medium
SANGJIAJING-P0446-R-01,SANGJIAJING,446,R,1,九 74,,siss ne 33 siss SSOs,failed,0.00,2,嗑松 种 青栎 种 与,嗑松 青 栎 种,UNKNOWN,扫描 OCR + IPA 锚点版面解析（四行对照） | 整理日期 2026-09,medium
SANGJIAJING-P0446-R-02,SANGJIAJING,446,R,2,3 咖 日,,si33 4033 l033 ms 33,failed,0.25,4,金 柜 处 藏 银,藏 人 金银 柜,UNKNOWN,扫描 OCR + IPA 锚点版面解析（四行对照） | 整理日期 2026-09,medium
SANGJIAJING-P0447-L-01,SANGJIAJING,447,L,1,灶 7日 答 乱,du²¹ le³¹ iemyb li⁰³3 1e³³,du21 le31  Iemyb 1033 1e33,suspect,0.50,4,管 手 口 处 包,包 在 袖 管 口,UNKNOWN,扫描 OCR + IPA 锚点版面解析（四行对照） | 整理日期 2026-09,medium
SANGJIAJING-P0447-L-02,SANGJIAJING,447,L,2,7 分,si⁴⁴ siss ³³ mb ³³ yɒ,si44 siss 33 mb 33 YD,suspect,0.75,4,棺 木 种 得 完,棺 木 种 找 全,UNKNOWN,扫描 OCR + IPA 锚点版面解析（四行对照） | 整理日期 2026-09,medium
SANGJIAJING-P0447-L-03,SANGJIAJING,447,L,3,7 WI 亏,,th21 do21 0i33,failed,0.33,3,种 良 点 一 日,点 良 种 之 日,UNKNOWN,扫描 OCR + IPA 锚点版面解析（四行对照） | 整理日期 2026-09,medium
SANGJIAJING-P0447-L-04,SANGJIAJING,447,L,4,子,,mu21 055 do21 $031 9021,failed,0.40,5,撒 天 际 圭 山,撒 圭 山 山 顶,UNKNOWN,扫描 OCR + IPA 锚点版面解析（四行对照） | 整理日期 2026-09,medium
SANGJIAJING-P0447-R-01,SANGJIAJING,447,R,1,金 台,,bu33 9021 fess do21,failed,0.33,3,圭山 头 岩 顶 撒,撒 圭 山 岩 顶,UNKNOWN,扫描 OCR + IPA 锚点版面解析（四行对照） | 整理日期 2026-09,medium
SANGJIAJING-P0447-R-02,SANGJIAJING,447,R,2,7世 ? 可,gi³³ dzo²¹ li⁰⁴4 ⁹⁸³¹ niss,G133 dzo21 1044 9831 niss,ok,0.80,5,青栎 林 石 丛 前,青 栋 撒 石 丛,UNKNOWN,扫描 OCR + IPA 锚点版面解析（四行对照） | 整理日期 2026-09,medium
SANGJIAJING-P0447-R-03,SANGJIAJING,447,R,3,茶,tho²¹ ³³ zi³³ mg,tho21 33 zi33 mG,suspect,0.50,4,青松 种 沙松 种 呢,青 松 与 沙 松,UNKNOWN,扫描 OCR + IPA 锚点版面解析（四行对照） | 整理日期 2026-09,medium
SANGJIAJING-P0448-L-01,SANGJIAJING,448,L,1,田,si²¹ tche³¹ le³¹ mɒ²¹ me ³³,si21 tche31 le31 mp21 me 33,ok,1.00,5,果摘 手 不 及,摘 果 手 难 及,UNKNOWN,扫描 OCR + IPA 锚点版面解析（四行对照） | 整理日期 2026-09,medium
SANGJIAJING-P0448-L-02,SANGJIAJING,448,L,2,摘 果 手 难 及,li⁵⁵ pu³³ tge³³ rɔp teiss,"1,55 pu33 tge33 rOp teiss",suspect,0.75,4,叽 哩 山 上 撒,撒 叽 哩 山 上@,UNKNOWN,扫描 OCR + IPA 锚点版面解析（四行对照） | 整理日期 2026-09,medium
SANGJIAJING-P0448-L-03,SANGJIAJING,448,L,3,7 永,ʊe²¹ si⁴⁴ siss,Ve21 si44 siss,suspect,0.67,3,棺 木 种 撒 完,种 撒 完 棺 木,UNKNOWN,扫描 OCR + IPA 锚点版面解析（四行对照） | 整理日期 2026-09,medium
SANGJIAJING-P0448-L-04,SANGJIAJING,448,L,4,nI 天 WI,,th21 ni33 1D33 th21 nij33,failed,0.40,5,啊 一 日 一 日,一 日 又 一 日,UNKNOWN,扫描 OCR + IPA 锚点版面解析（四行对照） | 整理日期 2026-09,medium
SANGJIAJING-P0448-L-05,SANGJIAJING,448,L,5,面,,33 1D33 th21 su 33 ms ness,failed,0.40,5,夜 啊 一 夜 黎明,一 夜 一 黎 明,UNKNOWN,扫描 OCR + IPA 锚点版面解析（四行对照） | 整理日期 2026-09,medium
SANGJIAJING-P0448-R-01,SANGJIAJING,448,R,1,特 #,ne³¹ mx ⁴⁴ tsiss zi³³ phu²¹,"ne31 mx 44 tsiss Z.,133 phu21",suspect,0.50,4,早 晨 露 水 遇,早 晨 露 水 润,UNKNOWN,扫描 OCR + IPA 锚点版面解析（四行对照） | 整理日期 2026-09,medium
SANGJIAJING-P0448-R-02,SANGJIAJING,448,R,2,包 左,niss li⁰⁴4 1h³³ dze⁴⁴ hɒ³³,niss 1044 1h33 dze44 hp3,suspect,0.50,4,中 午 雨 来 淋,中 午 雨 来 淋,UNKNOWN,扫描 OCR + IPA 锚点版面解析（四行对照） | 整理日期 2026-09,medium
SANGJIAJING-P0448-R-03,SANGJIAJING,448,R,3,7,hɒ³³ dze ʊe²¹ si⁴⁴ nu2,hp33 dze Ve21 si44 nu²!,suspect,0.75,4,雨 淋 棺 木 长,芽 雨 淋 木 发,UNKNOWN,扫描 OCR + IPA 锚点版面解析（四行对照） | 整理日期 2026-09,medium
SANGJIAJING-P0448-R-04,SANGJIAJING,448,R,4,A # 不 3=,mu si²¹ si²¹ ɒi,mu S121 S121 Di,suspect,0.67,3,青松 长 绿 茸 茸,青 松 芽 绿 茸,UNKNOWN,扫描 OCR + IPA 锚点版面解析（四行对照） | 整理日期 2026-09,medium
SANGJIAJING-P0449-L-01,SANGJIAJING,449,L,1,青松九片长,tho²¹ ni⁴⁴ kuss ʊe³³ tsɒ,tho21 ni44 kuss Ve33 tsD,suspect,0.75,4,青松 绿 九 周边 萌发,青松 公九片萌,UNKNOWN,扫描 OCR + IPA 锚点版面解析（四行对照） | 整理日期 2026-09,medium
SANGJIAJING-P0449-L-02,SANGJIAJING,449,L,2,3,to²¹ phe³³ si²¹ ³³ sɒ ³³,to²1 phe33 si21 33 SD 33,ok,0.80,5,青松 灰 七 周边 舒,七 片 松 速 长,UNKNOWN,扫描 OCR + IPA 锚点版面解析（四行对照） | 整理日期 2026-09,medium
SANGJIAJING-P0449-L-03,SANGJIAJING,449,L,3,勺,,tho21 055 1i33 133 33 mG,failed,0.33,6,青松 头 风 来 摇,风摇青松 梢,UNKNOWN,扫描 OCR + IPA 锚点版面解析（四行对照） | 整理日期 2026-09,medium
SANGJIAJING-P0449-L-04,SANGJIAJING,449,L,4,风摇青松 梢,to²¹ dz⁰³1 4i³³ li³³ tsho²¹,to²1 dz.031 4i33 133 tsho21,suspect,0.60,5,青松 腰 风 来伴,风抚青松杆,UNKNOWN,扫描 OCR + IPA 锚点版面解析（四行对照） | 整理日期 2026-09,medium
SANGJIAJING-P0449-R-01,SANGJIAJING,449,R,1,,tho²¹ tsh³³ hɒ³³ 1h³³ amx,tho21 tsh;33 hp33 1h33 amx,suspect,0.60,5,浇 青松 脚 雨 来,雨 浇青松 根,UNKNOWN,扫描 OCR + IPA 锚点版面解析（四行对照） | 整理日期 2026-09,medium
SANGJIAJING-P0449-R-02,SANGJIAJING,449,R,2,雨 浇青松 根,tho²¹ tho²¹ ²¹ z⁰³3 dur²¹,tho21 tho21 .21 Z033 dur²1,suspect,0.60,5,青松 长 青松 筒 大,青 松杆 围粗,UNKNOWN,扫描 OCR + IPA 锚点版面解析（四行对照） | 整理日期 2026-09,medium
SANGJIAJING-P0449-R-03,SANGJIAJING,449,R,3,青 松杆 围粗,tho²¹ qess ph3khɒ²¹ khɒ²¹,tho21 qess ph3khD²1khD21,suspect,0.67,3,青松 枝灰朴朴,青松枝 白 灰,UNKNOWN,扫描 OCR + IPA 锚点版面解析（四行对照） | 整理日期 2026-09,medium
SANGJIAJING-P0449-R-04,SANGJIAJING,449,R,4,WI 开,,tho²l pe3 nh33 th21 21 qo 31 ne,failed,0.33,6,青松灰 良 回,砍回 — 灰松,UNKNOWN,扫描 OCR + IPA 锚点版面解析（四行对照） | 整理日期 2026-09,medium
SANGJIAJING-P0449-R-05,SANGJIAJING,449,R,5,砍回 — 灰松,tho²¹ thi²¹ tc1ss ne⁴⁴ q⁰³1,tho21 th121 tc1ss ne44 q031,suspect,0.50,4,青松 黑 一 些 回,砍回 些 黑松,UNKNOWN,扫描 OCR + IPA 锚点版面解析（四行对照） | 整理日期 2026-09,medium
SANGJIAJING-P0450-L-01,SANGJIAJING,450,L,1,,,tho21 44 tsh33 31 ne ob,failed,0.40,5,青松 黑 三 十 回,砍 三 十 黑 松,UNKNOWN,扫描 OCR + IPA 锚点版面解析（四行对照） | 整理日期 2026-09,medium
SANGJIAJING-P0450-L-02,SANGJIAJING,450,L,2,砍 三 十 黑 松,kh³³ zi³³ tho²¹ me ³³ ²¹,"kh,33 Zi33 tho21 me 33 21",suspect,0.60,5,它 呢 青松 名 良,名 它 是 青 松,UNKNOWN,扫描 OCR + IPA 锚点版面解析（四行对照） | 整理日期 2026-09,medium
SANGJIAJING-P0450-L-03,SANGJIAJING,450,L,3,万 九 五,kh³³ zi³³ tho³³ m8 ³³ do⁴⁴,"kh,33 zi33 tho33 m8 33 do44",suspect,0.60,5,它 青松 出 也 名,此 松 名 声,UNKNOWN,扫描 OCR + IPA 锚点版面解析（四行对照） | 整理日期 2026-09,medium
SANGJIAJING-P0450-L-04,SANGJIAJING,450,L,4,册 3= 中,,niss ha31 $0.S5 pu33 pu33,failed,0.33,3,嗑松 果 果 嘴 张,嗑 松 果 鳞 张,UNKNOWN,扫描 OCR + IPA 锚点版面解析（四行对照） | 整理日期 2026-09,medium
SANGJIAJING-P0450-R-01,SANGJIAJING,450,R,1,住3,,55 p²e3khD²1kD21 0.331 $O tsi33,failed,0.33,6,嗑松 杆 灰 朴朴,嗑 松 杆 灰 白,UNKNOWN,扫描 OCR + IPA 锚点版面解析（四行对照） | 整理日期 2026-09,medium
SANGJIAJING-P0450-R-02,SANGJIAJING,450,R,2,四 7=,si²¹ iemyb 0ss pu³³,si21 Iemyb $0.Ss pu3,suspect,0.50,2,嗑松 籽 嗑松 果 口,含果 粒 鳞 口,UNKNOWN,扫描 OCR + IPA 锚点版面解析（四行对照） | 整理日期 2026-09,medium
SANGJIAJING-P0450-R-03,SANGJIAJING,450,R,3,W O A O,li²⁰⁴¹ 4ɒ³³ lu²¹ 4ɒ³³ tsess,12041 4D33 lu21 4D33 tsess,suspect,0.60,5,兔 日 龙 月 接,龙 月 接 兔 月,UNKNOWN,扫描 OCR + IPA 锚点版面解析（四行对照） | 整理日期 2026-09,medium
SANGJIAJING-P0450-R-04,SANGJIAJING,450,R,4,去 74 与,,ni2i thD²l1 ku?,failed,0.00,1,夏 秋 二 季 里,夏 秋 两 季 雷,UNKNOWN,扫描 OCR + IPA 锚点版面解析（四行对照） | 整理日期 2026-09,medium
SANGJIAJING-P0451-L-01,SANGJIAJING,451,L,1,西 3=,si²¹ ⁰⁵5 pe³³ ms ²¹ sur²¹,si21 $055 pe33 ms 21 sur²1,suspect,0.60,5,嗑松 籽 掉 刷,松 子 掉,UNKNOWN,扫描 OCR + IPA 锚点版面解析（四行对照） | 整理日期 2026-09,medium
SANGJIAJING-P0451-L-02,SANGJIAJING,451,L,2,3 九 Z4,,"p""u3 ph33 ph33 tsh33",failed,0.25,4,山 半 半 也 下,半 山 冏上 也 落,UNKNOWN,扫描 OCR + IPA 锚点版面解析（四行对照） | 整理日期 2026-09,medium
SANGJIAJING-P0451-R-01,SANGJIAJING,451,R,1,3= 九 年,,"h33 th:33 tsh;33 33 21 pu ts""r"" ne np",failed,0.00,6,山 脚 脚 也 落,山 脚 下 也 落,UNKNOWN,扫描 OCR + IPA 锚点版面解析（四行对照） | 整理日期 2026-09,medium
SANGJIAJING-P0451-R-02,SANGJIAJING,451,R,2,200 Z WI,si²¹ th²¹ ms ⁵⁵ ni²¹,si21 th21 ms 55 ni21,suspect,0.50,4,三 七 二 十 一,三 七 二 十 一,UNKNOWN,扫描 OCR + IPA 锚点版面解析（四行对照） | 整理日期 2026-09,medium
SANGJIAJING-P0451-R-03,SANGJIAJING,451,R,3,半 π 700 企,mu ⁵⁵ dzi²¹ si²¹ ni³³ mi³³,mu 55 dzi21 si21 ni33 m13,ok,1.00,5,马 生 七 天 地,骁 马 七 日 程,UNKNOWN,扫描 OCR + IPA 锚点版面解析（四行对照） | 整理日期 2026-09,medium
SANGJIAJING-P0451-R-04,SANGJIAJING,451,R,4,安 企 WI,a q⁰²1 th²¹ ni³³ mi³³,a q021 th21 ni33 m133,suspect,0.75,4,蜂 采 地 一 日,蜂 采 日 飞 地,UNKNOWN,扫描 OCR + IPA 锚点版面解析（四行对照） | 整理日期 2026-09,medium
SANGJIAJING-P0451-R-05,SANGJIAJING,451,R,5,3:z4,,si21 thg21 thg21 tsh33 $0SS,failed,0.20,5,嗑松 籽 旋 旋 下,松子斜 飞落,UNKNOWN,扫描 OCR + IPA 锚点版面解析（四行对照） | 整理日期 2026-09,medium
SANGJIAJING-P0452-L-01,SANGJIAJING,452,L,1,#,,44 4u33 phu21 ne's mx tsiss,failed,0.25,4,早 晨 露 白 遇,早 晨 露 水 润,UNKNOWN,扫描 OCR + IPA 锚点版面解析（四行对照） | 整理日期 2026-09,medium
SANGJIAJING-P0452-L-02,SANGJIAJING,452,L,2,不 3=,nu ni4 si²¹ si²¹ ɔss,nu ni*4 S121 S121 $OSS,suspect,0.67,3,嗑松 长 绿 茸 茸,嗑 绿 芽 绿 茸,UNKNOWN,扫描 OCR + IPA 锚点版面解析（四行对照） | 整理日期 2026-09,medium
SANGJIAJING-P0452-L-03,SANGJIAJING,452,L,3,天 3= 3=,ni³³ ni³³ ³³ ³³ ⁴⁴ s ms zɔ,ni33 ni33 33 33 44 s ms Z.O,suspect,0.50,6,昼 昼 夜 夜 长,昼 昼 夜 夜 长,UNKNOWN,扫描 OCR + IPA 锚点版面解析（四行对照） | 整理日期 2026-09,medium
SANGJIAJING-P0452-L-04,SANGJIAJING,452,L,4,写,,$O's SOs dur²1,failed,0.00,1,嗑松 长 嗑松 筒 大,嗑松 杆 围粗,UNKNOWN,扫描 OCR + IPA 锚点版面解析（四行对照） | 整理日期 2026-09,medium
SANGJIAJING-P0452-R-01,SANGJIAJING,452,R,1,勺,,"dz.031 1133 1,33 tsh021 $0'5",failed,0.20,5,嗑松 来伴 腰 风,风 抚嗑 松 杆,UNKNOWN,扫描 OCR + IPA 锚点版面解析（四行对照） | 整理日期 2026-09,medium
SANGJIAJING-P0452-R-02,SANGJIAJING,452,R,2,开,phe³³ thi2l ⁰⁵ ne²¹,phe33 th12l $0'5 ne21,suspect,0.67,3,嗑松 灰 一 良 回,砍回 一 灰松,UNKNOWN,扫描 OCR + IPA 锚点版面解析（四行对照） | 整理日期 2026-09,medium
SANGJIAJING-P0453-L-01,SANGJIAJING,453,L,1,IM,ni⁴⁴ ɔss th²¹ tsh³³ q⁰³1,ni44 $OS$s th21 tsh33 q031,suspect,0.50,4,嗑松 绿 一 十 回,松 砍 回 十 绿,UNKNOWN,扫描 OCR + IPA 锚点版面解析（四行对照） | 整理日期 2026-09,medium
SANGJIAJING-P0453-L-02,SANGJIAJING,453,L,2,万 丑,kh³³ zi³³ ɔ ⁵⁵ m8 ne ²¹,kh33 zi33 $O 55 m8 ne 21,suspect,0.50,4,它 呢 嗑松 名 良,它 是 名 嗑 松,UNKNOWN,扫描 OCR + IPA 锚点版面解析（四行对照） | 整理日期 2026-09,medium
SANGJIAJING-P0453-L-03,SANGJIAJING,453,L,3,万 九,,"kh,33 55 me 33 d044 ng33 $O",failed,0.33,6,它 呢 嗑松 名 出,此 松 名 声 显,UNKNOWN,扫描 OCR + IPA 锚点版面解析（四行对照） | 整理日期 2026-09,medium
SANGJIAJING-P0453-R-01,SANGJIAJING,453,R,1,茶 7= Z 4七,,33 si21 emqb niss niy44 mG,failed,0.25,4,沙松 籽 口 嘴 夹,果 籽 夹 鳞 口,UNKNOWN,扫描 OCR + IPA 锚点版面解析（四行对照） | 整理日期 2026-09,medium
SANGJIAJING-P0453-R-02,SANGJIAJING,453,R,2,与 O X,tho²¹ lu²¹ ni²¹ 4ɒ³³ tsess,tho21 lu21 ni²1 4D33 tsess,ok,0.80,5,兔龙 二 月 接,龙 月 接 兔 月,UNKNOWN,扫描 OCR + IPA 锚点版面解析（四行对照） | 整理日期 2026-09,medium
SANGJIAJING-P0453-R-03,SANGJIAJING,453,R,3,茶 子 Z,,33 ph33 VeSs ml qess mu²1,failed,0.00,3,沙松 枝 天 半 旋,枝 叶 半 空 舞,UNKNOWN,扫描 OCR + IPA 锚点版面解析（四行对照） | 整理日期 2026-09,medium
SANGJIAJING-P0453-R-04,SANGJIAJING,453,R,4,茶 丽 3:z4,,si21 tsh.33 mG 33 ms 21 ms 21,failed,0.20,5,沙松 籽 下,果 籽 刷 刷 落,UNKNOWN,扫描 OCR + IPA 锚点版面解析（四行对照） | 整理日期 2026-09,medium
SANGJIAJING-P0454-L-01,SANGJIAJING,454,L,1,田 至 # π,no ⁵⁵ mb ⁵⁵ 4e³³ dzi²¹,no 55 mb 55 4e33 dzi21,suspect,0.50,4,诺 格 山 露 生,诺 格 山 露 润,UNKNOWN,扫描 OCR + IPA 锚点版面解析（四行对照） | 整理日期 2026-09,medium
SANGJIAJING-P0454-L-02,SANGJIAJING,454,L,2,田 π,⁵⁵ noss mb 4e³³ hɒ³³ dzi²¹,55 noSs mb 4e33 hp33 dzi21,suspect,0.50,4,诺 格 山 雨 生,诺 格 山 雨 润,UNKNOWN,扫描 OCR + IPA 锚点版面解析（四行对照） | 整理日期 2026-09,medium
SANGJIAJING-P0454-L-03,SANGJIAJING,454,L,3,# π,tsiss dzi²¹ hɒ³³ 1h³³ dze4,tsiss dzi21 hD33 1h33 dze4,suspect,0.50,4,露 生 雨 来 淋,露 润 雨 来 淋,UNKNOWN,扫描 OCR + IPA 锚点版面解析（四行对照） | 整理日期 2026-09,medium
SANGJIAJING-P0454-R-01,SANGJIAJING,454,R,1,# 不 3=,si²¹ ³³ nu ²¹ ni⁴⁴ si²¹,S121 33 nu 21 ni44 S121,ok,0.80,5,沙松 长 绿 茸 茸,沙 松 芽 绿 茸,UNKNOWN,扫描 OCR + IPA 锚点版面解析（四行对照） | 整理日期 2026-09,medium
SANGJIAJING-P0454-R-02,SANGJIAJING,454,R,2,茶 3=,³³ si²¹ vɛ ³³ nu ²¹ mg ʊ ³³,33 si21 vE 33 nu 21 mG V@33,suspect,0.60,5,沙松 七 周边 周边 长,七 片 沙 松 长,UNKNOWN,扫描 OCR + IPA 锚点版面解析（四行对照） | 整理日期 2026-09,medium
SANGJIAJING-P0455-L-01,SANGJIAJING,455,L,1,茶号 勺,1i³³ li³³ tsh⁰²1 mg dzo1,1i33 133 tsh021 mG dzo'1,suspect,0.50,4,沙松 腰 风 来 伴,顺 风 沙 松 直,UNKNOWN,扫描 OCR + IPA 锚点版面解析（四行对照） | 整理日期 2026-09,medium
SANGJIAJING-P0455-L-02,SANGJIAJING,455,L,2,已茶尔巫,1i³³ tsh⁰²1 nu³³ khu³³ mu³³,1i33 tsh021 nu33khu33 mu33,suspect,0.60,5,风 伴 沙松 挺 高,风 抚 沙 松 挺,UNKNOWN,扫描 OCR + IPA 锚点版面解析（四行对照） | 整理日期 2026-09,medium
SANGJIAJING-P0455-L-03,SANGJIAJING,455,L,3,茶,mg ³³ tsh³³ hɒ³³ li³³ dze⁴⁴,mG 33 tsh:33 hp33 133 dze44,suspect,0.60,5,沙松 脚 雨 来 淋,雨 淋 沙 松 根,UNKNOWN,扫描 OCR + IPA 锚点版面解析（四行对照） | 整理日期 2026-09,medium
SANGJIAJING-P0455-L-04,SANGJIAJING,455,L,4,茶万,,33 kh33 mG mg33 De,failed,0.25,4,沙松 大 宅 名 良,它是名沙松,UNKNOWN,扫描 OCR + IPA 锚点版面解析（四行对照） | 整理日期 2026-09,medium
SANGJIAJING-P0455-R-01,SANGJIAJING,455,R,1,茶万,kh³³ me ³³ do⁴⁴ tsiss,kh33 me 33 do44 tsiss,suspect,0.75,4,沙松 美 它 名 出,沙 松 名 声 显,UNKNOWN,扫描 OCR + IPA 锚点版面解析（四行对照） | 整理日期 2026-09,medium
SANGJIAJING-P0455-R-02,SANGJIAJING,455,R,2,丽 3=,si²¹ 0s pa³¹ ms ²¹ ams,si21 $0$s pa31 ms 21 ams,suspect,0.50,4,刺 柏 籽,刺 柏 籽 刷,UNKNOWN,扫描 OCR + IPA 锚点版面解析（四行对照） | 整理日期 2026-09,medium
SANGJIAJING-P0456-L-01,SANGJIAJING,456,L,1,? ?,le³¹ tsh³³ li⁰⁴4 tsys li⁰⁴4,le31 tsh33 1044 tsy's 1044,suspect,0.75,4,石 缝 石 旁 下,落 石 缝 石 根,UNKNOWN,扫描 OCR + IPA 锚点版面解析（四行对照） | 整理日期 2026-09,medium
SANGJIAJING-P0456-L-02,SANGJIAJING,456,L,2,7分,fess bu³³ mb yɒ ³³ nu ²¹,fess bu33 mb YD 33 nu 21,suspect,0.67,3,崖 顶 口 处 落,崖 落 崖 顶 口,UNKNOWN,扫描 OCR + IPA 锚点版面解析（四行对照） | 整理日期 2026-09,medium
SANGJIAJING-P0456-L-03,SANGJIAJING,456,L,3,九 万 田 7,he⁴⁴ ng³³ khi³³ mɒ²¹ dzɒ²¹,he44 ng33 kh133 mp²1 dzp21,ok,0.80,5,鼠 也 它 不 吃,鼠 也 不 吃 它,UNKNOWN,扫描 OCR + IPA 锚点版面解析（四行对照） | 整理日期 2026-09,medium
SANGJIAJING-P0456-R-01,SANGJIAJING,456,R,1,# A A,4u³³ phu²¹ tsiss 4u³³ hɒ³³,4u33 phu21 tsiss 4u33 hp33,suspect,0.50,4,露 白 雨 白 遇,露 润 雨 浇 淋,UNKNOWN,扫描 OCR + IPA 锚点版面解析（四行对照） | 整理日期 2026-09,medium
SANGJIAJING-P0456-R-02,SANGJIAJING,456,R,2,7,,31 VI21 si44 ne21 $O's pa,failed,0.40,5,刺 柏 棺 木 良,刺 柏 棺 佳 木,UNKNOWN,扫描 OCR + IPA 锚点版面解析（四行对照） | 整理日期 2026-09,medium
SANGJIAJING-P0456-R-03,SANGJIAJING,456,R,3,7,si⁴⁴ khi³³ ʊɔ²¹ mg³³ do⁴⁴,si44 kh133 VO21 mg33 do44,suspect,0.60,5,棺 木 它 名 出,佳木名声 显,UNKNOWN,扫描 OCR + IPA 锚点版面解析（四行对照） | 整理日期 2026-09,medium
SANGJIAJING-P0457-L-01,SANGJIAJING,457,L,1,万,kh³³ zi³³ do²¹ tɒss zi³³,"kh,33 zi33 do21 tDss zi33",suspect,0.50,4,那 样 掉 搁 呢,佳木 已 长 成,UNKNOWN,扫描 OCR + IPA 锚点版面解析（四行对照） | 整理日期 2026-09,medium
SANGJIAJING-P0457-L-02,SANGJIAJING,457,L,2,专,si³³ tsho³³ mu2 the4 ob,si33 tsho3mu² the4 ob,suspect,0.67,3,村 中 别人人老,村 中 之 老 者,UNKNOWN,扫描 OCR + IPA 锚点版面解析（四行对照） | 整理日期 2026-09,medium
SANGJIAJING-P0457-L-03,SANGJIAJING,457,L,3,3= 3= W,,1iss de44 1e44,failed,0.00,2,亲 亲 孙 重孙 重孙,孙 辈 侄表亲,UNKNOWN,扫描 OCR + IPA 锚点版面解析（四行对照） | 整理日期 2026-09,medium
SANGJIAJING-P0457-L-04,SANGJIAJING,457,L,4,西 飞,dle³¹ dzi4 ⁴⁴ ʊli³³ mx xw,dle31 dzi4 44 V133 mx xw,suspect,0.50,4,劈 铁 砍 铁 拿,带上和斧,UNKNOWN,扫描 OCR + IPA 锚点版面解析（四行对照） | 整理日期 2026-09,medium
SANGJIAJING-P0457-R-01,SANGJIAJING,457,R,1,,,"hp33 1o21 h33 h:33 pu tc""e""ts""1",failed,0.20,5,郝 罗 山 上到,到 郝 罗 山 上,UNKNOWN,扫描 OCR + IPA 锚点版面解析（四行对照） | 整理日期 2026-09,medium
SANGJIAJING-P0457-R-02,SANGJIAJING,457,R,2,子,,44 mu² y031 t4ess ne veSs,failed,0.00,3,天 际 鹰 黑 旋,空 中鹰盘旋,UNKNOWN,扫描 OCR + IPA 锚点版面解析（四行对照） | 整理日期 2026-09,medium
SANGJIAJING-P0457-R-03,SANGJIAJING,457,R,3,荟列 3= 国,,t4e qhu2 ne hu² hu21,failed,0.00,1,鹰声 h 沸 沸,鹰 叫 声 切 切,UNKNOWN,扫描 OCR + IPA 锚点版面解析（四行对照） | 整理日期 2026-09,medium
SANGJIAJING-P0457-R-04,SANGJIAJING,457,R,4,G 亏 6 亏,fess fe⁵⁵ s mu³³ ni³³ 0i³³,fess fe5s mu33 ni33 0i33,suspect,0.50,4,晴 日 晴 日 的,天 晴 空 无 云,UNKNOWN,扫描 OCR + IPA 锚点版面解析（四行对照） | 整理日期 2026-09,medium
SANGJIAJING-P0457-R-05,SANGJIAJING,457,R,5,7,si⁴⁴ tsoss mu2 du²¹,si44 tsoss mu² du²1,suspect,0.50,2,木 砍春 雷 打,砍木声如雷,UNKNOWN,扫描 OCR + IPA 锚点版面解析（四行对照） | 整理日期 2026-09,medium
SANGJIAJING-P0458-L-01,SANGJIAJING,458,L,1,7 司 子开,si⁴⁴ pu2l tsos mu2l dzi²¹,si44 pu²l tso's mu²l dz.i21,suspect,0.50,2,树 倒 春 雷 轰,若 雷轰 树 倒,UNKNOWN,扫描 OCR + IPA 锚点版面解析（四行对照） | 整理日期 2026-09,medium
SANGJIAJING-P0458-L-02,SANGJIAJING,458,L,2,又 每,,zp tDss mu33,failed,0.00,1,找 找 做 搁 砍,选 好 再 砍 伐,UNKNOWN,扫描 OCR + IPA 锚点版面解析（四行对照） | 整理日期 2026-09,medium
SANGJIAJING-P0458-L-03,SANGJIAJING,458,L,3,色 3E,dz⁰³1 bu³³ mu da⁴⁴ ve²¹,"dz,031 bu33 mu da44 ve21",suspect,0.50,4,腰 断 棺 帮 做,树 腰 做 棺 帮,UNKNOWN,扫描 OCR + IPA 锚点版面解析（四行对照） | 整理日期 2026-09,medium
SANGJIAJING-P0458-L-04,SANGJIAJING,458,L,4,飞 H,,"21 gess +h.33 t""w 21 m6 dlD33",failed,0.25,4,枝 断 棺 架 成,树枝 做 棺架,UNKNOWN,扫描 OCR + IPA 锚点版面解析（四行对照） | 整理日期 2026-09,medium
SANGJIAJING-P0458-R-01,SANGJIAJING,458,R,1,3E 每,⁰⁵5 da⁴⁴ ʊe²¹ tshi³³ mu³³,055 da44 Ve21 tshi33 mu33,suspect,0.60,5,头 断 棺 垫 做,树 头 做 棺枕,UNKNOWN,扫描 OCR + IPA 锚点版面解析（四行对照） | 整理日期 2026-09,medium
SANGJIAJING-P0458-R-02,SANGJIAJING,458,R,2,与,ni²¹ tche³³ fess bu³³ li⁰³3,ni21 tche33 fess bu33 1033,suspect,0.75,4,二 崖 顶 冏上 处,台 二 崖 顶 上,UNKNOWN,扫描 OCR + IPA 锚点版面解析（四行对照） | 整理日期 2026-09,medium
SANGJIAJING-P0459-L-01,SANGJIAJING,459,L,1,N. 苏 m 安,,tsh:33 dzi44 4is5 55 tsp,failed,0.25,4,根 砍 四 周 发,砍 树 根 发 芽,UNKNOWN,扫描 OCR + IPA 锚点版面解析（四行对照） | 整理日期 2026-09,medium
SANGJIAJING-P0459-L-02,SANGJIAJING,459,L,2,田L 每,,Zzi44 qess Xo21 qess mu33,failed,0.33,3,枝 修 枝 滑 做,修 滑 枝 木 光,UNKNOWN,扫描 OCR + IPA 锚点版面解析（四行对照） | 整理日期 2026-09,medium
SANGJIAJING-P0459-L-03,SANGJIAJING,459,L,3,74 田,³¹ le³¹ qe ⁵⁵ ɒ⁰³1,31 le31 qe 55 D031,suspect,0.75,4,左 手 青栎 枝 拉,左 手 拉 树 枝,UNKNOWN,扫描 OCR + IPA 锚点版面解析（四行对照） | 整理日期 2026-09,medium
SANGJIAJING-P0459-L-04,SANGJIAJING,459,L,4,号 光,zɒ ³³ le³¹ re p mi1 ⁹⁰3,ZD 33 le31 re&p m11 903,suspect,0.67,3,右 手 腰 刀 抽,右手挥 腰 刀,UNKNOWN,扫描 OCR + IPA 锚点版面解析（四行对照） | 整理日期 2026-09,medium
SANGJIAJING-P0459-R-01,SANGJIAJING,459,R,1,扛 上 青 栎 木,du³³ tsho²¹ q⁰³1 pu,du33 tsho21 q031 pu,suspect,0.75,4,回 还 走 处 行,走 在 返 程 上,UNKNOWN,扫描 OCR + IPA 锚点版面解析（四行对照） | 整理日期 2026-09,medium
SANGJIAJING-P0459-R-02,SANGJIAJING,459,R,2,去,tshi²¹ ⁴⁰²¹ ʊe²¹ di²¹ pur4,tshi21 4021 Ve21 dr²1 pur4,suspect,0.60,5,狗 脸 旋 的 返,旋 转 狗 折 头,UNKNOWN,扫描 OCR + IPA 锚点版面解析（四行对照） | 整理日期 2026-09,medium
SANGJIAJING-P0459-R-03,SANGJIAJING,459,R,3,% 7,,tce tce 44 thu33 me nD's,failed,0.33,3,绳 尾 绳 扣 穿,绳 尾 穿 绳 扣,UNKNOWN,扫描 OCR + IPA 锚点版面解析（四行对照） | 整理日期 2026-09,medium
SANGJIAJING-P0459-R-04,SANGJIAJING,459,R,4,去,di²¹ 1ɒ³³ ms pu⁴⁴ ⁹⁰³¹,di21 1D33 ms pu44 9031,suspect,0.50,4,的 返 了 回,地 往 回走,UNKNOWN,扫描 OCR + IPA 锚点版面解析（四行对照） | 整理日期 2026-09,medium
SANGJIAJING-P0460-L-01,SANGJIAJING,460,L,1,司 众,ip³³ d2li³³ tsh³³ li⁰³3 nu³³,Ip33 d2133 tsh:33 1$033 nu33,suspect,0.60,5,转 了 你 院 到,回 到 你 家 院,UNKNOWN,扫描 OCR + IPA 锚点版面解析（四行对照） | 整理日期 2026-09,medium
SANGJIAJING-P0460-L-02,SANGJIAJING,460,L,2,甩众 Z 日,niss dzi³³ tsi³³ li⁰³3,niss dz13 tsi33 1033,suspect,0.67,3,你 院 宅 前 处,你 家 院 坝 里,UNKNOWN,扫描 OCR + IPA 锚点版面解析（四行对照） | 整理日期 2026-09,medium
SANGJIAJING-P0460-L-03,SANGJIAJING,460,L,3,7 万 m 住,ʊe²¹ si⁴⁴ khi³³ tsi³³,Ve21 si44 kh133 tsi33,suspect,0.75,4,棺 木 那 四 棵,那 四 棵 棺 木,UNKNOWN,扫描 OCR + IPA 锚点版面解析（四行对照） | 整理日期 2026-09,medium
SANGJIAJING-P0460-L-04,SANGJIAJING,460,L,4,包 3= 分,niss ³³ ge³³ eemg1 yɒ,niss 33 Ge33 eemg1 yD,suspect,0.67,3,短 短 的 长 断,依 需 断 长 短,UNKNOWN,扫描 OCR + IPA 锚点版面解析（四行对照） | 整理日期 2026-09,medium
SANGJIAJING-P0460-L-05,SANGJIAJING,460,L,5,马 3= 7,zi³³ dle³¹ q1ss sɒ³¹ sɒ³¹,zi33 dle31 q1ss SD31 SD31,suspect,0.75,4,标 标 呢 劈 解,弹 线劈解木,UNKNOWN,扫描 OCR + IPA 锚点版面解析（四行对照） | 整理日期 2026-09,medium
SANGJIAJING-P0460-R-01,SANGJIAJING,460,R,1,7 W,si⁴⁴ mi²¹ 4iss li⁰²1,si44 m121 4iss 1021,suspect,0.67,3,棺 木 样 四 面,棺 材 四 块 板,UNKNOWN,扫描 OCR + IPA 锚点版面解析（四行对照） | 整理日期 2026-09,medium
SANGJIAJING-P0460-R-02,SANGJIAJING,460,R,2,日 后 老 少 来,,Z4 分 M WL,failed,0.00,1,33 33 ci31 ne4 nu YD,你 的 棺 新 看,UNKNOWN,扫描 OCR + IPA 锚点版面解析（四行对照） | 整理日期 2026-09,medium
SANGJIAJING-P0460-R-03,SANGJIAJING,460,R,3,效,,A.S5 phu²tshomu²1 hg33,failed,0.00,2,阿 祖 1人老 房,祖制 川老人房,UNKNOWN,扫描 OCR + IPA 锚点版面解析（四行对照） | 整理日期 2026-09,medium
SANGJIAJING-P0461-L-01,SANGJIAJING,461,L,1,? 3=,,ID33 33 10 4 ne4 ne44 m6,failed,0.25,4,石 黑 黑 个 进,进 人 岩 般 棺,UNKNOWN,扫描 OCR + IPA 锚点版面解析（四行对照） | 整理日期 2026-09,medium
SANGJIAJING-P0461-R-01,SANGJIAJING,461,R,1,W 全,li2nb ³³ zi³³ sɒ nu³³ ɔss,12nb 33 z.i33 SD nu33 $OSs,suspect,0.50,4,棺 找 你 获 去,你 去 把 住 它,UNKNOWN,扫描 OCR + IPA 锚点版面解析（四行对照） | 整理日期 2026-09,medium
SANGJIAJING-P0461-R-02,SANGJIAJING,461,R,2,? 3=,ne ⁴⁴ ⁴⁴ 1ɒ³³ tsh³³ li⁰⁴4 ne,ne 44 44 1D33 tsh33 1044 ne,suspect,0.50,6,石 黑 黑 个 下,下 似 岩 棺 底,UNKNOWN,扫描 OCR + IPA 锚点版面解析（四行对照） | 整理日期 2026-09,medium
SANGJIAJING-P0461-R-03,SANGJIAJING,461,R,3,WL 九 M WL,ʊe²¹ ci³¹ ne ³³ 1nb ci³¹,Ve21 ci31 ne 33 1nb ci31,suspect,0.50,4,棺 新 与 枢 新,新 棺 材 置 之,UNKNOWN,扫描 OCR + IPA 锚点版面解析（四行对照） | 整理日期 2026-09,medium
SANGJIAJING-P0461-R-04,SANGJIAJING,461,R,4,to 出,th²¹ he³³ li³³ ny³³,"th21 he33 1,33 ny33",suspect,0.50,4,一 房 你 来 获,你 获 一 房 屋,UNKNOWN,扫描 OCR + IPA 锚点版面解析（四行对照） | 整理日期 2026-09,medium
SANGJIAJING-P0461-R-05,SANGJIAJING,461,R,5,分 效 Z4,,33 A21 t4u33 toss yD $0.s,failed,0.25,4,夺 敖 硕 阿,夺 敖 硕 阿,UNKNOWN,扫描 OCR + IPA 锚点版面解析（四行对照） | 整理日期 2026-09,medium
SANGJIAJING-P0462-L-01,SANGJIAJING,462,L,1,20 住,tshi²¹ 4ɒ³³ ³³ tsi³³,tshi21 4D33 33 tsi33,suspect,0.50,4,狗舌水 客 遇,狗舌遇 遇水客,UNKNOWN,扫描 OCR + IPA 锚点版面解析（四行对照） | 整理日期 2026-09,medium
SANGJIAJING-P0462-L-02,SANGJIAJING,462,L,2,九丑,,33 tshil 4D33 VE tsi33,failed,0.00,3,狗舌贵 客 遇,遇到了贵客,UNKNOWN,扫描 OCR + IPA 锚点版面解析（四行对照） | 整理日期 2026-09,medium
SANGJIAJING-P0462-L-03,SANGJIAJING,462,L,3,九分 W,ʊe1 tsiss ʊɛ ²¹ ne ³³ yɒ ³³,Ve?1 tsiss VE 21 ne 33 yD 33,suspect,0.67,3,棺制棺 也 得,棺材 已 制 好,UNKNOWN,扫描 OCR + IPA 锚点版面解析（四行对照） | 整理日期 2026-09,medium
SANGJIAJING-P0462-L-04,SANGJIAJING,462,L,4,九 2,,Ve21 1 Ve21 133 ng33,failed,0.25,4,棺找 棺 也 来,棺材已备下,UNKNOWN,扫描 OCR + IPA 锚点版面解析（四行对照） | 整理日期 2026-09,medium
SANGJIAJING-P0462-R-01,SANGJIAJING,462,R,1,W 飞 田W,,21 ve tsiss ad 33 mp 21 tsiss,failed,0.25,4,棺 制 我 不 制,制棺不为我,UNKNOWN,扫描 OCR + IPA 锚点版面解析（四行对照） | 整理日期 2026-09,medium
SANGJIAJING-P0462-R-02,SANGJIAJING,462,R,2,Z 日,np ³³ teiss nu³³ li⁰³3 bi²¹,np 33 teiss nu33 1033 b121,suspect,0.50,4,我找 你 处 给,不制备 我 为 你,UNKNOWN,扫描 OCR + IPA 锚点版面解析（四行对照） | 整理日期 2026-09,medium
SANGJIAJING-P0464-L-01,SANGJIAJING,464,L,1,荟下每田 &,,t4ess ba44 mu33 mp 21 mb 31,failed,0.25,4,鹰 独处 做 （不完,不 唯鹰独处,UNKNOWN,扫描 OCR + IPA 锚点版面解析（四行对照） | 整理日期 2026-09,medium
SANGJIAJING-P0464-L-02,SANGJIAJING,464,L,2,下X3洲,,VD21 ba44 tsi's tsi's hy31,failed,0.33,3,鸡 独处 孤 孤 立,独 鸡孤 独 虫站,UNKNOWN,扫描 OCR + IPA 锚点版面解析（四行对照） | 整理日期 2026-09,medium
SANGJIAJING-P0464-L-03,SANGJIAJING,464,L,3,七 3= 丰,zj³³ zi³³ ni⁴⁴ mu²¹ li³³,"z,j33 Z133 ni44 mu21 13",ok,0.80,5,苍 蝇 静 静 看,苍蝇静静听②,UNKNOWN,扫描 OCR + IPA 锚点版面解析（四行对照） | 整理日期 2026-09,medium
SANGJIAJING-P0464-R-01,SANGJIAJING,464,R,1,A,4u³³ ku³³ si³³ le⁴⁴ piss,4u33 ku33 si33 le44 piss,ok,0.80,5,银 金 戒 指,银镯 金戒指,UNKNOWN,扫描 OCR + IPA 锚点版面解析（四行对照） | 整理日期 2026-09,medium
SANGJIAJING-P0464-R-02,SANGJIAJING,464,R,2,ZZL &,,dzi31 tsiss ho33 33 SD33 mb,failed,0.40,5,美吉 引人 完,吉美 经赠 完,UNKNOWN,扫描 OCR + IPA 锚点版面解析（四行对照） | 整理日期 2026-09,medium
SANGJIAJING-P0464-R-03,SANGJIAJING,464,R,3,DE7,1pɒ³³ ni²¹ le³¹ da⁴⁴ dzɒ²¹,1pD33 n1²1 le31 da44 dzD21,ok,0.80,5,彝手布裁剩,彝人裁布长,UNKNOWN,扫描 OCR + IPA 锚点版面解析（四行对照） | 整理日期 2026-09,medium
SANGJIAJING-P0465-L-01,SANGJIAJING,465,L,1,Z,le³¹ bu²¹ niss tci⁴⁴,le31 bu²1 niss tci44,suspect,0.67,3,汉 手 绸 扯 短,汉 人 扯 布 短,UNKNOWN,扫描 OCR + IPA 锚点版面解析（四行对照） | 整理日期 2026-09,medium
SANGJIAJING-P0465-L-02,SANGJIAJING,465,L,2,田 # 田 # 每,mp ²¹ tsi³³ tsi³³ mu³³,mp 21 ts133 ts13 mu33,suspect,0.75,4,不 剩 不 剩 的,并 遗 缺 非 全,UNKNOWN,扫描 OCR + IPA 锚点版面解析（四行对照） | 整理日期 2026-09,medium
SANGJIAJING-P0465-L-03,SANGJIAJING,465,L,3,OX Wi 开#,tsess thi²¹ dzi²¹ tsi³³,tsess thi21 dzi21 ts133,suspect,0.67,3,光滑 接 一 章 剩,接 清 爽 一 章,UNKNOWN,扫描 OCR + IPA 锚点版面解析（四行对照） | 整理日期 2026-09,medium
SANGJIAJING-P0465-L-04,SANGJIAJING,465,L,4,I 7开7 # 天 米,thi²¹ dzi²¹ tsi³³ tɒss,thi21 dzi21 ts133 tDSs,ok,1.00,4,一 章 剩 搁 着,缺 此 ：一 章 经,UNKNOWN,扫描 OCR + IPA 锚点版面解析（四行对照） | 整理日期 2026-09,medium
SANGJIAJING-P0465-R-01,SANGJIAJING,465,R,1,#,,le31 31 h33 :44 qe 3.31 ni Sess,failed,0.33,6,手 引赶 线 棉 绕,双 手 绕 棉 线,UNKNOWN,扫描 OCR + IPA 锚点版面解析（四行对照） | 整理日期 2026-09,medium
SANGJIAJING-P0465-R-02,SANGJIAJING,465,R,2,每 九,mp ³³ mu nu³³ bi²¹ ne³³,mp 33 mu nu33 bi21 ne33,suspect,0.50,4,把 它 经 给 也,我 诵 与 你 经,UNKNOWN,扫描 OCR + IPA 锚点版面解析（四行对照） | 整理日期 2026-09,medium
SANGJIAJING-P0465-R-03,SANGJIAJING,465,R,3,专 效 君,a²¹ bo²¹ tshi²¹ dzɒ²¹ si³³,A21 bo21 tshi21 dzp21 si33,ok,1.00,5,阿 波 尺 杂 斯,阿 波 尺 杂 斯③,UNKNOWN,扫描 OCR + IPA 锚点版面解析（四行对照） | 整理日期 2026-09,medium
SANGJIAJING-P0465-R-04,SANGJIAJING,465,R,4,专每 女 配,tche²¹ mu ³³ ³³ li³³ np ɒos,tche21 mu 33 33 li33 np Dos,ok,0.80,5,清醒 的 听 来 要,耳 聪 来 听 起,UNKNOWN,扫描 OCR + IPA 锚点版面解析（四行对照） | 整理日期 2026-09,medium
SANGJIAJING-P0465-R-05,SANGJIAJING,465,R,5,7世,kho²¹ si³³ 3g nu³³,"kho21 si33 3G nu,33",suspect,0.67,3,柯 兴 诗 安 奴,柯 兴诗 安奴,UNKNOWN,扫描 OCR + IPA 锚点版面解析（四行对照） | 整理日期 2026-09,medium
SANGJIAJING-P0466-L-01,SANGJIAJING,466,L,1,灶 不,zi³³ du³³ si²¹,zi33 du33 S121,ok,1.00,3,水 处 寻 还 要,还 需 寻 净 水,UNKNOWN,扫描 OCR + IPA 锚点版面解析（四行对照） | 整理日期 2026-09,medium
SANGJIAJING-P0466-L-02,SANGJIAJING,466,L,2,还 需 寻 净 水,zi³³ ne²¹ zi³³,Z.133 ne21 Z133,ok,1.00,3,水 美 水 塘 大,湖 大 澈 水 清,UNKNOWN,扫描 OCR + IPA 锚点版面解析（四行对照） | 整理日期 2026-09,medium
SANGJIAJING-P0466-L-03,SANGJIAJING,466,L,3,Z 7科,thu²¹ ssib de²¹,thu21 ssIb de21,suspect,0.50,2,水 桶 拿 水 打,用 桶 去 挑 水,UNKNOWN,扫描 OCR + IPA 锚点版面解析（四行对照） | 整理日期 2026-09,medium
SANGJIAJING-P0466-L-04,SANGJIAJING,466,L,4,与,tshi³³ ni²¹ bi²¹ mp ³³ 2li³³,tsh133 ni21 bi21 mp 33 2133,suspect,0.60,5,十 二 河 水 大,至 十 二 大 河,UNKNOWN,扫描 OCR + IPA 锚点版面解析（四行对照） | 整理日期 2026-09,medium
SANGJIAJING-P0466-L-05,SANGJIAJING,466,L,5,男 3,si³³ 4li³³ zi³³ m6 ²¹,si33 4133 z.133 m6 21,suspect,0.50,4,雁 走 蛇 游 水,河 中 雁 蛇 游,UNKNOWN,扫描 OCR + IPA 锚点版面解析（四行对照） | 整理日期 2026-09,medium
SANGJIAJING-P0466-R-01,SANGJIAJING,466,R,1,田,,zi33 kh133 21 X033 mp 3G,failed,0.40,5,水 净 它 不 是,其 非 洁 净 水,UNKNOWN,扫描 OCR + IPA 锚点版面解析（四行对照） | 整理日期 2026-09,medium
SANGJIAJING-P0466-R-02,SANGJIAJING,466,R,2,九 万 田,nɒ ³³ ne³³ khi³³1 mɒ²¹ tho³¹,nD 33 ne33 kh1331 mp²1 tho31,ok,1.00,5,我 也 它 不 涉,我 不去 涉 足 去,UNKNOWN,扫描 OCR + IPA 锚点版面解析（四行对照） | 整理日期 2026-09,medium
SANGJIAJING-P0466-R-03,SANGJIAJING,466,R,3,与 4,,1p21 ni21 44 4u33 zi133 mx,failed,0.33,6,陆 良 湖 白 水,陆 良 白 茫 湖,UNKNOWN,扫描 OCR + IPA 锚点版面解析（四行对照） | 整理日期 2026-09,medium
SANGJIAJING-P0466-R-04,SANGJIAJING,466,R,4,正,ho³³ zi³³ be²¹ 9ɒ³³ tci4,"ho33 z,133 be21 9D33 tC14",ok,0.80,5,野鸭 戏 养 育 水,野 鸭湖 游栖,UNKNOWN,扫描 OCR + IPA 锚点版面解析（四行对照） | 整理日期 2026-09,medium
SANGJIAJING-P0467-L-01,SANGJIAJING,467,L,1,万 田 国,zi³³ khi³³ ³³ x⁰³3 mp ²¹ e,"z,133 kh133 33 X0.33 mp 21 e",suspect,0.50,6,水 净 它 不 是,它 非 洁 净 水,UNKNOWN,扫描 OCR + IPA 锚点版面解析（四行对照） | 整理日期 2026-09,medium
SANGJIAJING-P0467-L-02,SANGJIAJING,467,L,2,田Z 九,,33 ng33 kh33 mp²1 tho31,failed,0.40,5,我 也 它 不 涉,我 不去 涉 足,UNKNOWN,扫描 OCR + IPA 锚点版面解析（四行对照） | 整理日期 2026-09,medium
SANGJIAJING-P0467-L-03,SANGJIAJING,467,L,3,九万雨,nu³³ nae³³ khi³³ thɒ²¹ du³³,nu3 nae33 kh133thD21 du33,ok,1.00,5,你 也 它 不 碰,你 亦 莫 碰 它,UNKNOWN,扫描 OCR + IPA 锚点版面解析（四行对照） | 整理日期 2026-09,medium
SANGJIAJING-P0467-L-04,SANGJIAJING,467,L,4,?,,:33 4D21 10 44 le31 z1,failed,0.40,5,水 溪 石 手 水,丛 石 涧 溪 水,UNKNOWN,扫描 OCR + IPA 锚点版面解析（四行对照） | 整理日期 2026-09,medium
SANGJIAJING-P0467-R-01,SANGJIAJING,467,R,1,万 田 国,zi³³ x⁰³3 khi³³ mɒ²¹,"z,133 X033 kh133 mD21",suspect,0.75,4,水 净 不 是,它 非 洁 净 水,UNKNOWN,扫描 OCR + IPA 锚点版面解析（四行对照） | 整理日期 2026-09,medium
SANGJIAJING-P0467-R-02,SANGJIAJING,467,R,2,飞④ 九万 田 Z8,,33 kh33 du3 ng33,failed,0.25,4,我 也 它 不 弄,我 不去 去 沾 它,UNKNOWN,扫描 OCR + IPA 锚点版面解析（四行对照） | 整理日期 2026-09,medium
SANGJIAJING-P0467-R-03,SANGJIAJING,467,R,3,我 不去 去 沾 它,enu ng³³ khi³³ thɒ²¹ th⁰³1,enu ng33 kh133thD²1 th031,suspect,0.50,4,你 也 它 莫涉,你 亦 莫 涉,UNKNOWN,扫描 OCR + IPA 锚点版面解析（四行对照） | 整理日期 2026-09,medium
SANGJIAJING-P0467-R-04,SANGJIAJING,467,R,4,Z8,ho⁴⁴ du²¹ niss dze ⁴⁴,ho44 du²1 niss dze 44,suspect,0.67,3,拌 处 嘴 滴 水,兽滚 滴 口 水,UNKNOWN,扫描 OCR + IPA 锚点版面解析（四行对照） | 整理日期 2026-09,medium
SANGJIAJING-P0468-L-01,SANGJIAJING,468,L,1,田 国,zi³³ khi³³ ²¹ ³³ x⁰³3 mp ne,"z,i33 kh133 21 33 X033 mp ne",suspect,0.50,6,水 净 它 不 是,它 非 洁 净 水,UNKNOWN,扫描 OCR + IPA 锚点版面解析（四行对照） | 整理日期 2026-09,medium
SANGJIAJING-P0468-L-02,SANGJIAJING,468,L,2,九 万 田 Z8,,np 33 kh133 mp 21 du33 n033,failed,0.40,5,我 也 “它 不 弄,我 不 去 沾 它·,UNKNOWN,扫描 OCR + IPA 锚点版面解析（四行对照） | 整理日期 2026-09,medium
SANGJIAJING-P0468-L-03,SANGJIAJING,468,L,3,九 万,nu³³ ne³³ khi³³ thɒ²¹,nu33 ne33 kh133thp21,ok,1.00,4,你 也 它莫 涉,你 亦 莫 涉 它,UNKNOWN,扫描 OCR + IPA 锚点版面解析（四行对照） | 整理日期 2026-09,medium
SANGJIAJING-P0468-L-04,SANGJIAJING,468,L,4,三 3 D,,"ssad ness si33 4133 z,133",failed,0.33,3,蛙 潜 蛇 滚 水,蛙 潜 蛇 滚 水,UNKNOWN,扫描 OCR + IPA 锚点版面解析（四行对照） | 整理日期 2026-09,medium
SANGJIAJING-P0468-R-01,SANGJIAJING,468,R,1,万 田 国,zi³³ x⁰³3 khi³³ mɒ²¹,zi33 X0.33 kh133 mp21,suspect,0.75,4,水 净 它 不 是,它 非 洁 净 水,UNKNOWN,扫描 OCR + IPA 锚点版面解析（四行对照） | 整理日期 2026-09,medium
SANGJIAJING-P0468-R-02,SANGJIAJING,468,R,2,Z出 九 万,nu³³ ne³³ khi³³ thɒ²¹ du³³,nu33 ne33 kh133thD21 du33,ok,1.00,5,你 也 它 莫 弄,你 亦 莫 沾 它,UNKNOWN,扫描 OCR + IPA 锚点版面解析（四行对照） | 整理日期 2026-09,medium
SANGJIAJING-P0468-R-03,SANGJIAJING,468,R,3,毛W至,dzo²¹ ae le³¹ zi³³,"dz,o²1 ae le31 z.i33",suspect,0.67,3,山 箐 山 边 水,水 深 冏山 箐底,UNKNOWN,扫描 OCR + IPA 锚点版面解析（四行对照） | 整理日期 2026-09,medium
SANGJIAJING-P0469-L-01,SANGJIAJING,469,L,1,N. 司 ZZZ,,tshi33 duss 1D33 tsiss z133,failed,0.33,3,麂 獐 喝 水 蘸,麂 浴 獐 喝 水,UNKNOWN,扫描 OCR + IPA 锚点版面解析（四行对照） | 整理日期 2026-09,medium
SANGJIAJING-P0469-L-02,SANGJIAJING,469,L,2,万 田,,kh33 21 33 X033 mp ne,failed,0.20,5,水 净 它 不 是,它 非 洁 净 水,UNKNOWN,扫描 OCR + IPA 锚点版面解析（四行对照） | 整理日期 2026-09,medium
SANGJIAJING-P0469-L-03,SANGJIAJING,469,L,3,7 日,te³³ bu³³ tche³³ li⁰³3 ne ⁴⁴,te33 bu33 tche33 1033 ne 44,ok,1.00,5,黑 处 云 顶 上,黑 云 之 顶 端,UNKNOWN,扫描 OCR + IPA 锚点版面解析（四行对照） | 整理日期 2026-09,medium
SANGJIAJING-P0469-R-01,SANGJIAJING,469,R,1,举 A IU,lu²¹ ne ⁴⁴ thi²¹ dza,lu²1 ne 44 thi21 dza,ok,1.00,4,龙 黑 下 甩 一,黑 龙 摆 甩 身,UNKNOWN,扫描 OCR + IPA 锚点版面解析（四行对照） | 整理日期 2026-09,medium
SANGJIAJING-P0469-R-02,SANGJIAJING,469,R,2,WI 2.C,lu²¹ ku³³ thi²¹ pa ⁴⁴ 4e³³,lu²1 ku33 thi21 pa 44 4e33,ok,0.80,5,龙 身 一 下 抖,黑 龙 身 抖 下,UNKNOWN,扫描 OCR + IPA 锚点版面解析（四行对照） | 整理日期 2026-09,medium
SANGJIAJING-P0469-R-03,SANGJIAJING,469,R,3,天 空 雷 声 震,,A 7 IM,failed,0.00,1,lu21 mess thi21 44 ps,龙 尾 一 下 摆,UNKNOWN,扫描 OCR + IPA 锚点版面解析（四行对照） | 整理日期 2026-09,medium
SANGJIAJING-P0469-R-04,SANGJIAJING,469,R,4,A 7 IM,,lu21 mess thi21 44 ps,failed,0.25,4,龙 尾 一 下 摆,龙摆 一 下月 尾,UNKNOWN,扫描 OCR + IPA 锚点版面解析（四行对照） | 整理日期 2026-09,medium
SANGJIAJING-P0470-L-01,SANGJIAJING,470,L,1,去4,,33 21 di21 tsh33 hp33 mp ms,failed,0.33,6,雨 水 地 下,雨 水 下,UNKNOWN,扫描 OCR + IPA 锚点版面解析（四行对照） | 整理日期 2026-09,medium
SANGJIAJING-P0470-L-02,SANGJIAJING,470,L,2,IM 灶,,2.133 kh33 thi21 du21 X033,failed,0.40,5,水 净 那 一 池,那 池 圣 洁 水,UNKNOWN,扫描 OCR + IPA 锚点版面解析（四行对照） | 整理日期 2026-09,medium
SANGJIAJING-P0470-L-03,SANGJIAJING,470,L,3,九 田 7,niss 1p²¹ ne mp ²¹ du³³,niss 1p21 ne mp 21 du33,suspect,0.67,3,牛 嘴 也 不 触,牛 嘴未 曾 触,UNKNOWN,扫描 OCR + IPA 锚点版面解析（四行对照） | 整理日期 2026-09,medium
SANGJIAJING-P0470-R-01,SANGJIAJING,470,R,1,Z 九 田X,,33 33 tshi21 pu Di's ne,failed,0.25,4,绵羊 嘴 也 不 涮,绵 羊 未 曾 涮,UNKNOWN,扫描 OCR + IPA 锚点版面解析（四行对照） | 整理日期 2026-09,medium
SANGJIAJING-P0470-R-02,SANGJIAJING,470,R,2,九 田,li⁵⁵ s niss nae ³³ mɒ²¹ dzo,li5s niss nae? 33 mp21 dzo,suspect,0.75,4,山羊 嘴 也 不 沾,山 羊 不 曾 沾,UNKNOWN,扫描 OCR + IPA 锚点版面解析（四行对照） | 整理日期 2026-09,medium
SANGJIAJING-P0470-R-03,SANGJIAJING,470,R,3,飞 万 九 分,np ³³ kh³³ yɒ ³³ to³³ ne³³,np 33 kh33 YD 33 to33 ne33,suspect,0.60,5,我 也 它 得 饮,我 饮 此 池 水,UNKNOWN,扫描 OCR + IPA 锚点版面解析（四行对照） | 整理日期 2026-09,medium
SANGJIAJING-P0470-R-04,SANGJIAJING,470,R,4,九 分 出,,33 ne 33 kh33 33 np yD Zur21,failed,0.20,5,我 也 它 得 用,我 用 此 池 水,UNKNOWN,扫描 OCR + IPA 锚点版面解析（四行对照） | 整理日期 2026-09,medium
SANGJIAJING-P0470-R-05,SANGJIAJING,470,R,5,Z4 面 用,li³³ si⁵⁵ t4u⁴⁴ ms ³³ do ⁴⁴,li33 si55 t4u44 ms 33 do 44,suspect,0.60,5,人 夜 临 来 先,阳 世 夜先 临,UNKNOWN,扫描 OCR + IPA 锚点版面解析（四行对照） | 整理日期 2026-09,medium
SANGJIAJING-P0471-L-01,SANGJIAJING,471,L,1,用 年 MI #,,33 thj21 np pi33,failed,0.33,3,前 先 一 步 移,往 前 移 步 一,UNKNOWN,扫描 OCR + IPA 锚点版面解析（四行对照） | 整理日期 2026-09,medium
SANGJIAJING-P0471-L-02,SANGJIAJING,471,L,2,田 电 九,mp dlɒ³³ tw ne ³³ dlɒ³³,mp dlp33 tw ne 33 dlD33,ok,1.00,3,不 成 地 也 成,此 水 移 何 地,UNKNOWN,扫描 OCR + IPA 锚点版面解析（四行对照） | 整理日期 2026-09,medium
SANGJIAJING-P0471-L-03,SANGJIAJING,471,L,3,π 光,kurs dzi2i tsi³³ niu³³ dlɒ³³,kur's dzi²i tsi33 niu33 dlp33,suspect,0.67,3,格 资 院 坝 成,移 至 格 资 院,UNKNOWN,扫描 OCR + IPA 锚点版面解析（四行对照） | 整理日期 2026-09,medium
SANGJIAJING-P0471-R-01,SANGJIAJING,471,R,1,分 勿 万 雨,³³ kh³³ xɒ np ³³ thi²¹ pi³³,33 kh33 XD np 33 thi21 pi33,suspect,0.60,5,后 来 那 一 步,后 又 移 一 步,UNKNOWN,扫描 OCR + IPA 锚点版面解析（四行对照） | 整理日期 2026-09,medium
SANGJIAJING-P0471-R-02,SANGJIAJING,471,R,2,甘 ? 住光,dɒ²¹ fuss tsi³³ niu³³ dlɒ³³,dp²1 fuss tsi33 niu33 dlD33,suspect,0.75,4,岛 弗 院 坝 成,移 至 岛 弗 院?,UNKNOWN,扫描 OCR + IPA 锚点版面解析（四行对照） | 整理日期 2026-09,medium
SANGJIAJING-P0471-R-03,SANGJIAJING,471,R,3,甘 ? X,z³³ tshi²¹ dɒ²¹ fus,"z.33 tshi21 dp21 fu""s",suspect,0.75,4,水 净 岛 弗 洗,岛 弗 洗 净 水,UNKNOWN,扫描 OCR + IPA 锚点版面解析（四行对照） | 整理日期 2026-09,medium
SANGJIAJING-P0471-R-04,SANGJIAJING,471,R,4,甘 ? 司,zi³³ dɒ²¹ fuss ⁴⁰²¹ ssp,"z,133 dp21 fuss 4021 ssp",suspect,0.75,4,岛 弗 脸 水,脸 岛 弗 水 抹,UNKNOWN,扫描 OCR + IPA 锚点版面解析（四行对照） | 整理日期 2026-09,medium
SANGJIAJING-P0472-L-01,SANGJIAJING,472,L,1,ZZ WL,tshi²¹ ci³¹ mo²¹ he³¹ li⁰³1,tshi21 ci31 mo²1 he31 1031,ok,1.00,5,老 洗 年 轻 成,老 脸 变 少 颜,UNKNOWN,扫描 OCR + IPA 锚点版面解析（四行对照） | 整理日期 2026-09,medium
SANGJIAJING-P0472-L-02,SANGJIAJING,472,L,2,田 九,mp dlɒ³³ ne ³³ dlɒ³³,"mp"" dlp33 ne 33 dlD33",ok,1.00,3,成 不 成 地 也,此 水 移 何 地,UNKNOWN,扫描 OCR + IPA 锚点版面解析（四行对照） | 整理日期 2026-09,medium
SANGJIAJING-P0472-L-03,SANGJIAJING,472,L,3,π 飞 住,dzi²¹ ʊli³³ niu³³ dlɒ³³ tsi³³,dzi21 V133 niu33 dlp33 tsi33,ok,0.80,5,官 家 院 坝 成,移 至 官 家 院,UNKNOWN,扫描 OCR + IPA 锚点版面解析（四行对照） | 整理日期 2026-09,medium
SANGJIAJING-P0472-L-04,SANGJIAJING,472,L,4,田 3= 分 ZZZ 雨,,lu21 tsiss thD21 lu²i YD 33,failed,0.33,3,样 样 得 唱 时,得 水 喝 N 日,UNKNOWN,扫描 OCR + IPA 锚点版面解析（四行对照） | 整理日期 2026-09,medium
SANGJIAJING-P0472-R-01,SANGJIAJING,472,R,1,西乍 不,zj³³ fu³³ thu³¹ nu³³ 4e³³,zj33 fu33 thu31 nu33 4e33,suspect,0.60,5,嫁 出 你 夫 去,你 夫 出 嫁 随,UNKNOWN,扫描 OCR + IPA 锚点版面解析（四行对照） | 整理日期 2026-09,medium
SANGJIAJING-P0472-R-02,SANGJIAJING,472,R,2,九 住 众,⁰³ tsi³³ dzi³³ do⁴⁴ ne³³,"$03 tsi33 dz,133 do44 ne33",ok,0.80,5,转 也 院 坝 出,走 出 娘 家 院,UNKNOWN,扫描 OCR + IPA 锚点版面解析（四行对照） | 整理日期 2026-09,medium
SANGJIAJING-P0472-R-03,SANGJIAJING,472,R,3,N,tshi³³ tshi²¹ zi³³ le³¹,tshi33 tshi21 Z133 le31,ok,1.00,4,脚 洗 手 腋 水,用 以 洗 手 脚,UNKNOWN,扫描 OCR + IPA 锚点版面解析（四行对照） | 整理日期 2026-09,medium
SANGJIAJING-P0473-L-01,SANGJIAJING,473,L,1,号 田 π,mp 1y⁴⁴ dzi²¹ ni³³,mp 1y44 dzi21 ni33,suspect,0.67,3,官 死 不 爽 日,患 疾 官 死 日,UNKNOWN,扫描 OCR + IPA 锚点版面解析（四行对照） | 整理日期 2026-09,medium
SANGJIAJING-P0473-L-02,SANGJIAJING,473,L,2,π 田 WI 必,si³³ dzi²¹ mɒ²¹ thi²¹ gos,si33 dzi21 mp21 thi21 go's,ok,1.00,5,官 死 不 太 情愿,官 不 情 愿 死,UNKNOWN,扫描 OCR + IPA 锚点版面解析（四行对照） | 整理日期 2026-09,medium
SANGJIAJING-P0473-L-03,SANGJIAJING,473,L,3,分 年 万 雨,,"33 44 kh,33 thj21 pi33 yD np",failed,0.33,6,后 来 那 一 步,后再移 一 步,UNKNOWN,扫描 OCR + IPA 锚点版面解析（四行对照） | 整理日期 2026-09,medium
SANGJIAJING-P0473-R-01,SANGJIAJING,473,R,1,电 田,mɒ²¹ dlɒ³³ tu ne ³³ a,mp²1 dlp33 tu ne 33 a,suspect,0.75,4,不 也 成 成 地,此 水 移 何 地,UNKNOWN,扫描 OCR + IPA 锚点版面解析（四行对照） | 整理日期 2026-09,medium
SANGJIAJING-P0473-R-02,SANGJIAJING,473,R,2,半 飞 住 光,niu³³ dlɒ³³ sshu tsi³³,niu33 dlp33 sshu tsi33,suspect,0.67,3,将 家 院 坝 成,移 至 将 家 院,UNKNOWN,扫描 OCR + IPA 锚点版面解析（四行对照） | 整理日期 2026-09,medium
SANGJIAJING-P0473-R-03,SANGJIAJING,473,R,3,田 3= 半 目 亏,ni³³ lu²¹ lur²¹ mu t⁵⁰³³,ni33 lu²1 lur²1 mu t5033,ok,1.00,4,样 样 将 处 看,万 事 靠 将 帮,UNKNOWN,扫描 OCR + IPA 锚点版面解析（四行对照） | 整理日期 2026-09,medium
SANGJIAJING-P0473-R-04,SANGJIAJING,473,R,4,目 九 住 众,t⁵⁰³³ ne ³³ tsi³³ dzi³³ do4,t5033 ne 33 tsi33 dz133 do4,ok,0.80,5,转 也 院 坝 出,转 移出 院 坝,UNKNOWN,扫描 OCR + IPA 锚点版面解析（四行对照） | 整理日期 2026-09,medium
SANGJIAJING-P0473-R-05,SANGJIAJING,473,R,5,西乍万,fu³³ thu³¹ kh³³ dess 2zi³³,"fu33thu31kh33 dess 2z,133",suspect,0.50,4,嫁 出 她 夫 去,出女 嫁随夫去,UNKNOWN,扫描 OCR + IPA 锚点版面解析（四行对照） | 整理日期 2026-09,medium
SANGJIAJING-P0474-L-01,SANGJIAJING,474,L,1,3,ʊli³¹ tshi²¹ khɒ³³ sɒ ³³ 2li³³,V131 tshi21khp33 SD 33 2133,suspect,0.60,5,穿 洗最 美 水,洗 衣 最 清 水,UNKNOWN,扫描 OCR + IPA 锚点版面解析（四行对照） | 整理日期 2026-09,medium
SANGJIAJING-P0474-L-02,SANGJIAJING,474,L,2,半 子 田 WI 必,si³³ mɒ²¹ thi2i,si33 mp²1 thi2i,suspect,0.67,3,将 死 不 太 情愿,将 不 情 愿 死,UNKNOWN,扫描 OCR + IPA 锚点版面解析（四行对照） | 整理日期 2026-09,medium
SANGJIAJING-P0474-L-03,SANGJIAJING,474,L,3,半 子 米 OX 必,si³³ zi⁴⁴ tse ⁵⁵ ⁵⁵ muss z1 ob,si33 zi44 tse 55 55 muss Z1 ob,suspect,0.60,5,将 死 清爽 接 情愿,但 喜接清爽,UNKNOWN,扫描 OCR + IPA 锚点版面解析（四行对照） | 整理日期 2026-09,medium
SANGJIAJING-P0474-R-01,SANGJIAJING,474,R,1,分 勿 WI 雨 #,,33 thj21 pi33 tsiss XD nD33,failed,0.25,4,后 来 一 步 移,再 前 移 一 步,UNKNOWN,扫描 OCR + IPA 锚点版面解析（四行对照） | 整理日期 2026-09,medium
SANGJIAJING-P0474-R-02,SANGJIAJING,474,R,2,田 电 九,³³ mɒ²¹ dlɒ³³ tu ne dlɒ³³,33 mD21 dlp33 tu ne dlp33,suspect,0.50,4,不 成 地 也 成,前 移 至 何 地,UNKNOWN,扫描 OCR + IPA 锚点版面解析（四行对照） | 整理日期 2026-09,medium
SANGJIAJING-P0474-R-03,SANGJIAJING,474,R,3,不 灶 住光,pi³³ du²¹ tsi³³ niu³³ dlɒ³³,pi33 du21 tsi33 niu33 dlp33,ok,1.00,5,毕摩 处 院 坝 成,移至 毕 摩 处,UNKNOWN,扫描 OCR + IPA 锚点版面解析（四行对照） | 整理日期 2026-09,medium
SANGJIAJING-P0475-L-01,SANGJIAJING,475,L,1,3= 不 目,lur²¹ lur²¹ pi³³ li⁵⁰³³ ni³³,lur²1 lur²1 pi33 15033 ni33,ok,1.00,5,样 样 毕摩 有 日,有 毕 摩 N 时,UNKNOWN,扫描 OCR + IPA 锚点版面解析（四行对照） | 整理日期 2026-09,medium
SANGJIAJING-P0475-L-02,SANGJIAJING,475,L,2,西卡,fu³³ thu³¹ ³³ nu 4ess,fu33 thu31 33 nu 4ess,suspect,0.50,4,嫁 出 你 夫 去,出 嫁 随 夫 去,UNKNOWN,扫描 OCR + IPA 锚点版面解析（四行对照） | 整理日期 2026-09,medium
SANGJIAJING-P0475-L-03,SANGJIAJING,475,L,3,目 九 住 众 五,t⁰³3 ng³³ tsi³³ dzi³³ do⁴⁴,t$033 ng33 tsi33 dz133 do44,suspect,0.60,5,转 也 院 坝 出,转 移 出 院 坝,UNKNOWN,扫描 OCR + IPA 锚点版面解析（四行对照） | 整理日期 2026-09,medium
SANGJIAJING-P0475-L-04,SANGJIAJING,475,L,4,必 X,vi³¹ tshi²¹ qɒ ²¹ tshi2,vi31 tshi21 qD 21 tshi2,ok,1.00,4,穿 洗 披 洗 水,清 洗 衣 服 水,UNKNOWN,扫描 OCR + IPA 锚点版面解析（四行对照） | 整理日期 2026-09,medium
SANGJIAJING-P0475-L-05,SANGJIAJING,475,L,5,三 三,,tsh;33 duss le31 duss 2133,failed,0.00,3,脚 蘸 手 蘸 水,洗手洗脚水,UNKNOWN,扫描 OCR + IPA 锚点版面解析（四行对照） | 整理日期 2026-09,medium
SANGJIAJING-P0475-R-01,SANGJIAJING,475,R,1,田 4 分,,1y21 t4u33 ni33,failed,0.33,3,不 爽 人 死 日,患 疾 人 死 日,UNKNOWN,扫描 OCR + IPA 锚点版面解析（四行对照） | 整理日期 2026-09,medium
SANGJIAJING-P0475-R-02,SANGJIAJING,475,R,2,Z4h 田WI 必,,t4u44 si33 mp21 th;33 q055,failed,0.40,5,人 死 不 太 情愿,人 不 情 愿 死,UNKNOWN,扫描 OCR + IPA 锚点版面解析（四行对照） | 整理日期 2026-09,medium
SANGJIAJING-P0475-R-03,SANGJIAJING,475,R,3,人 不 情 愿 死,,Z4h 子 OX,failed,0.00,1,t4u33 :44 tse 55 Z1,人 死 清爽 接 情愿,UNKNOWN,扫描 OCR + IPA 锚点版面解析（四行对照） | 整理日期 2026-09,medium
SANGJIAJING-P0475-R-04,SANGJIAJING,475,R,4,小 企,du²¹ zi⁴⁴ khɒ³³ mi³³ tsiss,du21 zi44 khD33 mi33 tsiss,ok,1.00,5,阳 间 清爽 怎 接,清爽 怎样接,UNKNOWN,扫描 OCR + IPA 锚点版面解析（四行对照） | 整理日期 2026-09,medium
SANGJIAJING-P0476-L-01,SANGJIAJING,476,L,1,,,7 Z OX,failed,0.00,1,si44 44 12n6 xw niss tsess,木 犁 铁 嘴 接,UNKNOWN,扫描 OCR + IPA 锚点版面解析（四行对照） | 整理日期 2026-09,medium
SANGJIAJING-P0476-L-02,SANGJIAJING,476,L,2,7 Z OX,,si44 44 12n6 xw niss tsess,failed,0.33,3,木 犁 铁 嘴 接,木 犁 接 铁 铧,UNKNOWN,扫描 OCR + IPA 锚点版面解析（四行对照） | 整理日期 2026-09,medium
SANGJIAJING-P0476-L-03,SANGJIAJING,476,L,3,口 IU 亏,ni³³ np ⁵⁵ li⁰³3 tsh³³ thi²¹,ni33 np 55 1033 tsh:33 thi21,suspect,0.60,5,阴 处 到 一 日,去 阴 间 之 日,UNKNOWN,扫描 OCR + IPA 锚点版面解析（四行对照） | 整理日期 2026-09,medium
SANGJIAJING-P0476-L-04,SANGJIAJING,476,L,4,Z Z出 田,si³³ fe³³ nu³³ mɒ²¹ fe³³,si33 fe33 nu33 mp21 fe33,ok,1.00,5,他 渴 你 不 渴,人 渴 你 不 渴,UNKNOWN,扫描 OCR + IPA 锚点版面解析（四行对照） | 整理日期 2026-09,medium
SANGJIAJING-P0476-L-05,SANGJIAJING,476,L,5,万 九 丑,kh³³ nu³³ ɒe1,"kh,33 nu33 De1",suspect,0.67,3,它 也 你 遗 物,水 是 你 遗 物,UNKNOWN,扫描 OCR + IPA 锚点版面解析（四行对照） | 整理日期 2026-09,medium
SANGJIAJING-P0476-R-01,SANGJIAJING,476,R,1,7L3= 女 Z,,tshi3ltshi31 V133 np 33 1D33,failed,0.40,5,全全 听 了 拿,细 细 听 清 楚,UNKNOWN,扫描 OCR + IPA 锚点版面解析（四行对照） | 整理日期 2026-09,medium
SANGJIAJING-P0476-R-02,SANGJIAJING,476,R,2,7开 每 OX,dzi²¹ mu³³ bi²¹,dzi21 mu3 bi21,ok,1.00,3,清爽 接 钱 的 给,水 即 赠 爽 钱,UNKNOWN,扫描 OCR + IPA 锚点版面解析（四行对照） | 整理日期 2026-09,medium
SANGJIAJING-P0476-R-03,SANGJIAJING,476,R,3,7开 日 分,dzi²¹ bi²¹ nu li⁰³3 ³³ yɒ,dzi21 bi21 nu 1033 33 yD,suspect,0.60,5,钱 给 你 处 得,给 钱 你 收 到,UNKNOWN,扫描 OCR + IPA 锚点版面解析（四行对照） | 整理日期 2026-09,medium
SANGJIAJING-P0476-R-04,SANGJIAJING,476,R,4,X 3= 7.0,,z133 1i33 tshi2! tsess tsess,failed,0.33,3,清爽 接 接 的 吧,接 守 住 清 爽,UNKNOWN,扫描 OCR + IPA 锚点版面解析（四行对照） | 整理日期 2026-09,medium
SANGJIAJING-P0476-R-05,SANGJIAJING,476,R,5,田 OX 田,np tsess mɒ ²¹ ɔs,"np"" tsess mD 21 $OS",suspect,0.50,2,不 接 你 不 得,无 爽 不 接 清,UNKNOWN,扫描 OCR + IPA 锚点版面解析（四行对照） | 整理日期 2026-09,medium
SANGJIAJING-P0477-L-01,SANGJIAJING,477,L,1,与,,2i44 tses nu33 $0S5 di31,failed,0.00,3,清爽接你 得的,你已获清爽,UNKNOWN,扫描 OCR + IPA 锚点版面解析（四行对照） | 整理日期 2026-09,medium
SANGJIAJING-P0477-R-01,SANGJIAJING,477,R,1,子开学,,mu² thi21 dzi² tlu ne33,failed,0.00,2,春天 一 季落,如同春去也,UNKNOWN,扫描 OCR + IPA 锚点版面解析（四行对照） | 整理日期 2026-09,medium
SANGJIAJING-P0477-R-02,SANGJIAJING,477,R,2,W开学m,,thj21dzi²t4u33 m'zp eemb,failed,0.33,3,章落完了,此经已诵完,UNKNOWN,扫描 OCR + IPA 锚点版面解析（四行对照） | 整理日期 2026-09,medium
SANGJIAJING-P0479-L-01,SANGJIAJING,479,L,1,见》,thi³³ tche³³ du²¹ pu³³,thi33tche33du²1 pu3,ok,1.00,4,地上德 布 儿,地边德布 儿,UNKNOWN,扫描 OCR + IPA 锚点版面解析（四行对照） | 整理日期 2026-09,medium
SANGJIAJING-P0479-L-02,SANGJIAJING,479,L,2,O 山 WL 飞,,mp imb. mx nu 33,failed,0.00,1,湖 月口冏 德 希 女,湖岸德希,UNKNOWN,扫描 OCR + IPA 锚点版面解析（四行对照） | 整理日期 2026-09,medium
SANGJIAJING-P0479-L-03,SANGJIAJING,479,L,3,正,khi³³ zi³³ ³³ tsiss,kh133 zi33 #33 tsiss,suspect,0.75,4,那 样是 遇 啊,如此遇佳配,UNKNOWN,扫描 OCR + IPA 锚点版面解析（四行对照） | 整理日期 2026-09,medium
SANGJIAJING-P0479-R-01,SANGJIAJING,479,R,1,子了档,mu²¹ hɒ³³ te³³ si³³ tsɒs ⁵⁵,mu²1 hp33 te33 si33 tsDs 55,ok,1.00,5,下 雨 云黄结,雨孕于黄云,UNKNOWN,扫描 OCR + IPA 锚点版面解析（四行对照） | 整理日期 2026-09,medium
SANGJIAJING-P0479-R-02,SANGJIAJING,479,R,2,雨孕于黄云,le³¹ the³³ s3 m⁸²1,le31 the33 s3 m821,suspect,0.67,3,妻手线事找,纺线经妻手,UNKNOWN,扫描 OCR + IPA 锚点版面解析（四行对照） | 整理日期 2026-09,medium
SANGJIAJING-P0479-R-03,SANGJIAJING,479,R,3,纺线经妻手,⁸³1 zɒ²¹ li³³ mu³³,831 ZD21 133 mu33,suspect,0.75,4,家始 台儿来做,家庭夫来立,UNKNOWN,扫描 OCR + IPA 锚点版面解析（四行对照） | 整理日期 2026-09,medium
SANGJIAJING-P0480-L-01,SANGJIAJING,480,L,1,下: % 田 与,,A21 21 me 55 mp 21 d31,failed,0.40,5,姑 娘 留 不 得,姑 娘 留 不 住,UNKNOWN,扫描 OCR + IPA 锚点版面解析（四行对照） | 整理日期 2026-09,medium
SANGJIAJING-P0480-L-02,SANGJIAJING,480,L,2,4 九 目,n⁰³3 si²¹ 4i³³ li⁰³3,n033 si21 4i33 1$033,suspect,0.50,4,大 也 走 风 转,长 大 如 风 转,UNKNOWN,扫描 OCR + IPA 锚点版面解析（四行对照） | 整理日期 2026-09,medium
SANGJIAJING-P0480-L-03,SANGJIAJING,480,L,3,4 Y 4 O,,qh031 21 4D33 2133,failed,0.00,4,繁殖 大 年 呢 大,大 年 大 繁 殖,UNKNOWN,扫描 OCR + IPA 锚点版面解析（四行对照） | 整理日期 2026-09,medium
SANGJIAJING-P0480-L-04,SANGJIAJING,480,L,4,Z4 效 下:,bi²¹ yu ³³ a²¹ me²¹,b121 yu 33 A21 me21,ok,1.00,4,奴 比 额 阿 曼,奴 比 额 阿 曼,UNKNOWN,扫描 OCR + IPA 锚点版面解析（四行对照） | 整理日期 2026-09,medium
SANGJIAJING-P0480-L-05,SANGJIAJING,480,L,5,效 雪,thu³³ bi²¹ te³³ a²¹ dess,thu33 b1²1 te33 A21 dess,ok,1.00,5,特 比 当 阿 晒,特 比 当 阿 晒③,UNKNOWN,扫描 OCR + IPA 锚点版面解析（四行对照） | 整理日期 2026-09,medium
SANGJIAJING-P0480-R-01,SANGJIAJING,480,R,1,万飞 去 女,kh³³ mu ²¹ du²¹,kh33 mu 21 du21,suspect,0.67,3,他 牲 使 的 想,他 想 用 祭 牲,UNKNOWN,扫描 OCR + IPA 锚点版面解析（四行对照） | 整理日期 2026-09,medium
SANGJIAJING-P0480-R-02,SANGJIAJING,480,R,2,万光去 去,qɒ³³ kh³³ teiss di²¹ du²¹,qD33 kh33 teiss di21 du21,suspect,0.50,4,他 粮 找 的 想,他 想 找 粮 食,UNKNOWN,扫描 OCR + IPA 锚点版面解析（四行对照） | 整理日期 2026-09,medium
SANGJIAJING-P0480-R-03,SANGJIAJING,480,R,3,万 每 去 如,,"kh,33 ni's mu3 di21",failed,0.33,3,他 做 的 想,他 想 做 法,UNKNOWN,扫描 OCR + IPA 锚点版面解析（四行对照） | 整理日期 2026-09,medium
SANGJIAJING-P0480-R-04,SANGJIAJING,480,R,4,万 安 去 女,,kh3 Ve33 du2! tess,failed,0.00,2,他 客 待 的 想,他 想 要 待 客,UNKNOWN,扫描 OCR + IPA 锚点版面解析（四行对照） | 整理日期 2026-09,medium
SANGJIAJING-P0481-L-01,SANGJIAJING,481,L,1,四,tess h³³ ²¹ ʊɔ³³ ab mp,tess h33 21 VO3 ab mp,suspect,0.50,4,客 待 粮 不 有,待 客没 有 粮,UNKNOWN,扫描 OCR + IPA 锚点版面解析（四行对照） | 整理日期 2026-09,medium
SANGJIAJING-P0481-L-02,SANGJIAJING,481,L,2,田 m,,thu? n1*5 p133 mp ts033,failed,0.33,3,点 毕摩 不 有,驱 邪 无 毕 摩,UNKNOWN,扫描 OCR + IPA 锚点版面解析（四行对照） | 整理日期 2026-09,medium
SANGJIAJING-P0481-L-03,SANGJIAJING,481,L,3,不 开 不 开,ne g²¹ ne ²¹ ge³¹ eeld,ne g21 ne 21 ge31 eeld,ok,1.00,4,毕摩 良 毕摩 良 赶,寻 找 贤 毕 摩,UNKNOWN,扫描 OCR + IPA 锚点版面解析（四行对照） | 整理日期 2026-09,medium
SANGJIAJING-P0481-L-04,SANGJIAJING,481,L,4,不 住 亏,tsi³³ tsi³³ ni³³ ɛeld,tsi33 tsi33 ni33 Eeld,ok,1.00,4,毕摩 叫 桌 子 坐,毕 摩坐桌边,UNKNOWN,扫描 OCR + IPA 锚点版面解析（四行对照） | 整理日期 2026-09,medium
SANGJIAJING-P0481-R-01,SANGJIAJING,481,R,1,光田,,qhD33 m8 tD33 mp t$033,failed,0.33,3,前 起 粮 不 有,起 身 食 无 粮,UNKNOWN,扫描 OCR + IPA 锚点版面解析（四行对照） | 整理日期 2026-09,medium
SANGJIAJING-P0481-R-02,SANGJIAJING,481,R,2,至 光每,⁴⁰³³ si²¹ qɒ h³³ mu³³ kɒ³³,"4033 si21 q""D"" h33 mu33 kD33",ok,0.80,5,山 果 粮 做 筛,山 果 粮 筛,UNKNOWN,扫描 OCR + IPA 锚点版面解析（四行对照） | 整理日期 2026-09,medium
SANGJIAJING-P0481-R-03,SANGJIAJING,481,R,3,光年 每,kɒ³³ hɒ³³ ³³ ab mu ze³¹,kD33 hp33 33 ab mu Ze31,suspect,0.50,4,粮 筛 雨 做 下,筛 粮 似 雨 下,UNKNOWN,扫描 OCR + IPA 锚点版面解析（四行对照） | 整理日期 2026-09,medium
SANGJIAJING-P0481-R-04,SANGJIAJING,481,R,4,与 7,qɒ³³ dlɒ³³ ni²¹ ⁴⁰²¹ do²¹,qD33 dlp33 ni21 4021 do21,ok,0.80,5,粮 降 两 面 掉,粮降筛两边,UNKNOWN,扫描 OCR + IPA 锚点版面解析（四行对照） | 整理日期 2026-09,medium
SANGJIAJING-P0482-L-01,SANGJIAJING,482,L,1,田 日,,21 th33 1033 mD kD33 kD33,failed,0.40,5,不 过 地 处 过,从 远 方 经 过,UNKNOWN,扫描 OCR + IPA 锚点版面解析（四行对照） | 整理日期 2026-09,medium
SANGJIAJING-P0482-L-02,SANGJIAJING,482,L,2,系 π 特,ze ⁴⁴ pu³³ dzi²¹ ⁹⁰³³ kɒ³³,ze 44 pu33 dzi21 9033 kD33,ok,0.80,5,鸡 鸣 碰 里 过,鸡 过 鸣 五 更,UNKNOWN,扫描 OCR + IPA 锚点版面解析（四行对照） | 整理日期 2026-09,medium
SANGJIAJING-P0482-L-03,SANGJIAJING,482,L,3,飞,,33 th33 niss leyb pur V@33,failed,0.00,3,山 处 口 周 百,山 林 周 边 百,UNKNOWN,扫描 OCR + IPA 锚点版面解析（四行对照） | 整理日期 2026-09,medium
SANGJIAJING-P0482-L-04,SANGJIAJING,482,L,4,茶 电 飞c,,zi133 th33 lexyb tur33,failed,0.33,3,水 处 地 周 百,湖河 岸边 显,UNKNOWN,扫描 OCR + IPA 锚点版面解析（四行对照） | 整理日期 2026-09,medium
SANGJIAJING-P0482-R-01,SANGJIAJING,482,R,1,与 飞又,,ni21 du33 h31 33 8_b ab,failed,0.40,5,两 样 留 搁 啊,两 次 百 果 粮,UNKNOWN,扫描 OCR + IPA 锚点版面解析（四行对照） | 整理日期 2026-09,medium
SANGJIAJING-P0482-R-02,SANGJIAJING,482,R,2,亏 必,thi²¹ ni³³ nu³³ ʊli³³ ku³³,th121 ni33 nu33 V133 ku33,ok,0.80,5,一 日 你 家 做法,日 做 法 年 一,UNKNOWN,扫描 OCR + IPA 锚点版面解析（四行对照） | 整理日期 2026-09,medium
SANGJIAJING-P0482-R-03,SANGJIAJING,482,R,3,尔 WI 亏,ny³³ ʊli³³ ku³³ thi²¹ ni³³,ny33 V133 ku33 th121 ni33,suspect,0.60,5,你 家 做法 一 日,你 家 法 日,UNKNOWN,扫描 OCR + IPA 锚点版面解析（四行对照） | 整理日期 2026-09,medium
SANGJIAJING-P0482-R-04,SANGJIAJING,482,R,4,本 田,tɒ³³ ku³³ yu mp t⁰³3,tD33 ku33 yu mp t$033,ok,1.00,3,前 起 神枝 不 有,没 有 祭 场 枝,UNKNOWN,扫描 OCR + IPA 锚点版面解析（四行对照） | 整理日期 2026-09,medium
SANGJIAJING-P0482-R-05,SANGJIAJING,482,R,5,A 不 本 每了,te³³ tɒ³³ pi³³ ku³³ mu³³,te33 tD33 p133 ku33 mu33,ok,1.00,5,蕨 草 神枝 做 立,蕨草做神枝,UNKNOWN,扫描 OCR + IPA 锚点版面解析（四行对照） | 整理日期 2026-09,medium
SANGJIAJING-P0483-L-01,SANGJIAJING,483,L,1,X3= 每,tshi²¹ tshi²¹ ʊɒ ³³ qho²¹ mu³³,tshi21tshi21 VD? 33 qho21 mu33,ok,0.80,5,茨茨 网 做 铺,茨茨 当 网 支国,UNKNOWN,扫描 OCR + IPA 锚点版面解析（四行对照） | 整理日期 2026-09,medium
SANGJIAJING-P0483-L-02,SANGJIAJING,483,L,2,田 目,,yu tD33 mw²1 mp21 $033,failed,0.25,4,前 起 牲 不 有,祭 祀 无 牺 牲,UNKNOWN,扫描 OCR + IPA 锚点版面解析（四行对照） | 整理日期 2026-09,medium
SANGJIAJING-P0483-L-03,SANGJIAJING,483,L,3,日 田 亏,ku³³ li⁰³3 sis5 ni³³ mɒ²¹,ku33 1033 sis5 ni33 mD21,suspect,0.75,4,身处 血 不 蓄,身体没有 血,UNKNOWN,扫描 OCR + IPA 锚点版面解析（四行对照） | 整理日期 2026-09,medium
SANGJIAJING-P0483-R-01,SANGJIAJING,483,R,1,π 田#,niss zi³³ dzi²¹ mɒ²¹ tsi³³,"niss z,i33 dzi21 mD21 ts133",suspect,0.75,4,口 水 生 不 滴,嘴 无 口 水 滴,UNKNOWN,扫描 OCR + IPA 锚点版面解析（四行对照） | 整理日期 2026-09,medium
SANGJIAJING-P0483-R-02,SANGJIAJING,483,R,2,38 3 田斋,,mp² khp²1 n1ss ku33 n1ss,failed,0.00,3,孽 做 孽 不 效,驱 邪 不 起 效,UNKNOWN,扫描 OCR + IPA 锚点版面解析（四行对照） | 整理日期 2026-09,medium
SANGJIAJING-P0483-R-03,SANGJIAJING,483,R,3,分 亏 WI 安,,ax ni33 thi21 Ve3 33 ku3,failed,0.40,5,后 日 一 客 做,次 日 做 法,UNKNOWN,扫描 OCR + IPA 锚点版面解析（四行对照） | 整理日期 2026-09,medium
SANGJIAJING-P0483-R-04,SANGJIAJING,483,R,4,效 企 本,a³³ ku³³ le³¹ lur³³,A33 ku33 le31 lur33,ok,1.00,4,什 么 神枝 手 伸,什 么 做 祭 枝,UNKNOWN,扫描 OCR + IPA 锚点版面解析（四行对照） | 整理日期 2026-09,medium
SANGJIAJING-P0483-R-05,SANGJIAJING,483,R,5,了,4ɒ²¹ te³³ dle³¹ ku³³ mu³³,4D²1 te33 dle31 ku33 mu33,ok,0.80,5,牙齿 草叶神枝 做 立,牙齿草做枝,UNKNOWN,扫描 OCR + IPA 锚点版面解析（四行对照） | 整理日期 2026-09,medium
SANGJIAJING-P0484-L-01,SANGJIAJING,484,L,1,祭 场 无 拦 网,,qD²p phu33 VD33 mu 33,failed,0.33,3,考 普 网 做 铺,考 普 当 网 支,UNKNOWN,扫描 OCR + IPA 锚点版面解析（四行对照） | 整理日期 2026-09,medium
SANGJIAJING-P0484-L-02,SANGJIAJING,484,L,2,? 7,li⁰⁴4 a³³ qu ³³ ³³ na³¹ mp,1044 A33 qu' 33 33 na31 mp,suspect,0.67,6,石 附 螺 蛳 大,附 石 N 螺 蛳,UNKNOWN,扫描 OCR + IPA 锚点版面解析（四行对照） | 整理日期 2026-09,medium
SANGJIAJING-P0484-L-03,SANGJIAJING,484,L,3,效 每,a³³ qu³³ mu mu zur²¹,A33 qu33 mu mu Zur²1,suspect,0.67,3,螺 蛳 牲 做 使,螺 蛳 当祭 牲,UNKNOWN,扫描 OCR + IPA 锚点版面解析（四行对照） | 整理日期 2026-09,medium
SANGJIAJING-P0484-R-01,SANGJIAJING,484,R,1,Z π 田 #,ni³³ zi³³ dzi²¹ mɒ²¹ tsi³³,ni33 Z.i33 dzi21 mp21 ts133,ok,1.00,5,口 水 生 不 滴,嘴 水 滴 无 口,UNKNOWN,扫描 OCR + IPA 锚点版面解析（四行对照） | 整理日期 2026-09,medium
SANGJIAJING-P0484-R-02,SANGJIAJING,484,R,2,与 灶 %,du³³ ku³³ 1ɒ³³ ax ³³ ɒi,du3 ku33 1D33 ax 33 Di,ok,0.80,5,二 样 做 了 掉,法 事 做 两 场,UNKNOWN,扫描 OCR + IPA 锚点版面解析（四行对照） | 整理日期 2026-09,medium
SANGJIAJING-P0484-R-03,SANGJIAJING,484,R,3,九 万 田斋,ku³³ ne ³³ kh³³ mɒ2l khɒ²¹,ku33 ne 33 kh33 mp²l khp²1,suspect,0.50,4,做 也 他 不 效,法 事 不 起 效,UNKNOWN,扫描 OCR + IPA 锚点版面解析（四行对照） | 整理日期 2026-09,medium
SANGJIAJING-P0484-R-04,SANGJIAJING,484,R,4,田 W,,n1ss ku33 n1s5 mp²1 dz.021,failed,0.00,3,做 孽 不 驯,驱 邪 邪 不 乖,UNKNOWN,扫描 OCR + IPA 锚点版面解析（四行对照） | 整理日期 2026-09,medium
SANGJIAJING-P0485-L-01,SANGJIAJING,485,L,1,么 46 7:,nu³³ bi²¹ yu³³ a²¹ mg²¹,nu33 b121 yu33 A21 mg21,ok,0.80,5,奴 比 额 阿 曼,奴 比 额 阿 曼,UNKNOWN,扫描 OCR + IPA 锚点版面解析（四行对照） | 整理日期 2026-09,medium
SANGJIAJING-P0485-L-02,SANGJIAJING,485,L,2,开 雪,thu³³ bi²¹ t ³³ a²¹ dess,thu33 br²1 t@33 A21 dess,ok,0.80,5,特 阿 晒 比,特 比 阿 晒,UNKNOWN,扫描 OCR + IPA 锚点版面解析（四行对照） | 整理日期 2026-09,medium
SANGJIAJING-P0485-L-03,SANGJIAJING,485,L,3,红 72 闲,li³³ ne ³³ dzɒ²¹ nu³³ 4e⁵⁵,133 ne 33 dzp21 nu33 4e55,ok,0.80,5,你 来 美味 吃 时,该 你 美 食 时,UNKNOWN,扫描 OCR + IPA 锚点版面解析（四行对照） | 整理日期 2026-09,medium
SANGJIAJING-P0485-L-04,SANGJIAJING,485,L,4,当开 田,ab h³³ dzi²¹ mp ²¹ bi²¹,"ab h33 dz,i21 mp 21 b121",suspect,0.75,4,你 粮 钱 不 给,何故 不 奉 粮,UNKNOWN,扫描 OCR + IPA 锚点版面解析（四行对照） | 整理日期 2026-09,medium
SANGJIAJING-P0485-R-01,SANGJIAJING,485,R,1,Z出 2ZZ,li³³ ³³ thɒ²¹ nu³³ ne tsis,133 33 thp21 nu33 ne tsi's,suspect,0.60,5,你 来 美味 喝 时,该 你 美 饮 时,UNKNOWN,扫描 OCR + IPA 锚点版面解析（四行对照） | 整理日期 2026-09,medium
SANGJIAJING-P0485-R-02,SANGJIAJING,485,R,2,光去 田,qɒ³³ nu³³ di²¹ mɒ²¹ pɒ ³³,qD33 nu33 dr21 mp21 pD 33,ok,1.00,5,你 为 何 不 参,为 场 何 不 在,UNKNOWN,扫描 OCR + IPA 锚点版面解析（四行对照） | 整理日期 2026-09,medium
SANGJIAJING-P0485-R-03,SANGJIAJING,485,R,3,飞= 去,dzi²¹ di³¹ zi³³,dzi21 d131 zi33,ok,1.00,3,你 二 人 的 呢,你 夫 妻 二 人,UNKNOWN,扫描 OCR + IPA 锚点版面解析（四行对照） | 整理日期 2026-09,medium
SANGJIAJING-P0486-L-01,SANGJIAJING,486,L,1,Z出 Z 田 目,,55 nu V33 np mp 21 t$033,failed,0.00,4,你 家 借 不 有,向 你 借 你 无,UNKNOWN,扫描 OCR + IPA 锚点版面解析（四行对照） | 整理日期 2026-09,medium
SANGJIAJING-P0486-L-02,SANGJIAJING,486,L,2,W 每,nu³³ qɒ h³³ nu³³ lurs mu³³,"nu33 q""D° h33 nu33 lur's mu3",suspect,0.75,4,你 粮 你 喜 做,你 粮 仅 度 你,UNKNOWN,扫描 OCR + IPA 锚点版面解析（四行对照） | 整理日期 2026-09,medium
SANGJIAJING-P0486-L-03,SANGJIAJING,486,L,3,W 飞 住 V 日,lurs ʊli³³ tsi³³ dzi³³ li⁰³3,lur's V133 tsi33 dz133 1033,suspect,0.75,4,主 家 院 坝 里,主 家 院 坝 里,UNKNOWN,扫描 OCR + IPA 锚点版面解析（四行对照） | 整理日期 2026-09,medium
SANGJIAJING-P0486-L-04,SANGJIAJING,486,L,4,米子 3=,tshi2lmu2 d dze4 the²¹ the²¹,tshi²lmu² d dze4 the21 the21,suspect,0.50,2,冬 天 冷 嗖 嗖,冬 日 冷 嗖 嗖,UNKNOWN,扫描 OCR + IPA 锚点版面解析（四行对照） | 整理日期 2026-09,medium
SANGJIAJING-P0486-L-05,SANGJIAJING,486,L,5,X,tshi²¹ dlɒ³³ ʊɒ ²¹ nis 4u¹³3,tshi21 dlD3 VD 21 ni's 4u133,suspect,0.50,4,冬 降 雪 下巴 白,雪飘 胡 须 白,UNKNOWN,扫描 OCR + IPA 锚点版面解析（四行对照） | 整理日期 2026-09,medium
SANGJIAJING-P0486-R-01,SANGJIAJING,486,R,1,九 不,²¹ nu³³ zɛ ne³³ nu ³³,21 nu33 ZE ne33 nu 33,suspect,0.50,4,你 大 与 你 小,长 辈 与 小 辈,UNKNOWN,扫描 OCR + IPA 锚点版面解析（四行对照） | 整理日期 2026-09,medium
SANGJIAJING-P0486-R-02,SANGJIAJING,486,R,2,4 目 3 众,t⁰³3 a²¹ sɒ³³ dzi³³,t$033 A21 SD33 dz133,suspect,0.75,4,大 有 哪 个 根,老 者 居 何 处,UNKNOWN,扫描 OCR + IPA 锚点版面解析（四行对照） | 整理日期 2026-09,medium
SANGJIAJING-P0486-R-03,SANGJIAJING,486,R,3,光 目 又,a²¹ nas t⁰³3 sɒ³³ tɒs,A21 nas t$033 SD3 tD's,ok,1.00,4,小 有 哪 个 搁,幼 者 住 何 处,UNKNOWN,扫描 OCR + IPA 锚点版面解析（四行对照） | 整理日期 2026-09,medium
SANGJIAJING-P0486-R-04,SANGJIAJING,486,R,4,子 住 7z,q⁰³3 mu²¹ fe⁵⁵ s tsi³³ de²¹,q033 mu21 fe5s tsi33 de21,ok,0.80,5,天 中 崖 锣 打,雷 似 岩 中 锣,UNKNOWN,扫描 OCR + IPA 锚点版面解析（四行对照） | 整理日期 2026-09,medium
SANGJIAJING-P0487-L-01,SANGJIAJING,487,L,1,至 独万 配 目,,dz121 kh33 33 4e33 ol 1$033,failed,0.20,5,野 兽 它 见 在,岩 间 现 野 兽,UNKNOWN,扫描 OCR + IPA 锚点版面解析（四行对照） | 整理日期 2026-09,medium
SANGJIAJING-P0487-L-02,SANGJIAJING,487,L,2,小,mi³³ th³³ du²¹ ni4 dle³³,mi33 th33 du21 ni4 dle33,suspect,0.50,4,地 面 堵 尼 多,荒 野 堵 尼 多,UNKNOWN,扫描 OCR + IPA 锚点版面解析（四行对照） | 整理日期 2026-09,medium
SANGJIAJING-P0487-L-03,SANGJIAJING,487,L,3,小 分 -1=,du²¹ zɒ tsu ³³ qo ³³ ɒia,du21 ZD tsu 33 qo 33 Dia,suspect,0.75,4,堵 尼 儿 中 双,结 对 堵 尼 群,UNKNOWN,扫描 OCR + IPA 锚点版面解析（四行对照） | 整理日期 2026-09,medium
SANGJIAJING-P0487-L-04,SANGJIAJING,487,L,4,4 众 万,²¹ dzi³³ khi³³ li³³ ³³ 3g,"21 dz133 kh133 l1,33 33 3G",suspect,0.50,6,大 根 它 来 是,与 老 有 缘,UNKNOWN,扫描 OCR + IPA 锚点版面解析（四行对照） | 整理日期 2026-09,medium
SANGJIAJING-P0487-L-05,SANGJIAJING,487,L,5,小 配 w,ni⁴⁴ du²¹ ɒ⁰³3 lurs,ni44 du21 D033 lur*'s,ok,1.00,4,堵 尼 大 对 喜,堵 尼 喜 老者,UNKNOWN,扫描 OCR + IPA 锚点版面解析（四行对照） | 整理日期 2026-09,medium
SANGJIAJING-P0487-R-01,SANGJIAJING,487,R,1,小 O,ni⁴⁴ du²¹ ag ⁵⁵ 4ɒ³³ ⁹⁰³¹,ni44 du21 aG 55 4D33 9031,suspect,0.60,5,堵 尼 阴 魂 回,堵 魂 尼 陪 阴,UNKNOWN,扫描 OCR + IPA 锚点版面解析（四行对照） | 整理日期 2026-09,medium
SANGJIAJING-P0487-R-02,SANGJIAJING,487,R,2,4 众 万 日 会,dzi³³ kh³³ li⁰³3 tɒ³³,dz13 kh33 1033 tD33,suspect,0.75,4,大 根 那 起 雷,大 N 根 源 此,UNKNOWN,扫描 OCR + IPA 锚点版面解析（四行对照） | 整理日期 2026-09,medium
SANGJIAJING-P0487-R-03,SANGJIAJING,487,R,3,7限 3 每,bu²¹ si³³ tshi²¹ mu ³³ ssɔb,bu21 si33 tshi21 mu 33 SsOb,ok,1.00,5,蝶 黄 狗 的 野,黄 蝶 逗 狗 要,UNKNOWN,扫描 OCR + IPA 锚点版面解析（四行对照） | 整理日期 2026-09,medium
SANGJIAJING-P0488-L-01,SANGJIAJING,488,L,1,,bu²¹ 4u³³ khwqɒ³³ dy³¹,bu²1 4u33 khw*qD33 dy31,suspect,0.50,4,蝶 白角若 长,白 蝶 长 触 角,UNKNOWN,扫描 OCR + IPA 锚点版面解析（四行对照） | 整理日期 2026-09,medium
SANGJIAJING-P0488-L-02,SANGJIAJING,488,L,2,九荟 3E,vi¹⁴ tshi²¹ tsɒ³³ 1p²¹ da⁴⁴,vi14 tshi21 tsD33 1p21 da44,ok,0.80,5,狗 找 牛 拦 花,牧 戏 它 牛 狗,UNKNOWN,扫描 OCR + IPA 锚点版面解析（四行对照） | 整理日期 2026-09,medium
SANGJIAJING-P0488-L-03,SANGJIAJING,488,L,3,男 甘,ms ⁵⁵ dɒ²¹ kɒ³³ ²¹,ms 55 dp21 kD33 21,suspect,0.50,4,三 道 路 大 走,三 条 道 上 行,UNKNOWN,扫描 OCR + IPA 锚点版面解析（四行对照） | 整理日期 2026-09,medium
SANGJIAJING-P0488-L-04,SANGJIAJING,488,L,4,日,⁹⁰³³ phu³³ mu³³ li⁰³3 kɒ³³,9033 phu33 mu33 1033 kD33,ok,0.80,5,亲寨 高 处 过,寨边高处过,UNKNOWN,扫描 OCR + IPA 锚点版面解析（四行对照） | 整理日期 2026-09,medium
SANGJIAJING-P0488-R-01,SANGJIAJING,488,R,1,州,,33 0.55 hx31 tGe33 ozp pu,failed,0.20,5,星 沾 山 头 站,站 连 星 山 头,UNKNOWN,扫描 OCR + IPA 锚点版面解析（四行对照） | 整理日期 2026-09,medium
SANGJIAJING-P0488-R-02,SANGJIAJING,488,R,2,星 山 头 上 连,ʊɒ ²¹ dlɒ³³ kuss tx⁴⁴ thu³³,VD 21 dlp33 kuss tx44 thu33,suspect,0.75,4,雪 降 九 层 厚,积 雪 九 层 厚,UNKNOWN,扫描 OCR + IPA 锚点版面解析（四行对照） | 整理日期 2026-09,medium
SANGJIAJING-P0488-R-03,SANGJIAJING,488,R,3,ZZ 日,³³ dlɒ³³ he³¹ li⁰²1 ness,33 dlp33 he31 1021 ness,ok,0.80,5,霜 降 八 凹 深,霜 落 八 凹 深,UNKNOWN,扫描 OCR + IPA 锚点版面解析（四行对照） | 整理日期 2026-09,medium
SANGJIAJING-P0488-R-04,SANGJIAJING,488,R,4,希万,khɒ²¹ dzo2 khi³³ li³³ mu³³,khD²1 dzo² kh133 133 mu33,suspect,0.75,4,效属它 来 做,此地有物靠,UNKNOWN,扫描 OCR + IPA 锚点版面解析（四行对照） | 整理日期 2026-09,medium
SANGJIAJING-P0489-L-01,SANGJIAJING,489,L,1,U 3=,si²¹ mɒ³³ tshi²¹ sur2l 1ams,si21 mp3 tsh121 sur2l 1ams,suspect,0.75,4,果 子 下 沙 沙,熟 沙 沙 掉 果,UNKNOWN,扫描 OCR + IPA 锚点版面解析（四行对照） | 整理日期 2026-09,medium
SANGJIAJING-P0489-L-02,SANGJIAJING,489,L,2,面 亏,,VD tchi31 ms 55 4y55,failed,0.00,3,鸟 寒 天 晒 三,鸟 寒 晒 三 日,UNKNOWN,扫描 OCR + IPA 锚点版面解析（四行对照） | 整理日期 2026-09,medium
SANGJIAJING-P0489-R-01,SANGJIAJING,489,R,1,200 甘 特 男,si²¹ dɒ²¹ kɒ³³ 4u³³,si21 dp21 kD33 4u33 好为,suspect,0.75,4,七 道 路 白 走,走 大 路 七 条,UNKNOWN,扫描 OCR + IPA 锚点版面解析（四行对照） | 整理日期 2026-09,medium
SANGJIAJING-P0489-R-02,SANGJIAJING,489,R,2,ZZ 甘,he³¹ dɒ²¹ kɒ³³ tso ho²¹,"he31 dp21 kD3 ts""o' ho21",suspect,0.75,4,八 道 路 岔 伴,经 八 个 岔 口,UNKNOWN,扫描 OCR + IPA 锚点版面解析（四行对照） | 整理日期 2026-09,medium
SANGJIAJING-P0489-R-03,SANGJIAJING,489,R,3,Z 日,niss li⁰³3 tshi²¹ 4i³³ do³³,niss 1033 tshi21 4i3 do33,suspect,0.50,4,嘴 处 冬 风 咽,嘴 吸 冬 寒 风,UNKNOWN,扫描 OCR + IPA 锚点版面解析（四行对照） | 整理日期 2026-09,medium
SANGJIAJING-P0490-L-01,SANGJIAJING,490,L,1,4 九 的,,21 Z8 ne33 qe31,failed,0.33,3,大 也 大 赶 去,去 找 大 者,UNKNOWN,扫描 OCR + IPA 锚点版面解析（四行对照） | 整理日期 2026-09,medium
SANGJIAJING-P0490-L-02,SANGJIAJING,490,L,2,4 众 3,dzi³³ a²¹ sɒ³³ sɒ ³³,"dz,133 A21 SD33 SD 33",ok,1.00,4,大 根 哪 个 起,大 者 是 何 人,UNKNOWN,扫描 OCR + IPA 锚点版面解析（四行对照） | 整理日期 2026-09,medium
SANGJIAJING-P0490-L-03,SANGJIAJING,490,L,3,效 nI,a²¹ ne ⁴⁴ thi²¹ dzu ʊɒ²¹,A21 ne 44 th121 dzu VD21,suspect,0.75,4,鸟 乌 鸦 一 对,一 对 黑 乌 鸦,UNKNOWN,扫描 OCR + IPA 锚点版面解析（四行对照） | 整理日期 2026-09,medium
SANGJIAJING-P0490-L-04,SANGJIAJING,490,L,4,子 勺 WI 学 司,,th21 m²1 4u33 加 ku33,failed,0.25,4,天 白 一 片 里,宽阔 天 空里,UNKNOWN,扫描 OCR + IPA 锚点版面解析（四行对照） | 整理日期 2026-09,medium
SANGJIAJING-P0490-R-01,SANGJIAJING,490,R,1,万 亏 分,ni³³ pu ³³ niss kh³³ yɒ ³³,"ni33 pu 33 niss kh,33 yD 33",ok,1.00,4,山 侧 它 住 处,侧 处 山 它 住,UNKNOWN,扫描 OCR + IPA 锚点版面解析（四行对照） | 整理日期 2026-09,medium
SANGJIAJING-P0490-R-02,SANGJIAJING,490,R,2,Z 72,,tshi2ts 33 niss dzD²! md,failed,0.00,2,早饭 晚饭 侧 吃 山,山 侧 早 晚 餐,UNKNOWN,扫描 OCR + IPA 锚点版面解析（四行对照） | 整理日期 2026-09,medium
SANGJIAJING-P0490-R-03,SANGJIAJING,490,R,3,介,a³³ ³³ tshi2lt tsu³³ qɒ³³ mi,A33 33 tshi2lt tsu33qD33 mi,suspect,0.60,5,什 么 早饭 饭 粮,何 物 做 餐 食,UNKNOWN,扫描 OCR + IPA 锚点版面解析（四行对照） | 整理日期 2026-09,medium
SANGJIAJING-P0490-R-04,SANGJIAJING,490,R,4,U万 罗罗,,"si21 kh33 ts""i""ts""u h:21h33",failed,0.25,4,果 子 它 早饭 晚饭,果 子做 餐食,UNKNOWN,扫描 OCR + IPA 锚点版面解析（四行对照） | 整理日期 2026-09,medium
SANGJIAJING-P0491-L-01,SANGJIAJING,491,L,1,,si²¹ kh³³ li³³ mg³³ se³¹,si21 kh33 133 mg33 Se31,suspect,0.60,5,果 熟 它 来 摘,果 熟 它 来 摘,UNKNOWN,扫描 OCR + IPA 锚点版面解析（四行对照） | 整理日期 2026-09,medium
SANGJIAJING-P0491-L-02,SANGJIAJING,491,L,2,Z4 7:,nu ³³ bi²¹ yu2 a²¹ me²¹,nu 33 br21 yu²! A21 me21,suspect,0.75,4,奴 比 额 阿 曼,奴 比 额 阿 曼,UNKNOWN,扫描 OCR + IPA 锚点版面解析（四行对照） | 整理日期 2026-09,medium
SANGJIAJING-P0491-L-03,SANGJIAJING,491,L,3,奴 比 额 阿 曼,thuw³³ bi²¹ te³³ a²¹ 4e⁵⁵,thuw33 b121 te33 A21 4e55,ok,0.80,5,特 比 阿 晒,特 比 当 阿 晒,UNKNOWN,扫描 OCR + IPA 锚点版面解析（四行对照） | 整理日期 2026-09,medium
SANGJIAJING-P0491-L-04,SANGJIAJING,491,L,4,7,si²¹ 4u³³ dzɒ²¹ tswi mu,"si21 4u33 dzD21 ts""wr"" mu",suspect,0.50,4,果 白 晚饭 做 吃,白 莓 晚 饭,UNKNOWN,扫描 OCR + IPA 锚点版面解析（四行对照） | 整理日期 2026-09,medium
SANGJIAJING-P0491-L-05,SANGJIAJING,491,L,5,￥ 3 U,⁰⁵5 si³³ ³³ pur ³³ si²¹ mp,0.55 si33 33 pur 33 si21 mp,suspect,0.50,6,山 头 果 黄 大,山 头黄刺莓,UNKNOWN,扫描 OCR + IPA 锚点版面解析（四行对照） | 整理日期 2026-09,medium
SANGJIAJING-P0491-R-01,SANGJIAJING,491,R,1,司 3=,si²¹ vi⁴⁴ ³³ vi¹⁴ to,si21 vi44 33 vi14 t$o,ok,0.80,5,果 花 转 转 开,花 朵 四 面 开,UNKNOWN,扫描 OCR + IPA 锚点版面解析（四行对照） | 整理日期 2026-09,medium
SANGJIAJING-P0491-R-02,SANGJIAJING,491,R,2,U 3= 光,,si21 mp 33 VE 33 V@33 dy31,failed,0.20,5,果 子 周 周 结,果 冏子 周 团 结,UNKNOWN,扫描 OCR + IPA 锚点版面解析（四行对照） | 整理日期 2026-09,medium
SANGJIAJING-P0491-R-03,SANGJIAJING,491,R,3,了 U 7,,t@33 eng si21 ne je44 mp 33,failed,0.00,4,埂 子 果 黑 子,田 爬 黑 莓,UNKNOWN,扫描 OCR + IPA 锚点版面解析（四行对照） | 整理日期 2026-09,medium
SANGJIAJING-P0491-R-04,SANGJIAJING,491,R,4,7,si²¹ qɒ³³ dzɒ2 ne tswi,"si21 qD3 dzD² ne ts""wr""”",suspect,0.67,3,果 黑 晚饭 粮 吃,黑 莓 当 晚 饭,UNKNOWN,扫描 OCR + IPA 锚点版面解析（四行对照） | 整理日期 2026-09,medium
SANGJIAJING-P0491-R-05,SANGJIAJING,491,R,5,九 Z 与,ni²¹ pu³³ ne³³ duss,ni21 pu33 ne33 duss,ok,1.00,4,奉 与 经 二 样,奉与 经 两 样,UNKNOWN,扫描 OCR + IPA 锚点版面解析（四行对照） | 整理日期 2026-09,medium
SANGJIAJING-P0492-L-01,SANGJIAJING,492,L,1,希 Z 万 与 台,,"kh,33 ni21 033 pu33 4u33",failed,0.40,5,奉 经 那 二 桩,奉 经 此 二 件,UNKNOWN,扫描 OCR + IPA 锚点版面解析（四行对照） | 整理日期 2026-09,medium
SANGJIAJING-P0492-L-02,SANGJIAJING,492,L,2,4 灶 众 每,du³³ bi²¹ dzi³³ mu³³,du33 b1²1 dz133 mu3,ok,1.00,4,大 处 给 先 做,先 奉 给 大 者,UNKNOWN,扫描 OCR + IPA 锚点版面解析（四行对照） | 整理日期 2026-09,medium
SANGJIAJING-P0492-L-03,SANGJIAJING,492,L,3,男 面 甘,ms ⁴⁴ dɒ²¹ kɒ³³ ²¹,ms 44 dp21 kD33 21 好为,suspect,0.50,4,三 道 路 大 走,走 三 条 大 路,UNKNOWN,扫描 OCR + IPA 锚点版面解析（四行对照） | 整理日期 2026-09,medium
SANGJIAJING-P0492-L-04,SANGJIAJING,492,L,4,700 光 4 Z,,si21 33 2j33 gu nD,failed,0.25,4,南 方 水 大 蹭,南 方 水 大,UNKNOWN,扫描 OCR + IPA 锚点版面解析（四行对照） | 整理日期 2026-09,medium
SANGJIAJING-P0492-L-05,SANGJIAJING,492,L,5,片 特,pru³³ ⁰⁵5 ⁹⁰³³ pu ³³ kɒ³³,pru33 0.55 9033 pu 33 kD33,suspect,0.60,5,亲 寨 山 头 过,寨边 山 头过,UNKNOWN,扫描 OCR + IPA 锚点版面解析（四行对照） | 整理日期 2026-09,medium
SANGJIAJING-P0492-R-01,SANGJIAJING,492,R,1,,ozp ³³ de⁴⁴ tce³³ pu ³¹,ozp 33 de44 tce33 pu 3.1,ok,1.00,4,星 沾 山 上 上,登 连 星 山 头,UNKNOWN,扫描 OCR + IPA 锚点版面解析（四行对照） | 整理日期 2026-09,medium
SANGJIAJING-P0492-R-02,SANGJIAJING,492,R,2,4@3,,VD 21 4u33 tsh33 th@21the21,failed,0.20,5,雪 白 下 旋 旋,白 雪 旋 纷 纷,UNKNOWN,扫描 OCR + IPA 锚点版面解析（四行对照） | 整理日期 2026-09,medium
SANGJIAJING-P0492-R-03,SANGJIAJING,492,R,3,4 日,dzo4 1o²¹ li⁰³3 c³⁹1 pu,dzo4 1o21 1033 c391 pu,suspect,0.50,4,星 沾 山 凹 处,连 星 山 凹 里,UNKNOWN,扫描 OCR + IPA 锚点版面解析（四行对照） | 整理日期 2026-09,medium
SANGJIAJING-P0492-R-04,SANGJIAJING,492,R,4,333 来 ZZ 安 3,,he31 Ve33 办3,failed,0.33,3,霜 堆 八 方 样,八方堆积霜,UNKNOWN,扫描 OCR + IPA 锚点版面解析（四行对照） | 整理日期 2026-09,medium
SANGJIAJING-P0493-L-01,SANGJIAJING,493,L,1,来 包，分,,33 VD21 bu niss yD 4y.ss,failed,0.00,3,雪 堆 午 处 晒,午 日 化 雪 堆,UNKNOWN,扫描 OCR + IPA 锚点版面解析（四行对照） | 整理日期 2026-09,medium
SANGJIAJING-P0493-L-02,SANGJIAJING,493,L,2,面 日 三,ʊɒ²¹ tchi³¹ su li⁰³3 tchi³¹,VD21 tchi31 su 1033 tchi31,suspect,0.50,4,雪 寒 夜 处 寒,余 雪 夜 间 寒,UNKNOWN,扫描 OCR + IPA 锚点版面解析（四行对照） | 整理日期 2026-09,medium
SANGJIAJING-P0493-L-03,SANGJIAJING,493,L,3,雪 冻 果 子 落,,33 33 tce4khD²khp21 mp pe,failed,0.25,4,果 掉 疏 条条,果 掉 枝 条 疏,UNKNOWN,扫描 OCR + IPA 锚点版面解析（四行对照） | 整理日期 2026-09,medium
SANGJIAJING-P0493-L-04,SANGJIAJING,493,L,4,灶 面,ʊɒ1 du³³ sɒ ⁵⁵ di³³,VD1 du33 SD 55 d133,suspect,0.67,3,雪 后 三 地 晒,雪 域 日 晒 三,UNKNOWN,扫描 OCR + IPA 锚点版面解析（四行对照） | 整理日期 2026-09,medium
SANGJIAJING-P0494-L-01,SANGJIAJING,494,L,1,田 分 九,³³ do²¹ mɒ²¹ yɒ do²¹,33 do21 mp21 YD do21,suspect,0.50,4,掉 不 获 也 掉,不 获 舍 下 它,UNKNOWN,扫描 OCR + IPA 锚点版面解析（四行对照） | 整理日期 2026-09,medium
SANGJIAJING-P0494-L-02,SANGJIAJING,494,L,2,羽 九 田,do²¹ ne³³ mp ²¹ mi³³ 1h³³,"do21 ne33 mp 21 m133 1h,33",suspect,0.60,5,掉 也 不 忘 来,舍 下 难 遗 忘,UNKNOWN,扫描 OCR + IPA 锚点版面解析（四行对照） | 整理日期 2026-09,medium
SANGJIAJING-P0494-L-03,SANGJIAJING,494,L,3,7 又,kh³³ zi³³ do²¹ 1ɒ³³ tɒss,"kh,33 zi33 do21 1D33 tDss",suspect,0.60,5,那 样 掉 了 搁,难 忘 亦 舍 下,UNKNOWN,扫描 OCR + IPA 锚点版面解析（四行对照） | 整理日期 2026-09,medium
SANGJIAJING-P0494-L-04,SANGJIAJING,494,L,4,与 至 日,tsh³³ ni²¹ li⁰³3 4e³³,"tsh,33 ni21 1033 4e33",suspect,0.50,4,十 二 林 大 处,十 二 大 山 林,UNKNOWN,扫描 OCR + IPA 锚点版面解析（四行对照） | 整理日期 2026-09,medium
SANGJIAJING-P0494-L-05,SANGJIAJING,494,L,5,十 二 大 山 林,bu²¹ ssɔs bu²¹ dzɒ²¹ ʊɒ ²¹,bu²1 SsOs bu²1 dzD21 VD 21,suspect,0.50,4,虫 获 虫 吃 鸟,食林 虫 鸟 中,UNKNOWN,扫描 OCR + IPA 锚点版面解析（四行对照） | 整理日期 2026-09,medium
SANGJIAJING-P0494-R-01,SANGJIAJING,494,R,1,,,s0²ku²z²khu²1 ness,failed,0.33,3,松 气大 气 深,松 林 雾 盒,UNKNOWN,扫描 OCR + IPA 锚点版面解析（四行对照） | 整理日期 2026-09,medium
SANGJIAJING-P0494-R-02,SANGJIAJING,494,R,2,包 46,,"k""u4 tD33 niss mX 4u133",failed,0.00,2,气 起 雾 气 白,雾 腾 雾 冏白 茫,UNKNOWN,扫描 OCR + IPA 锚点版面解析（四行对照） | 整理日期 2026-09,medium
SANGJIAJING-P0494-R-03,SANGJIAJING,494,R,3,荟 7 亏,si⁴⁴ ni³³ t4ess mu pu4,si44 ni33 t4ess mu pu4,suspect,0.67,3,鹰 老 树 洞 住,老 鹰 住 树 洞,UNKNOWN,扫描 OCR + IPA 锚点版面解析（四行对照） | 整理日期 2026-09,medium
SANGJIAJING-P0494-R-04,SANGJIAJING,494,R,4,半 7 4,,kuw3 p*u? me'ss thu33,failed,0.00,1,马 尾 人 身 盖,尾 做 铺盖 马,UNKNOWN,扫描 OCR + IPA 锚点版面解析（四行对照） | 整理日期 2026-09,medium
SANGJIAJING-P0495-L-01,SANGJIAJING,495,L,1,勾 每,,ni2i1 44 no te33 mu33,failed,0.33,3,牛 毛 柱 立 做,牛 毛 柱 立,UNKNOWN,扫描 OCR + IPA 锚点版面解析（四行对照） | 整理日期 2026-09,medium
SANGJIAJING-P0495-L-02,SANGJIAJING,495,L,2,Z 勾 女 & 全,³³ ve³¹ no ⁴⁴ du²¹ qu tɒ³³,33 ve31 no 44 du21 qu tD33,suspect,0.60,5,猪 毛 梁 条 上,当 猪 毛 梁 条,UNKNOWN,扫描 OCR + IPA 锚点版面解析（四行对照） | 整理日期 2026-09,medium
SANGJIAJING-P0495-L-03,SANGJIAJING,495,L,3,系 勾 易,ze ⁴⁴ no kh³³ bi1 q⁰²1,Ze 44 no kh33 b11 q021,suspect,0.67,3,鸡 散 铺 毛 它,鸡 毛 铺 坝 场,UNKNOWN,扫描 OCR + IPA 锚点版面解析（四行对照） | 整理日期 2026-09,medium
SANGJIAJING-P0495-L-04,SANGJIAJING,495,L,4,日 面,si²¹ 4u³³ nu ³³ su ³³ bi²¹,si21 4u33 nu 33 su 33 b121,ok,0.80,5,莓 白 你 三 给,白 莓 给 你 三,UNKNOWN,扫描 OCR + IPA 锚点版面解析（四行对照） | 整理日期 2026-09,medium
SANGJIAJING-P0495-R-01,SANGJIAJING,495,R,1,# 3= 了 3=,si³³ si³³ bi²¹ ni⁴⁴ ni4,si33 si33 bi²1 ni44 ni4,ok,1.00,5,绿 绿 黄 黄 给,给 黄 果 绿 果,UNKNOWN,扫描 OCR + IPA 锚点版面解析（四行对照） | 整理日期 2026-09,medium
SANGJIAJING-P0495-R-02,SANGJIAJING,495,R,2,700 甘,si²¹ dɒ²¹ kɒ³³ ²¹,si21 dp21 kD33 21,suspect,0.75,4,七 道 路 大 走,走 七 条 大 路,UNKNOWN,扫描 OCR + IPA 锚点版面解析（四行对照） | 整理日期 2026-09,medium
SANGJIAJING-P0495-R-03,SANGJIAJING,495,R,3,田 片,tsh³³ phu³³ tshi³³ q⁰³3,tsh;33 phu33 tshi33 q033,suspect,0.50,4,不 到 亲 寨 到,走 到 远 方 寨,UNKNOWN,扫描 OCR + IPA 锚点版面解析（四行对照） | 整理日期 2026-09,medium
SANGJIAJING-P0496-L-01,SANGJIAJING,496,L,1,W 3=,ʊɒ²¹ tchi³³ tsi³³ ms ²¹ surl,VD21 tch133 tsi33 ms 21 surl,suspect,0.60,5,雪 米 细 沙 沙,细 米 雪 沙 沙,UNKNOWN,扫描 OCR + IPA 锚点版面解析（四行对照） | 整理日期 2026-09,medium
SANGJIAJING-P0496-L-02,SANGJIAJING,496,L,2,采不3,dzi²¹ kha4 kha4 ni³³ kha4,dzi²1 kha4 kha4 n133 kha4,suspect,0.67,3,霜 凌 刺 」尖 尖,霜 凌 柱 刺 尖,UNKNOWN,扫描 OCR + IPA 锚点版面解析（四行对照） | 整理日期 2026-09,medium
SANGJIAJING-P0496-L-03,SANGJIAJING,496,L,3,电 面 分,hɒ³³ li⁰²1 zi³¹ phe³³ zɒ²¹,hp33 1021 zi31 phe33 ZD21,ok,1.00,5,郝 罗 豹 灰 小,郝 罗 小 灰 豹?,UNKNOWN,扫描 OCR + IPA 锚点版面解析（四行对照） | 整理日期 2026-09,medium
SANGJIAJING-P0496-L-04,SANGJIAJING,496,L,4,亏,,"th21 ni33 ku""s tce? pu33",failed,0.33,3,一 日 山 九 梁,日 跑 九 梁 一,UNKNOWN,扫描 OCR + IPA 锚点版面解析（四行对照） | 整理日期 2026-09,medium
SANGJIAJING-P0496-L-05,SANGJIAJING,496,L,5,万 万 日 安,,"kh33 1a33 kh,33 1033 dle44",failed,0.40,5,它 来 它 处 觅食,山上 食 它 觅,UNKNOWN,扫描 OCR + IPA 锚点版面解析（四行对照） | 整理日期 2026-09,medium
SANGJIAJING-P0496-R-01,SANGJIAJING,496,R,1,万密万 日 77,kh³³ dle⁴⁴ khi³³ 1o³³ do²¹,kh33 dle44 kh133 1o33 do21,suspect,0.60,5,它 觅食 那 里 掉,觅 食 歇 山 上,UNKNOWN,扫描 OCR + IPA 锚点版面解析（四行对照） | 整理日期 2026-09,medium
SANGJIAJING-P0496-R-02,SANGJIAJING,496,R,2,WI 五 ZZ,,th2i he31 fess kur's t44,failed,0.00,2,夜 岩 九 层 一,一 夜 九 层 岩,UNKNOWN,扫描 OCR + IPA 锚点版面解析（四行对照） | 整理日期 2026-09,medium
SANGJIAJING-P0496-R-03,SANGJIAJING,496,R,3,万 号,kh³³ li³³ fe⁵⁵ s ty⁴⁴ zi³¹,"kh,33 13 fe5s ty44 zi31",suspect,0.60,5,它 来 岩 层 睡,它 在 岩 中 睡,UNKNOWN,扫描 OCR + IPA 锚点版面解析（四行对照） | 整理日期 2026-09,medium
SANGJIAJING-P0496-R-04,SANGJIAJING,496,R,4,4 7L万 田,,tshi31 kh133 mp 21 30 33 33,failed,0.33,6,大 代 它 不 是,它非 大 但 者,UNKNOWN,扫描 OCR + IPA 锚点版面解析（四行对照） | 整理日期 2026-09,medium
SANGJIAJING-P0497-L-01,SANGJIAJING,497,L,1,效 斋电至,,A33 kD2 VD21 tu 4e33,failed,0.33,3,禽 鸟 蒿 地 林,禽 鸟 栖 蒿 地,UNKNOWN,扫描 OCR + IPA 锚点版面解析（四行对照） | 整理日期 2026-09,medium
SANGJIAJING-P0497-L-02,SANGJIAJING,497,L,2,Z 至 日,ne ⁴⁴ tsiss ⁴³3 vi⁴⁴ lu³³,ne 44 tsiss 433 vi44 lu33,ok,1.00,4,鸟 美 山 花 朵,美 鸟 林 花 山,UNKNOWN,扫描 OCR + IPA 锚点版面解析（四行对照） | 整理日期 2026-09,medium
SANGJIAJING-P0497-L-03,SANGJIAJING,497,L,3,美 鸟 林 花 山,,ZN 3 ZN,failed,0.00,1,ne 44 gD 21 dzD21,鸟 金 鸟 食 吃,UNKNOWN,扫描 OCR + IPA 锚点版面解析（四行对照） | 整理日期 2026-09,medium
SANGJIAJING-P0497-L-04,SANGJIAJING,497,L,4,至 卫 米 目 电,,433 ness 1D5s t$033 tur33,failed,0.25,4,林 深 虎 在 地,林深虎 栖地,UNKNOWN,扫描 OCR + IPA 锚点版面解析（四行对照） | 整理日期 2026-09,medium
SANGJIAJING-P0497-R-01,SANGJIAJING,497,R,1,米 Z卅,,bu21 siss bu²1 dzD 1o5s,failed,0.25,4,虫 类 虫 吃 虎,虎 吃 野 虫 兽,UNKNOWN,扫描 OCR + IPA 锚点版面解析（四行对照） | 整理日期 2026-09,medium
SANGJIAJING-P0497-R-02,SANGJIAJING,497,R,2,全 7,,kh33 qhD33kh33 33 SD mu33,failed,0.20,5,它 粮 它 找 吃,食 物 自 找 吃,UNKNOWN,扫描 OCR + IPA 锚点版面解析（四行对照） | 整理日期 2026-09,medium
SANGJIAJING-P0497-R-03,SANGJIAJING,497,R,3,小 又每,tghi4 du²¹ le³¹ du²¹ mu³³,tghi4 du21 le31 du²1 mu33,suspect,0.75,4,挖 手 挖掏 做,脚 」爪 掏地 果,UNKNOWN,扫描 OCR + IPA 锚点版面解析（四行对照） | 整理日期 2026-09,medium
SANGJIAJING-P0498-L-01,SANGJIAJING,498,L,1,小 每,,niss du21 qur33 mb,failed,0.33,3,挖 捡 嘴 捡 做,用 嘴 捡 地 果,UNKNOWN,扫描 OCR + IPA 锚点版面解析（四行对照） | 整理日期 2026-09,medium
SANGJIAJING-P0498-L-02,SANGJIAJING,498,L,2,Z 每,niss mb ³³ niss dzɒ²¹ mu ³³,niss mb 33 niss dZD21 mu 33,suspect,0.67,3,嘴 捡 嘴 做 吃,嘴 捡 又 嘴 吃,UNKNOWN,扫描 OCR + IPA 锚点版面解析（四行对照） | 整理日期 2026-09,medium
SANGJIAJING-P0498-L-03,SANGJIAJING,498,L,3,专 Z4,kho²¹ si³³ si³³ gi³³ nu³³,kho21 si33 si33 G133 nu33,ok,1.00,5,柯 兴 诗 斯 奴,柯 兴 诗 斯 奴,UNKNOWN,扫描 OCR + IPA 锚点版面解析（四行对照） | 整理日期 2026-09,medium
SANGJIAJING-P0498-L-04,SANGJIAJING,498,L,4,4 灶 全 目,zi³³ du³³ ɒ ³³ to ³³,zi33 du33 $D 33 t$o 33,ok,1.00,4,大 处 找 在 呢,正 在 找大 者,UNKNOWN,扫描 OCR + IPA 锚点版面解析（四行对照） | 整理日期 2026-09,medium
SANGJIAJING-P0498-R-01,SANGJIAJING,498,R,1,台 日 3= IM,,0.55 4u33 4u33 th21 204,failed,0.00,5,头 白 冏白 一 人,有 一 白 发 人,UNKNOWN,扫描 OCR + IPA 锚点版面解析（四行对照） | 整理日期 2026-09,medium
SANGJIAJING-P0498-R-02,SANGJIAJING,498,R,2,4 众,,1 dz133 kh33 3G 33 zi33,failed,0.25,4,大 是 呢 根 它,是 长 者 始 祖,UNKNOWN,扫描 OCR + IPA 锚点版面解析（四行对照） | 整理日期 2026-09,medium
SANGJIAJING-P0498-R-03,SANGJIAJING,498,R,3,# A 每,2li³³ to³³ tsiss 4u³³ mu,2133 to33 tsiss 4u33 mu,suspect,0.50,4,露 白 水 做 咽,白 露 水 喝,UNKNOWN,扫描 OCR + IPA 锚点版面解析（四行对照） | 整理日期 2026-09,medium
SANGJIAJING-P0498-R-04,SANGJIAJING,498,R,4,A 飞= # 日 特,m6 ²¹ tsi³³ li⁰³3 kɒ³³,m6 21 ts133 1033 kD33,suspect,0.75,4,银 床 边 处 过,走 过 银 床 边,UNKNOWN,扫描 OCR + IPA 锚点版面解析（四行对照） | 整理日期 2026-09,medium
SANGJIAJING-P0499-L-01,SANGJIAJING,499,L,1,W 每 tQ,lurss mu³³ kɒ³³ he³³ tshi³³,lurss mu33 kD33 he33 tshi33,suspect,0.75,4,喜 的 过 房 到,喜 悦 进 家 屋,UNKNOWN,扫描 OCR + IPA 锚点版面解析（四行对照） | 整理日期 2026-09,medium
SANGJIAJING-P0499-L-02,SANGJIAJING,499,L,2,弯 10Z WI,,4033 4033 th21 4Dss vi31,failed,0.00,4,白 衣 一 件 穿,穿 一 件 白 衣,UNKNOWN,扫描 OCR + IPA 锚点版面解析（四行对照） | 整理日期 2026-09,medium
SANGJIAJING-P0499-L-03,SANGJIAJING,499,L,3,子 了 3=,mu ²¹ bɒ³³ lu³³ lu³³,mu 21 bp33 lu3 lu33,ok,1.00,4,天 黄 亮 明 明,霞 光 射 天 空,UNKNOWN,扫描 OCR + IPA 锚点版面解析（四行对照） | 整理日期 2026-09,medium
SANGJIAJING-P0499-L-04,SANGJIAJING,499,L,4,W 每 万 日,tsh³³ luss kh³³ li⁰³3,tsh33 luss kh33 1033,suspect,0.67,3,喜 的 那 里 到,喜 悦 到 那 里,UNKNOWN,扫描 OCR + IPA 锚点版面解析（四行对照） | 整理日期 2026-09,medium
SANGJIAJING-P0499-R-01,SANGJIAJING,499,R,1,4 分 4 飞 WL,ci³¹ t4u⁴⁴ zɒ ²¹ tlu⁴⁴,ci31 t4u44 ZD 21 tlu44,suspect,0.75,4,人 儿 人 女 新,人 N 儿 女 新,UNKNOWN,扫描 OCR + IPA 锚点版面解析（四行对照） | 整理日期 2026-09,medium
SANGJIAJING-P0499-R-02,SANGJIAJING,499,R,2,W 九 7,⁰⁵5 ne ⁴⁴ ci³¹ ne³³ 8q³³,055 ne 44 ci31 ne33 8Q33,suspect,0.60,5,头 黑 新 也 鲜,黑 头 青 年 鲜,UNKNOWN,扫描 OCR + IPA 锚点版面解析（四行对照） | 整理日期 2026-09,medium
SANGJIAJING-P0499-R-03,SANGJIAJING,499,R,3,Z 日 WL,ci³¹ ssnp dzi²¹ li⁰³3,ci31 ssnp dz121 1033,ok,1.00,3,播 耕 畜 处 新,耕 播 役 牛 新,UNKNOWN,扫描 OCR + IPA 锚点版面解析（四行对照） | 整理日期 2026-09,medium
SANGJIAJING-P0500-L-01,SANGJIAJING,500,L,1,特 九 W,ci³¹ pur ³³ zi³³ kɒ³³ ne³³,ci31 pur 33 Z.133 kD33 ne33,ok,1.00,5,山 水 路 也 新,山 水 道 路 新,UNKNOWN,扫描 OCR + IPA 锚点版面解析（四行对照） | 整理日期 2026-09,medium
SANGJIAJING-P0500-L-02,SANGJIAJING,500,L,2,住专 4 九,,t4u 44 tsi33 3.31 h.33 ne 33 33,failed,0.33,6,人 遇 聪 也 爽,降 生 婴 聪 爽,UNKNOWN,扫描 OCR + IPA 锚点版面解析（四行对照） | 整理日期 2026-09,medium
SANGJIAJING-P0500-L-03,SANGJIAJING,500,L,3,WL 九 WL,ci1 ne³³ ci³¹ ³³ tɒss mb,ci1 ne33 ci31 33 tDss mb,suspect,0.50,4,新 也 新 搁 完,全 部 都 青 春,UNKNOWN,扫描 OCR + IPA 锚点版面解析（四行对照） | 整理日期 2026-09,medium
SANGJIAJING-P0500-L-04,SANGJIAJING,500,L,4,X 子 田,tshi²¹ ²¹ mu2l ʊɒ mp ²¹ dlɒ³³,tshi21 21 mu2l VD mp 21 dlD33,suspect,0.50,4,冬 天 雪 不 降,冬 天 不 降 雪,UNKNOWN,扫描 OCR + IPA 锚点版面解析（四行对照） | 整理日期 2026-09,medium
SANGJIAJING-P0500-L-05,SANGJIAJING,500,L,5,白 会 田穴,,tshi2i 4i33 tD33 mp² phu²,failed,0.33,3,冬 风 起 不 疾,劲疾 冬 风 不,UNKNOWN,扫描 OCR + IPA 锚点版面解析（四行对照） | 整理日期 2026-09,medium
SANGJIAJING-P0500-R-01,SANGJIAJING,500,R,1,X 九 田,tshi²¹ ne ³³ mɒ²¹ dur2 0li³³,tshi21 ne 33 mD21 dur²! 013,suspect,0.75,4,冬 霜 也 不 放,冬 霜 也 不 降,UNKNOWN,扫描 OCR + IPA 锚点版面解析（四行对照） | 整理日期 2026-09,medium
SANGJIAJING-P0500-R-02,SANGJIAJING,500,R,2,700 子 3= 司 日,si²¹ mu kur³³ li⁰³3,si21 mu kur33 10.33,suspect,0.67,3,七 天 天 里 处,七 重 天 空 中,UNKNOWN,扫描 OCR + IPA 锚点版面解析（四行对照） | 整理日期 2026-09,medium
SANGJIAJING-P0500-R-03,SANGJIAJING,500,R,3,A 云,,0.55 4u33 nis tshu33,failed,0.00,3,头 白 胡 须 白,白 发 白 胡 须,UNKNOWN,扫描 OCR + IPA 锚点版面解析（四行对照） | 整理日期 2026-09,medium
SANGJIAJING-P0500-R-04,SANGJIAJING,500,R,4,专 WI,si³³ thi²¹ mu ²¹ zɔ h³³,si33 th121 mu 21 ZO h33,ok,1.00,4,别人 老 一 人 来,一 陌 生 老 人,UNKNOWN,扫描 OCR + IPA 锚点版面解析（四行对照） | 整理日期 2026-09,medium
SANGJIAJING-P0500-R-05,SANGJIAJING,500,R,5,桂区,ʊe²¹ le³¹ dzo tu³³ si³³,Ve21 le31 dzo tu33 si33,suspect,0.50,4,左 手 锁 具 守,左手 握 住 锁,UNKNOWN,扫描 OCR + IPA 锚点版面解析（四行对照） | 整理日期 2026-09,medium
SANGJIAJING-P0501-L-01,SANGJIAJING,501,L,1,号,³³ le³¹ phu³³ zɒ tu³³,33 le31 phu33 ZD tu33,suspect,0.50,4,右 手 开 具 拿,右 手 拿 钥 匙,UNKNOWN,扫描 OCR + IPA 锚点版面解析（四行对照） | 整理日期 2026-09,medium
SANGJIAJING-P0501-L-02,SANGJIAJING,501,L,2,专 晏五不面,pɒ²¹ si³³ mu2 kus dzi2l,"pD21 si33 mu² ku""s dzi²l",suspect,0.67,3,别人 老 格 资 帕,老者 格 资 帕,UNKNOWN,扫描 OCR + IPA 锚点版面解析（四行对照） | 整理日期 2026-09,medium
SANGJIAJING-P0501-L-03,SANGJIAJING,501,L,3,π 正决 W,,kur's dzi21 tsi33 ab phu33,failed,0.33,3,格 资 日 门 开,格 资 开 日 门,UNKNOWN,扫描 OCR + IPA 锚点版面解析（四行对照） | 整理日期 2026-09,medium
SANGJIAJING-P0501-L-04,SANGJIAJING,501,L,4,水 去 秋,do²¹ di²¹ ³³ nu³³ xɒ 2i³³,do²1 d1²1 33 nu33 XD 2i33,suspect,0.60,5,掉 的 开 了 呢,天门开启 毕,UNKNOWN,扫描 OCR + IPA 锚点版面解析（四行对照） | 整理日期 2026-09,medium
SANGJIAJING-P0501-R-01,SANGJIAJING,501,R,1,700 子 3=,si²¹ ³³ ³³ mu²¹,si21 33 33 mu21,suspect,0.50,4,七 天 亮 笑 笑,天 际 亮 堂 堂,UNKNOWN,扫描 OCR + IPA 锚点版面解析（四行对照） | 整理日期 2026-09,medium
SANGJIAJING-P0501-R-02,SANGJIAJING,501,R,2,日 W 显 3二,li⁰²1 zi²¹ tsi³³ zi²¹ do⁴⁴,1021 zi21 tsi33 zi21 do44,ok,1.00,5,太 阳 晶 晶 出,太 阳 晃 晃 出,UNKNOWN,扫描 OCR + IPA 锚点版面解析（四行对照） | 整理日期 2026-09,medium
SANGJIAJING-P0501-R-03,SANGJIAJING,501,R,3,甘 日,dɒ²¹ ve³¹ mi³³ t tche³³ li⁰³3,dp21 ve31 m133 t tche33 1033,ok,1.00,5,岛 文 地 冏上 处,岛 文 N 地 上,UNKNOWN,扫描 OCR + IPA 锚点版面解析（四行对照） | 整理日期 2026-09,medium
SANGJIAJING-P0501-R-04,SANGJIAJING,501,R,4,3=,,niss ecmy1 lu33 lur33 VD21,failed,0.33,3,鸡 嘴 叫 连 连,雄 鸡 连 啼 鸣,UNKNOWN,扫描 OCR + IPA 锚点版面解析（四行对照） | 整理日期 2026-09,medium
SANGJIAJING-P0501-R-05,SANGJIAJING,501,R,5,W 子 民,tsi³³ do⁴⁴ mu²¹ bɒ³³,tsi33 do44 mu²1 bD33,ok,1.00,4,东方 天 门 亮,东方天门亮,UNKNOWN,扫描 OCR + IPA 锚点版面解析（四行对照） | 整理日期 2026-09,medium
SANGJIAJING-P0502-L-01,SANGJIAJING,502,L,1,# 西 3=,,"tsiss z,133 h33 21 21 p""e ms ms",failed,0.20,5,露 水 灰 盈 盈,露 水 珠 盈 盈,UNKNOWN,扫描 OCR + IPA 锚点版面解析（四行对照） | 整理日期 2026-09,medium
SANGJIAJING-P0502-L-02,SANGJIAJING,502,L,2,特 专科 3=,kɒ³³ tche1 de²¹ de²¹,kD33 tche1 de21 de21,suspect,0.67,3,路 黑 清 明 明,路 面 清 明 明,UNKNOWN,扫描 OCR + IPA 锚点版面解析（四行对照） | 整理日期 2026-09,medium
SANGJIAJING-P0502-L-03,SANGJIAJING,502,L,3,飞 九 Z,siss ³³ kɒ³³ tsj³³ ne ʊ³³,siss 33 kD33 tsj33 ne V33,suspect,0.50,4,酒 碗 也 拿 也,酒 碗 也 带 上,UNKNOWN,扫描 OCR + IPA 锚点版面解析（四行对照） | 整理日期 2026-09,medium
SANGJIAJING-P0502-L-04,SANGJIAJING,502,L,4,九 Z 年,,1D21 V133 ne33 1D33 kD3,failed,0.40,5,茶 也 拿 了 与,茶 叶 也 带 上,UNKNOWN,扫描 OCR + IPA 锚点版面解析（四行对照） | 整理日期 2026-09,medium
SANGJIAJING-P0502-R-01,SANGJIAJING,502,R,1,,,tsD33 kuss du33 V133,failed,0.33,3,饭 献 九 样 拿,祭 粮 带 九 份,UNKNOWN,扫描 OCR + IPA 锚点版面解析（四行对照） | 整理日期 2026-09,medium
SANGJIAJING-P0502-R-02,SANGJIAJING,502,R,2,% 五,,21 the31 XD S133 kur?s du33,failed,0.25,4,肉 献 九 样 拾,祭 肉拾 九 份,UNKNOWN,扫描 OCR + IPA 锚点版面解析（四行对照） | 整理日期 2026-09,medium
SANGJIAJING-P0502-R-03,SANGJIAJING,502,R,3,# 去,ts⁴⁴ tho²¹ ni⁴⁴ kurss the⁴⁴,ts44 tho21 ni44 kurss the44,suspect,0.50,4,松 绿 九 片插,松 枝 插 九 片,UNKNOWN,扫描 OCR + IPA 锚点版面解析（四行对照） | 整理日期 2026-09,medium
SANGJIAJING-P0502-R-04,SANGJIAJING,502,R,4,州,,tge33 do 4 pu33 0.55 hy31,failed,0.25,4,星 出 山 头 站,星出 山顶 上,UNKNOWN,扫描 OCR + IPA 锚点版面解析（四行对照） | 整理日期 2026-09,medium
SANGJIAJING-P0503-L-01,SANGJIAJING,503,L,1,f2 来 A,,VD bur33 4u33 $03 ne31,failed,0.25,4,香 灰 雪 堆 白,香 灰 似 雪 堆,UNKNOWN,扫描 OCR + IPA 锚点版面解析（四行对照） | 整理日期 2026-09,medium
SANGJIAJING-P0503-L-02,SANGJIAJING,503,L,2,九泌 电,,bu21 tshu33tsh;33 31 qo tur33,failed,0.40,5,蚊子 脚 曲 折,蚊 子 脚 拐 曲,UNKNOWN,扫描 OCR + IPA 锚点版面解析（四行对照） | 整理日期 2026-09,medium
SANGJIAJING-P0503-L-03,SANGJIAJING,503,L,3,D 同,tsh³³ a³³ ⁴⁴ dzi²¹ pɒs xb,tsh;33 A33 44 dz121 pDs xb,suspect,0.60,5,脚 伸 青 蛙 模,蛙伸腿前扑,UNKNOWN,扫描 OCR + IPA 锚点版面解析（四行对照） | 整理日期 2026-09,medium
SANGJIAJING-P0503-R-01,SANGJIAJING,503,R,1,W ZZ 企,,4021 diss he31 Ve33 mj33,failed,0.00,4,四 面 八 方 地,四 面 八 方地,UNKNOWN,扫描 OCR + IPA 锚点版面解析（四行对照） | 整理日期 2026-09,medium
SANGJIAJING-P0503-R-02,SANGJIAJING,503,R,2,茶 Z43= 小,⁰⁵5 du²¹ tshi³³ tshi³³,0.55 du²1 tsh133tsh133,suspect,0.75,4,头 摇 冲 下 下,头 动 往 下,UNKNOWN,扫描 OCR + IPA 锚点版面解析（四行对照） | 整理日期 2026-09,medium
SANGJIAJING-P0503-R-03,SANGJIAJING,503,R,3,MI W,thi²¹ kh⁰³3 do⁴⁴ li⁵⁵ li³³,th121 kh033 do44 15133,ok,0.80,5,献 一 桩 日 出,一 祭 祭 日 出,UNKNOWN,扫描 OCR + IPA 锚点版面解析（四行对照） | 整理日期 2026-09,medium
SANGJIAJING-P0503-R-04,SANGJIAJING,503,R,4,W 九 3升,do⁴⁴ zi³³ ti³³ t4ɒss ne³³,do44 Z133 t133 t4Dss ne33,suspect,0.75,4,日 出 霞 也 射,日 出霞光 射,UNKNOWN,扫描 OCR + IPA 锚点版面解析（四行对照） | 整理日期 2026-09,medium
SANGJIAJING-P0504-L-01,SANGJIAJING,504,L,1,,,"t4Dss Z133 tc""e"" h33 33 33 ne",failed,0.40,5,霞 射 清 也 爽,霞射 天 晴 爽,UNKNOWN,扫描 OCR + IPA 锚点版面解析（四行对照） | 整理日期 2026-09,medium
SANGJIAJING-P0504-L-02,SANGJIAJING,504,L,2,O,thi²¹ kh⁰³3 4ɒ³³ do⁴⁴,th121 kh033 4D33 do44,suspect,0.50,4,一 桩 月 出 献,祭 祭 月 出 口,UNKNOWN,扫描 OCR + IPA 锚点版面解析（四行对照） | 整理日期 2026-09,medium
SANGJIAJING-P0504-L-03,SANGJIAJING,504,L,3,O 民 九 司,4ɒ³³ do⁴⁴ bɒ³³ ne ³³ lur³³,4D.33 do44 bD33 ne 33 lur33,ok,0.80,5,月 出 亮 也 明,月 出 明 又 亮,UNKNOWN,扫描 OCR + IPA 锚点版面解析（四行对照） | 整理日期 2026-09,medium
SANGJIAJING-P0504-L-04,SANGJIAJING,504,L,4,IM,thi²¹ kh⁰³3 tce ³³ ³¹ yo,th121 kh033 tce' 33 31 yo,suspect,0.60,5,献 桩 星 际,祭 祭 星 宿,UNKNOWN,扫描 OCR + IPA 锚点版面解析（四行对照） | 整理日期 2026-09,medium
SANGJIAJING-P0504-L-05,SANGJIAJING,504,L,5,品 民 九 业,zi²¹ tce ³³ do⁴⁴ bɒ³³ ng³³,zi21 tce 33 do44 bp33 ng33,ok,0.80,5,星 也 亮 也 晶,星出亮 晶 晶,UNKNOWN,扫描 OCR + IPA 锚点版面解析（四行对照） | 整理日期 2026-09,medium
SANGJIAJING-P0504-R-01,SANGJIAJING,504,R,1,SC 系,,33 du33 th21 pu33 ms 4,failed,0.40,5,三 更 鸡 一 叫,三 更 一 鸡 鸣,UNKNOWN,扫描 OCR + IPA 锚点版面解析（四行对照） | 整理日期 2026-09,medium
SANGJIAJING-P0504-R-02,SANGJIAJING,504,R,2,# 子罗,tsi³³ a mu2l tsu 3g ³³,tsi33 a mu²l tsu 3G 33,suspect,0.50,2,露 降 天 光 斜,黄 露 降 昏 时,UNKNOWN,扫描 OCR + IPA 锚点版面解析（四行对照） | 整理日期 2026-09,medium
SANGJIAJING-P0504-R-03,SANGJIAJING,504,R,3,333 雨,,"dl33 44 pu 33 th21 t""D D13 ze",failed,0.33,6,降 鸡 叫 时 霜,露 降 鸡 鸣 时,UNKNOWN,扫描 OCR + IPA 锚点版面解析（四行对照） | 整理日期 2026-09,medium
SANGJIAJING-P0504-R-04,SANGJIAJING,504,R,4,# 3=,tsiss 1a¹³ si²¹ li³³ du²¹,tsiss 1a13 S121 133 du21,suspect,0.75,4,霜 露 放 密 密,霜露密密 降,UNKNOWN,扫描 OCR + IPA 锚点版面解析（四行对照） | 整理日期 2026-09,medium
SANGJIAJING-P0505-L-01,SANGJIAJING,505,L,1,# 正 天 飞E A,,dlp33 tsiss md bp21 4u33,failed,0.33,3,露 降 山 坡 白,露 降 山 坡 白,UNKNOWN,扫描 OCR + IPA 锚点版面解析（四行对照） | 整理日期 2026-09,medium
SANGJIAJING-P0505-L-02,SANGJIAJING,505,L,2,33 州X 日,,dlD pur² th121 1o21 013,failed,0.00,3,霜 降 山 一 凹,降 霜 满 山 凹,UNKNOWN,扫描 OCR + IPA 锚点版面解析（四行对照） | 整理日期 2026-09,medium
SANGJIAJING-P0505-L-03,SANGJIAJING,505,L,3,金 W 每,nu ³³ lurs ni4,nu 33 lur's ni4,suspect,0.50,2,你 心 你 喜 做,你 心 暗 自 喜,UNKNOWN,扫描 OCR + IPA 锚点版面解析（四行对照） | 整理日期 2026-09,medium
SANGJIAJING-P0505-L-04,SANGJIAJING,505,L,4,田 N. 电 日,tsh³³ tu³³ li⁰³3 tshi³³ mp,"tsh:33 tu""3 1033 tshi33 mp",suspect,0.60,5,不 到 地 处 到,来 到 陌 生 地,UNKNOWN,扫描 OCR + IPA 锚点版面解析（四行对照） | 整理日期 2026-09,medium
SANGJIAJING-P0505-L-05,SANGJIAJING,505,L,5,W 子 飞 住,lurs ʊli³³ mu²¹ tsi³³ d2li³³,lur*s V133 mu21 tsi33 d2133,suspect,0.50,4,喜 天 家 院 坝,天 庭家 院 坝,UNKNOWN,扫描 OCR + IPA 锚点版面解析（四行对照） | 整理日期 2026-09,medium
SANGJIAJING-P0505-R-01,SANGJIAJING,505,R,1,住 众,,tsh;33 h33 2i33 tsi33 dz1,failed,0.20,5,院 坝 到 来 呢,来 到 院 坝 呢,UNKNOWN,扫描 OCR + IPA 锚点版面解析（四行对照） | 整理日期 2026-09,medium
SANGJIAJING-P0505-R-02,SANGJIAJING,505,R,2,田 配,mp ɒ⁰³ th2i ²⁰4 ɒ⁰³3,mp D03 th2i 204 D033,suspect,0.67,3,不 见 一 人 见,见 人 一 陌 生,UNKNOWN,扫描 OCR + IPA 锚点版面解析（四行对照） | 整理日期 2026-09,medium
SANGJIAJING-P0505-R-03,SANGJIAJING,505,R,3,A X,,055 4u33 tshi21 dlp33 VD 21,failed,0.40,5,头 冬 雪 白 降,头 如 冬雪 白,UNKNOWN,扫描 OCR + IPA 锚点版面解析（四行对照） | 整理日期 2026-09,medium
SANGJIAJING-P0505-R-04,SANGJIAJING,505,R,4,九4万,ku³³ tshi³³ kw5khi³³,ku3 tsh133kw5kh133,suspect,0.67,3,九十九 他 大,九 十 九 他 大,UNKNOWN,扫描 OCR + IPA 锚点版面解析（四行对照） | 整理日期 2026-09,medium
SANGJIAJING-P0505-R-05,SANGJIAJING,505,R,5,4 π,kh³³ ku ⁵⁵ dzi²¹ ne ³³,kh33 ku' 55 dzi21 ne 33,suspect,0.75,4,他 大 格 资 是,他 是格 各资 资神,UNKNOWN,扫描 OCR + IPA 锚点版面解析（四行对照） | 整理日期 2026-09,medium
SANGJIAJING-P0506-L-01,SANGJIAJING,506,L,1,九 田,,33 33 kh33 mp² q031 aG ne,failed,0.00,5,我 也 他 不 应,我 不 应 他 话,UNKNOWN,扫描 OCR + IPA 锚点版面解析（四行对照） | 整理日期 2026-09,medium
SANGJIAJING-P0506-L-02,SANGJIAJING,506,L,2,九 万雨 女,kh³³ thɒ²¹ nu³³ ne³³ np ɒ³³,kh33thD21 nu33 ne33 np D33,ok,0.80,5,你 也 他 莫 问,你 他 也 莫 问,UNKNOWN,扫描 OCR + IPA 锚点版面解析（四行对照） | 整理日期 2026-09,medium
SANGJIAJING-P0506-L-03,SANGJIAJING,506,L,3,4 配 700 工,si²¹ tsi³³ si²¹,si21 ts133 si21,ok,1.00,3,七 十 七 大 见,见 七 十 七 大,UNKNOWN,扫描 OCR + IPA 锚点版面解析（四行对照） | 整理日期 2026-09,medium
SANGJIAJING-P0506-L-04,SANGJIAJING,506,L,4,甘 ? 700,dɒ²¹ fuss si²¹ tsi³³,dp21 fuss si21 ts133,suspect,0.67,3,岛 弗 七 十 大,七 十 岛 弗 大,UNKNOWN,扫描 OCR + IPA 锚点版面解析（四行对照） | 整理日期 2026-09,medium
SANGJIAJING-P0506-L-05,SANGJIAJING,506,L,5,700 甘 ?,si²¹ tsi³³ dɒ²¹ fuss,si21 ts133 dp21 fuss,ok,1.00,4,七 十 大 岛 弗,七 十大 岛弗,UNKNOWN,扫描 OCR + IPA 锚点版面解析（四行对照） | 整理日期 2026-09,medium
SANGJIAJING-P0506-R-01,SANGJIAJING,506,R,1,九万 田,,"33 kh,33 qho31 aG ne33 mp²1",failed,0.40,5,我 也 他 不 应,我 不 应 他 话,UNKNOWN,扫描 OCR + IPA 锚点版面解析（四行对照） | 整理日期 2026-09,medium
SANGJIAJING-P0506-R-02,SANGJIAJING,506,R,2,九 万雨 女,,kh33thD² nu33 ne33,failed,0.33,3,你 也 他 莫 问,他 你 也 莫 问,UNKNOWN,扫描 OCR + IPA 锚点版面解析（四行对照） | 整理日期 2026-09,medium
SANGJIAJING-P0506-R-03,SANGJIAJING,506,R,3,面 4 配,,tsh33 55 21 su33 ms,failed,0.20,5,三 大 见 十 三,见 三 十 三 大,UNKNOWN,扫描 OCR + IPA 锚点版面解析（四行对照） | 整理日期 2026-09,medium
SANGJIAJING-P0506-R-04,SANGJIAJING,506,R,4,见 三 十 三 大,,tshi33tshx44 tsh33 s3,failed,0.25,4,衙 役 三 十大,衙 役 三 十 大,UNKNOWN,扫描 OCR + IPA 锚点版面解析（四行对照） | 整理日期 2026-09,medium
SANGJIAJING-P0506-R-05,SANGJIAJING,506,R,5,九 万 田 4,,"kh,33 21 np 33 ne33 mp 21",failed,0.20,5,我 也 他 不 应,我 不 应 他 话,UNKNOWN,扫描 OCR + IPA 锚点版面解析（四行对照） | 整理日期 2026-09,medium
SANGJIAJING-P0507-L-01,SANGJIAJING,507,L,1,Z4 九万雨 女,,kh33 thD21 33 nu 33 ng33 np,failed,0.33,6,你 也 他 莫 问,你 亦 莫 问 他,UNKNOWN,扫描 OCR + IPA 锚点版面解析（四行对照） | 整理日期 2026-09,medium
SANGJIAJING-P0507-L-02,SANGJIAJING,507,L,2,与 工 与,ɛɛɔgi ni²¹ tsi³³ ni²¹,EEOGi ni21 ts133 ni21,suspect,0.67,3,二 十 二 大 见,大 见 二 十 二,UNKNOWN,扫描 OCR + IPA 锚点版面解析（四行对照） | 整理日期 2026-09,medium
SANGJIAJING-P0507-L-03,SANGJIAJING,507,L,3,与 工 4,ni2i tsi³³ zi³³,ni2i ts133 zi33,suspect,0.50,2,呢 二 十 你 大,二 十 你,UNKNOWN,扫描 OCR + IPA 锚点版面解析（四行对照） | 整理日期 2026-09,medium
SANGJIAJING-P0507-L-04,SANGJIAJING,507,L,4,二 十 你,,"33 1,33 kh33q031 np tD.ss",failed,0.40,5,我 来 他 应 搁,我 应 他 的 话,UNKNOWN,扫描 OCR + IPA 锚点版面解析（四行对照） | 整理日期 2026-09,medium
SANGJIAJING-P0507-L-05,SANGJIAJING,507,L,5,女 m,kh³³ nu³³ np ³³ no dzw,"kh33 nu3 np 33 no"" dz,w",suspect,0.50,4,你 他 问 要 可,你亦 问 他 可,UNKNOWN,扫描 OCR + IPA 锚点版面解析（四行对照） | 整理日期 2026-09,medium
SANGJIAJING-P0507-R-01,SANGJIAJING,507,R,1,九 女,kh³³ ³³ nu³³ np tɒss,kh33 33 nu33 np tDSs,suspect,0.50,4,你 也 他 问 搁,你 应 问 下 他,UNKNOWN,扫描 OCR + IPA 锚点版面解析（四行对照） | 整理日期 2026-09,medium
SANGJIAJING-P0507-R-02,SANGJIAJING,507,R,2,子要 日,,mu2tghe33 Ve33t1 1033,failed,0.00,3,天 上客 伴 处,天 上 众 客 中,UNKNOWN,扫描 OCR + IPA 锚点版面解析（四行对照） | 整理日期 2026-09,medium
SANGJIAJING-P0507-R-03,SANGJIAJING,507,R,3,天 上 众 客 中,kw³³ tshi³³ ku⁵⁵ s li⁸⁰³³ li²⁰2,kw33 tsh133ku5s 18033 1202,ok,0.80,5,九十九 大 有,有 九 十 九 大,UNKNOWN,扫描 OCR + IPA 锚点版面解析（四行对照） | 整理日期 2026-09,medium
SANGJIAJING-P0507-R-04,SANGJIAJING,507,R,4,子 π 易 日,q⁰³3 fu³³ bi²¹ li⁰³3 mu,q033 fu33 b121 1033 mu,ok,0.80,5,天 中 嫁 处,天 中 众 夫 妻,UNKNOWN,扫描 OCR + IPA 锚点版面解析（四行对照） | 整理日期 2026-09,medium
SANGJIAJING-P0507-R-05,SANGJIAJING,507,R,5,700 工 200 4,si²¹ si²¹ tsi³³ li⁰³,si21 si21 ts133 1$03,ok,1.00,4,七 十 七 大 有,有 七 十 七大,UNKNOWN,扫描 OCR + IPA 锚点版面解析（四行对照） | 整理日期 2026-09,medium
SANGJIAJING-P0508-L-01,SANGJIAJING,508,L,1,子 刀,mu²¹ ku³³ mi³³,mu²1 ku33 m133,ok,1.00,3,天 下 地 面 上,天 底 地 面 上,UNKNOWN,扫描 OCR + IPA 锚点版面解析（四行对照） | 整理日期 2026-09,medium
SANGJIAJING-P0508-L-02,SANGJIAJING,508,L,2,九思 亏 面,,"ms 33 tsh,33 ms 55 21 ni33",failed,0.20,5,三 十 三 大 住,住 三 十 三 大,UNKNOWN,扫描 OCR + IPA 锚点版面解析（四行对照） | 整理日期 2026-09,medium
SANGJIAJING-P0508-L-03,SANGJIAJING,508,L,3,子子 A 4,mu²¹ tche³³ 4u³³ mu2,mu²1tche33 4u33 mu²,suspect,0.75,4,天 上 天 白 大,天 上 白 天 大,UNKNOWN,扫描 OCR + IPA 锚点版面解析（四行对照） | 整理日期 2026-09,medium
SANGJIAJING-P0508-L-04,SANGJIAJING,508,L,4,子 子 A,,mu²l mu2l 4u33 1e31,failed,0.00,2,天 大 天 白 阔,天 大 天 穹 罩,UNKNOWN,扫描 OCR + IPA 锚点版面解析（四行对照） | 整理日期 2026-09,medium
SANGJIAJING-P0508-R-01,SANGJIAJING,508,R,1,企 ZZ 3,mi³³ ne ⁴⁴ he³¹ ʊe³³ sɒ,m133 ne 44 he31 Ve33 SD,ok,0.80,5,地 黑 八 方 舒,黑 地 八 方,UNKNOWN,扫描 OCR + IPA 锚点版面解析（四行对照） | 整理日期 2026-09,medium
SANGJIAJING-P0508-R-02,SANGJIAJING,508,R,2,ZZ 与,tsh³³ he³¹ ʊg³³ ni²¹,"tsh,33 he31 Vg33 ni21",suspect,0.50,4,八 方 十 二 域,八 方 十 二 域,UNKNOWN,扫描 OCR + IPA 锚点版面解析（四行对照） | 整理日期 2026-09,medium
SANGJIAJING-P0508-R-03,SANGJIAJING,508,R,3,效 46 专,a³³ ⁴⁴ si³³ m8 1,A33 44 si33 m8 1,suspect,0.50,4,阿 舅 大 成 主,舅 舅 成 大 主,UNKNOWN,扫描 OCR + IPA 锚点版面解析（四行对照） | 整理日期 2026-09,medium
SANGJIAJING-P0508-R-04,SANGJIAJING,508,R,4,4 专 3=,si³³ dlɒ³³ mg mg,si33 dlp33 mG mG,suspect,0.67,3,大 成 主 将 将,已 有 成 主 样,UNKNOWN,扫描 OCR + IPA 锚点版面解析（四行对照） | 整理日期 2026-09,medium
SANGJIAJING-P0509-L-01,SANGJIAJING,509,L,1,亏 孔 田,yu2 ni³³ ze³¹ mp ²¹ xɒ³³,yu² ni33 Ze31 mp 21 XD3,suspect,0.50,4,前 日 下 不 掉,头 没 下 成 日,UNKNOWN,扫描 OCR + IPA 锚点版面解析（四行对照） | 整理日期 2026-09,medium
SANGJIAJING-P0509-L-02,SANGJIAJING,509,L,2,分 亏 田,yɒ ³³ ni³³ g²¹ mp ²¹ ze e³¹,yD 33 ni33 g21 mp 21 ze? e31,suspect,0.60,5,后 日 大 不 下,次 日 大 不 下,UNKNOWN,扫描 OCR + IPA 锚点版面解析（四行对照） | 整理日期 2026-09,medium
SANGJIAJING-P0509-L-03,SANGJIAJING,509,L,3,分 O 田,,33 21 yD 1D33 mp 21 Ze31,failed,0.20,5,后 月 大 不 下,次 月 大 不 下,UNKNOWN,扫描 OCR + IPA 锚点版面解析（四行对照） | 整理日期 2026-09,medium
SANGJIAJING-P0509-R-01,SANGJIAJING,509,R,1,与 O 田,ni²¹ ²¹ ⁴⁰³³ mp ze³¹,ni21 21 4033 mp Ze31,suspect,0.50,4,二 月 大 不 下,两 月 大 不 下,UNKNOWN,扫描 OCR + IPA 锚点版面解析（四行对照） | 整理日期 2026-09,medium
SANGJIAJING-P0509-R-02,SANGJIAJING,509,R,2,A O 4,su ⁵⁵ 4ɒ³³ 1 ze³¹ xɒ³³,su' 55 4D33 1 Ze31 XD33,suspect,0.50,4,三 月 大 下 掉,三 月 才 来 下,UNKNOWN,扫描 OCR + IPA 锚点版面解析（四行对照） | 整理日期 2026-09,medium
SANGJIAJING-P0509-R-03,SANGJIAJING,509,R,3,田,mx qh³¹ zɛ ²¹ mɒ,mx qh31 ZE 21 mD,suspect,0.67,3,前 年 大 不 下,头 年 大 不 下,UNKNOWN,扫描 OCR + IPA 锚点版面解析（四行对照） | 整理日期 2026-09,medium
SANGJIAJING-P0509-R-04,SANGJIAJING,509,R,4,亏,,33 qh031 YD Ze31 XD33,failed,0.25,4,后 年 大 下 掉,次 年 大 下 去,UNKNOWN,扫描 OCR + IPA 锚点版面解析（四行对照） | 整理日期 2026-09,medium
SANGJIAJING-P0510-L-01,SANGJIAJING,510,L,1,与 4h 瓦,qh⁰³1 ni²¹ ze³¹ xɒ³³,qh031 ni²1 Ze31 XD33,suspect,0.75,4,两 年 一 大 下 去,两 年 大 下： 去,UNKNOWN,扫描 OCR + IPA 锚点版面解析（四行对照） | 整理日期 2026-09,medium
SANGJIAJING-P0510-L-02,SANGJIAJING,510,L,2,4 田,ze³¹ li³³ mp ²¹ tɒ³³,Ze31 133 mp 21 tD33,suspect,0.75,4,大 下 来 不 肯,大 不 肯 下 来,UNKNOWN,扫描 OCR + IPA 锚点版面解析（四行对照） | 整理日期 2026-09,medium
SANGJIAJING-P0510-R-01,SANGJIAJING,510,R,1,Z 7 亏,,niss du21 ni33 204,failed,0.33,3,土 黑 生 处 住,黑 土 筑 巢 孵,UNKNOWN,扫描 OCR + IPA 锚点版面解析（四行对照） | 整理日期 2026-09,medium
SANGJIAJING-P0510-R-02,SANGJIAJING,510,R,2,黑 土 筑 巢 孵,,44 1i33 tshp2i 4u”3 kh033 ZO,failed,0.25,4,生 来 盐 白 样,生 得 白 盐 样,UNKNOWN,扫描 OCR + IPA 锚点版面解析（四行对照） | 整理日期 2026-09,medium
SANGJIAJING-P0510-R-03,SANGJIAJING,510,R,3,W 4 日 3=,tshɒ²¹ si⁵⁵ siss 4u³³ li⁰³3,tshD21 si55 siss 4u33 1033,suspect,0.75,4,盐 白 处 像 像,像盐 — 样白,UNKNOWN,扫描 OCR + IPA 锚点版面解析（四行对照） | 整理日期 2026-09,medium
SANGJIAJING-P0511-L-01,SANGJIAJING,511,L,1,ZI 3=,tshɒ²¹ t1ss li³³ ni²¹ ni²¹,tshD²1 t1ss 133 ni21 ni21,suspect,0.75,4,盐 春 来 连 连,春 盐 声 不 断,UNKNOWN,扫描 OCR + IPA 锚点版面解析（四行对照） | 整理日期 2026-09,medium
SANGJIAJING-P0511-L-02,SANGJIAJING,511,L,2,W W A,tshɒ²¹ t1s5 tshɒ²¹ 4u³³ li²⁰ ub,tshp21 t1s5 tshp21 4u33 120ub,suspect,0.60,5,盐 春 盐 白 尘,春 盐 盐 成 粉,UNKNOWN,扫描 OCR + IPA 锚点版面解析（四行对照） | 整理日期 2026-09,medium
SANGJIAJING-P0511-L-03,SANGJIAJING,511,L,3,W 4 4 日,tshɒ²¹ 4u³³ li⁰³3 tsɒ ⁵⁵,tshp21 4u33 1033 tsD 55,suspect,0.75,4,盐 白 大 处 喂,白 盐 喂 大 者,UNKNOWN,扫描 OCR + IPA 锚点版面解析（四行对照） | 整理日期 2026-09,medium
SANGJIAJING-P0511-L-04,SANGJIAJING,511,L,4,W 3=,tshɒ²¹ tsɒ ⁵⁵ lu³³ lur³³,tshD21 tSD 55 lu33 lur33,ok,1.00,4,大 盐 喂 在 在,正 喂 大 冏白 盐,UNKNOWN,扫描 OCR + IPA 锚点版面解析（四行对照） | 整理日期 2026-09,medium
SANGJIAJING-P0511-L-05,SANGJIAJING,511,L,5,W A & 灶,tshɒ²¹ 4u³³ ⁵⁵ ³³ du³³ as mb,tshp21 4u33 55 33 du3 as mb,suspect,0.50,6,盐 白 喂 完 后,喂 完 白 盐 后,UNKNOWN,扫描 OCR + IPA 锚点版面解析（四行对照） | 整理日期 2026-09,medium
SANGJIAJING-P0511-R-01,SANGJIAJING,511,R,1,3=,kw³³ tɒ³³ ms ²¹ sur2,kw33 tD33 ms 21 sur²,suspect,0.50,4,大身 起,大 身 地 起,UNKNOWN,扫描 OCR + IPA 锚点版面解析（四行对照） | 整理日期 2026-09,medium
SANGJIAJING-P0511-R-02,SANGJIAJING,511,R,2,会 住 众,1h³³ dzi³³ hy³¹ tɒ³³ tsi³³,1h33 dz133 hy31 tD33 ts133,suspect,0.60,5,起 来 院 坝 站,起 身 院 中 站,UNKNOWN,扫描 OCR + IPA 锚点版面解析（四行对照） | 整理日期 2026-09,medium
SANGJIAJING-P0511-R-03,SANGJIAJING,511,R,3,田 年 年,mp ²¹ np tu³³ thi³³ nɒ²¹,mp 21 np tu33 th133 nD21,suspect,0.75,4,不 歇 地 方 歇,陌 歇 生 地 方,UNKNOWN,扫描 OCR + IPA 锚点版面解析（四行对照） | 整理日期 2026-09,medium
SANGJIAJING-P0511-R-04,SANGJIAJING,511,R,4,子 口,,mu²1 lu33 44 tsh:33 xw Y031,failed,0.40,5,天 城 湖 际 到,到天 城湖 岸,UNKNOWN,扫描 OCR + IPA 锚点版面解析（四行对照） | 整理日期 2026-09,medium
SANGJIAJING-P0512-L-01,SANGJIAJING,512,L,1,与 A 九,ni²¹ ku³³ 4u³³ ze ⁴⁴ ne³³,ni21 ku33 4u33 ze 44 ne33,ok,0.80,5,两 身 白 也 如,两 个 身 躯 白,UNKNOWN,扫描 OCR + IPA 锚点版面解析（四行对照） | 整理日期 2026-09,medium
SANGJIAJING-P0512-L-02,SANGJIAJING,512,L,2,与 3 九,ni²¹ le³¹ si³³ ze ⁴⁴ ne³³,ni²1 le31 si33 Ze 44 ne33,ok,1.00,5,两 手 黄 也 如,两 个 手 肤 黄,UNKNOWN,扫描 OCR + IPA 锚点版面解析（四行对照） | 整理日期 2026-09,medium
SANGJIAJING-P0512-L-03,SANGJIAJING,512,L,3,与 3 九,ni²¹ tsh³³ ne³³,ni21 tsh33 ne33,suspect,0.67,3,两 脚 黄 也 如,两 个 脚 肤 黄,UNKNOWN,扫描 OCR + IPA 锚点版面解析（四行对照） | 整理日期 2026-09,medium
SANGJIAJING-P0512-R-01,SANGJIAJING,512,R,1,效 田 7h,a³³ mi³³ khi³³ mɒ²¹,A33 m133 kh133 mp21,ok,1.00,4,什 么 它 不 知,不 知 是 何 物,UNKNOWN,扫描 OCR + IPA 锚点版面解析（四行对照） | 整理日期 2026-09,medium
SANGJIAJING-P0512-R-02,SANGJIAJING,512,R,2,Z 田 飞 马 WI,si³³ mp ²¹ si⁵⁵ s thi²¹ dzu,si33 mp 21 si5s th121 dzu,ok,0.80,5,别人 不 像 一 对,异 它 者 一 对,UNKNOWN,扫描 OCR + IPA 锚点版面解析（四行对照） | 整理日期 2026-09,medium
SANGJIAJING-P0512-R-03,SANGJIAJING,512,R,3,7,du³³ li⁰³1 do⁴⁴ 1h³³,"du33 1031. do44 1h,33",suspect,0.75,4,大 处 成 出 来,欲 成 为 大 者,UNKNOWN,扫描 OCR + IPA 锚点版面解析（四行对照） | 整理日期 2026-09,medium
SANGJIAJING-P0512-R-04,SANGJIAJING,512,R,4,专 灶 3=,si³³ dlɒ³³ du³³ ʊe⁴⁴ ve4,si33 dlp33 du33 Ve44 ve4,ok,0.80,5,别人 旁 处,在 一 旁,UNKNOWN,扫描 OCR + IPA 锚点版面解析（四行对照） | 整理日期 2026-09,medium
SANGJIAJING-P0513-L-01,SANGJIAJING,513,L,1,学 与,1ɒ³³ ni²¹ tu³³ bi²¹,1D33 ni21 tu33 br21,suspect,0.75,4,攀 了 二 地 散,攀 散 到 二 地,UNKNOWN,扫描 OCR + IPA 锚点版面解析（四行对照） | 整理日期 2026-09,medium
SANGJIAJING-P0513-L-02,SANGJIAJING,513,L,2,与 电 %,,1D33 ni21 33 33 qe31 tur XD,failed,0.33,6,赶 了 二 地 掉,驱 赶 到 二 地,UNKNOWN,扫描 OCR + IPA 锚点版面解析（四行对照） | 整理日期 2026-09,medium
SANGJIAJING-P0513-L-03,SANGJIAJING,513,L,3,专 田 了,thɒ²¹ si³³ ku³³ mɒ ²¹ te³³,thp21 si33 ku33 mD 21 te33,ok,1.00,5,别人 整 不 着 时,别 及 人 尚 不,UNKNOWN,扫描 OCR + IPA 锚点版面解析（四行对照） | 整理日期 2026-09,medium
SANGJIAJING-P0513-L-04,SANGJIAJING,513,L,4,Z # 了,nu³³ si³³ tsiss ku³³ te³³,nu3 si33 tsiss ku33 te33,suspect,0.75,4,你 别人 前 整 着,你 先 别 人 做,UNKNOWN,扫描 OCR + IPA 锚点版面解析（四行对照） | 整理日期 2026-09,medium
SANGJIAJING-P0513-L-05,SANGJIAJING,513,L,5,Z 田,1e⁸⁴ ʊɒ²¹ mɒ²¹ pu³³,1e84 VD21 mp21 pu33,suspect,0.50,4,别人 家 鸡 不 hu,别 家 鸡 不 鸣,UNKNOWN,扫描 OCR + IPA 锚点版面解析（四行对照） | 整理日期 2026-09,medium
SANGJIAJING-P0513-R-01,SANGJIAJING,513,R,1,用 7 # 日,,siss si44 tsiss 1033 VD1,failed,0.00,3,草 木 鸡 前 处,草 丛 鸡 窝 前,UNKNOWN,扫描 OCR + IPA 锚点版面解析（四行对照） | 整理日期 2026-09,medium
SANGJIAJING-P0513-R-02,SANGJIAJING,513,R,2,Z 田,si³³ zi³³ ²¹ bi²¹ pu³³ mɒ,si33 zi33 21 b121 pu33 mD,ok,0.83,6,叫 主 呢 不 给,不 给 鸣 更 鸡,UNKNOWN,扫描 OCR + IPA 锚点版面解析（四行对照） | 整理日期 2026-09,medium
SANGJIAJING-P0513-R-03,SANGJIAJING,513,R,3,用 7 # 日,,si44 kh33 tsiss 1l033,failed,0.33,3,草 木 它 前 处,草 前 丛 鸡 窝,UNKNOWN,扫描 OCR + IPA 锚点版面解析（四行对照） | 整理日期 2026-09,medium
SANGJIAJING-P0514-L-01,SANGJIAJING,514,L,1,# 住 U,,tsi31 tsiss dlp33 Y031 mp 33,failed,0.25,4,支 召 资 窝 玛,支 召 资 窝 玛?,UNKNOWN,扫描 OCR + IPA 锚点版面解析（四行对照） | 整理日期 2026-09,medium
SANGJIAJING-P0514-L-02,SANGJIAJING,514,L,2,田 里里,mɒ ²¹ li⁰³1 khi³³ li⁰³1 2i³³,mD 21 1031 kh133 1031 2i33,ok,0.80,5,不 成 它 成 呢,不 成 也 成 了,UNKNOWN,扫描 OCR + IPA 锚点版面解析（四行对照） | 整理日期 2026-09,medium
SANGJIAJING-P0514-L-03,SANGJIAJING,514,L,3,Z 分 里,pu³³ duss zɒ²¹ tsw³³ li⁰³1,pu33 duss ZD21 tsw33 1031,suspect,0.50,4,hu 具 儿 双 成,成 一 对鸣 鸡,UNKNOWN,扫描 OCR + IPA 锚点版面解析（四行对照） | 整理日期 2026-09,medium
SANGJIAJING-P0514-R-01,SANGJIAJING,514,R,1,分 口 无,tsu³³ li⁰³1 1h³³ zi³³,tsu33 1031 1h33 zi33,suspect,0.75,4,儿 双 成 来 呢,成 为 一 对 呢,UNKNOWN,扫描 OCR + IPA 锚点版面解析（四行对照） | 整理日期 2026-09,medium
SANGJIAJING-P0514-R-02,SANGJIAJING,514,R,2,分,qɒ³³ li⁰³1 zɒ²¹ tsu³³,qD33 1031 ZD21 tsu3,ok,1.00,4,儿 对 若 成 去,一 旦 成 鸣 鸡,UNKNOWN,扫描 OCR + IPA 锚点版面解析（四行对照） | 整理日期 2026-09,medium
SANGJIAJING-P0514-R-03,SANGJIAJING,514,R,3,万 九 7儿L,khi³³ ne ³³ pe ⁴⁴ si6,kh133 ne? 33 pe 44 S16,ok,1.00,4,它 也 大 离 伴,就 是 离 大 伴,UNKNOWN,扫描 OCR + IPA 锚点版面解析（四行对照） | 整理日期 2026-09,medium
SANGJIAJING-P0514-R-04,SANGJIAJING,514,R,4,π 半 每 亏,dzi²¹ mu ⁵⁵ mu³³ th²¹ ni³³,dzi21 mu 55 mu33 th21 ni33,ok,0.80,5,将 做 一 官 日,官 将 N 日,UNKNOWN,扫描 OCR + IPA 锚点版面解析（四行对照） | 整理日期 2026-09,medium
SANGJIAJING-P0514-R-05,SANGJIAJING,514,R,5,口 每 IM 亏,lu³³ qe³³ ³¹ mu³³ thi²¹ ni³³,lu33 qe3 31 mu33 th121 ni33,ok,0.83,6,城 赶 做 一 日,进 城这 日,UNKNOWN,扫描 OCR + IPA 锚点版面解析（四行对照） | 整理日期 2026-09,medium
SANGJIAJING-P0515-L-01,SANGJIAJING,515,L,1,田年电 年,,21 21 th33 21 mp np tu33 np,failed,0.17,6,不 落 地 黃方 落,陌 生 地 落 脚,UNKNOWN,扫描 OCR + IPA 锚点版面解析（四行对照） | 整理日期 2026-09,medium
SANGJIAJING-P0515-L-02,SANGJIAJING,515,L,2,落木 木 额 比,,mu21 muss b121 tsh:33,failed,0.33,3,木 额 木 比 到,到 木 额 木 比,UNKNOWN,扫描 OCR + IPA 锚点版面解析（四行对照） | 整理日期 2026-09,medium
SANGJIAJING-P0515-L-03,SANGJIAJING,515,L,3,每,tci³³ da⁴⁴ tciss tp mu³³,tc133 da44 tciss tp mu33,suspect,0.67,3,鸡嗦 木砍鸡嗦 木起 做,砍伐鸡嗦 木,UNKNOWN,扫描 OCR + IPA 锚点版面解析（四行对照） | 整理日期 2026-09,medium
SANGJIAJING-P0515-R-01,SANGJIAJING,515,R,1,,tci³³ tshi³³ tshɒ²¹ t1s5 1o²¹,tc13 tshi33tshD21 t1s5 1o21,suspect,0.75,4,鸡嗦木根 盐 槽 春,木根 做盐,UNKNOWN,扫描 OCR + IPA 锚点版面解析（四行对照） | 整理日期 2026-09,medium
SANGJIAJING-P0515-R-02,SANGJIAJING,515,R,2,木根 做盐,,tc13 21 hy3 tsh:33,failed,0.33,3,鸡嗦木腰 大 站 桩,木 腰 大 站 桩,UNKNOWN,扫描 OCR + IPA 锚点版面解析（四行对照） | 整理日期 2026-09,medium
SANGJIAJING-P0515-R-03,SANGJIAJING,515,R,3,无田 h,tci³³ gess ⁰¹ bɒ2 tsh⁸⁴4,tc133 gess 01 bD² tsh844,suspect,0.67,3,鸡嗦 木枝 大 旁插,木 枝 大 旁 插,UNKNOWN,扫描 OCR + IPA 锚点版面解析（四行对照） | 整理日期 2026-09,medium
SANGJIAJING-P0515-R-04,SANGJIAJING,515,R,4,749分 口,tci³³ thu³³ jɒ²¹,tc133 thu33 JD21,ok,1.00,3,鸡嗦 木头 大 力 量,木梢 量 大力,UNKNOWN,扫描 OCR + IPA 锚点版面解析（四行对照） | 整理日期 2026-09,medium
SANGJIAJING-P0515-R-05,SANGJIAJING,515,R,5,W7 ZI 3=,tshɒ²¹ t1s5 h³³ ni²¹ ni²¹,tshp21 t1s5 h33 ni²1 ni²1,suspect,0.75,4,盐 春 来 连 连,春盐声不断,UNKNOWN,扫描 OCR + IPA 锚点版面解析（四行对照） | 整理日期 2026-09,medium
SANGJIAJING-P0516-L-01,SANGJIAJING,516,L,1,AW,tshɒ²¹ t1s tshɒ²¹ 4u³³ qo²¹,tshp21 t1's tshD21 4u33 qo21,suspect,0.50,4,盐 春 盐 白 尘,盐 巴 春 成 粉,UNKNOWN,扫描 OCR + IPA 锚点版面解析（四行对照） | 整理日期 2026-09,medium
SANGJIAJING-P0516-L-02,SANGJIAJING,516,L,2,4 日 亏,tshɒ²¹ 4u³³ li⁰³3 tsɒs,tshD21 4u33 1033 tSD's,suspect,0.75,4,盐 白 大 处 喂,白 盐 喂 大 者,UNKNOWN,扫描 OCR + IPA 锚点版面解析（四行对照） | 整理日期 2026-09,medium
SANGJIAJING-P0516-L-03,SANGJIAJING,516,L,3,3=,tshɒ²¹ tsɒss lu³³ lur³³,tshp21 tSDSS lu33 lur33,suspect,0.67,3,大 盐 喂 在 在,正 在 喂 大 盐,UNKNOWN,扫描 OCR + IPA 锚点版面解析（四行对照） | 整理日期 2026-09,medium
SANGJIAJING-P0516-L-04,SANGJIAJING,516,L,4,让 公会,ku³³ sur di²¹,ku33 sur?! dr21,suspect,0.50,2,大 身 地 起,大身 地起,UNKNOWN,扫描 OCR + IPA 锚点版面解析（四行对照） | 整理日期 2026-09,medium
SANGJIAJING-P0516-R-01,SANGJIAJING,516,R,1,HI 开,thi²¹ eemzp do⁴⁴ 1h³³ tɒ³³,th121 eemzp do44 1h33 tD33,suspect,0.50,4,对起 一 出 来,一 对 大 起 身,UNKNOWN,扫描 OCR + IPA 锚点版面解析（四行对照） | 整理日期 2026-09,medium
SANGJIAJING-P0516-R-02,SANGJIAJING,516,R,2,# 住 U,,31 33 tsiss EaIP tsi33 yo mp,failed,0.25,4,支 召 资 窝 玛,支 召 资 窝 玛,UNKNOWN,扫描 OCR + IPA 锚点版面解析（四行对照） | 整理日期 2026-09,medium
SANGJIAJING-P0516-R-03,SANGJIAJING,516,R,3,田 Z WI,mɒ²¹ li⁰³1 si³³ thi²¹ li⁰³1,mp²1 1031 si33 th121 1031,ok,1.00,5,不 成 别人 一 成,不 成 成 一 物,UNKNOWN,扫描 OCR + IPA 锚点版面解析（四行对照） | 整理日期 2026-09,medium
SANGJIAJING-P0516-R-04,SANGJIAJING,516,R,4,7L 工 勿,tshi²¹ tsi³³ ms li⁰³1,tshi21 ts133 ms 1031,ok,1.00,3,N 后 儿 对 成,之 后 成 一 对,UNKNOWN,扫描 OCR + IPA 锚点版面解析（四行对照） | 整理日期 2026-09,medium
SANGJIAJING-P0516-R-05,SANGJIAJING,516,R,5,万,,"kh,33 qD33 1031 1D33 2i33",failed,0.40,5,那 样 若 成 啊,若果是那 样,UNKNOWN,扫描 OCR + IPA 锚点版面解析（四行对照） | 整理日期 2026-09,medium
SANGJIAJING-P0517-L-01,SANGJIAJING,517,L,1,万九 7儿L,khi³³ ne³³ ²²1 qiss pe4,kh133 ne33 221 qISs pe4,suspect,0.50,4,它 也 大 罩 伴,它 是 大 离 伴,UNKNOWN,扫描 OCR + IPA 锚点版面解析（四行对照） | 整理日期 2026-09,medium
SANGJIAJING-P0517-L-02,SANGJIAJING,517,L,2,π 半 分,dzi²¹ mu ³³ q ɒ³³ xɒ mu³³,dzi21 mu 33 q”D33 XD mu33,suspect,0.75,4,官 将 得 若 做,若 能 做 官 将,UNKNOWN,扫描 OCR + IPA 锚点版面解析（四行对照） | 整理日期 2026-09,medium
SANGJIAJING-P0517-L-03,SANGJIAJING,517,L,3,品 口 亏,fess ms lu³³ ni³³,fess ms lu33 ni33,suspect,0.50,2,审 案 城 赶 日,进 城 案 日 电,UNKNOWN,扫描 OCR + IPA 锚点版面解析（四行对照） | 整理日期 2026-09,medium
SANGJIAJING-P0517-L-04,SANGJIAJING,517,L,4,田 年 电 年,mɒ2 ²¹ nɒ²¹ thi²¹ tur³³ np ²¹,mp² 21 np21 th121 tur33 np 21,ok,0.80,5,不 落 地 落,落脚 地 方,UNKNOWN,扫描 OCR + IPA 锚点版面解析（四行对照） | 整理日期 2026-09,medium
SANGJIAJING-P0517-R-01,SANGJIAJING,517,R,1,子 亚u 易 年,mu²¹ yw ²¹ gi³³ bi²¹ np ²¹,mu21 yw 21 G133 b121 np 21,suspect,0.60,5,木 额 兴 比 落,落 木 额 兴 比,UNKNOWN,扫描 OCR + IPA 锚点版面解析（四行对照） | 整理日期 2026-09,medium
SANGJIAJING-P0517-R-02,SANGJIAJING,517,R,2,子 平u 易,m8 ²¹ bi²¹ tshi³³,m8 21 br21 tshi33,suspect,0.67,3,木 额 兴 比 到,到 木 额 兴 比,UNKNOWN,扫描 OCR + IPA 锚点版面解析（四行对照） | 整理日期 2026-09,medium
SANGJIAJING-P0517-R-03,SANGJIAJING,517,R,3,子 会 u 易,mu²¹ yu ²¹ bi²¹ tɒ³³ li³³,mu21 yu 21 b121 tp33 13,ok,1.00,5,木 额 兴 比 起,从 兴 比 起 身,UNKNOWN,扫描 OCR + IPA 锚点版面解析（四行对照） | 整理日期 2026-09,medium
SANGJIAJING-P0518-L-01,SANGJIAJING,518,L,1,子司介,mu²¹ kur³³ mi³³ th²¹ d³³,mu21 kur33 m13 th21 d33,suspect,0.60,5,天 下 地 一 片,天 底 一 片 地,UNKNOWN,扫描 OCR + IPA 锚点版面解析（四行对照） | 整理日期 2026-09,medium
SANGJIAJING-P0518-L-02,SANGJIAJING,518,L,2,茶 电 去,,tche33tsh:33 h33 mG 55 tce 33 m1 33,failed,0.33,6,额 江 地 上 到,到 额 江 地 面,UNKNOWN,扫描 OCR + IPA 锚点版面解析（四行对照） | 整理日期 2026-09,medium
SANGJIAJING-P0518-L-03,SANGJIAJING,518,L,3,田,mɒ²¹ li⁰³1 th2dzw³³ li⁰³1,mp21 1031 th2dzw33 1031,suspect,0.75,4,成 不 一 对 成,成 了 一 对 物,UNKNOWN,扫描 OCR + IPA 锚点版面解析（四行对照） | 整理日期 2026-09,medium
SANGJIAJING-P0518-R-01,SANGJIAJING,518,R,1,半 开,sshu zɒ²¹ dzu³³ li⁰³1 ni4,sshu ZD21 dzu33 1031 ni4,suspect,0.75,4,马 红 儿 对 成,成 一 对 红 马,UNKNOWN,扫描 OCR + IPA 锚点版面解析（四行对照） | 整理日期 2026-09,medium
SANGJIAJING-P0518-R-02,SANGJIAJING,518,R,2,茶 电马,,tce tutche33 tD33 ssmG,failed,0.33,3,额 江 地 冏·上 起,从 额 江 起 身,UNKNOWN,扫描 OCR + IPA 锚点版面解析（四行对照） | 整理日期 2026-09,medium
SANGJIAJING-P0518-R-03,SANGJIAJING,518,R,3,电 年,tho²¹ th³³ ²¹ bi²¹ tur³³ au,tho21 th33 21 b1²1 tur33 au,suspect,0.67,6,托 比 地 黃方 落,落 托 比 地 面,UNKNOWN,扫描 OCR + IPA 锚点版面解析（四行对照） | 整理日期 2026-09,medium
SANGJIAJING-P0518-R-04,SANGJIAJING,518,R,4,落 托 比 地 面,tho²¹ bi²¹ tw3tche³³ tsh³³,tho21 b121 tw3tche33tsh:33,suspect,0.50,4,托 比 地 上 到,到 托 比 地 面,UNKNOWN,扫描 OCR + IPA 锚点版面解析（四行对照） | 整理日期 2026-09,medium
SANGJIAJING-P0519-L-01,SANGJIAJING,519,L,1,子 公公,tho²¹ bi²¹ tɒ³³ yu,tho21 b121 tD33 yu,ok,1.00,4,木 托 起 额 比,从 托 比 起 身,UNKNOWN,扫描 OCR + IPA 锚点版面解析（四行对照） | 整理日期 2026-09,medium
SANGJIAJING-P0519-L-02,SANGJIAJING,519,L,2,田 年 电 年,thi²¹ mɒ²¹ nɒ2l tu³³,th121 mp21 nD2l tu33,suspect,0.67,3,不 落 一 地 落,落 到 了 一 地,UNKNOWN,扫描 OCR + IPA 锚点版面解析（四行对照） | 整理日期 2026-09,medium
SANGJIAJING-P0519-L-03,SANGJIAJING,519,L,3,易 MI 电 年,,55 th21 qD b121 np 21,failed,0.00,4,高 比 一 地 落,落 高 比 地 面,UNKNOWN,扫描 OCR + IPA 锚点版面解析（四行对照） | 整理日期 2026-09,medium
SANGJIAJING-P0519-L-04,SANGJIAJING,519,L,4,日 易 电,ab ⁵⁵ bi²¹ tu³³ th³³ li⁰³3,ab 55 br21 tu33 th.33 1033,ok,0.80,5,高 比 地 方 处,高比 地 面 上,UNKNOWN,扫描 OCR + IPA 锚点版面解析（四行对照） | 整理日期 2026-09,medium
SANGJIAJING-P0519-R-01,SANGJIAJING,519,R,1,分,1o²¹ bo²¹ zɒ tsw ³³ li⁰³1,1o21 bo21 ZD tsw 33 1031,suspect,0.75,4,劳 波 儿 对 成,波 成 一 对 劳,UNKNOWN,扫描 OCR + IPA 锚点版面解析（四行对照） | 整理日期 2026-09,medium
SANGJIAJING-P0519-R-02,SANGJIAJING,519,R,2,配,1p²¹ bo²¹ li⁰³1 2li³³,1p21 bo21 1031 2133,suspect,0.50,4,劳 波 去 吧 成,去 成 劳 波 吧,UNKNOWN,扫描 OCR + IPA 锚点版面解析（四行对照） | 整理日期 2026-09,medium
SANGJIAJING-P0519-R-03,SANGJIAJING,519,R,3,万 九 7儿L,kh³³ stb kurss ng³³,"kh,33 sTb kurss ng33",suspect,0.50,2,它 也 大 离 会,它 会 与 大 离,UNKNOWN,扫描 OCR + IPA 锚点版面解析（四行对照） | 整理日期 2026-09,medium
SANGJIAJING-P0519-R-04,SANGJIAJING,519,R,4,易 电 会,,55 qD br21 tD33,failed,0.33,3,高 比 高 地 起,从 高 起 身 比,UNKNOWN,扫描 OCR + IPA 锚点版面解析（四行对照） | 整理日期 2026-09,medium
SANGJIAJING-P0519-R-05,SANGJIAJING,519,R,5,从 高 起 身 比,,"hp33 1o21 pu tce"" tsh;33",failed,0.33,3,郝 罗 山 上 到,到 郝 罗 山 上②,UNKNOWN,扫描 OCR + IPA 锚点版面解析（四行对照） | 整理日期 2026-09,medium
SANGJIAJING-P0520-L-01,SANGJIAJING,520,L,1,,bɒ2l tce³³ hɒ³³ li⁰³1 pur ³³ h³³,bp²l tce3 hp33 1031 pur 33 h33,suspect,0.60,5,郝 罗 山 坡 上,郝 罗 半 山 上,UNKNOWN,扫描 OCR + IPA 锚点版面解析（四行对照） | 整理日期 2026-09,medium
SANGJIAJING-P0520-L-02,SANGJIAJING,520,L,2,包 铁 口,niss tshi2i lu³³ tsu ³³,niss tshi2i lu33 tsu 33,suspect,0.50,2,泥 土 墙 做 垒,泥 土 垒 做 墙,UNKNOWN,扫描 OCR + IPA 锚点版面解析（四行对照） | 整理日期 2026-09,medium
SANGJIAJING-P0520-L-03,SANGJIAJING,520,L,3,?,·li⁰⁴4 pu zi³³ tshi³³ noss,·1044 pu zi33 tshi33 noss,suspect,0.50,4,石 翻 柱 脚 垫,压骤 石 垫 柱 脚,UNKNOWN,扫描 OCR + IPA 锚点版面解析（四行对照） | 整理日期 2026-09,medium
SANGJIAJING-P0520-L-04,SANGJIAJING,520,L,4,# 住 U,tsiss dlɒ³³ tsi³³ yo ³¹ mp ³³,tsiss dlp33 tsi33 yo 31 mp 33,suspect,0.50,4,支 召 资 窝 玛,支 资 窝 玛 召,UNKNOWN,扫描 OCR + IPA 锚点版面解析（四行对照） | 整理日期 2026-09,medium
SANGJIAJING-P0520-R-01,SANGJIAJING,520,R,1,西 电介,fu³³ bi²¹ tsh³³ tur³³ mi³³,fu33 b121 tsh:33 tur33 m133,ok,0.80,5,夫 比 方 地 到,到 夫 比 地 面,UNKNOWN,扫描 OCR + IPA 锚点版面解析（四行对照） | 整理日期 2026-09,medium
SANGJIAJING-P0520-R-02,SANGJIAJING,520,R,2,3 半 九4,,"siss kw33 tsh,33 1p21",failed,0.33,3,金 马 牛 九十,金 九 马 牛,UNKNOWN,扫描 OCR + IPA 锚点版面解析（四行对照） | 整理日期 2026-09,medium
SANGJIAJING-P0520-R-03,SANGJIAJING,520,R,3,3= 专 3=,si³³ si³³ 1p²¹ 1p²¹ be³³,si33 si33 1p21 1p21  be33,suspect,0.60,5,牵 牵 牛 牛 根,藤木 根牵黄牛,UNKNOWN,扫描 OCR + IPA 锚点版面解析（四行对照） | 整理日期 2026-09,medium
SANGJIAJING-P0521-L-01,SANGJIAJING,521,L,1,SSS 3= 茶,,t4i44 t4i44 1D21 mG 33 tsD 33,failed,0.20,5,缠 缠 劳 额 条,拴 牛 劳 额 藤,UNKNOWN,扫描 OCR + IPA 锚点版面解析（四行对照） | 整理日期 2026-09,medium
SANGJIAJING-P0521-L-02,SANGJIAJING,521,L,2,茶 专 %,,1D21 33 1p21 si33 44 mG tce,failed,0.33,6,劳 额 牛 牵 绳,劳 额 牵 牛 绳,UNKNOWN,扫描 OCR + IPA 锚点版面解析（四行对照） | 整理日期 2026-09,medium
SANGJIAJING-P0521-L-03,SANGJIAJING,521,L,3,专 20,iɒ²¹ si³³ ip²¹ mu ³³,ID21 si33 Ip21 mu 33,ok,1.00,4,牛 牵 牛 走 做,牵 牛 行 去 出,UNKNOWN,扫描 OCR + IPA 锚点版面解析（四行对照） | 整理日期 2026-09,medium
SANGJIAJING-P0521-L-04,SANGJIAJING,521,L,4,子 田 天,mu²¹ mp ²¹ ɒ ³¹ ni ³³ tsh³³,mu21 mp 21 D$ 31 ni 33 tsh33,suspect,0.60,5,不 好 到 天 日,正 值 阴 雨 天,UNKNOWN,扫描 OCR + IPA 锚点版面解析（四行对照） | 整理日期 2026-09,medium
SANGJIAJING-P0521-L-05,SANGJIAJING,521,L,5,U 西 3=,hɒ³³ ³³ su²¹ tshi³³ mp,hp33 33 su²1 tsh133 mp,suspect,0.60,5,雨 水 下,雨水 刷 刷 下,UNKNOWN,扫描 OCR + IPA 锚点版面解析（四行对照） | 整理日期 2026-09,medium
SANGJIAJING-P0521-R-01,SANGJIAJING,521,R,1,X 子 正 W,tshi²¹ mu²¹ ʊɒ²¹ tchi³³ tsi³³,tshi21 mu²1 VD21 tch133 tsi33,ok,0.80,5,雪米 冬 天 细,冬 天 细 米 雪,UNKNOWN,扫描 OCR + IPA 锚点版面解析（四行对照） | 整理日期 2026-09,medium
SANGJIAJING-P0521-R-02,SANGJIAJING,521,R,2,正 W 3=,,"21 tch33 21 VD"""" 15i33 ms su²!",failed,0.33,6,雪 米 细 沙 沙,细 米 雪 沙 沙,UNKNOWN,扫描 OCR + IPA 锚点版面解析（四行对照） | 整理日期 2026-09,medium
SANGJIAJING-P0521-R-03,SANGJIAJING,521,R,3,3=,,ms 21 ms 21 S033 z.133 dlD33,failed,0.40,5,沙 沙 长 水 成,沙 水 沙 雪 化,UNKNOWN,扫描 OCR + IPA 锚点版面解析（四行对照） | 整理日期 2026-09,medium
SANGJIAJING-P0521-R-04,SANGJIAJING,521,R,4,沙 水 沙 雪 化,dlɒ³³ ce ⁴⁴ m1 tsh³³ ²¹,dlp33 ce 44 m1 tsh;33 21,suspect,0.50,4,大 到 成 汉 地,大 者 至 汉 地,UNKNOWN,扫描 OCR + IPA 锚点版面解析（四行对照） | 整理日期 2026-09,medium
SANGJIAJING-P0521-R-05,SANGJIAJING,521,R,5,住 企,⁴⁴ dlɒ³³ ni²¹ tsi³³ ce m³³,44 dlp33 ni²1 tsi33 ce m33,ok,0.80,5,汉 旁 彝 接 地,汉 与彝地连,UNKNOWN,扫描 OCR + IPA 锚点版面解析（四行对照） | 整理日期 2026-09,medium
SANGJIAJING-P0522-L-01,SANGJIAJING,522,L,1,# 住 U,,dlp 33 33 tsiss yo mp,failed,0.00,3,支 召 资 窝 玛,支 召 资 窝 玛,UNKNOWN,扫描 OCR + IPA 锚点版面解析（四行对照） | 整理日期 2026-09,medium
SANGJIAJING-P0522-L-02,SANGJIAJING,522,L,2,Dz 企 电 日,ni²¹ ce4 ⁴⁴ m1 ³³ tur³³ li⁰³3,ni21 Ce4 44 m1 33 tur33 1033,ok,0.80,5,彝 汉 地 方 处,彝 汉 交 界 地,UNKNOWN,扫描 OCR + IPA 锚点版面解析（四行对照） | 整理日期 2026-09,medium
SANGJIAJING-P0522-L-03,SANGJIAJING,522,L,3,口 庄,tsi³³ lu³³ vi¹⁴,tsi33 lu33 vi14,ok,1.00,3,棵 上 花 朵 开,树 上 花 朵 开,UNKNOWN,扫描 OCR + IPA 锚点版面解析（四行对照） | 整理日期 2026-09,medium
SANGJIAJING-P0522-L-04,SANGJIAJING,522,L,4,田 U 田,,mD 21 vi33 33 dy31 mp,failed,0.40,5,不 开 果 不 结,不 开 不 结 果,UNKNOWN,扫描 OCR + IPA 锚点版面解析（四行对照） | 整理日期 2026-09,medium
SANGJIAJING-P0522-L-05,SANGJIAJING,522,L,5,不 开 不 结 果,li³³ 1n³³ li⁰³1 1ɒ³³ li⁰³1,133 1n33 1031 1D33 1031,suspect,0.60,5,成 来 啊 成 来,赶 快 来 成 吧,UNKNOWN,扫描 OCR + IPA 锚点版面解析（四行对照） | 整理日期 2026-09,medium
SANGJIAJING-P0522-R-01,SANGJIAJING,522,R,1,光 平u 子 Z,kho²¹ si³³ nu³³,kho21 si33 nu33,ok,1.00,3,柯 兴 诗 斯 奴,柯 兴 诗 斯 奴,UNKNOWN,扫描 OCR + IPA 锚点版面解析（四行对照） | 整理日期 2026-09,medium
SANGJIAJING-P0522-R-02,SANGJIAJING,522,R,2,效 飞 WI,a²¹ siss yu2 thi²¹ ni³³,A21 siss yu² th121 ni33,suspect,0.67,3,从 前 前 日 一,从 前 之 时 日,UNKNOWN,扫描 OCR + IPA 锚点版面解析（四行对照） | 整理日期 2026-09,medium
SANGJIAJING-P0522-R-03,SANGJIAJING,522,R,3,目,,th33 nu thp21 yur²1 t$033,failed,0.25,4,过去 你 在 时,过 去 你 活 时,UNKNOWN,扫描 OCR + IPA 锚点版面解析（四行对照） | 整理日期 2026-09,medium
SANGJIAJING-P0522-R-04,SANGJIAJING,522,R,4,目 fAz,ni²¹ nu³³ li⁰³3 qo²¹,ni21 nu33 1$033 qo21,ok,1.00,4,你 在 顺 耕 牛,活 时 顺 耕 牛,UNKNOWN,扫描 OCR + IPA 锚点版面解析（四行对照） | 整理日期 2026-09,medium
SANGJIAJING-P0523-L-01,SANGJIAJING,523,L,1,目 3 Z 去,,t$033 duss Iez! SD33,failed,0.00,2,你 在 舒 播 牛,活 时 舒 播 牛,UNKNOWN,扫描 OCR + IPA 锚点版面解析（四行对照） | 整理日期 2026-09,medium
SANGJIAJING-P0523-L-02,SANGJIAJING,523,L,2,科 专,li⁰⁶ de²¹ si³³ qho²¹ 1i³³,106 de21 si33 qho21 1i33,ok,0.80,5,轰 打 主 灰 尘,打 场 扬 灰 尘国,UNKNOWN,扫描 OCR + IPA 锚点版面解析（四行对照） | 整理日期 2026-09,medium
SANGJIAJING-P0523-L-03,SANGJIAJING,523,L,3,Z4 子 又,a²¹ ³³ si³³ ne nu³³ tɒss,A21 33 si33 ne nu33 tDss,suspect,0.60,5,在 现 你 死 搁,现 在 你 死 亡,UNKNOWN,扫描 OCR + IPA 锚点版面解析（四行对照） | 整理日期 2026-09,medium
SANGJIAJING-P0523-L-04,SANGJIAJING,523,L,4,公会 X Z,tsiss zi³³ tɒ³³,tsiss Z.133 tD33,suspect,0.50,2,起 独 水 大 蹭,独自 大水,UNKNOWN,扫描 OCR + IPA 锚点版面解析（四行对照） | 整理日期 2026-09,medium
SANGJIAJING-P0523-R-01,SANGJIAJING,523,R,1,小 弯,du²¹ mi³³ nu³³ ⁴⁰³³ ni2l,du²1 m133 nu33 4033 ni2l,suspect,0.60,5,阳 间 你 奠 牛,阳 间 祭 奠 牛,UNKNOWN,扫描 OCR + IPA 锚点版面解析（四行对照） | 整理日期 2026-09,medium
SANGJIAJING-P0523-R-02,SANGJIAJING,523,R,2,弯 众,li³³ li⁰³3 ɒi2li³³ dzi³³ li⁰³1,133 1033 Di213 dz133 1031,ok,0.80,5,奠 牛 根 成 来,成 祭 奠 你 牛,UNKNOWN,扫描 OCR + IPA 锚点版面解析（四行对照） | 整理日期 2026-09,medium
SANGJIAJING-P0523-R-03,SANGJIAJING,523,R,3,不 去 灶 3=,zi³³ di²¹ du²¹ lu³³ lur³³,"z,133 d121 du²1 lu33 lur33",ok,1.00,5,去 的 想 在 在,你 心 正 想 去,UNKNOWN,扫描 OCR + IPA 锚点版面解析（四行对照） | 整理日期 2026-09,medium
SANGJIAJING-P0523-R-04,SANGJIAJING,523,R,4,日 N. WI 亏,⁵⁵ li⁰³3 tsh³³ thi²¹ ad nj³³,55 1033 tsh;33 th121 ad nj33,suspect,0.60,5,阴 处 到 一 日,到 阴 间 之 日,UNKNOWN,扫描 OCR + IPA 锚点版面解析（四行对照） | 整理日期 2026-09,medium
SANGJIAJING-P0523-R-05,SANGJIAJING,523,R,5,号 用,thi²¹ ni³³ si⁵⁵ s be²¹ surs,th121 ni33 si5s be21 sur's,ok,1.00,5,一 日 草 三 捆,日 三 捆 草,UNKNOWN,扫描 OCR + IPA 锚点版面解析（四行对照） | 整理日期 2026-09,medium
SANGJIAJING-P0524-L-01,SANGJIAJING,524,L,1,用 5十,thi²¹ be²¹ tu⁴⁴ s sus,thi21 be21 tu44 S su's,ok,1.00,4,一 捆 草 三 把,一 捆 草 三 把,UNKNOWN,扫描 OCR + IPA 锚点版面解析（四行对照） | 整理日期 2026-09,medium
SANGJIAJING-P0524-L-02,SANGJIAJING,524,L,2,十 用 IM,,55 siss th21 ms tu4 be21,failed,0.33,3,三 把 草 一 捆,三 把 一 捆 草,UNKNOWN,扫描 OCR + IPA 锚点版面解析（四行对照） | 整理日期 2026-09,medium
SANGJIAJING-P0524-L-03,SANGJIAJING,524,L,3,万,nu³³ khi³³ zi³³ khi³³ khpss,nu33 kh133 zi33 kh133khpss,ok,0.80,5,你 那 样 它靠,如 此 饲 养 它,UNKNOWN,扫描 OCR + IPA 锚点版面解析（四行对照） | 整理日期 2026-09,medium
SANGJIAJING-P0524-L-04,SANGJIAJING,524,L,4,希不 柔 配,,"kh,33 zi33 khDs no 55",failed,0.33,3,那 样 靠 去 吧,如 此 去 靠 它,UNKNOWN,扫描 OCR + IPA 锚点版面解析（四行对照） | 整理日期 2026-09,medium
SANGJIAJING-P0524-L-05,SANGJIAJING,524,L,5,万 万当斋,khi³³ zi³³ khi³³ q ɒ³³ khɒ⁵⁵,kh133 zi33 kh133 q”D3khD55,ok,1.00,5,那 样 它 若靠,若此般靠它,UNKNOWN,扫描 OCR + IPA 锚点版面解析（四行对照） | 整理日期 2026-09,medium
SANGJIAJING-P0524-R-01,SANGJIAJING,524,R,1,与,,sms q031 ni2i tsh133 ZD?1,failed,0.33,3,下 三 年 儿 二,三 年 下 两 崽,UNKNOWN,扫描 OCR + IPA 锚点版面解析（四行对照） | 整理日期 2026-09,medium
SANGJIAJING-P0524-R-02,SANGJIAJING,524,R,2,亚u #,phe³³ thɒ²¹ tsiss zi³³,phe33 thD21 tsiss z133,suspect,0.67,3,夏 季 露 水 灰,水 夏 日 灰 露,UNKNOWN,扫描 OCR + IPA 锚点版面解析（四行对照） | 整理日期 2026-09,medium
SANGJIAJING-P0524-R-03,SANGJIAJING,524,R,3,# #,,1p33 tsiss 1D33 dl33 tsi's,failed,0.25,4,露 了 降 露 了,露 水 连 连 降,UNKNOWN,扫描 OCR + IPA 锚点版面解析（四行对照） | 整理日期 2026-09,medium
SANGJIAJING-P0524-R-04,SANGJIAJING,524,R,4,4 住 Q 企,dlɒ³³ tsi³³ mi³³,dlD33 tsi33 m133,ok,1.00,3,大 迎 汉 地 旁,汉 界迎大者,UNKNOWN,扫描 OCR + IPA 锚点版面解析（四行对照） | 整理日期 2026-09,medium
SANGJIAJING-P0525-L-01,SANGJIAJING,525,L,1,Q,⁴⁴ mi³³ tu³³ tsh³³,44 m133 tu33 tsh:33,suspect,0.50,4,旁 方 到 汉 地,来 到 汉 地 界,UNKNOWN,扫描 OCR + IPA 锚点版面解析（四行对照） | 整理日期 2026-09,medium
SANGJIAJING-P0525-L-02,SANGJIAJING,525,L,2,# 住 U,,dlp33 31 33 tsi33 yo mD,failed,0.40,5,支 召 资 窝 玛,支 召 资 窝 玛,UNKNOWN,扫描 OCR + IPA 锚点版面解析（四行对照） | 整理日期 2026-09,medium
SANGJIAJING-P0525-L-03,SANGJIAJING,525,L,3,田 Z 日,mɒ²¹ li⁰³1 si³³ li⁰³3 li⁰³1,mp21 1031 si33 1033 1031,ok,1.00,5,不 成 别人 处 成,成 物 不 成 一,UNKNOWN,扫描 OCR + IPA 锚点版面解析（四行对照） | 整理日期 2026-09,medium
SANGJIAJING-P0525-L-04,SANGJIAJING,525,L,4,开 A,kur3 4u³³ bi²¹ dzu³³ li⁰³1,kur3 4u33 b1²1 dzu33 1031,suspect,0.75,4,自 白 成 给 双,成 一 对 祭 牲,UNKNOWN,扫描 OCR + IPA 锚点版面解析（四行对照） | 整理日期 2026-09,medium
SANGJIAJING-P0525-R-01,SANGJIAJING,525,R,1,四,yu²¹ th³³ nu³³ t⁰³3 thɒ²¹,yu²1 th33 nu33 t$033 thp21,suspect,0.60,5,从 前 你 在 时,从 前 你 活 时,UNKNOWN,扫描 OCR + IPA 锚点版面解析（四行对照） | 整理日期 2026-09,medium
SANGJIAJING-P0525-R-02,SANGJIAJING,525,R,2,Z4 目,,nu33 tS033 V@33 tess mu,failed,0.25,4,你 在 客 待 牲,庆 牲 典 待 客,UNKNOWN,扫描 OCR + IPA 锚点版面解析（四行对照） | 整理日期 2026-09,medium
SANGJIAJING-P0525-R-03,SANGJIAJING,525,R,3,田 π,a²¹ 3g ³³ mp ²¹ dzi²¹,A21 3G 33 mp 21 dzi21,suspect,0.50,4,在 你 不 幸 现,现 在 你 亡 故,UNKNOWN,扫描 OCR + IPA 锚点版面解析（四行对照） | 整理日期 2026-09,medium
SANGJIAJING-P0526-L-01,SANGJIAJING,526,L,1,小,du²¹ mi³³ ny³³,du21 m133 ny33,suspect,0.67,3,阳 间 你 渥 日,阳 间 之 渥 日,UNKNOWN,扫描 OCR + IPA 锚点版面解析（四行对照） | 整理日期 2026-09,medium
SANGJIAJING-P0526-L-02,SANGJIAJING,526,L,2,①,,du3 khDss vu33 !2 nu33,failed,0.33,3,渥 日 你 处 靠,渥 日 你 依 靠,UNKNOWN,扫描 OCR + IPA 锚点版面解析（四行对照） | 整理日期 2026-09,medium
SANGJIAJING-P0526-L-03,SANGJIAJING,526,L,3,日,⁵⁵ li⁰³3 qɒ³³ tsh³³ zi³³ nɒ,55 1033 qD33 tsh;33 zi33 nD,suspect,0.67,6,阴 处 若 到 呢,若到 “了 阴 间,UNKNOWN,扫描 OCR + IPA 锚点版面解析（四行对照） | 整理日期 2026-09,medium
SANGJIAJING-P0526-R-01,SANGJIAJING,526,R,1,九,³³ ni³³ hɒ³³ ni³³ ⁰⁶ ng³³,33 ni33 hp33 ni33 06 ng33,suspect,0.50,6,雨 天 晴 天 也,无 论 阴 晴 日,UNKNOWN,扫描 OCR + IPA 锚点版面解析（四行对照） | 整理日期 2026-09,medium
SANGJIAJING-P0526-R-02,SANGJIAJING,526,R,2,号 5果 面,kha³¹ thi²¹ ni³³ phe³¹,kha31 th121 ni33 phe31,ok,1.00,4,日 叶 三 扛 一,一 日 三 扛 叶,UNKNOWN,扫描 OCR + IPA 锚点版面解析（四行对照） | 整理日期 2026-09,medium
SANGJIAJING-P0526-R-03,SANGJIAJING,526,R,3,万 万 3,,"kh,33 zi33 kh,33 as 55 2133",failed,0.40,5,那 样 它 喂 去,如 此 饲 养,UNKNOWN,扫描 OCR + IPA 锚点版面解析（四行对照） | 整理日期 2026-09,medium
SANGJIAJING-P0526-R-04,SANGJIAJING,526,R,4,万 配,khi³³ zi³³ tsɒss 2li³³,kh133 zi33 tsDSs 2133,suspect,0.67,3,那 样 喂 去 吧,如 此 喂去 吧,UNKNOWN,扫描 OCR + IPA 锚点版面解析（四行对照） | 整理日期 2026-09,medium
SANGJIAJING-P0527-L-01,SANGJIAJING,527,L,1,分,khi³³ zi³³ yɒ ³³ ab h³³ tsɒs,kh133 zi33 YD 33 ab h33 tsD's,ok,1.00,5,若 喂 那 样 得,若 得 如 此 喂,UNKNOWN,扫描 OCR + IPA 锚点版面解析（四行对照） | 整理日期 2026-09,medium
SANGJIAJING-P0527-L-02,SANGJIAJING,527,L,2,分,,"th21 qh031 th121 tsh,33 ZD1",failed,0.40,5,一 年 儿 一 下,年 下 一 崽,UNKNOWN,扫描 OCR + IPA 锚点版面解析（四行对照） | 整理日期 2026-09,medium
SANGJIAJING-P0527-L-03,SANGJIAJING,527,L,3,万 丑 与,khi³³ ne1 nu bi²¹ di³¹,kh133 ne1 nu b1²1 di31,suspect,0.67,3,它 佳 你 给 能,你 牲 可 为 添,UNKNOWN,扫描 OCR + IPA 锚点版面解析（四行对照） | 整理日期 2026-09,medium
SANGJIAJING-P0527-L-04,SANGJIAJING,527,L,4,目 雨,li³³ 1ɒss thɒ²¹ nu³³ t⁰³3,"1,33 1Dss thp21 nu33 t$033",suspect,0.50,4,你 来 在 着 时,你活着之 时,UNKNOWN,扫描 OCR + IPA 锚点版面解析（四行对照） | 整理日期 2026-09,medium
SANGJIAJING-P0527-R-01,SANGJIAJING,527,R,1,分 安 政,nu³³ ³³ tess mu ²¹ yɒ,nu3 33 tess mu 21 YD,suspect,0.50,4,你 牲 的 客 待,是 你 待 客 牲,UNKNOWN,扫描 OCR + IPA 锚点版面解析（四行对照） | 整理日期 2026-09,medium
SANGJIAJING-P0527-R-02,SANGJIAJING,527,R,2,分 全,,33 1e21 de44 mw 21 ny33 yD,failed,0.33,6,你 的 狮 起 牲,你 的 舞 狮 牲,UNKNOWN,扫描 OCR + IPA 锚点版面解析（四行对照） | 整理日期 2026-09,medium
SANGJIAJING-P0527-R-03,SANGJIAJING,527,R,3,Z4 分 工,nu³³ yɒ ³³ tsi³³ mu ²¹,nu33 yD 33 ts133 mu 21,ok,1.00,4,你 的 襄 旁 牲,你 襄 牲 的 祭,UNKNOWN,扫描 OCR + IPA 锚点版面解析（四行对照） | 整理日期 2026-09,medium
SANGJIAJING-P0527-R-04,SANGJIAJING,527,R,4,金 77 Z,li²⁰6 de²¹ si³³ qho²¹ 1i³³,1206 de21 si33 qho21 1i33,ok,0.80,5,轰 打 主 灰 尘,打 场 起 灰 尘,UNKNOWN,扫描 OCR + IPA 锚点版面解析（四行对照） | 整理日期 2026-09,medium
SANGJIAJING-P0527-R-05,SANGJIAJING,527,R,5,GZ,,bu21 p1ss qo214D33 4031,failed,0.33,3,虫 子 灰 土 裹,虫 子裹灰 尘,UNKNOWN,扫描 OCR + IPA 锚点版面解析（四行对照） | 整理日期 2026-09,medium
SANGJIAJING-P0528-L-01,SANGJIAJING,528,L,1,田,a²¹ ³³ nu ³³ ²¹ dzi²¹ mp,A21 33 nu 33 21 dzi21 mp,suspect,0.50,6,现 在 你 不 幸,现 在 你 亡 故,UNKNOWN,扫描 OCR + IPA 锚点版面解析（四行对照） | 整理日期 2026-09,medium
SANGJIAJING-P0528-L-02,SANGJIAJING,528,L,2,小 企 不,du²¹ mi³³ nu ³³ vu³³,du21 m133 nu 33 vu33,ok,1.00,4,阳 间 你 渥 日,阳 间 渥 日 牲,UNKNOWN,扫描 OCR + IPA 锚点版面解析（四行对照） | 整理日期 2026-09,medium
SANGJIAJING-P0528-L-03,SANGJIAJING,528,L,3,7 W,,si44 mx 44 niss tsess gu²1,failed,0.33,3,木 犁 铁 口 接,木 犁 接 铁 铧,UNKNOWN,扫描 OCR + IPA 锚点版面解析（四行对照） | 整理日期 2026-09,medium
SANGJIAJING-P0528-L-04,SANGJIAJING,528,L,4,口 WI 亏,thi²¹ thi²¹ ni³³ li⁰³3,thi21 th121 ni33 1033,ok,1.00,4,阴 处 到 一 日,到 阴间 之 日,UNKNOWN,扫描 OCR + IPA 锚点版面解析（四行对照） | 整理日期 2026-09,medium
SANGJIAJING-P0528-R-01,SANGJIAJING,528,R,1,企 用,⁵⁵ siss phe³¹ dle³³ np mi³³,55 siss phe31 dle33 np m133,suspect,0.50,4,阴 间 草 叶 多,阴 间 草 木 多,UNKNOWN,扫描 OCR + IPA 锚点版面解析（四行对照） | 整理日期 2026-09,medium
SANGJIAJING-P0528-R-02,SANGJIAJING,528,R,2,用 W 7,i⁴⁴ phe³¹ ci³¹ ⁴⁴ ni ɒs,i44 phe31 ci31 44 ni' DS,ok,0.80,5,草 绿 叶 新 鲜,草 绿 木 叶 鲜,UNKNOWN,扫描 OCR + IPA 锚点版面解析（四行对照） | 整理日期 2026-09,medium
SANGJIAJING-P0528-R-03,SANGJIAJING,528,R,3,hI 亏 用,,th21 ni33 siss tch121,failed,0.33,3,一 日 草 三 口,草 一 日 三 口,UNKNOWN,扫描 OCR + IPA 锚点版面解析（四行对照） | 整理日期 2026-09,medium
SANGJIAJING-P0528-R-04,SANGJIAJING,528,R,4,# WL 40,si⁵⁵ phe³¹ ci³¹ li0 s ni4,si55 phe31 ci31 10-s ni4,suspect,0.75,4,草 绿 牧 叶 新,放 牧 绿 草 山,UNKNOWN,扫描 OCR + IPA 锚点版面解析（四行对照） | 整理日期 2026-09,medium
SANGJIAJING-P0528-R-05,SANGJIAJING,528,R,5,万 万,kh³³ zi³³ khi³³ zj³³ li⁰⁵ s,"kh,33 zi33 kh133 z,j33 105s",suspect,0.50,6,那 样 它 牧 去,那 样去牧 它,UNKNOWN,扫描 OCR + IPA 锚点版面解析（四行对照） | 整理日期 2026-09,medium
SANGJIAJING-P0529-L-01,SANGJIAJING,529,L,1,万 配,kh³³ zi³³ li⁰⁵5,kh33 zi33 10.55,suspect,0.67,3,那 样 牧 去 吧,那 样 去 牧 吧,UNKNOWN,扫描 OCR + IPA 锚点版面解析（四行对照） | 整理日期 2026-09,medium
SANGJIAJING-P0529-L-02,SANGJIAJING,529,L,2,万,khi³³ zi³³ khi³³ qɒ³³ li⁰⁵5,kh133 zi33 kh133 qD33 1055,ok,1.00,5,那 样 若 牧 它,若 能 那 样 牧,UNKNOWN,扫描 OCR + IPA 锚点版面解析（四行对照） | 整理日期 2026-09,medium
SANGJIAJING-P0529-L-03,SANGJIAJING,529,L,3,WI 与 tz,,"th21 q”031ZD² ni21 tsh,33",failed,0.00,4,一 年 儿 二 下,年 下 两 崽 一,UNKNOWN,扫描 OCR + IPA 锚点版面解析（四行对照） | 整理日期 2026-09,medium
SANGJIAJING-P0529-R-01,SANGJIAJING,529,R,1,去 去 W 3=,ci³¹ ne ³³ ne ³³ ci³¹ ge³¹,ci31 ne 33 ne 33 ci31 ge31,ok,1.00,5,美味 美味 新 新 赶,春 找 美 食 青,UNKNOWN,扫描 OCR + IPA 锚点版面解析（四行对照） | 整理日期 2026-09,medium
SANGJIAJING-P0529-R-02,SANGJIAJING,529,R,2,春 找 美 食 青,qe³¹ 1ɒ³³ qe³¹ 1ɒ³³,qe31 1D33 qe31 1D33,suspect,0.50,4,赶 赶 了 走 了,边 找 “边 行 走,UNKNOWN,扫描 OCR + IPA 锚点版面解析（四行对照） | 整理日期 2026-09,medium
SANGJIAJING-P0529-R-03,SANGJIAJING,529,R,3,4 企,,44 44 tsh:33 88 ce m133,failed,0.00,5,大 走 汉 地 到,大 者 到 汉 地,UNKNOWN,扫描 OCR + IPA 锚点版面解析（四行对照） | 整理日期 2026-09,medium
SANGJIAJING-P0529-R-04,SANGJIAJING,529,R,4,Dz 介,ce ⁴⁴ m1 ³³ tsi³³ mi³³,ce 44 m1 33 tsi33 m133,suspect,0.75,4,汉 地 葬 近 地,彝 界 处 汉 交,UNKNOWN,扫描 OCR + IPA 锚点版面解析（四行对照） | 整理日期 2026-09,medium
SANGJIAJING-P0529-R-05,SANGJIAJING,529,R,5,#,,tsiss 1p33 tsiss 1D33 dlp33,failed,0.33,3,前 了 前 了 成,先 前 成 一 物,UNKNOWN,扫描 OCR + IPA 锚点版面解析（四行对照） | 整理日期 2026-09,medium
SANGJIAJING-P0530-L-01,SANGJIAJING,530,L,1,分 8,niu³³ dzi³³ thi²¹ tsu ³³,niu33 dz133 thi21 tsu 33,ok,1.00,4,猪 旁 儿 一 对,成 一 对 小 猪,UNKNOWN,扫描 OCR + IPA 锚点版面解析（四行对照） | 整理日期 2026-09,medium
SANGJIAJING-P0530-L-02,SANGJIAJING,530,L,2,田 π 雨,mɒ²¹ dzi²¹ t⁰³3 thɒ²¹,mp²1 dzi21 t$033 thp21,suspect,0.75,4,时 不 幸 你 在,亡 者 你 活 时,UNKNOWN,扫描 OCR + IPA 锚点版面解析（四行对照） | 整理日期 2026-09,medium
SANGJIAJING-P0530-L-03,SANGJIAJING,530,L,3,飞 安 晏,,V133 21 nu33 V033 tess mu,failed,0.20,5,你 家 客 待 牲,你 家 待 客 牲,UNKNOWN,扫描 OCR + IPA 锚点版面解析（四行对照） | 整理日期 2026-09,medium
SANGJIAJING-P0530-L-04,SANGJIAJING,530,L,4,弯 晏,lu²¹ li⁰³3 kh³³ mu²¹ zw ²¹,lu21 1033 kh33 mu²1 zw 21,suspect,0.60,5,龙 祭 它 牲 使,牲 用 作 祭 龙,UNKNOWN,扫描 OCR + IPA 锚点版面解析（四行对照） | 整理日期 2026-09,medium
SANGJIAJING-P0530-L-05,SANGJIAJING,530,L,5,田 π,a²¹ ɒe³³ nu ³³ mɒ²¹ dzi²¹,A21 De33 nu 33 mp21 dzi21,ok,1.00,5,现 在 你 不 幸,现 在 你 亡 故,UNKNOWN,扫描 OCR + IPA 锚点版面解析（四行对照） | 整理日期 2026-09,medium
SANGJIAJING-P0530-R-01,SANGJIAJING,530,R,1,日 WI 天,⁵⁵ li⁰³3 tshi³³ thi²¹ ni³³ np,55 1033 tshi33 th121 ni33 np,suspect,0.67,6,阴 处 到 一 日,到 阴 间 之 日,UNKNOWN,扫描 OCR + IPA 锚点版面解析（四行对照） | 整理日期 2026-09,medium
SANGJIAJING-P0530-R-02,SANGJIAJING,530,R,2,700,si²¹ ni4 ⁰²1 dzi³¹,si21 ni4 $021 dzi31,ok,1.00,3,菜 七 菜 全 绿,喂 所 有 绿 菜,UNKNOWN,扫描 OCR + IPA 锚点版面解析（四行对照） | 整理日期 2026-09,medium
SANGJIAJING-P0530-R-03,SANGJIAJING,530,R,3,WI 天,,th21 ni33 tchg21 su fa44,failed,0.25,4,日 糠 三 槽 一,日 三 槽 糠,UNKNOWN,扫描 OCR + IPA 锚点版面解析（四行对照） | 整理日期 2026-09,medium
SANGJIAJING-P0531-L-01,SANGJIAJING,531,L,1,万 万,khi³³ 2i³³ khi³³ as ⁵⁵ 2li³³,kh133 2i33 kh133 as 55 2133,suspect,0.60,5,那 样 它 喂 去,那 样 去 喂 它,UNKNOWN,扫描 OCR + IPA 锚点版面解析（四行对照） | 整理日期 2026-09,medium
SANGJIAJING-P0531-L-02,SANGJIAJING,531,L,2,万 配,kh³³ zi³³ zi³³ tsɒs ɒos,"kh,33 zi33 z,133 tsD's Dos",suspect,0.50,4,那 样 喂 去 吧,那 样 去 喂 吧,UNKNOWN,扫描 OCR + IPA 锚点版面解析（四行对照） | 整理日期 2026-09,medium
SANGJIAJING-P0531-L-03,SANGJIAJING,531,L,3,万 分 3,khi³³ yɒ ³³ ab h³³ as ⁵⁵,kh133 yD 33 ab h33 as 55,ok,1.00,4,那 样 得 若 喂,若 能 那 样 喂,UNKNOWN,扫描 OCR + IPA 锚点版面解析（四行对照） | 整理日期 2026-09,medium
SANGJIAJING-P0531-L-04,SANGJIAJING,531,L,4,WI 与,thi²¹ q⁰³1 zɒ2 ni²¹ tsɒ³³,th121 q031 ZD² ni21 tsp33,suspect,0.50,4,一 年 儿 二 窝,一 年 二 窝 崽,UNKNOWN,扫描 OCR + IPA 锚点版面解析（四行对照） | 整理日期 2026-09,medium
SANGJIAJING-P0531-L-05,SANGJIAJING,531,L,5,万 开 Z4 与,kh3 ²¹ bi²¹ di²¹ ny³³,"kh,3 21 b121 dr21 ny33",suspect,0.50,4,它 佳 你 给 能,能 给 你 添 畜,UNKNOWN,扫描 OCR + IPA 锚点版面解析（四行对照） | 整理日期 2026-09,medium
SANGJIAJING-P0531-R-01,SANGJIAJING,531,R,1,WL 的,tsh⁰³1 si²¹ gi³¹ qe³¹,tsh031  si21 Gi31 qe31,suspect,0.75,4,行 走 新 赶 去,启 程 去 找 新,UNKNOWN,扫描 OCR + IPA 锚点版面解析（四行对照） | 整理日期 2026-09,medium
SANGJIAJING-P0531-R-02,SANGJIAJING,531,R,2,启 程 去 找 新,,pultsu 33 VD pu33 VD21,failed,0.00,3,鸡 公 鸡 母 对,一 对 公 母 司品 鸡,UNKNOWN,扫描 OCR + IPA 锚点版面解析（四行对照） | 整理日期 2026-09,medium
SANGJIAJING-P0531-R-03,SANGJIAJING,531,R,3,田 π 目 雨,tɒ²¹ mɒ²¹ dzi²¹ to,tD21 mp21 dzi21 t$o*,ok,1.00,4,不 幸 你 在 时,亡 者 你 活 时,UNKNOWN,扫描 OCR + IPA 锚点版面解析（四行对照） | 整理日期 2026-09,medium
SANGJIAJING-P0531-R-04,SANGJIAJING,531,R,4,飞,,nu33 V133 VD21 pu3 mw 21,failed,0.40,5,你 家 鸡 叫 牲,你 家 打 鸣 鸡,UNKNOWN,扫描 OCR + IPA 锚点版面解析（四行对照） | 整理日期 2026-09,medium
SANGJIAJING-P0531-R-05,SANGJIAJING,531,R,5,每 O,,4D33 44 mu 21 mu33 m,failed,0.40,5,孽 做 魂 叫 牲,驱 孽 招 魂 牲,UNKNOWN,扫描 OCR + IPA 锚点版面解析（四行对照） | 整理日期 2026-09,medium
SANGJIAJING-P0532-L-01,SANGJIAJING,532,L,1,田 π,²¹ a²¹ 3g ³³ nu ³³ mp dzi²¹,21 A21 3G 33 nu 33 mp dzi21,suspect,0.60,5,现 在 你 不 幸,现 在 你 亡 故,UNKNOWN,扫描 OCR + IPA 锚点版面解析（四行对照） | 整理日期 2026-09,medium
SANGJIAJING-P0532-L-02,SANGJIAJING,532,L,2,Z4 田 π 口,nu³³ mɒ²¹ dzi²¹ ni³³ li⁰³3,nu33 mp21 dzi21 ni33 1033,ok,1.00,5,处 你 不 幸 日,你 亡 故 N 日,UNKNOWN,扫描 OCR + IPA 锚点版面解析（四行对照） | 整理日期 2026-09,medium
SANGJIAJING-P0532-L-03,SANGJIAJING,532,L,3,7 m,,Ve21 si44 kh33 diss m121,failed,0.25,4,棺 木 那 四 块,棺 木 四 块 板,UNKNOWN,扫描 OCR + IPA 锚点版面解析（四行对照） | 整理日期 2026-09,medium
SANGJIAJING-P0532-L-04,SANGJIAJING,532,L,4,W 日 分,qu²¹ qu²¹ y⁰³1 yɒ ³³ li⁰³3,"qu21 q""u21 Y031 yD 33 1033",ok,0.80,5,棺 口 际 的 处,棺 材 N 沿 口,UNKNOWN,扫描 OCR + IPA 锚点版面解析（四行对照） | 整理日期 2026-09,medium
SANGJIAJING-P0532-R-01,SANGJIAJING,532,R,1,W 单,b hyss tsɒ ³³ mb ³³ mu ²¹,#b hyss tsD 33 mb 33 mu 21,suspect,0.67,3,棺 站 粮 捡 牲,鸡 棺 头 啄 食,UNKNOWN,扫描 OCR + IPA 锚点版面解析（四行对照） | 整理日期 2026-09,medium
SANGJIAJING-P0532-R-02,SANGJIAJING,532,R,2,W ZV,qu²¹ the³¹ dzi³³ s mu li⁰³1,qu21 the31 dz13s mu 1031,suspect,0.75,4,棺抬根 牲 成,成 为 葬 棺 鸡,UNKNOWN,扫描 OCR + IPA 锚点版面解析（四行对照） | 整理日期 2026-09,medium
SANGJIAJING-P0532-R-03,SANGJIAJING,532,R,3,WI,kho²¹ si³³ th²¹ ɛelg ²⁰4,kho21 si33 th21 Eelg 2.04,suspect,0.75,4,柯 兴 诗 一 人,柯 兴 诗 N 人,UNKNOWN,扫描 OCR + IPA 锚点版面解析（四行对照） | 整理日期 2026-09,medium
SANGJIAJING-P0532-R-04,SANGJIAJING,532,R,4,田 3=,nu³³ noss lu²¹ lu²¹ mu2,nu33 noSs lu²1 lu²1 mu2,suspect,0.75,4,你 要 样 样 牲,禽畜 你 要,UNKNOWN,扫描 OCR + IPA 锚点版面解析（四行对照） | 整理日期 2026-09,medium
SANGJIAJING-P0533-L-01,SANGJIAJING,533,L,1,W 小 企 司 ZZ,,33 9021 du2i m133 ku dlur33,failed,0.00,4,棺 挖 地 里 装,棺 埋 人 地 下,UNKNOWN,扫描 OCR + IPA 锚点版面解析（四行对照） | 整理日期 2026-09,medium
SANGJIAJING-P0533-L-02,SANGJIAJING,533,L,2,棺 埋 人 地 下,nu ness mi³³ ne ⁴⁴ ness,nu ness m133 ne 44 ness,suspect,0.67,3,你 失 地 黑 失,你 失 黑 地 里,UNKNOWN,扫描 OCR + IPA 锚点版面解析（四行对照） | 整理日期 2026-09,medium
SANGJIAJING-P0533-L-03,SANGJIAJING,533,L,3,介,⁵⁵ mi³³ qɒ³³ tsh³³ zi³³ np,55 m133 qD33 tsh33 zi33 np,suspect,0.50,6,阴 间 若 到 呢,若 到 达 阴 间,UNKNOWN,扫描 OCR + IPA 锚点版面解析（四行对照） | 整理日期 2026-09,medium
SANGJIAJING-P0533-R-01,SANGJIAJING,533,R,1,nI 亏 面 十,th²¹ ni³³ si²¹ surs tu4,th21 ni33 si21 sur's tu4,suspect,0.50,4,粒 把 一 日 三,一 日 三 把 食,UNKNOWN,扫描 OCR + IPA 锚点版面解析（四行对照） | 整理日期 2026-09,medium
SANGJIAJING-P0533-R-02,SANGJIAJING,533,R,2,万 万 3,,"kh,33 zi33 kh,33",failed,0.33,3,那 样 它 喂 去,那 样 去 喂 它,UNKNOWN,扫描 OCR + IPA 锚点版面解析（四行对照） | 整理日期 2026-09,medium
SANGJIAJING-P0533-R-03,SANGJIAJING,533,R,3,万 3 配,kh³³ zi³³ tsɒs zi³³ nos,"kh,33 zi33 tSD's z,133 nos",suspect,0.50,4,那 样 喂 去 吧,那 样 去 喂 吧,UNKNOWN,扫描 OCR + IPA 锚点版面解析（四行对照） | 整理日期 2026-09,medium
SANGJIAJING-P0533-R-04,SANGJIAJING,533,R,4,万,,"kh,33 zi33 kh33 qD33 n55",failed,0.40,5,那 样 若 喂 它,若 能 那 样 喂,UNKNOWN,扫描 OCR + IPA 锚点版面解析（四行对照） | 整理日期 2026-09,medium
SANGJIAJING-P0534-L-01,SANGJIAJING,534,L,1,O 分,thi²¹ 4ɒ³³ zɒ²¹ thi²¹ tsp ³³,th121 4D33 ZD21 th121 tsp 33,suspect,0.60,5,月 儿 一 窝 一,一 月 一 窝,UNKNOWN,扫描 OCR + IPA 锚点版面解析（四行对照） | 整理日期 2026-09,medium
SANGJIAJING-P0534-L-02,SANGJIAJING,534,L,2,万 开 分 与,,kh33 33 di31 3G nu33 yD,failed,0.40,5,它 佳 你 得 能,能 为 你 添 禽,UNKNOWN,扫描 OCR + IPA 锚点版面解析（四行对照） | 整理日期 2026-09,medium
SANGJIAJING-P0534-L-03,SANGJIAJING,534,L,3,W 每 W %,,luur's mu lur's XD 33,failed,0.00,1,喜 的 喜 过 去,欢 子 乐 过 日,UNKNOWN,扫描 OCR + IPA 锚点版面解析（四行对照） | 整理日期 2026-09,medium
SANGJIAJING-P0534-L-04,SANGJIAJING,534,L,4,w 每 W,,lur's mu33 lurss kp33 z.133,failed,0.33,3,喜 的 喜 过 去,快 乐 地 生 活,UNKNOWN,扫描 OCR + IPA 锚点版面解析（四行对照） | 整理日期 2026-09,medium
SANGJIAJING-P0534-L-05,SANGJIAJING,534,L,5,光 u 子 Z Z4,kho²¹ si³³ si³³ gi³³ nu³³,kho21 si33 si33 G133 nu33,ok,1.00,5,柯 兴 诗 斯 奴,柯兴 诗斯 奴,UNKNOWN,扫描 OCR + IPA 锚点版面解析（四行对照） | 整理日期 2026-09,medium
SANGJIAJING-P0534-R-01,SANGJIAJING,534,R,1,7= 勿,du²¹ pu³³ zɒ2 ²¹ xu⁴⁴ q⁰²1,du21 pu33 ZD² 21 xu44 q021,ok,0.80,5,德 布 儿 湖 口,德 布 居 湖 口,UNKNOWN,扫描 OCR + IPA 锚点版面解析（四行对照） | 整理日期 2026-09,medium
SANGJIAJING-P0534-R-02,SANGJIAJING,534,R,2,九 4 O,,e1 q031 ne 33 4D33,failed,0.33,3,大 年 与 大 繁殖,大 年 大 繁 殖,UNKNOWN,扫描 OCR + IPA 锚点版面解析（四行对照） | 整理日期 2026-09,medium
SANGJIAJING-P0534-R-03,SANGJIAJING,534,R,3,开 日,thi1 dzi²¹ nu³³ li⁰³3 bi²¹,th11 dzi21 nu33 1033 b121,suspect,0.75,4,一 章 你 处 给,章 诵 与 你,UNKNOWN,扫描 OCR + IPA 锚点版面解析（四行对照） | 整理日期 2026-09,medium
SANGJIAJING-P0539-L-01,SANGJIAJING,539,L,1,罗面子张,tshi²¹ su³³ zi⁵⁵ s mi³³ mu2i,tshi21 su33 Zi5s mi33 mu²i,ok,0.80,5,亡者夜天残 夜,天崩之丧夜,UNKNOWN,扫描 OCR + IPA 锚点版面解析（四行对照） | 整理日期 2026-09,medium
SANGJIAJING-P0539-L-02,SANGJIAJING,539,L,2,九公,siss tsh³³ ⁰³3 pu ⁴⁴ iɒ³³,siss tsh33 $033 pu 44 ID33,suspect,0.75,4,经 牛 了 冏下,逐页诵经文,UNKNOWN,扫描 OCR + IPA 锚点版面解析（四行对照） | 整理日期 2026-09,medium
SANGJIAJING-P0539-R-01,SANGJIAJING,539,R,1,万与,s⁰³ tsho1 kh³³ ni²¹ dzi²¹,s03 tsho1 kh33 ni21 dzi21,suspect,0.50,4,诵伴那 二 官,诵经两 毕 摩,UNKNOWN,扫描 OCR + IPA 锚点版面解析（四行对照） | 整理日期 2026-09,medium
SANGJIAJING-P0539-R-02,SANGJIAJING,539,R,2,诵经两 毕 摩,bu2tcha³³ dzwxu²¹ xu2,bu²tcha3dzwxu²1 xu²,suspect,0.67,3,肩膀齐崭崭,并肩端而立,UNKNOWN,扫描 OCR + IPA 锚点版面解析（四行对照） | 整理日期 2026-09,medium
SANGJIAJING-P0540-L-01,SANGJIAJING,540,L,1,面,phɒ³³ nu le³¹ sw ⁵⁵ dur2,phD33 nu le31 sw 55 dur²!,suspect,0.50,4,女 手 布 三 匹,孝 女 三 匹 布,UNKNOWN,扫描 OCR + IPA 锚点版面解析（四行对照） | 整理日期 2026-09,medium
SANGJIAJING-P0540-L-02,SANGJIAJING,540,L,2,4 7水1 众,pɒ h³³ 4u³³ le³¹ dzi³³ do²¹,"p""D h33 4u33 le31 dz,133 do21",ok,0.80,5,布 冏白 手 伸 量,手 臂量 量 白 布③,UNKNOWN,扫描 OCR + IPA 锚点版面解析（四行对照） | 整理日期 2026-09,medium
SANGJIAJING-P0540-L-03,SANGJIAJING,540,L,3,7开73 每 7L,,dzi²r dzi21 mu tshi44 eemb,failed,0.33,3,章 章 做 完 绝,盛 礼 行 完 仪,UNKNOWN,扫描 OCR + IPA 锚点版面解析（四行对照） | 整理日期 2026-09,medium
SANGJIAJING-P0540-L-04,SANGJIAJING,540,L,4,田 # 田 # 每,²¹ mp tsi³³ mɒ²¹ tsi³³ mu³³,21 mp ts133 mD21 ts133 mu33,ok,0.80,5,不 剩 不 剩 的,尽 量 无 余 漏,UNKNOWN,扫描 OCR + IPA 锚点版面解析（四行对照） | 整理日期 2026-09,medium
SANGJIAJING-P0540-R-01,SANGJIAJING,540,R,1,W Z 了 日,,si33 31 lur's V33 yo 1033,failed,0.25,4,勒 娓 死 处 处,勒 娓 之 丧 仪,UNKNOWN,扫描 OCR + IPA 锚点版面解析（四行对照） | 整理日期 2026-09,medium
SANGJIAJING-P0540-R-02,SANGJIAJING,540,R,2,WL 7开 #,si³³ th²¹ dzi²¹,si33 th21 dz.i21,suspect,0.67,3,死 睡 — 章 剩,缺 “亡 魂 人 眠”,UNKNOWN,扫描 OCR + IPA 锚点版面解析（四行对照） | 整理日期 2026-09,medium
SANGJIAJING-P0540-R-03,SANGJIAJING,540,R,3,7开 # 天,thi²¹ dzi²¹ tsi³³ 1p³³ tɒss,th121 dzi21 ts133 1p33 tDSs,ok,0.80,5,一 章 剩 了 摘,尚 未 行 该 仪,UNKNOWN,扫描 OCR + IPA 锚点版面解析（四行对照） | 整理日期 2026-09,medium
SANGJIAJING-P0540-R-04,SANGJIAJING,540,R,4,74 子 开,kho²¹ si³³ ²¹ 3g ny³³,kho21 si33 21 3G ny33,suspect,0.50,4,柯 兴 诗 安 奴,柯 兴 诗 安 奴,UNKNOWN,扫描 OCR + IPA 锚点版面解析（四行对照） | 整理日期 2026-09,medium
SANGJIAJING-P0540-R-05,SANGJIAJING,540,R,5,飞E # Z,si³³ a²¹ bo³³ dzi³¹,si33 A21 bo33 dzi31,ok,1.00,4,没 有 前 吃 主,亡 饭 故 吃 阴,UNKNOWN,扫描 OCR + IPA 锚点版面解析（四行对照） | 整理日期 2026-09,medium
SANGJIAJING-P0541-L-01,SANGJIAJING,541,L,1,,dzi³¹ dzɒ²¹ u2tch³³ 4u³³,dzi31 dzp²1u²tch33 4u33,suspect,0.50,4,前 吃 你 米 白,阴 间 吃 白 米,UNKNOWN,扫描 OCR + IPA 锚点版面解析（四行对照） | 整理日期 2026-09,medium
SANGJIAJING-P0541-L-02,SANGJIAJING,541,L,2,专每 女,,h21 mu 33 np 33 1h33 1D33,failed,0.20,5,清醒 的 听 来 啊,聪 醒 来 听 诵,UNKNOWN,扫描 OCR + IPA 锚点版面解析（四行对照） | 整理日期 2026-09,medium
SANGJIAJING-P0541-L-03,SANGJIAJING,541,L,3,每 不,ad ³³ mu ³³ nu ³³ bi²¹ si²¹,ad 33 mu 33 nu 33 b121 S121,ok,1.00,5,我 做 你 给 再,我 再 诵 与 你,UNKNOWN,扫描 OCR + IPA 锚点版面解析（四行对照） | 整理日期 2026-09,medium
SANGJIAJING-P0541-L-04,SANGJIAJING,541,L,4,π Z 分 4,,kurss dzi21 ZD zae,failed,0.00,2,格 资 他 儿 大,格 资 N 长 子0,UNKNOWN,扫描 OCR + IPA 锚点版面解析（四行对照） | 整理日期 2026-09,medium
SANGJIAJING-P0541-L-05,SANGJIAJING,541,L,5,m 科,,thg33 mx 44 1iss de21,failed,0.00,3,铁 柱 四 根 打,柱 锤 打 四 铁,UNKNOWN,扫描 OCR + IPA 锚点版面解析（四行对照） | 整理日期 2026-09,medium
SANGJIAJING-P0541-R-01,SANGJIAJING,541,R,1,甘 ? Z 4,dɒ²¹ fuss si³³ nu ³³,dp21 fuss si3 nu 33,suspect,0.67,3,岛 弗 他 女 大,岛 弗 N 长,UNKNOWN,扫描 OCR + IPA 锚点版面解析（四行对照） | 整理日期 2026-09,medium
SANGJIAJING-P0541-R-02,SANGJIAJING,541,R,2,田 目 正,,mp 21 t3033 dzo21 qD 33 1D33,failed,0.40,5,没 有 值 因 啊,值 身 空 无 物?,UNKNOWN,扫描 OCR + IPA 锚点版面解析（四行对照） | 整理日期 2026-09,medium
SANGJIAJING-P0541-R-03,SANGJIAJING,541,R,3,7开7 国,dzi2 t tce ⁴⁴ tce ⁴⁴,dzi2 t tce 44 tce 44,suspect,0.50,2,铜 绳 响 绳 拿,带 上 铜 链 子,UNKNOWN,扫描 OCR + IPA 锚点版面解析（四行对照） | 整理日期 2026-09,medium
SANGJIAJING-P0541-R-04,SANGJIAJING,541,R,4,田 亏 电 九 号,²¹ ni³³ ³³ ni³³ mɒ tu³³ ne,21 ni33 33 ni33 mD tu33 ne,suspect,0.50,6,不 坐 地 也 坐,到 屋 基 地,UNKNOWN,扫描 OCR + IPA 锚点版面解析（四行对照） | 整理日期 2026-09,medium
SANGJIAJING-P0542-L-01,SANGJIAJING,542,L,1,,,A to 3 to,failed,0.00,1,4u33 he33 $i33 he33 ku33,银 房 金 房 造,UNKNOWN,扫描 OCR + IPA 锚点版面解析（四行对照） | 整理日期 2026-09,medium
SANGJIAJING-P0542-L-02,SANGJIAJING,542,L,2,A to 3 to,4u³³ he³³ i³³ he³³ ku³³,4u33 he33 $i33 he33 ku33,ok,0.80,5,银 房 金 房 造,建 造 金 银 屋,UNKNOWN,扫描 OCR + IPA 锚点版面解析（四行对照） | 整理日期 2026-09,medium
SANGJIAJING-P0542-L-03,SANGJIAJING,542,L,3,开t女o 国 tQ,dzi²¹ hg³³ 3g ³³ he³³ ku³³,dzi21 hg33 3G 33 he33 ku33,suspect,0.60,5,铜 房 响 房 造,建 造 铜 房 屋,UNKNOWN,扫描 OCR + IPA 锚点版面解析（四行对照） | 整理日期 2026-09,medium
SANGJIAJING-P0542-L-04,SANGJIAJING,542,L,4,70 女采 to,tshi³³ he³³ kha⁴⁴ he³³ ku³³,tshi33 he33 kha44 he33 ku33,ok,1.00,5,枪 房 锡 房 造,建造 屋 锡 易房,UNKNOWN,扫描 OCR + IPA 锚点版面解析（四行对照） | 整理日期 2026-09,medium
SANGJIAJING-P0542-R-01,SANGJIAJING,542,R,1,.tQ 7- to,niss he³³ si⁴⁴ he³³ ku³³,niss he33 si44 he33 ku33,suspect,0.75,4,土 房 木 房 造,建 造 土 木 房,UNKNOWN,扫描 OCR + IPA 锚点版面解析（四行对照） | 整理日期 2026-09,medium
SANGJIAJING-P0542-R-02,SANGJIAJING,542,R,2,700 子,si²¹ mu²¹ pu ³³ ab ³³ ku³³,si21 mu²1 pu 33 ab 33 ku33,ok,1.00,5,七 天 界 门 内,天 地 两 界 间,UNKNOWN,扫描 OCR + IPA 锚点版面解析（四行对照） | 整理日期 2026-09,medium
SANGJIAJING-P0542-R-03,SANGJIAJING,542,R,3,tQ tQ,,hg33 ku33 hg33,failed,0.33,3,房 造 房 成 时,有 房 屋 N 初,UNKNOWN,扫描 OCR + IPA 锚点版面解析（四行对照） | 整理日期 2026-09,medium
SANGJIAJING-P0542-R-04,SANGJIAJING,542,R,4,九 企 与 百,mu²¹ ng³³ mi³³ ni²¹ ty4,mu²1 ng33 m133 ni21 ty4,suspect,0.60,5,天 与 地 两 层,天 地 分 两 界,UNKNOWN,扫描 OCR + IPA 锚点版面解析（四行对照） | 整理日期 2026-09,medium
SANGJIAJING-P0543-L-01,SANGJIAJING,543,L,1,牡子 不,mu²¹ thi²¹ xu²¹ tch³¹ t4u⁴⁴,mu²1 th121 xu21 tch:31 t4u44,suspect,0.60,5,人 天 一 次 黑,地 界 一 人 夜,UNKNOWN,扫描 OCR + IPA 锚点版面解析（四行对照） | 整理日期 2026-09,medium
SANGJIAJING-P0543-L-02,SANGJIAJING,543,L,2,ZZ 飞E 日 勿 3=,he³¹ bɒ²¹ li⁰³3 nɒ2 ²¹ nɒ²¹,he31 bp21 1033 np² 21 np²1,ok,1.00,5,八 方 静 悄 悄,悄 八 方 静 悄,UNKNOWN,扫描 OCR + IPA 锚点版面解析（四行对照） | 整理日期 2026-09,medium
SANGJIAJING-P0543-L-03,SANGJIAJING,543,L,3,3 日,te³³ si³³ md ³³ qe li⁰³3,te33 si33 md 33 qe 1033,suspect,0.50,4,黄 山 坡 处 云,云 霞 天 际 处,UNKNOWN,扫描 OCR + IPA 锚点版面解析（四行对照） | 整理日期 2026-09,medium
SANGJIAJING-P0543-L-04,SANGJIAJING,543,L,4,九 号,ku dzi2lthu²¹ zi³¹ mu,"ku"" dzi²lthu²1 zi31 mu",suspect,0.67,3,格 资 同 蜷 睡,格 资 息 蜷 睡,UNKNOWN,扫描 OCR + IPA 锚点版面解析（四行对照） | 整理日期 2026-09,medium
SANGJIAJING-P0543-L-05,SANGJIAJING,543,L,5,了 日,ne⁴⁴ md ³³ mu³³ li0 ³³,ne44 md 33 mu33 10 33,suspect,0.75,4,黑 云 山 高 处,黑 云天 际 处,UNKNOWN,扫描 OCR + IPA 锚点版面解析（四行对照） | 整理日期 2026-09,medium
SANGJIAJING-P0543-R-01,SANGJIAJING,543,R,1,田 π 日 号,dzi²¹ ⁵⁵ zi³¹ noss li⁰²1 mu,dzi21 55 zi31 noss 1021 mu,suspect,0.60,5,猴 司 够 蜷 睡,猴 神 累 蜷 睡,UNKNOWN,扫描 OCR + IPA 锚点版面解析（四行对照） | 整理日期 2026-09,medium
SANGJIAJING-P0543-R-02,SANGJIAJING,543,R,2,π 号,zi³¹ 4i³³ dzi²¹ hass mu ⁵⁵,zi31 4i33 dzi21 hass mu 55,suspect,0.50,4,风 司 哈欠 蜷 睡,风 神 哈 欠 睡,UNKNOWN,扫描 OCR + IPA 锚点版面解析（四行对照） | 整理日期 2026-09,medium
SANGJIAJING-P0543-R-03,SANGJIAJING,543,R,3,4 π 46 九 号,dzi²¹ mx nae ³³,dzi21 mx nae 33,ok,1.00,2,人 司 舅 也 睡,尊 者 舅 也 睡,UNKNOWN,扫描 OCR + IPA 锚点版面解析（四行对照） | 整理日期 2026-09,medium
SANGJIAJING-P0543-R-04,SANGJIAJING,543,R,4,中 3百 不 号,si³³ tsho³¹ p1 ³³ zi³³,si33 tsho31 p1 33 zi33,suspect,0.75,4,果 诗搓 毕摩 睡,果 诗 毕 摩 睡,UNKNOWN,扫描 OCR + IPA 锚点版面解析（四行对照） | 整理日期 2026-09,medium
SANGJIAJING-P0543-R-05,SANGJIAJING,543,R,5,子 九企 与 百,ni²¹ mu²¹ ng³³ mi³³ ty4,ni21 mu21 ng33 m133 ty4,suspect,0.60,5,天 与 地 两 层,天 地 两 界 间,UNKNOWN,扫描 OCR + IPA 锚点版面解析（四行对照） | 整理日期 2026-09,medium
SANGJIAJING-P0544-L-01,SANGJIAJING,544,L,1,Z4 号 五 200,,si21 t4u4 zi31 ku? hp33,failed,0.33,3,人 睡 九 百 姓,人 间 九 百 姓,UNKNOWN,扫描 OCR + IPA 锚点版面解析（四行对照） | 整理日期 2026-09,medium
SANGJIAJING-P0544-L-02,SANGJIAJING,544,L,2,3= 7L 田 号,zi²¹ tshi⁴⁴ lur2l lu²¹ mb ³³,zi21 tshi44 lur²l lu²1 mb 33,suspect,0.50,4,个 个 睡 完 绝,世 人 皆 人 睡,UNKNOWN,扫描 OCR + IPA 锚点版面解析（四行对照） | 整理日期 2026-09,medium
SANGJIAJING-P0544-L-03,SANGJIAJING,544,L,3,号 田 号,³³ zi³¹ su ³³ mp ²¹ zi³¹ sw,33 zi31 su 33 mp 21 Zi31 sw,suspect,0.50,6,深夜 睡 深夜 不 睡,深 夜 不 人 眠,UNKNOWN,扫描 OCR + IPA 锚点版面解析（四行对照） | 整理日期 2026-09,medium
SANGJIAJING-P0544-L-04,SANGJIAJING,544,L,4,司 田 号,²¹ ku³³ nu³³ mɒ,21 ku33 nu33 mD,suspect,0.75,4,深夜 里 你 不 眠,深 夜 你 不 眠,UNKNOWN,扫描 OCR + IPA 锚点版面解析（四行对照） | 整理日期 2026-09,medium
SANGJIAJING-P0544-L-05,SANGJIAJING,544,L,5,74 子 日,,mu ccob 33 3.91 h33 1033 G133,failed,0.40,5,夏 季 里 上 间,季天 夏 时 面,UNKNOWN,扫描 OCR + IPA 锚点版面解析（四行对照） | 整理日期 2026-09,medium
SANGJIAJING-P0544-R-01,SANGJIAJING,544,R,1,效 企 田 号,zi1 a³³ mi³³ 1p³³ mɒ²¹,zi'1 A33 m133 1p33 mD21,suspect,0.50,4,什 么 呢 不 睡,什 么 不 睡 觉,UNKNOWN,扫描 OCR + IPA 锚点版面解析（四行对照） | 整理日期 2026-09,medium
SANGJIAJING-P0544-R-02,SANGJIAJING,544,R,2,Z4 号 X 闲 亏,nu ³³ zi³¹ tsiss thɒ²¹ ni³³,nu 33 zi31 tsiss thp21 ni33,suspect,0.75,4,你 睡 独 莫 坐,莫 独 坐 不 睡,UNKNOWN,扫描 OCR + IPA 锚点版面解析（四行对照） | 整理日期 2026-09,medium
SANGJIAJING-P0544-R-03,SANGJIAJING,544,R,3,Z Z 分 A 3=,si³³ si⁵⁵ s ²¹ yɒ np nɒs,si33 si5s 21 YD np nD's,suspect,0.50,4,像 别人 力 歇 歇,应 如 众 者 歇,UNKNOWN,扫描 OCR + IPA 锚点版面解析（四行对照） | 整理日期 2026-09,medium
SANGJIAJING-P0544-R-04,SANGJIAJING,544,R,4,nI 号 2 九,th²¹ ps ⁴⁴ li³¹ ne ³³,th21 ps 44 li31 ne 33,suspect,0.50,4,一 下 睡 来 吧,快 觉 来 睡 一,UNKNOWN,扫描 OCR + IPA 锚点版面解析（四行对照） | 整理日期 2026-09,medium
SANGJIAJING-P0545-L-01,SANGJIAJING,545,L,1,O 飞 光,,tshi21 4D33 33 nd,failed,0.25,4,冬 三 月 当 中,冬 季 三 月 间,UNKNOWN,扫描 OCR + IPA 锚点版面解析（四行对照） | 整理日期 2026-09,medium
SANGJIAJING-P0545-L-02,SANGJIAJING,545,L,2,效 日 田 号,a³³ 2i²¹ mi³³ li⁰³3 mp ²¹,A33 2i21 m133 1033 mp 21,suspect,0.60,5,什 么 呢 不 睡,什 么 不 睡 觉,UNKNOWN,扫描 OCR + IPA 锚点版面解析（四行对照） | 整理日期 2026-09,medium
SANGJIAJING-P0545-L-03,SANGJIAJING,545,L,3,九 Z 田 号 O,,4D33 ng33 si33 mp 21 zi31,failed,0.40,5,月 也 它 不 睡,月 亮 不 睡 觉,UNKNOWN,扫描 OCR + IPA 锚点版面解析（四行对照） | 整理日期 2026-09,medium
SANGJIAJING-P0545-L-04,SANGJIAJING,545,L,4,月 亮 不 睡 觉,wi zz 3,WI ZZ 3=,ok,1.00,1,th21 he31 bp33 lu33 lu3,夜 亮 晃 晃,UNKNOWN,扫描 OCR + IPA 锚点版面解析（四行对照） | 整理日期 2026-09,medium
SANGJIAJING-P0545-L-05,SANGJIAJING,545,L,5,WI ZZ 3=,th²¹ he³¹ bɒ³³ lu³³ lu³³,th21 he31 bp33 lu33 lu3,ok,0.80,5,夜 亮 晃 晃,夜 亮晃 晃,UNKNOWN,扫描 OCR + IPA 锚点版面解析（四行对照） | 整理日期 2026-09,medium
SANGJIAJING-P0545-R-01,SANGJIAJING,545,R,1,4 九 X ZZ 号,thu ⁴⁴ ne ³³ tsiss he³¹ nj3,thu 44 ne 33 tsiss he31 nj3,suspect,0.50,4,人 也 逢 睡 日,人 逢 睡 眠 时,UNKNOWN,扫描 OCR + IPA 锚点版面解析（四行对照） | 整理日期 2026-09,medium
SANGJIAJING-P0545-R-02,SANGJIAJING,545,R,2,4 4 去 号,,di21 re!z t4u4 mD33 t4u4,failed,0.33,3,人 每 人 的 睡,女 祖 亦 人 眠,UNKNOWN,扫描 OCR + IPA 锚点版面解析（四行对照） | 整理日期 2026-09,medium
SANGJIAJING-P0545-R-03,SANGJIAJING,545,R,3,4 效,t4u4 pɒ²¹ ttu⁴⁴ a²¹ 4e⁴⁴,t4u4 pD21 ttu44 A21 4e44,suspect,0.50,4,人 父 人 重 孙,男 祖 及 子 孙,UNKNOWN,扫描 OCR + IPA 锚点版面解析（四行对照） | 整理日期 2026-09,medium
SANGJIAJING-P0545-R-04,SANGJIAJING,545,R,4,Z4 Z4 效 m,t4u⁴⁴ mp t4u⁴⁴ a²¹ diss,t4u44 mp t4u44 A21 diss,suspect,0.50,4,人 母 人 孙 子,女 祖 及 子 孙,UNKNOWN,扫描 OCR + IPA 锚点版面解析（四行对照） | 整理日期 2026-09,medium
SANGJIAJING-P0546-L-01,SANGJIAJING,546,L,1,Z4 田 3= 号,,t4u4 lu²! lur21 zi31 3,failed,0.33,3,人 是 个 睡 个,世 人 皆 人 睡,UNKNOWN,扫描 OCR + IPA 锚点版面解析（四行对照） | 整理日期 2026-09,medium
SANGJIAJING-P0546-L-02,SANGJIAJING,546,L,2,如 田 号,,ienp ni4 ms 33 mp 21 zi31,failed,0.33,3,堵 尼 深夜 不 睡,堵 尼 夜 不 睡,UNKNOWN,扫描 OCR + IPA 锚点版面解析（四行对照） | 整理日期 2026-09,medium
SANGJIAJING-P0546-L-03,SANGJIAJING,546,L,3,亏 甘 用 3,ni³³ dɒ2r siss ³³ as,ni33 dp2r siss 33 as,suspect,0.67,3,白 天 草 找 守,白 天 藏 草 丛,UNKNOWN,扫描 OCR + IPA 锚点版面解析（四行对照） | 整理日期 2026-09,medium
SANGJIAJING-P0546-R-01,SANGJIAJING,546,R,1,面 甘 特,su ³³ dɒ²¹ kɒ³³ 4u³³ t tsho²¹,su 33 dp21 kD33 4u3t tsho²1,ok,0.80,5,夜 晚 路 白走,夜 间 到 处 游,UNKNOWN,扫描 OCR + IPA 锚点版面解析（四行对照） | 整理日期 2026-09,medium
SANGJIAJING-P0546-R-02,SANGJIAJING,546,R,2,子 田,mu ³³ ni³³ li⁰³1 mɒ²¹ khy³³,mu 33 ni33 1031 mp²1 khy33,ok,0.80,5,白 天 累 不 活力,白 天 无 神,UNKNOWN,扫描 OCR + IPA 锚点版面解析（四行对照） | 整理日期 2026-09,medium
SANGJIAJING-P0546-R-03,SANGJIAJING,546,R,3,Z4 亏,nu³³ ne4 ni2l thɒ²¹ ni³³,nu33 ne4 ni²l thD21 ni33,suspect,0.67,3,你 看 牛 莫 着,莫 与 牛 作 比,UNKNOWN,扫描 OCR + IPA 锚点版面解析（四行对照） | 整理日期 2026-09,medium
SANGJIAJING-P0546-R-04,SANGJIAJING,546,R,4,安 7 勿,bu²¹ dle⁴⁴ si⁴⁴ ²¹ zɒ,bu21 dle44 si44 21 ZD,ok,0.80,5,虫 觅食 树 小 头,虫 觅 食 树 梢,UNKNOWN,扫描 OCR + IPA 锚点版面解析（四行对照） | 整理日期 2026-09,medium
SANGJIAJING-P0547-L-01,SANGJIAJING,547,L,1,3 Z 两,si³³ dle⁴⁴ phe³³ tsh³³ h³³ ɒis,si33 dle44 phe33 tsh:33 h33 Di's,suspect,0.67,6,蛇 觅食 土 灰 脚,蛇 觅 食 泥 土,UNKNOWN,扫描 OCR + IPA 锚点版面解析（四行对照） | 整理日期 2026-09,medium
SANGJIAJING-P0547-L-02,SANGJIAJING,547,L,2,Z 3= 分 3=,si³³ si³³ ³³ ⁰³3 yɒ ⁰³3,si33 si33 33 $033 yD $0.33,suspect,0.60,5,别人 它 的 学 学,它 们 互 学 否,UNKNOWN,扫描 OCR + IPA 锚点版面解析（四行对照） | 整理日期 2026-09,medium
SANGJIAJING-P0547-L-03,SANGJIAJING,547,L,3,IU 号,th²¹ sa ⁴⁴ zi³¹ li³³ 1ɒ³³,th21 sa 44 Zi31 133 1D33,suspect,0.60,5,一 下 睡 来 吧,快 来 睡 一 觉,UNKNOWN,扫描 OCR + IPA 锚点版面解析（四行对照） | 整理日期 2026-09,medium
SANGJIAJING-P0547-L-04,SANGJIAJING,547,L,4,九 X ZZ 亏,,VD 21 33 tsiss he31 nj33 ne,failed,0.20,5,鸟 也 逢 睡 日,鸟 亦 逢 睡 时,UNKNOWN,扫描 OCR + IPA 锚点版面解析（四行对照） | 整理日期 2026-09,medium
SANGJIAJING-P0547-R-01,SANGJIAJING,547,R,1,π,,dzi21 t4ess ne 44 mp 33,failed,0.33,3,鸟 头领 鹰 黑 大,鹰 鸟 王 大 黑,UNKNOWN,扫描 OCR + IPA 锚点版面解析（四行对照） | 整理日期 2026-09,medium
SANGJIAJING-P0547-R-02,SANGJIAJING,547,R,2,田 3= 号 7L,lu²¹ lu2i 2i³¹ qu²³ tshi⁴⁴,lu²1 lu²i 2i31 qu²3 tshi44,suspect,0.75,4,完绝 个 个 睡,全 部 都 人 睡,UNKNOWN,扫描 OCR + IPA 锚点版面解析（四行对照） | 整理日期 2026-09,medium
SANGJIAJING-P0547-R-03,SANGJIAJING,547,R,3,学 田 号,m ʊɒ²¹ su ³³ zi³¹,m VD21 su 33 Zi31,suspect,0.67,3,蝙 蝠 夜 不 睡,蝙 蝠 夜 不 睡,UNKNOWN,扫描 OCR + IPA 锚点版面解析（四行对照） | 整理日期 2026-09,medium
SANGJIAJING-P0547-R-04,SANGJIAJING,547,R,4,亏 年 3,,np 33 fess as n33 Di33,failed,0.33,3,白 安逸 守 天 崖,白 天 藏 崖 洞,UNKNOWN,扫描 OCR + IPA 锚点版面解析（四行对照） | 整理日期 2026-09,medium
SANGJIAJING-P0548-L-01,SANGJIAJING,548,L,1,灶 九,,33 dle du²1 P ne33 ms,failed,0.25,4,觅食 深夜 想 的 也,夜间 去 觅 食,UNKNOWN,扫描 OCR + IPA 锚点版面解析（四行对照） | 整理日期 2026-09,medium
SANGJIAJING-P0548-L-02,SANGJIAJING,548,L,2,丑 面 号 每,si³³ nae ms ³³ 2i³¹ mu³³,si33 nae ms 33 2i31 mu33,suspect,0.75,4,死 善 深夜 睡 做,亡 魂 你 须 睡,UNKNOWN,扫描 OCR + IPA 锚点版面解析（四行对照） | 整理日期 2026-09,medium
SANGJIAJING-P0548-L-03,SANGJIAJING,548,L,3,号 Z 雨,nu³³ si³³ tɒ2 ne⁴⁴,nu33 si33 tp² ne44,suspect,0.67,3,你 睡 别人 莫 看,你 睡 莫 管 它,UNKNOWN,扫描 OCR + IPA 锚点版面解析（四行对照） | 整理日期 2026-09,medium
SANGJIAJING-P0548-L-04,SANGJIAJING,548,L,4,号 电开,,fess zi31 thD21 dzi2l tu33,failed,0.33,3,崖 睡 蜷 莫 要,睡 崖莫蜷 身,UNKNOWN,扫描 OCR + IPA 锚点版面解析（四行对照） | 整理日期 2026-09,medium
SANGJIAJING-P0548-R-01,SANGJIAJING,548,R,1,WI 号,,th21 44 133 1p33 sa,failed,0.40,5,一 下 睡 来 吧,快 来 睡 一 觉,UNKNOWN,扫描 OCR + IPA 锚点版面解析（四行对照） | 整理日期 2026-09,medium
SANGJIAJING-P0548-R-02,SANGJIAJING,548,R,2,婴 号 面 田 号,,ms 33 2i31 su 33 mD 21 2i31,failed,0.40,5,深夜 睡 深夜 不 睡,何 者 夜 不 睡,UNKNOWN,扫描 OCR + IPA 锚点版面解析（四行对照） | 整理日期 2026-09,medium
SANGJIAJING-P0548-R-03,SANGJIAJING,548,R,3,亏 九 X ZZ,si²¹ ne³³ tsiss he³¹ ni³³,si21 ne33 tsiss he31 ni33,suspect,0.75,4,果 也 逢 睡 日,树 果 逢 睡 时,UNKNOWN,扫描 OCR + IPA 锚点版面解析（四行对照） | 整理日期 2026-09,medium
SANGJIAJING-P0549-L-01,SANGJIAJING,549,L,1,同 茶,,si21 mw33 tho²1 33 4u33 m,failed,0.33,6,果 含 松 白 动,啄 果 松 树 动,UNKNOWN,扫描 OCR + IPA 锚点版面解析（四行对照） | 整理日期 2026-09,medium
SANGJIAJING-P0549-L-02,SANGJIAJING,549,L,2,易 A,au³³ si²¹ tho²¹ bi²¹,au3 si21 tho21 b121,ok,1.00,4,果 收 松 白 散,摘 果 松 果 落,UNKNOWN,扫描 OCR + IPA 锚点版面解析（四行对照） | 整理日期 2026-09,medium
SANGJIAJING-P0549-L-03,SANGJIAJING,549,L,3,田 3=,si²¹ si²¹ lur²¹ lu²¹,si21 si21 lur²1 lu²1,ok,1.00,4,果 是 果 个 个,所 有 N 松 子,UNKNOWN,扫描 OCR + IPA 锚点版面解析（四行对照） | 整理日期 2026-09,medium
SANGJIAJING-P0549-L-04,SANGJIAJING,549,L,4,号 田 号,su ³³ zi³¹ sw ³³ mp ²¹ zi³¹,su 33 zi31 sw 33 mp 21 Zi31,suspect,0.60,5,深夜 睡 深夜 不 睡,何 者 夜 不 睡,UNKNOWN,扫描 OCR + IPA 锚点版面解析（四行对照） | 整理日期 2026-09,medium
SANGJIAJING-P0549-R-01,SANGJIAJING,549,R,1,面 田 号,,55 21 zi21 1p21 ob sw 33 mp,failed,0.33,6,牛 野 深夜 不 睡,野 牛 夜 不 睡,UNKNOWN,扫描 OCR + IPA 锚点版面解析（四行对照） | 整理日期 2026-09,medium
SANGJIAJING-P0549-R-02,SANGJIAJING,549,R,2,日 ?,eayb tsh⁰⁴4 li⁰⁴4 tho³¹ li⁰³3,eayb tsh044 1044 tho31 1033,ok,1.00,4,石 粉 举蹄 处 落,蹄 落 砂 石 处,UNKNOWN,扫描 OCR + IPA 锚点版面解析（四行对照） | 整理日期 2026-09,medium
SANGJIAJING-P0549-R-03,SANGJIAJING,549,R,3,Y 日百,,fess kD33 du²i 1033 tsh044,failed,0.00,3,落 崖 过 洞 处,跌 崖 陷 落 洞,UNKNOWN,扫描 OCR + IPA 锚点版面解析（四行对照） | 整理日期 2026-09,medium
SANGJIAJING-P0550-L-01,SANGJIAJING,550,L,1,Z4 年廿70,,t4u44 np 21 qhu33thD21 tsh:33,failed,0.40,5,人 歇 迷 茫 莫,人 歇 莫 迷 茫,UNKNOWN,扫描 OCR + IPA 锚点版面解析（四行对照） | 整理日期 2026-09,medium
SANGJIAJING-P0550-L-02,SANGJIAJING,550,L,2,开 号,fess ty4 thɒ²¹ dzi²¹,"fess ty4 thp21 dz,i21",suspect,0.50,2,岩洞 睡 层 莫 粘染,睡 岩 莫 倒 时,UNKNOWN,扫描 OCR + IPA 锚点版面解析（四行对照） | 整理日期 2026-09,medium
SANGJIAJING-P0550-L-03,SANGJIAJING,550,L,3,ZZ 号 2,,thy21 TeIZ 1h33 1D33 he21,failed,0.25,4,一 夜 睡 来 吧,快 来 睡 觉 一,UNKNOWN,扫描 OCR + IPA 锚点版面解析（四行对照） | 整理日期 2026-09,medium
SANGJIAJING-P0550-R-01,SANGJIAJING,550,R,1,用 X ZZ 号,tsiss ne³³ he³¹ ni³³,tsiss ne33 he31 ni33,suspect,0.67,3,野鸡 逢 也 睡 日,野 鸡 逢 时 睡,UNKNOWN,扫描 OCR + IPA 锚点版面解析（四行对照） | 整理日期 2026-09,medium
SANGJIAJING-P0550-R-02,SANGJIAJING,550,R,2,田 号,,fess pu 33 ms 33 mp 21,failed,0.00,3,干 啼 深夜 不 睡,干 啼 夜 不 睡,UNKNOWN,扫描 OCR + IPA 锚点版面解析（四行对照） | 整理日期 2026-09,medium
SANGJIAJING-P0550-R-03,SANGJIAJING,550,R,3,Z,fess pu³³ si³³ fu³³ ³³ ne,fess pu3 si33 fu33 33 ne,suspect,0.60,5,干 啼 别人 夫 叫,替 它 夫 干 啼,UNKNOWN,扫描 OCR + IPA 锚点版面解析（四行对照） | 整理日期 2026-09,medium
SANGJIAJING-P0550-R-04,SANGJIAJING,550,R,4,7=,,fess du21 amb dzo21,failed,0.00,2,洞 口 崖 口 处,上 原 又 受 骗,UNKNOWN,扫描 OCR + IPA 锚点版面解析（四行对照） | 整理日期 2026-09,medium
SANGJIAJING-P0550-R-05,SANGJIAJING,550,R,5,3= 九 7,1i³³ li³³ li³³ nae ³³ si³¹,1i33 133 133 nae 33 si31,ok,0.80,5,风 来 来 也 渴,渴 凉 风 吹 也,UNKNOWN,扫描 OCR + IPA 锚点版面解析（四行对照） | 整理日期 2026-09,medium
SANGJIAJING-P0551-L-01,SANGJIAJING,551,L,1,田 2 九 7,li³³ si³¹ 1i³³ mɒ²¹ ne³³,133 si31 1i33 mp21 ne33,ok,0.80,5,风 不 来 也 渴,无 凉 风 更 渴,UNKNOWN,扫描 OCR + IPA 锚点版面解析（四行对照） | 整理日期 2026-09,medium
SANGJIAJING-P0551-L-02,SANGJIAJING,551,L,2,Z4 号 Z 闲 亏,zi³¹ tɒ²¹ ni³³ nu³³ si³³,zi31 tp21 ni33 nu33 si33,ok,1.00,5,你 睡 别人 莫 着,你 睡 莫 管 它,UNKNOWN,扫描 OCR + IPA 锚点版面解析（四行对照） | 整理日期 2026-09,medium
SANGJIAJING-P0551-L-03,SANGJIAJING,551,L,3,九 hI 号,,"th21 ps 44 1h33 ne"" 33",failed,0.25,4,下 睡 来 吧 一,快 来 睡 一 觉,UNKNOWN,扫描 OCR + IPA 锚点版面解析（四行对照） | 整理日期 2026-09,medium
SANGJIAJING-P0551-L-04,SANGJIAJING,551,L,4,面 号 面 田 号,³³ zi³¹ ³³ ²¹ zi³¹ ms s mɒ,33 zi31 33 21 zi31 ms s mD,suspect,0.50,6,深夜 睡 深夜 不 睡,何 者 夜 不 睡,UNKNOWN,扫描 OCR + IPA 锚点版面解析（四行对照） | 整理日期 2026-09,medium
SANGJIAJING-P0551-L-05,SANGJIAJING,551,L,5,九 X ZZ 号,zi³³ ni³³ tsiss he³¹,z.133 ni33 tsiss he31,suspect,0.67,3,水 也 逢 睡 日,水 逢该 睡 时,UNKNOWN,扫描 OCR + IPA 锚点版面解析（四行对照） | 整理日期 2026-09,medium
SANGJIAJING-P0551-R-01,SANGJIAJING,551,R,1,天 ? 面 日,ni³³ bu²¹ su ³³ li⁰³3 tsh³³,ni33 bu²1 su 33 1033 tsh:33,ok,0.80,5,日 流 夜 间 到,昼 夜 不 息 流,UNKNOWN,扫描 OCR + IPA 锚点版面解析（四行对照） | 整理日期 2026-09,medium
SANGJIAJING-P0551-R-02,SANGJIAJING,551,R,2,面 亏 日,ms ³³ bur²¹ ni³³ li⁰³3 tsh³³,ms 33 bur²1 ni33 1033 tsh:33,suspect,0.60,5,深夜 流 间 到 日,由 夜 流 到 昼,UNKNOWN,扫描 OCR + IPA 锚点版面解析（四行对照） | 整理日期 2026-09,medium
SANGJIAJING-P0551-R-03,SANGJIAJING,551,R,3,Z4 号 Z,nu ³³ zzi³¹ si³³ thɒ²¹ ne ⁴⁴,nu? 33 Zzi31 si33 thp21 ne 44,ok,1.00,5,你 睡 别人 莫 看,你 睡 莫 管 它,UNKNOWN,扫描 OCR + IPA 锚点版面解析（四行对照） | 整理日期 2026-09,medium
SANGJIAJING-P0551-R-04,SANGJIAJING,551,R,4,HI 号,,th21 44 zi31 133 ps 1D33,failed,0.40,5,一 下 睡 来 吧,快 来 睡 觉 一,UNKNOWN,扫描 OCR + IPA 锚点版面解析（四行对照） | 整理日期 2026-09,medium
SANGJIAJING-P0552-L-01,SANGJIAJING,552,L,1,4 九 Z ZZ 亏,si³³ ni³³ ty4u4 ne ³³ he³¹,si33 ni33 ty4u4 ne 33 he31,suspect,0.75,4,人 也 别人 睡 看,人 间 他 人 睡,UNKNOWN,扫描 OCR + IPA 锚点版面解析（四行对照） | 整理日期 2026-09,medium
SANGJIAJING-P0552-L-02,SANGJIAJING,552,L,2,Z4 国 田 3= 号,ttu ne ³³ lu²¹ lu²¹ zi1,ttu ne 33 lu²1 lu²1 zi1,suspect,0.75,4,人 是 个 个 睡,世 人 皆 人 睡,UNKNOWN,扫描 OCR + IPA 锚点版面解析（四行对照） | 整理日期 2026-09,medium
SANGJIAJING-P0552-L-03,SANGJIAJING,552,L,3,3 田 号,si³³ le³¹ ³³ zi³¹ sw mp,si33 le31 33 zi31 sw mp,suspect,0.60,5,守 灵 深夜 不 睡,守 灵 夜 不 睡,UNKNOWN,扫描 OCR + IPA 锚点版面解析（四行对照） | 整理日期 2026-09,medium
SANGJIAJING-P0552-L-04,SANGJIAJING,552,L,4,口 田,lurss le³¹ lu³³ mɒ²¹ khu⁴⁴,lurss le31 lu33 mp²1 khu44,suspect,0.75,4,丧 家 磨 不 推,丧家 不 推 磨,UNKNOWN,扫描 OCR + IPA 锚点版面解析（四行对照） | 整理日期 2026-09,medium
SANGJIAJING-P0552-R-01,SANGJIAJING,552,R,1,号,³³ zi³¹ theku a³³ mi,33 zi31 theku A33 mr,suspect,0.50,4,什 么 睡 眠推,如 何 催 人 眠,UNKNOWN,扫描 OCR + IPA 锚点版面解析（四行对照） | 整理日期 2026-09,medium
SANGJIAJING-P0552-R-02,SANGJIAJING,552,R,2,4 年,t4u⁴⁴ np ²¹ qhu³³ thɒ²¹ dzi²¹,t4u44 np 21 qhu33 thD21 dzi21,suspect,0.60,5,人 歇 缠莫 住,缠 睡 歇 时 莫,UNKNOWN,扫描 OCR + IPA 锚点版面解析（四行对照） | 整理日期 2026-09,medium
SANGJIAJING-P0552-R-03,SANGJIAJING,552,R,3,号 电开,fe⁵⁵ s zi³¹ tur3 thɒ³³ dzi2,fe5s zi31 tur3 thD33 dzi2,suspect,0.75,4,崖 睡 阻拦 莫 住,睡 洞 莫 阻 拦@,UNKNOWN,扫描 OCR + IPA 锚点版面解析（四行对照） | 整理日期 2026-09,medium
SANGJIAJING-P0552-R-04,SANGJIAJING,552,R,4,MI 号 又,th²¹ 1ɒ³³ ps zi³¹ tɒss,th21 1D33 ps Zi31 tDSs,suspect,0.50,4,一 下 睡 搁 吧,快 快 躺 身 睡,UNKNOWN,扫描 OCR + IPA 锚点版面解析（四行对照） | 整理日期 2026-09,medium
SANGJIAJING-P0552-R-05,SANGJIAJING,552,R,5,名 田 名,si³³ tso ³³ to mp ²¹ t⁰⁴,si33 tso 33 to mp 21 t04,suspect,0.75,4,生 撑 死 不 撑,死 无 法 抗 拒,UNKNOWN,扫描 OCR + IPA 锚点版面解析（四行对照） | 整理日期 2026-09,medium
SANGJIAJING-P0553-L-01,SANGJIAJING,553,L,1,,,A21 55 t04 33 m6 mu tD33,failed,0.20,5,等 会 撑 的起,到时推 你起,UNKNOWN,扫描 OCR + IPA 锚点版面解析（四行对照） | 整理日期 2026-09,medium
SANGJIAJING-P0553-L-02,SANGJIAJING,553,L,2,九子川开学,ne ³³ mu²¹ th²¹ dzi²¹ t⁴³3,ne 33 mu²1 th²1 dzi21 t433,suspect,0.60,5,春 天 一 章赶,诵 章 新经,UNKNOWN,扫描 OCR + IPA 锚点版面解析（四行对照） | 整理日期 2026-09,medium
SANGJIAJING-P0553-L-03,SANGJIAJING,553,L,3,WI 开学,th²¹ dzi²¹ t4li³³ nu ³³ bi³³,th21 dz.i21 t4133 nu 33 bi33,suspect,0.60,5,章赶 你 给,新 经诵与你,UNKNOWN,扫描 OCR + IPA 锚点版面解析（四行对照） | 整理日期 2026-09,medium
SANGJIAJING-P0553-R-01,SANGJIAJING,553,R,1,7=3= 飞,,b 33 np 1D33 V133,failed,0.00,3,抖擞 听 了 拿,抖擞精神 申听,UNKNOWN,扫描 OCR + IPA 锚点版面解析（四行对照） | 整理日期 2026-09,medium
SANGJIAJING-P0556-L-01,SANGJIAJING,556,L,1,Z4至 田 發引,,tshw3343 12 khu21 noss,failed,0.33,3,松林 猴 啼声,猴 子蹄 帝山林,UNKNOWN,扫描 OCR + IPA 锚点版面解析（四行对照） | 整理日期 2026-09,medium
SANGJIAJING-P0556-L-02,SANGJIAJING,556,L,2,猴 子蹄 帝山林,tshi²¹ eems mu²¹ qi²¹ mi³³,tshi21 eems mu²1 q121 m133,suspect,0.75,4,死夜天离地,丧夜天地离②,UNKNOWN,扫描 OCR + IPA 锚点版面解析（四行对照） | 整理日期 2026-09,medium
SANGJIAJING-P0556-L-03,SANGJIAJING,556,L,3,丧夜天地离②,bu²¹ tshi³³ pɒ³³ niss tsess,bu²1 tshi33 pD33 niss tsess,suspect,0.75,4,脚布嘴接 绸,丝绸接棉布,UNKNOWN,扫描 OCR + IPA 锚点版面解析（四行对照） | 整理日期 2026-09,medium
SANGJIAJING-P0556-R-01,SANGJIAJING,556,R,1,荟下田,t4ess ba⁴⁴ mu³³ mɒ²¹,t4ess ba44 mu33 mp21,suspect,0.67,3,鹰打 做不完,射鹰未及捡,UNKNOWN,扫描 OCR + IPA 锚点版面解析（四行对照） | 整理日期 2026-09,medium
SANGJIAJING-P0556-R-02,SANGJIAJING,556,R,2,下@3,ba4 tse⁵⁵ s the²¹ the²¹ ʊɒ1,ba4 tse5s the21 the21 VD?1,suspect,0.50,4,接旋旋 鸟 打,射鸟 二连 三,UNKNOWN,扫描 OCR + IPA 锚点版面解析（四行对照） | 整理日期 2026-09,medium
SANGJIAJING-P0557-L-01,SANGJIAJING,557,L,1,田4 r,be²¹ tɒ³³ 2li³³ mɒ2l tshi²¹,be21 tD33 2133 mp²l tsh121,suspect,0.50,4,野鸡 起 水 不 下,鸭 起 不 滴 水,UNKNOWN,扫描 OCR + IPA 锚点版面解析（四行对照） | 整理日期 2026-09,medium
SANGJIAJING-P0557-L-02,SANGJIAJING,557,L,2,z4 子 子 7儿 企,tshi³³ mu²¹ li²¹ b mi³³,tsh133 mu21 121b m133,ok,1.00,4,下 死 天 离 地,悼 亡 离 天 地,UNKNOWN,扫描 OCR + IPA 锚点版面解析（四行对照） | 整理日期 2026-09,medium
SANGJIAJING-P0557-L-03,SANGJIAJING,557,L,3,司 田 A,th²¹ t⁰³3 iɒ³³ mp pe ⁴⁴,th21 t$033 ID33 mp pe 44,suspect,0.50,4,轮 呢 不 伴,轮 离 众 人 一,UNKNOWN,扫描 OCR + IPA 锚点版面解析（四行对照） | 整理日期 2026-09,medium
SANGJIAJING-P0557-L-04,SANGJIAJING,557,L,4,司 与 X,ni²¹ t⁰³3 1ɒ³³ thu³³ ness,ni21 t$033 1D33 thu33 nes's,suspect,0.60,5,二 转 呢 厚 深,二 轮 病 根 深,UNKNOWN,扫描 OCR + IPA 锚点版面解析（四行对照） | 整理日期 2026-09,medium
SANGJIAJING-P0557-L-05,SANGJIAJING,557,L,5,面 司 C X 3,,33 33 1p33 tshi21 ms t$o,failed,0.40,5,三 轮 呢 药 良,三 轮 以 药救,UNKNOWN,扫描 OCR + IPA 锚点版面解析（四行对照） | 整理日期 2026-09,medium
SANGJIAJING-P0557-R-01,SANGJIAJING,557,R,1,九 每,ag ³³ t⁰³3 mu ³³ nu³³ ne³³,aG 33 t$033 mu 33 nu33 ne3,ok,0.80,5,我 在 做 你 也,我 均 护 理 你,UNKNOWN,扫描 OCR + IPA 锚点版面解析（四行对照） | 整理日期 2026-09,medium
SANGJIAJING-P0557-R-02,SANGJIAJING,557,R,2,列,⁴⁴ le³¹ bu²¹ tsi³³ khu²¹ ce,44 le31 bu21 tsi33 khu21 ce,ok,0.83,6,汉 手 绸 皮声,汉 人 裁 丝 绸,UNKNOWN,扫描 OCR + IPA 锚点版面解析（四行对照） | 整理日期 2026-09,medium
SANGJIAJING-P0557-R-03,SANGJIAJING,557,R,3,Dz 3E #,ni²¹ phɒ³³ le³¹ da ⁴⁴ tsi³³,n121 phD33 le31 da 44 ts133,ok,1.00,5,葬 冏手 布 断 剩,彝 人 裁 布 剩,UNKNOWN,扫描 OCR + IPA 锚点版面解析（四行对照） | 整理日期 2026-09,medium
SANGJIAJING-P0557-R-04,SANGJIAJING,557,R,4,田 # 田 #,tsi³³ mp tsi³³ mu³³,ts133 mp ts133 mu33,ok,1.00,3,不 剩 不 剩 做,经 文 不 遗 诵,UNKNOWN,扫描 OCR + IPA 锚点版面解析（四行对照） | 整理日期 2026-09,medium
SANGJIAJING-P0557-R-05,SANGJIAJING,557,R,5,X 正 电,,tshi21 bg21 33 xu14 qD tur,failed,0.40,5,湖 洗 野鸭 玩 地,湖 面 鸭 戏 场,UNKNOWN,扫描 OCR + IPA 锚点版面解析（四行对照） | 整理日期 2026-09,medium
SANGJIAJING-P0558-L-01,SANGJIAJING,558,L,1,7儿L 71L,zi³³ kɒ³³ qi²¹,zi33 kD33 q121,ok,1.00,3,家 离 呢 庭,瞬 间 离 家 群,UNKNOWN,扫描 OCR + IPA 锚点版面解析（四行对照） | 整理日期 2026-09,medium
SANGJIAJING-P0558-L-02,SANGJIAJING,558,L,2,至又,,mp 33 th33 tD-ss,failed,0.33,3,果 结 林 上 搁,果 子 藏 山 林,UNKNOWN,扫描 OCR + IPA 锚点版面解析（四行对照） | 整理日期 2026-09,medium
SANGJIAJING-P0558-L-03,SANGJIAJING,558,L,3,WI 77 # 又,th²¹ dzi²¹ tsi³³ tɒss zi³³,th21 dzi21 ts133 tDSs zi33,suspect,0.50,4,一 章 剩 搁 呢,剩 下 一 章 经,UNKNOWN,扫描 OCR + IPA 锚点版面解析（四行对照） | 整理日期 2026-09,medium
SANGJIAJING-P0558-L-04,SANGJIAJING,558,L,4,7世,le³¹ qe1 tce³³ ⁴⁴ ci³¹ ni,le31 qe1 tce3 44 ci31 ni,suspect,0.60,5,手 赶 线 棉 新,及 时 纺 新 线,UNKNOWN,扫描 OCR + IPA 锚点版面解析（四行对照） | 整理日期 2026-09,medium
SANGJIAJING-P0558-L-05,SANGJIAJING,558,L,5,每 口,np ³³ mu³³ nu³³ li⁰³3 bi²¹,np 33 mu33 nu33 1033 b121,ok,0.80,5,我 做 你 处 给,遗经 诵与 你③,UNKNOWN,扫描 OCR + IPA 锚点版面解析（四行对照） | 整理日期 2026-09,medium
SANGJIAJING-P0558-R-01,SANGJIAJING,558,R,1,与 A 3=,ni²¹ ip²¹ 1p²¹ qɒ,ni21 Ip21 1p21 qD,suspect,0.75,4,二 直 伸 扇 扇,两 直 伸 展 直,UNKNOWN,扫描 OCR + IPA 锚点版面解析（四行对照） | 整理日期 2026-09,medium
SANGJIAJING-P0558-R-02,SANGJIAJING,558,R,2,与 司 日 3=,,ni21 ne 44 tS033 1o21 1o21,failed,0.40,5,二 眼 转 满 满,两 眼 转 盈 盈,UNKNOWN,扫描 OCR + IPA 锚点版面解析（四行对照） | 整理日期 2026-09,medium
SANGJIAJING-P0558-R-03,SANGJIAJING,558,R,3,正 不,tch³³ ⁴⁴ li³³ si²¹ ne,tch33 44 133 S121 ne,suspect,0.60,5,你 它 看 来 再,仔 细 来 看 吧,UNKNOWN,扫描 OCR + IPA 锚点版面解析（四行对照） | 整理日期 2026-09,medium
SANGJIAJING-P0558-R-04,SANGJIAJING,558,R,4,田 # 7,,si21 np 21 bu tsiss dzD21,failed,0.33,3,不 饱 前 走 吃,未 饱 前 乞食,UNKNOWN,扫描 OCR + IPA 锚点版面解析（四行对照） | 整理日期 2026-09,medium
SANGJIAJING-P0559-L-01,SANGJIAJING,559,L,1,π 效 金 口,dzi1 ne4 a⁵⁵ li²⁰6 lu³³,dzi1 ne4 A55 1206 lu33,suspect,0.67,3,资 乃 阿 郭 鲁,资 乃 阿 郭 鲁,UNKNOWN,扫描 OCR + IPA 锚点版面解析（四行对照） | 整理日期 2026-09,medium
SANGJIAJING-P0559-L-02,SANGJIAJING,559,L,2,Z 与 世 Z,a²¹ siss ni²¹ si³³,A21 siss ni21 si33,suspect,0.67,3,我 们 二 真 主,我 们 这 俩 人,UNKNOWN,扫描 OCR + IPA 锚点版面解析（四行对照） | 整理日期 2026-09,medium
SANGJIAJING-P0559-L-03,SANGJIAJING,559,L,3,正,si³³ pɒ h²¹ mɒ ³³ qɒ ³³,"si33 p""D h21 mD 33 qD 33",ok,1.00,4,父 母 死 早 因,因 父 母 早 逝,UNKNOWN,扫描 OCR + IPA 锚点版面解析（四行对照） | 整理日期 2026-09,medium
SANGJIAJING-P0559-R-01,SANGJIAJING,559,R,1,世 Z 雨 #,³³ si³³ thɒ²¹ m tsi³³ tsess,33 si33 thD21 m$ ts133 tsess,ok,0.80,5,真 主 一 莫 剩 接,真 心 不 弃 连,UNKNOWN,扫描 OCR + IPA 锚点版面解析（四行对照） | 整理日期 2026-09,medium
SANGJIAJING-P0559-R-02,SANGJIAJING,559,R,2,W,ob ⁴⁴ tsi³³ kɒ³³ tsiss,ob 44 tsi33 kD33 tsiss,ok,1.00,4,里 是 皮 与 遇,皮 与 肉 相 连,UNKNOWN,扫描 OCR + IPA 锚点版面解析（四行对照） | 整理日期 2026-09,medium
SANGJIAJING-P0559-R-03,SANGJIAJING,559,R,3,Z 与,,A21 siss ni21 44 Z.0 ni4,failed,0.25,4,我 们 呢 俩 人,我 们 俩 人 啊,UNKNOWN,扫描 OCR + IPA 锚点版面解析（四行对照） | 整理日期 2026-09,medium
SANGJIAJING-P0559-R-04,SANGJIAJING,559,R,4,我 们 俩 人 啊,si²¹ bur ob ³³ tsho²¹ qess,si21 bur? ob 33 tsho21 qess,suspect,0.75,4,走 聚 亲 戚 伴,结 亲 依 相 伴,UNKNOWN,扫描 OCR + IPA 锚点版面解析（四行对照） | 整理日期 2026-09,medium
SANGJIAJING-P0559-R-05,SANGJIAJING,559,R,5,子 本 3= 九寻,mu2l ku³³ ku³³ kurs,mu2l ku33 ku33 kur*s,suspect,0.67,3,天 做 做 九 在,天 高高九 重,UNKNOWN,扫描 OCR + IPA 锚点版面解析（四行对照） | 整理日期 2026-09,medium
SANGJIAJING-P0560-L-01,SANGJIAJING,560,L,1,Z 住 不,,ph33 th21 t$033 si21 1D33,failed,0.20,5,一 世 遇 还 吧,再 结 世 姻 一,UNKNOWN,扫描 OCR + IPA 锚点版面解析（四行对照） | 整理日期 2026-09,medium
SANGJIAJING-P0560-L-02,SANGJIAJING,560,L,2,子 7儿L,1h³³ zi³³ mi³³ li2li6,1h33 zi33 m133 1216,suspect,0.50,4,天 来 呢 地 离,天 地 欲 相 罩,UNKNOWN,扫描 OCR + IPA 锚点版面解析（四行对照） | 整理日期 2026-09,medium
SANGJIAJING-P0560-L-03,SANGJIAJING,560,L,3,每,ni⁴⁴ tce mu ³³ pu³³,ni44 tce mu 33 pu33,suspect,0.67,3,13 霜 青 绳 做 绞,青霜 绞 交成 绳,UNKNOWN,扫描 OCR + IPA 锚点版面解析（四行对照） | 整理日期 2026-09,medium
SANGJIAJING-P0560-R-01,SANGJIAJING,560,R,1,子 企 7儿L 田,mi ³³ qi²¹ mu²¹ mɒ²¹ dzj³³,"mi 33 q121 mu21 mp21 dz,j33",ok,0.80,5,天 地 不 真,天 地 不 70,UNKNOWN,扫描 OCR + IPA 锚点版面解析（四行对照） | 整理日期 2026-09,medium
SANGJIAJING-P0560-R-02,SANGJIAJING,560,R,2,71儿L 田 %每 又,qi²¹ mɒ²¹ dzi³³ mu³³ tɒss,"q121 mp²1 dz,i33 mu33 tDss",ok,1.00,5,离 不 真 的 搁,作 罢 离 不 了,UNKNOWN,扫描 OCR + IPA 锚点版面解析（四行对照） | 整理日期 2026-09,medium
SANGJIAJING-P0560-R-03,SANGJIAJING,560,R,3,W O 7儿L,,4D33 133 zi33 5133 1216,failed,0.40,5,日 月 离 来 呢,日 月 欲 相 罩,UNKNOWN,扫描 OCR + IPA 锚点版面解析（四行对照） | 整理日期 2026-09,medium
SANGJIAJING-P0560-R-04,SANGJIAJING,560,R,4,每 SS,si²¹ ni³³ tce ³³ mu va³¹,si21 ni33 tce 33 mu va31,suspect,0.75,4,走 日 绳 做 搓,行 日 搓 做 绳,UNKNOWN,扫描 OCR + IPA 锚点版面解析（四行对照） | 整理日期 2026-09,medium
SANGJIAJING-P0560-R-05,SANGJIAJING,560,R,5,焱 天 每,ni³³ tce mu pu³³,ni33 tce mu pu33,suspect,0.50,2,晒 日 绳 做 绞,晒 日 绞 做 绳,UNKNOWN,扫描 OCR + IPA 锚点版面解析（四行对照） | 整理日期 2026-09,medium
SANGJIAJING-P0561-L-01,SANGJIAJING,561,L,1,W O 7儿L 田,,Ialb t5133 4D33 mp² dzi,failed,0.00,3,日 月 离 不 真,日 月 离 不 了,UNKNOWN,扫描 OCR + IPA 锚点版面解析（四行对照） | 整理日期 2026-09,medium
SANGJIAJING-P0561-L-02,SANGJIAJING,561,L,2,7儿L 田 % 又,,q121 mp² dz133 mu tDss,failed,0.33,3,离 不 真 的 搁,不 了 作 罢,UNKNOWN,扫描 OCR + IPA 锚点版面解析（四行对照） | 整理日期 2026-09,medium
SANGJIAJING-P0561-L-03,SANGJIAJING,561,L,3,# A 每 SS,,4u33 mu tsiss tce 33 Vq31,failed,0.00,3,露 白 绳 做 搓,白 露 搓 作 绳,UNKNOWN,扫描 OCR + IPA 锚点版面解析（四行对照） | 整理日期 2026-09,medium
SANGJIAJING-P0561-L-04,SANGJIAJING,561,L,4,A 每,³³ hɒ³³ 4u³³ tce ⁴⁴ mu ³³ pu,33 hp33 4u33 tce 44 mu 33 pu,suspect,0.67,6,雨 白 绳 做 绞,白 绞 作 绳 雨,UNKNOWN,扫描 OCR + IPA 锚点版面解析（四行对照） | 整理日期 2026-09,medium
SANGJIAJING-P0561-R-01,SANGJIAJING,561,R,1,了 田 7儿 %,qi²¹ te³³ tce ³³ dzi³³,"q121 te33 tce 33 dz,133",ok,1.00,4,云 星 不 离 真,云 星 离 不 了,UNKNOWN,扫描 OCR + IPA 锚点版面解析（四行对照） | 整理日期 2026-09,medium
SANGJIAJING-P0561-R-02,SANGJIAJING,561,R,2,田 7儿L % 又,mp aib dzj³³ mu ³³ tɒss,mp aib dz.j33 mu 33 tDss,ok,1.00,3,不 离 真 做 搁,离 不 了 作 罢,UNKNOWN,扫描 OCR + IPA 锚点版面解析（四行对照） | 整理日期 2026-09,medium
SANGJIAJING-P0561-R-03,SANGJIAJING,561,R,3,7儿L,4i³³ hɒ³³ li³³ li2li6,"4i33 hp33 1,33 1216",suspect,0.50,4,风 雨 离 来 呢,风 雨 欲 相 离,UNKNOWN,扫描 OCR + IPA 锚点版面解析（四行对照） | 整理日期 2026-09,medium
SANGJIAJING-P0561-R-04,SANGJIAJING,561,R,4,Z 飞 每 SSS,,niss nu 33 Va31 tce4 mu 33,failed,0.00,3,雾 露 绳 做 搓,雾 露 搓 作 绳,UNKNOWN,扫描 OCR + IPA 锚点版面解析（四行对照） | 整理日期 2026-09,medium
SANGJIAJING-P0561-R-05,SANGJIAJING,561,R,5,Z,niss mu ³³ tce ⁴⁴ mu ³³ py³³,niss mu 33 tce 44 mu 33 py33,suspect,0.50,4,雾 露 绳 做 绞,雾露 作 绳 绞,UNKNOWN,扫描 OCR + IPA 锚点版面解析（四行对照） | 整理日期 2026-09,medium
SANGJIAJING-P0562-L-01,SANGJIAJING,562,L,1,7儿L 田 %6,4i³³ hɒ³³ li²¹ b mp dzi³³,"4i33 hp33 121b mp dz,133",suspect,0.75,4,风 雨 不 真,风 雨 离 不 了,UNKNOWN,扫描 OCR + IPA 锚点版面解析（四行对照） | 整理日期 2026-09,medium
SANGJIAJING-P0562-L-02,SANGJIAJING,562,L,2,7儿L 田 又,ralb mɒ²¹ dzj³³ mu ³³ tɒss,ralb mp21 dzj33 mu 33 tDss,suspect,0.50,4,离 不 真 做 搁,罩 不 了 作,UNKNOWN,扫描 OCR + IPA 锚点版面解析（四行对照） | 整理日期 2026-09,medium
SANGJIAJING-P0562-L-03,SANGJIAJING,562,L,3,勿 日 70,,ne 33 33 1033 tsh;33 np ng33,failed,0.40,5,美 味 美 处 甜,味 美 牛 如 意,UNKNOWN,扫描 OCR + IPA 锚点版面解析（四行对照） | 整理日期 2026-09,medium
SANGJIAJING-P0562-L-04,SANGJIAJING,562,L,4,7儿L,1i³³ zi³³ pur ³³ li0 4,1i33 zi33 pur 33 10 4,suspect,0.75,4,92 山 石 离 来 呢,山 分 罩 石 要,UNKNOWN,扫描 OCR + IPA 锚点版面解析（四行对照） | 整理日期 2026-09,medium
SANGJIAJING-P0562-R-01,SANGJIAJING,562,R,1,A 每,li0 ⁴⁴ 4u³³ tce ⁴⁴ mu ³³ pu³³,10 44 4u33 tce 44 mu 33 pu33,ok,0.80,5,石 白 绳 做 绞,白 石 绞 做 绳,UNKNOWN,扫描 OCR + IPA 锚点版面解析（四行对照） | 整理日期 2026-09,medium
SANGJIAJING-P0562-R-02,SANGJIAJING,562,R,2,7儿L 田 % 又,qi²¹ dzi³³ tpss mɒ2 mu,q121 dz133 tpss mp² mu,suspect,0.67,3,不 真 的 搁,不 离 维 原 状,UNKNOWN,扫描 OCR + IPA 锚点版面解析（四行对照） | 整理日期 2026-09,medium
SANGJIAJING-P0562-R-03,SANGJIAJING,562,R,3,7儿L m,mx ⁴⁴ lu²¹ qi²¹ li³³ dzw,"mx 44 lu21 q121 1,33 dz,w",suspect,0.60,5,池 龙 罩 来 欲,池 龙欲 相 离,UNKNOWN,扫描 OCR + IPA 锚点版面解析（四行对照） | 整理日期 2026-09,medium
SANGJIAJING-P0563-L-01,SANGJIAJING,563,L,1,天 SSS,ni³³ 4a³¹ tce4 mu ³³ va ³¹,ni33 4a31 tce4 mu 33 va 31,suspect,0.50,4,浴 日 绳 做 搓,浴 作 日 搓 绳,UNKNOWN,扫描 OCR + IPA 锚点版面解析（四行对照） | 整理日期 2026-09,medium
SANGJIAJING-P0563-L-02,SANGJIAJING,563,L,2,每,,nes's tce mu 33 pu 33 3,failed,0.33,3,潜 做 绞 日 绳,潜 日 绞 作 绳,UNKNOWN,扫描 OCR + IPA 锚点版面解析（四行对照） | 整理日期 2026-09,medium
SANGJIAJING-P0563-L-03,SANGJIAJING,563,L,3,O 7儿L 田 %,,44 lu21 mp²1 dzj33 xw,failed,0.40,5,池 龙 罩 不 真,池 龙 离 不 了,UNKNOWN,扫描 OCR + IPA 锚点版面解析（四行对照） | 整理日期 2026-09,medium
SANGJIAJING-P0563-L-04,SANGJIAJING,563,L,4,7儿L 田 每 又,qi⁵⁵ mɒ²¹ dzi³³ mu ³³ tɒss,"q155 mp²1 dz,133 mu 33 tDss",ok,1.00,5,离 不 真 做 搁,不 离 维 状 原,UNKNOWN,扫描 OCR + IPA 锚点版面解析（四行对照） | 整理日期 2026-09,medium
SANGJIAJING-P0563-L-05,SANGJIAJING,563,L,5,π 口 7儿L 致,dzi²¹ lu³³ qi²¹ 1h³³ tci⁴⁴,dzi21 lu33 q121 1h33 tci44,ok,0.80,5,官 城 离 来 欲,官 城 欲 相 离,UNKNOWN,扫描 OCR + IPA 锚点版面解析（四行对照） | 整理日期 2026-09,medium
SANGJIAJING-P0563-R-01,SANGJIAJING,563,R,1,每 SS,khɒ²¹ tce ⁴⁴ mu ³³ va ɒi³³,khp21 tce 44 mu 33 va Di33,ok,1.00,4,拷 日 绳 做 搓,刑 作 绳 日 搓,UNKNOWN,扫描 OCR + IPA 锚点版面解析（四行对照） | 整理日期 2026-09,medium
SANGJIAJING-P0563-R-02,SANGJIAJING,563,R,2,6 每,,fess ni33 tce mu 33 pu33,failed,0.33,3,电 做 绞 日 绳,电 日 绞 作 绳,UNKNOWN,扫描 OCR + IPA 锚点版面解析（四行对照） | 整理日期 2026-09,medium
SANGJIAJING-P0563-R-03,SANGJIAJING,563,R,3,π 口 7儿L 田 %,dzi²¹ 1u³³ qi²¹ dzj³³ mɒ²¹,"dzi21 1u33 q121 dz,j33 mp²1",suspect,0.60,5,官 城 不 真,官 城 离 不 了,UNKNOWN,扫描 OCR + IPA 锚点版面解析（四行对照） | 整理日期 2026-09,medium
SANGJIAJING-P0563-R-04,SANGJIAJING,563,R,4,7儿L 田% 每 又,mɒ²¹ dzi³³ mu ³³ tɒss,mD²1 dzi33 mu? 33 tDss,ok,1.00,4,离 不 真 做 搁,不 状 离 维 原,UNKNOWN,扫描 OCR + IPA 锚点版面解析（四行对照） | 整理日期 2026-09,medium
SANGJIAJING-P0563-R-05,SANGJIAJING,563,R,5,半斋 7儿,mus khɒ²¹ qi²¹ li³³ 2i³³,mu*s khp21 q121 133 2i33,suspect,0.50,4,将 征 离 来 呢,将 战 欲 相 离,UNKNOWN,扫描 OCR + IPA 锚点版面解析（四行对照） | 整理日期 2026-09,medium
SANGJIAJING-P0564-L-01,SANGJIAJING,564,L,1,半斋 7儿L 田 %,kɒ²¹ muss dzj³³,"kD21 muss dz,j33",ok,1.00,2,1216 将征 离 不 真,将 战 离 不开,UNKNOWN,扫描 OCR + IPA 锚点版面解析（四行对照） | 整理日期 2026-09,medium
SANGJIAJING-P0564-L-02,SANGJIAJING,564,L,2,7儿L 田 %每 又,qi²¹ mɒ²¹ dzi³³ mu ³³ tɒss,q121 mp²1 dzi33 mu 33 tDSs,ok,1.00,5,离 不 真 做 搁,不 离 维 原 状,UNKNOWN,扫描 OCR + IPA 锚点版面解析（四行对照） | 整理日期 2026-09,medium
SANGJIAJING-P0564-L-03,SANGJIAJING,564,L,3,不 3 7儿,,h33 zi33 D13 912,failed,0.25,4,毕摩 法事 离 来 呢,毕与 法 事,UNKNOWN,扫描 OCR + IPA 锚点版面解析（四行对照） | 整理日期 2026-09,medium
SANGJIAJING-P0564-R-01,SANGJIAJING,564,R,1,SS,,"dz,044 ne 1e44 tce 44 mu 33 Va 31",failed,0.40,5,锁 黑 绳 做 搓,黑 锁 搓 作 绳,UNKNOWN,扫描 OCR + IPA 锚点版面解析（四行对照） | 整理日期 2026-09,medium
SANGJIAJING-P0564-R-02,SANGJIAJING,564,R,2,A # 每,dzo ⁴⁴ tce mu pu³³,dzo 44 tce mu pu33,suspect,0.50,2,做 锁 青 绳 绞,青 锁 绞 作 绳,UNKNOWN,扫描 OCR + IPA 锚点版面解析（四行对照） | 整理日期 2026-09,medium
SANGJIAJING-P0564-R-03,SANGJIAJING,564,R,3,7儿,kurs n²¹ li³³ zi³³ sɒ li2li6,"kur*s n21 1,33 zi33 SD 1216",suspect,0.75,4,匠 线 离 来 呢,匠 线 欲 相 离,UNKNOWN,扫描 OCR + IPA 锚点版面解析（四行对照） | 整理日期 2026-09,medium
SANGJIAJING-P0565-L-01,SANGJIAJING,565,L,1,子搓 作 绳,sɒ³¹ tche³³ stce mu pu ³³,SD31 tche3stce mu pu 33,suspect,0.67,3,标线绳 做 绞,墨线 绞 作 绳,UNKNOWN,扫描 OCR + IPA 锚点版面解析（四行对照） | 整理日期 2026-09,medium
SANGJIAJING-P0565-L-02,SANGJIAJING,565,L,2,7儿L 田%每 又,qi²¹ mɒ²¹ dzi³³ mu ³³ tɒss,q121 mp²1 dzi33 mu 33 tDSs,ok,1.00,5,离 不 真 做 搁,难离维 原 状,UNKNOWN,扫描 OCR + IPA 锚点版面解析（四行对照） | 整理日期 2026-09,medium
SANGJIAJING-P0565-L-03,SANGJIAJING,565,L,3,难离维 原 状,pu³³ tche⁴⁴ qi²¹ h³³ zi³³,"pu33tche44 q121 h,33 zi33",ok,0.80,5,村寨 来 呢,村寨欲 相 离,UNKNOWN,扫描 OCR + IPA 锚点版面解析（四行对照） | 整理日期 2026-09,medium
SANGJIAJING-P0565-R-01,SANGJIAJING,565,R,1,开星%每 SS,dzi2 phu2 tce⁴⁴ mu ³³ va ³¹,dzi2 phu2 tce44 mu 33 va 31,suspect,0.67,3,铜价 绳 做 搓,线 搓作 铜 绳,UNKNOWN,扫描 OCR + IPA 锚点版面解析（四行对照） | 整理日期 2026-09,medium
SANGJIAJING-P0565-R-02,SANGJIAJING,565,R,2,A 3 米,,4u33 $i33 tce mu eend,failed,0.33,3,做 银 金 绳 绞,金银 绞 作 绳,UNKNOWN,扫描 OCR + IPA 锚点版面解析（四行对照） | 整理日期 2026-09,medium
SANGJIAJING-P0565-R-03,SANGJIAJING,565,R,3,秋儿 田%,,"h33h44 21 p""u""tc""e” q1 mp dzj33",failed,0.00,4,村寨 离 不 真,村寨 离不 了,UNKNOWN,扫描 OCR + IPA 锚点版面解析（四行对照） | 整理日期 2026-09,medium
SANGJIAJING-P0565-R-04,SANGJIAJING,565,R,4,7儿 田%每 又,qi²¹ mɒ2l dzi³³ mu ³³ tɒss,q121 mp²l dzi33 mu 33 tDss,suspect,0.75,4,离 不 真 做 搁,难离 维原状,UNKNOWN,扫描 OCR + IPA 锚点版面解析（四行对照） | 整理日期 2026-09,medium
SANGJIAJING-P0565-R-05,SANGJIAJING,565,R,5,W 飞 3 to,lus ʊli³³ si³³ he³³ kur³³,lu's V133 si33 he33 kur33,suspect,0.75,4,丧家 房 内 金,丧家 金房 内,UNKNOWN,扫描 OCR + IPA 锚点版面解析（四行对照） | 整理日期 2026-09,medium
SANGJIAJING-P0566-L-01,SANGJIAJING,566,L,1,专 目 A 目,,si33 t$033 lu²1 h33 t$033,failed,0.40,5,神 在 鲁 来 在,鲁 神 来 护 佑?,UNKNOWN,扫描 OCR + IPA 锚点版面解析（四行对照） | 整理日期 2026-09,medium
SANGJIAJING-P0566-L-02,SANGJIAJING,566,L,2,2 亏,ob ³³ as ⁵⁵ lu²¹ h³³ tsɒs,ob 33 as 55 lu21 h33 tsD's,ok,0.80,5,亲 喂 鲁 来 喂,饮 食 鲁 神 赐,UNKNOWN,扫描 OCR + IPA 锚点版面解析（四行对照） | 整理日期 2026-09,medium
SANGJIAJING-P0566-L-03,SANGJIAJING,566,L,3,3 71L 致,lu²¹ n1s qi²¹ l³³ tci4,"lu21 n1*s q121 l,33 tci4",suspect,0.50,4,鲁 神 离 来 欲,鲁 神 欲 相,UNKNOWN,扫描 OCR + IPA 锚点版面解析（四行对照） | 整理日期 2026-09,medium
SANGJIAJING-P0566-L-04,SANGJIAJING,566,L,4,捉 猪 搓 作 绳,ze ⁴⁴ zu³³ tce mu pu³³,ze 44 Z.u33 tce mu pu33,suspect,0.67,3,鸡 捉 绳 做 绞,捉 鸡绞 作绳,UNKNOWN,扫描 OCR + IPA 锚点版面解析（四行对照） | 整理日期 2026-09,medium
SANGJIAJING-P0566-R-01,SANGJIAJING,566,R,1,7儿L 田 %,qi²¹ lu²¹ n1ss mɒ²¹ dzj³³,q121 lu²1 n1ss mD21 dz.j33,suspect,0.50,4,鲁 神 离 不 真,鲁 神 离 不 了,UNKNOWN,扫描 OCR + IPA 锚点版面解析（四行对照） | 整理日期 2026-09,medium
SANGJIAJING-P0566-R-02,SANGJIAJING,566,R,2,7儿L 田% 又 每,mɒ²¹ dzi³³ mu tɒss,mp²1 dzi33 mu tDSs,suspect,0.67,3,离 不 真 做 搁,难离 维 原 状,UNKNOWN,扫描 OCR + IPA 锚点版面解析（四行对照） | 整理日期 2026-09,medium
SANGJIAJING-P0566-R-03,SANGJIAJING,566,R,3,to 年 7儿L 致,he³³ kɒ³³ qi²¹ li³³ tci⁴⁴,"he33 kD33 q121 1,33 tci44",ok,1.00,5,房 庭 离 来 欲,房家 欲 相 罩,UNKNOWN,扫描 OCR + IPA 锚点版面解析（四行对照） | 整理日期 2026-09,medium
SANGJIAJING-P0566-R-04,SANGJIAJING,566,R,4,每,2li³³ tge³³ tce mu ³³ pu³³,2.133 tge33 tce mu 33 pu33,suspect,0.50,4,水 清 绳 做 绞,清水 绞 作 绳,UNKNOWN,扫描 OCR + IPA 锚点版面解析（四行对照） | 整理日期 2026-09,medium
SANGJIAJING-P0567-L-01,SANGJIAJING,567,L,1,年 田% tQ 7儿L,hg³³ kɒ³³ mɒ²¹ dzi,hg33 kD33 mp21 dzi,suspect,0.75,4,房 庭 不 真,房家 了 不,UNKNOWN,扫描 OCR + IPA 锚点版面解析（四行对照） | 整理日期 2026-09,medium
SANGJIAJING-P0567-L-02,SANGJIAJING,567,L,2,7I儿L 田 %每 又,qi²¹ mɒ²¹ dzi³³ mu tɒss,q121 mp²1 dzi33 mu tDSs,suspect,0.75,4,离 不 真 做 搁,难 离 维 原 状,UNKNOWN,扫描 OCR + IPA 锚点版面解析（四行对照） | 整理日期 2026-09,medium
SANGJIAJING-P0567-L-03,SANGJIAJING,567,L,3,AM 您 SSS,tshɒ²¹ ju³³ tce mu ³³ ʊa³¹,tshp21 Ju33 tce mu 33 Va31,suspect,0.50,4,盐 白 绳 做 搓,白 盐 搓 作 绳,UNKNOWN,扫描 OCR + IPA 锚点版面解析（四行对照） | 整理日期 2026-09,medium
SANGJIAJING-P0567-L-04,SANGJIAJING,567,L,4,A,,Ip21 4u33 tce4 pu33,failed,0.33,3,茶 白 绞 绳 做,白 茶绞 作 绳,UNKNOWN,扫描 OCR + IPA 锚点版面解析（四行对照） | 整理日期 2026-09,medium
SANGJIAJING-P0567-R-01,SANGJIAJING,567,R,1,7IL 田%每 又,qi²¹ mɒ²¹ dzi³³ tɒ ss mu³³,q121 mp²1 dzi33 tD-ss mu33,suspect,0.75,4,罩 不 真 做 搁,难 离 维 原 状,UNKNOWN,扫描 OCR + IPA 锚点版面解析（四行对照） | 整理日期 2026-09,medium
SANGJIAJING-P0567-R-02,SANGJIAJING,567,R,2,A 天 每 SSS,4u³³ ni³³ tce ⁴⁴ mu ³³ va³¹,4u33 ni33 tce 44 mu 33 va.31,ok,0.80,5,银 日 绳 做 搓,作 银 日 搓 绳,UNKNOWN,扫描 OCR + IPA 锚点版面解析（四行对照） | 整理日期 2026-09,medium
SANGJIAJING-P0567-R-03,SANGJIAJING,567,R,3,3 天 每,ni³³ tce ⁴⁴ mu ³³ pu³³,ni33 tce 44 mu 33 pu33,ok,1.00,4,金 绳 做 绞 日,金 日 绞 作 绳,UNKNOWN,扫描 OCR + IPA 锚点版面解析（四行对照） | 整理日期 2026-09,medium
SANGJIAJING-P0568-L-01,SANGJIAJING,568,L,1,7儿L 田 %每 又,qi²¹ mɒ²¹ dzi³³ mu tɒss,q121 mp21 dzi33 mu tDSs,suspect,0.75,4,离 不 真 做 搁,难 离 维 原 状,UNKNOWN,扫描 OCR + IPA 锚点版面解析（四行对照） | 整理日期 2026-09,medium
SANGJIAJING-P0568-L-02,SANGJIAJING,568,L,2,7: 7儿,,21 44 1h33 zi33 me ZO 12,failed,0.20,5,妻 夫 离 来 呢,夫 妻 欲 相 离,UNKNOWN,扫描 OCR + IPA 锚点版面解析（四行对照） | 整理日期 2026-09,medium
SANGJIAJING-P0568-L-03,SANGJIAJING,568,L,3,w % 每,q⁰²1 ci³¹ tce4 mu ³³ va³¹,q021 ci31 tce4 mu 33 va31,suspect,0.50,4,耕 新 绳 做 搓,新 地 搓 作 绳,UNKNOWN,扫描 OCR + IPA 锚点版面解析（四行对照） | 整理日期 2026-09,medium
SANGJIAJING-P0568-L-04,SANGJIAJING,568,L,4,W 每,,h33 tce4 mu 33 ab Eend,failed,0.00,3,粮 新 做 绞 绳,新 粮 绞 作 绳,UNKNOWN,扫描 OCR + IPA 锚点版面解析（四行对照） | 整理日期 2026-09,medium
SANGJIAJING-P0568-R-01,SANGJIAJING,568,R,1,田 下: 写 7儿,me²¹ z0 ⁴⁴ qi²¹ mɒ²¹ dzi,me21 Z0 44 q121 mp²1 dzi',ok,0.80,5,妻 夫 离 不 真,夫 妻 离 不 了,UNKNOWN,扫描 OCR + IPA 锚点版面解析（四行对照） | 整理日期 2026-09,medium
SANGJIAJING-P0568-R-02,SANGJIAJING,568,R,2,7儿L 田 每 又,qi²¹ mp dzi³³ tɒss m3,"q121 mp dz,i33 tDss m3",ok,1.00,3,离 不 真 做 搁,难 离 维 原 状,UNKNOWN,扫描 OCR + IPA 锚点版面解析（四行对照） | 整理日期 2026-09,medium
SANGJIAJING-P0568-R-03,SANGJIAJING,568,R,3,7 3= 田 7儿L,phe⁴⁴ qi²¹ sa ⁴⁴ sa ⁴⁴ mp ²¹,phe44 q121 Sa 44 Sa 44 mp 21,ok,0.80,5,叶 密 密 不 罩,叶 密 密 不 离,UNKNOWN,扫描 OCR + IPA 锚点版面解析（四行对照） | 整理日期 2026-09,medium
SANGJIAJING-P0568-R-04,SANGJIAJING,568,R,4,π 九,dzi²¹ ne4 a²¹ ne ³³ ⁹⁰²¹,dzi21 ne4 A21 ne 33 9021,suspect,0.50,4,官 府 阿 郭 也,府 衙 N 阿,UNKNOWN,扫描 OCR + IPA 锚点版面解析（四行对照） | 整理日期 2026-09,medium
SANGJIAJING-P0569-L-01,SANGJIAJING,569,L,1,口 企 效,li³³ a²¹ lu³³ mi³³ ⁹⁰²¹,133 A21 lu33 m133 9021,ok,0.80,5,城 地 来 阿 郭,城 地 之 阿 郭,UNKNOWN,扫描 OCR + IPA 锚点版面解析（四行对照） | 整理日期 2026-09,medium
SANGJIAJING-P0569-L-02,SANGJIAJING,569,L,2,万 700 与 世 Z,si³³ ki³³ si²¹ ni²¹ ems,si33 k133 si21 ni²1 ems,ok,1.00,5,他 们 两 真 主,事 他 们 俩 主,UNKNOWN,扫描 OCR + IPA 锚点版面解析（四行对照） | 整理日期 2026-09,medium
SANGJIAJING-P0569-L-03,SANGJIAJING,569,L,3,yf π 3=,tshi²¹ dzi²¹ the²¹ thg²¹ tce³³,tshi21 dzi²1 the21 thg21 tce3,ok,0.80,5,役 官 线 团 团,官 兵 搁 呼 行,UNKNOWN,扫描 OCR + IPA 锚点版面解析（四行对照） | 整理日期 2026-09,medium
SANGJIAJING-P0569-L-04,SANGJIAJING,569,L,4,Z出 # 目 Z,ph³³ nu³³ tsi³³ li³⁰3 1ɒ⁵⁵ s,ph33 nu33 ts133 1303 1D5s,suspect,0.50,6,你 剩 在 着 世,你 生 阳 世 时,UNKNOWN,扫描 OCR + IPA 锚点版面解析（四行对照） | 整理日期 2026-09,medium
SANGJIAJING-P0569-R-01,SANGJIAJING,569,R,1,田 电 日,tshi³³ mɒ²¹ tshi³³ tur³³ li⁰³3,tshi33 mD21 tshi33 tur33 1033,ok,1.00,5,不 到 地 处 到,程 一 程 又 一,UNKNOWN,扫描 OCR + IPA 锚点版面解析（四行对照） | 整理日期 2026-09,medium
SANGJIAJING-P0569-R-02,SANGJIAJING,569,R,2,子 了 日 至,mu²¹ li⁰³3 1e³³ si³³ tsh³³,mu21 1033 1e33 si33 tsh33,suspect,0.60,5,天 处 林 金 到,去 天 垠 金 林,UNKNOWN,扫描 OCR + IPA 锚点版面解析（四行对照） | 整理日期 2026-09,medium
SANGJIAJING-P0569-R-03,SANGJIAJING,569,R,3,田 子,,tsh;33 mu²l tchi31 mp²1,failed,0.33,3,黑 走 不 到 天,未 至 天 已 黑,UNKNOWN,扫描 OCR + IPA 锚点版面解析（四行对照） | 整理日期 2026-09,medium
SANGJIAJING-P0569-R-04,SANGJIAJING,569,R,4,nI ZZ 至 年,,th2 4e33 he31 Y031,failed,0.33,3,一 夜 林 旁 歇,夜 宿 山 林 边,UNKNOWN,扫描 OCR + IPA 锚点版面解析（四行对照） | 整理日期 2026-09,medium
SANGJIAJING-P0570-L-01,SANGJIAJING,570,L,1,至 至子号,,pD21 4e33 0.55 nj33,failed,0.25,4,林 头 林 父 居,林 头 林 父 居,UNKNOWN,扫描 OCR + IPA 锚点版面解析（四行对照） | 整理日期 2026-09,medium
SANGJIAJING-P0570-L-02,SANGJIAJING,570,L,2,至费至分 亏,,4e33 dz.031 433 ZD1 ni33,failed,0.00,4,林 腰 林 儿 居,林 居 腰 林 儿,UNKNOWN,扫描 OCR + IPA 锚点版面解析（四行对照） | 整理日期 2026-09,medium
SANGJIAJING-P0570-L-03,SANGJIAJING,570,L,3,至 田 专 π,⁴⁸³³ me ³³ si³³ dzi²¹ noss,4833 me 33 si33 dzi21 noss,ok,0.80,5,林 尾 猴 主 管,林 尾 归 猴 管,UNKNOWN,扫描 OCR + IPA 锚点版面解析（四行对照） | 整理日期 2026-09,medium
SANGJIAJING-P0570-L-04,SANGJIAJING,570,L,4,WI ZZ 至 年,,th21 he31 4833 Y031 nD21,failed,0.40,5,二 夜 林 旁 歇,夜 宿 山 林 边,UNKNOWN,扫描 OCR + IPA 锚点版面解析（四行对照） | 整理日期 2026-09,medium
SANGJIAJING-P0570-L-05,SANGJIAJING,570,L,5,7,,"si21 h21 44 do21 p""D ni",failed,0.40,5,主 子 心 平 放,山 林 主 心平,UNKNOWN,扫描 OCR + IPA 锚点版面解析（四行对照） | 整理日期 2026-09,medium
SANGJIAJING-P0570-R-01,SANGJIAJING,570,R,1,田 每,tsh³³ tshi³³ ³³ z⁴³3 mɒ²¹ mu,tsh:33 tshi33 33 Z.433 mp21 mu,suspect,0.50,6,麂 捉 麂 不 做,捕 不 为 别,UNKNOWN,扫描 OCR + IPA 锚点版面解析（四行对照） | 整理日期 2026-09,medium
SANGJIAJING-P0570-R-02,SANGJIAJING,570,R,2,C 每 O,,tsh;33 Zu33 1D33 mu33 4D3,failed,0.40,5,麂 捉 了 做,捕 肉 麂 吃 鹿,UNKNOWN,扫描 OCR + IPA 锚点版面解析（四行对照） | 整理日期 2026-09,medium
SANGJIAJING-P0570-R-03,SANGJIAJING,570,R,3,ZA 每,tshi³³ ne ²¹ zu³³ ³³ ti³³ mu,"tshi33 ne 21 z,u3 33 t$i33 mu",ok,0.83,6,麂 皮 贵 的 拿,皮 珍 贵 拿,UNKNOWN,扫描 OCR + IPA 锚点版面解析（四行对照） | 整理日期 2026-09,medium
SANGJIAJING-P0571-L-01,SANGJIAJING,571,L,1,π 7羽,li³³ dzi²¹ do²¹ mu do⁴⁴,"1,33 dzi21 do21 mu do44",suspect,0.75,4,生 迈 做 出 来,强 走 硬 行 来,UNKNOWN,扫描 OCR + IPA 锚点版面解析（四行对照） | 整理日期 2026-09,medium
SANGJIAJING-P0571-L-02,SANGJIAJING,571,L,2,田 电,,mp 21 tshi33 m1 33 tsh;33,failed,0.25,4,我 不 到 地 到,一 程 又 一 程,UNKNOWN,扫描 OCR + IPA 锚点版面解析（四行对照） | 整理日期 2026-09,medium
SANGJIAJING-P0571-L-03,SANGJIAJING,571,L,3,日,mu y⁰³1 fe⁵⁵ s li⁰³3 tsh³³,mu Y031 fe5s 1033 tsh:33,suspect,0.75,4,天 处 岩 处 到,来 天 垠 石 岩,UNKNOWN,扫描 OCR + IPA 锚点版面解析（四行对照） | 整理日期 2026-09,medium
SANGJIAJING-P0571-L-04,SANGJIAJING,571,L,4,男 田 子,,tsh;33 mu2l tchi31 好 mp 21,failed,0.00,3,走 不 到 天 黑,未 至 便 天 黑,UNKNOWN,扫描 OCR + IPA 锚点版面解析（四行对照） | 整理日期 2026-09,medium
SANGJIAJING-P0571-L-05,SANGJIAJING,571,L,5,ZZ 年,thi²¹ he³¹ fess ob ³³ nɒ1,th121 he31 fess ob 33 nD?1,suspect,0.75,4,一 夜 岩 中 歇,夜 宿 石 岩 中,UNKNOWN,扫描 OCR + IPA 锚点版面解析（四行对照） | 整理日期 2026-09,medium
SANGJIAJING-P0571-R-01,SANGJIAJING,571,R,1,台,fess ⁰⁵5 phɒ²¹ fess ni³³,fess 0.55 php21 fess ni33,suspect,0.67,3,岩 头 岩 父 居,岩 头 岩 父 居,UNKNOWN,扫描 OCR + IPA 锚点版面解析（四行对照） | 整理日期 2026-09,medium
SANGJIAJING-P0571-R-02,SANGJIAJING,571,R,2,分 亏 绝,fess dz⁰³1 fess 0i³³,"fess dz,031 fess 0i3",suspect,0.50,2,岩 腰 岩 儿 居,岩 腰 岩 儿 居,UNKNOWN,扫描 OCR + IPA 锚点版面解析（四行对照） | 整理日期 2026-09,medium
SANGJIAJING-P0571-R-03,SANGJIAJING,571,R,3,号,,fess mess ni33 nu33 9033,failed,0.33,3,岩 尾 你 中 住,岩 尾 你 歇 宿,UNKNOWN,扫描 OCR + IPA 锚点版面解析（四行对照） | 整理日期 2026-09,medium
SANGJIAJING-P0571-R-04,SANGJIAJING,571,R,4,WI ZZ 年,,th21 21 he31 fe5ss J031 np,failed,0.33,6,一 夜 岩 旁 歇,夜 宿 岩 旁 一,UNKNOWN,扫描 OCR + IPA 锚点版面解析（四行对照） | 整理日期 2026-09,medium
SANGJIAJING-P0571-R-05,SANGJIAJING,571,R,5,效 7:,fess th³³ 0ss a³³ me²¹,fess th33 $0Ss A33 me21,suspect,0.67,3,岩 上 硕 阿 曼,岩 女 硕 阿 曼,UNKNOWN,扫描 OCR + IPA 锚点版面解析（四行对照） | 整理日期 2026-09,medium
SANGJIAJING-P0572-L-01,SANGJIAJING,572,L,1,效 下: 金,ni⁴⁴ fess a³³ me ²¹,ni44 fess A33 me 21,suspect,0.67,3,岩 姑 娘 心 平,岩 姑 娘 心 平,UNKNOWN,扫描 OCR + IPA 锚点版面解析（四行对照） | 整理日期 2026-09,medium
SANGJIAJING-P0572-L-02,SANGJIAJING,572,L,2,米 田,1ɒ⁵⁵ zu ³³ iɒss mɒ²¹ mu³³,1D55 zu 33 IDss mp21 mu33,suspect,0.50,4,虎 虎 做 捉 不,捕 虎 不 为 别,UNKNOWN,扫描 OCR + IPA 锚点版面解析（四行对照） | 整理日期 2026-09,medium
SANGJIAJING-P0572-L-03,SANGJIAJING,572,L,3,米 茶 每 O,,2u33 1D33 4D33 IDss mu33,failed,0.00,4,虎 捉 了 做,捕 虎 吃 虎 肉,UNKNOWN,扫描 OCR + IPA 锚点版面解析（四行对照） | 整理日期 2026-09,medium
SANGJIAJING-P0572-R-01,SANGJIAJING,572,R,1,田 电 N.,,Z0 55 mp tsh;33 tu? tsh;33,failed,0.33,3,我 到 不 到 地,一 程 又 一 程,UNKNOWN,扫描 OCR + IPA 锚点版面解析（四行对照） | 整理日期 2026-09,medium
SANGJIAJING-P0572-R-02,SANGJIAJING,572,R,2,子,fess khx⁴⁴ tsh³³ mu²¹ y⁰³1,fess khx44 tsh;33 mu21 Y031,suspect,0.50,4,天 旁 崖 丛 到,来 天 垠 崖 脚,UNKNOWN,扫描 OCR + IPA 锚点版面解析（四行对照） | 整理日期 2026-09,medium
SANGJIAJING-P0572-R-03,SANGJIAJING,572,R,3,男 田 子,tshi³³ ⁴⁴ mɒ²¹ mu2l t tchi³¹,tshi33 44 mD²1 mu²l t tchi31,suspect,0.50,4,走 不 到 天 黑,未 黑 至 天 已,UNKNOWN,扫描 OCR + IPA 锚点版面解析（四行对照） | 整理日期 2026-09,medium
SANGJIAJING-P0572-R-04,SANGJIAJING,572,R,4,年 nI ZZ,th²¹ he³¹ fess ⁹⁰³³ nɒ ²¹,th21 he31 fess 9033 nD 21,suspect,0.75,4,一 夜 崖 里 歇,夜 宿 崖 壁 下,UNKNOWN,扫描 OCR + IPA 锚点版面解析（四行对照） | 整理日期 2026-09,medium
SANGJIAJING-P0573-L-01,SANGJIAJING,573,L,1,飞= 茶 每 O,,21 33 m6 zu ID33 mu33 4D33,failed,0.20,5,雁 捉 了 做 着,崖 上 捕 大 雁,UNKNOWN,扫描 OCR + IPA 锚点版面解析（四行对照） | 整理日期 2026-09,medium
SANGJIAJING-P0573-L-02,SANGJIAJING,573,L,2,% 每 吧,gu xɒ²¹ iɒ³³ mu³³ dzɒ²¹,gu XD21 ID33 mu33 dzD21,suspect,0.75,4,雁 肉 啦 做 吃,做 吃 大 雁 肉,UNKNOWN,扫描 OCR + IPA 锚点版面解析（四行对照） | 整理日期 2026-09,medium
SANGJIAJING-P0573-L-03,SANGJIAJING,573,L,3,Z 丑 每 茶,,"21 ne2i mu 33 z,j33 gu t5133",failed,0.00,4,雁 皮 贵 做 拿,雁皮珍贵拿,UNKNOWN,扫描 OCR + IPA 锚点版面解析（四行对照） | 整理日期 2026-09,medium
SANGJIAJING-P0573-R-01,SANGJIAJING,573,R,1,π 羽,dzi²¹ do²¹ mu do⁴⁴ z³³,dzi21 do21 mu do44 z.33,suspect,0.50,4,生 迈 的 出 去,强 走 硬 行 去,UNKNOWN,扫描 OCR + IPA 锚点版面解析（四行对照） | 整理日期 2026-09,medium
SANGJIAJING-P0573-R-02,SANGJIAJING,573,R,2,田 电,,tsh;33 tsh:33 mp²1 m1,failed,0.25,4,我 不 到 地 到,一 程 又 程 一,UNKNOWN,扫描 OCR + IPA 锚点版面解析（四行对照） | 整理日期 2026-09,medium
SANGJIAJING-P0573-R-03,SANGJIAJING,573,R,3,#,mx ⁴⁴ yo ³¹ xu ⁴⁴ tsi³³ tshi³³,mx 44 yo 31 xu 44 ts13 tshi33,ok,0.80,5,湖 旁 湖 边 到,至 湖 池 N 畔,UNKNOWN,扫描 OCR + IPA 锚点版面解析（四行对照） | 整理日期 2026-09,medium
SANGJIAJING-P0573-R-04,SANGJIAJING,573,R,4,# @=,,mx 44 44 h21 tshi33 ts133 xw mb,failed,0.33,6,湖 湖 边 口 至,至 湖 池 崖 边,UNKNOWN,扫描 OCR + IPA 锚点版面解析（四行对照） | 整理日期 2026-09,medium
SANGJIAJING-P0573-R-05,SANGJIAJING,573,R,5,mI ZZ 7= 年,th²¹ he³¹ qhu²¹ xu⁴⁴ nɒ²¹,th21 he31 qhu21 xu44 nD21,ok,0.80,5,一 夜 湖 口 歇,湖 月池岸边 歇,UNKNOWN,扫描 OCR + IPA 锚点版面解析（四行对照） | 整理日期 2026-09,medium
SANGJIAJING-P0574-L-01,SANGJIAJING,574,L,1,男 田 子,tshi³³ mu²¹ tchi³¹,tshi33 mu²1 tchi31,ok,1.00,3,走 不 到 天 黑,未 至 天 已 黑,UNKNOWN,扫描 OCR + IPA 锚点版面解析（四行对照） | 整理日期 2026-09,medium
SANGJIAJING-P0574-L-02,SANGJIAJING,574,L,2,O 亏,,"44 055 nh21 ni33 mx xw 44 p""D",failed,0.33,6,湖 头 湖 父 居,湖 头 居 湖 父,UNKNOWN,扫描 OCR + IPA 锚点版面解析（四行对照） | 整理日期 2026-09,medium
SANGJIAJING-P0574-L-03,SANGJIAJING,574,L,3,分 亏 O,,"mx dz,031 mx ZD1 ni33",failed,0.00,2,湖 腰 湖 儿 居,湖 儿 腰 居 湖,UNKNOWN,扫描 OCR + IPA 锚点版面解析（四行对照） | 整理日期 2026-09,medium
SANGJIAJING-P0574-L-04,SANGJIAJING,574,L,4,亏,,44 33 1h33 mx me nu33,failed,0.00,4,湖 尾 你 来 住,你 宿 湖 池 尾,UNKNOWN,扫描 OCR + IPA 锚点版面解析（四行对照） | 整理日期 2026-09,medium
SANGJIAJING-P0574-L-05,SANGJIAJING,574,L,5,ZZ Z 年,thi²¹ he³¹ ⁴⁴ ³³ ²¹ xw me np,th121 he31 44 33 21 xw me np,suspect,0.50,6,一 夜 湖 尾 歇,湖 尾 宿 夜,UNKNOWN,扫描 OCR + IPA 锚点版面解析（四行对照） | 整理日期 2026-09,medium
SANGJIAJING-P0574-R-01,SANGJIAJING,574,R,1,A 效 7:,⁴⁴ me ³³ lu²¹ a²¹ me²¹ mx,44 me 33 lu²1 A21 me21 mx,suspect,0.67,6,湖 尾 龙 姑 娘,湖 尾 龙 姑 娘,UNKNOWN,扫描 OCR + IPA 锚点版面解析（四行对照） | 整理日期 2026-09,medium
SANGJIAJING-P0574-R-02,SANGJIAJING,574,R,2,7: 金,a²¹ lu²¹ me²¹ ni4,A21 lu21 me21 ni4,ok,1.00,4,龙 姑 娘 心 平,龙 姑 娘 心 平,UNKNOWN,扫描 OCR + IPA 锚点版面解析（四行对照） | 整理日期 2026-09,medium
SANGJIAJING-P0574-R-03,SANGJIAJING,574,R,3,茶 每 O,,"ms 33 2,133 1p33 mu 33 4D33",failed,0.20,5,獭 捉 了 做 着,湖 獭 中 捉 水,UNKNOWN,扫描 OCR + IPA 锚点版面解析（四行对照） | 整理日期 2026-09,medium
SANGJIAJING-P0574-R-04,SANGJIAJING,574,R,4,台 丑 每 茶,³³ ⁰⁵5 mu z³³ ms ne²¹,"33 055 mu z,33 ms ne21",suspect,0.50,4,獭 头 贵 做 拿,獭头珍 贵 拿,UNKNOWN,扫描 OCR + IPA 锚点版面解析（四行对照） | 整理日期 2026-09,medium
SANGJIAJING-P0575-L-01,SANGJIAJING,575,L,1,飞,tsh³³ ne ²¹ mu ³³ ʊi¹³3 su³³,tsh:33 ne 21 mu 33 VI133 su33,suspect,0.60,5,獭 脚 贵 做 拿,獭 脚 珍 贵 拿,UNKNOWN,扫描 OCR + IPA 锚点版面解析（四行对照） | 整理日期 2026-09,medium
SANGJIAJING-P0575-L-02,SANGJIAJING,575,L,2,3 与 号 去,si³³ ⁴⁰³¹ ʊe²¹ di²¹ pur4,si33 4031 Ve21 dr21 pur4,suspect,0.60,5,猎 脸 旋 的 返,猎 人 返 折 身,UNKNOWN,扫描 OCR + IPA 锚点版面解析（四行对照） | 整理日期 2026-09,medium
SANGJIAJING-P0575-L-03,SANGJIAJING,575,L,3,A 号 西,,tce 44 55 1h3 eeny np VeR1,failed,0.33,3,绳 扣 旋 来 穿,绳尾 回穿扣,UNKNOWN,扫描 OCR + IPA 锚点版面解析（四行对照） | 整理日期 2026-09,medium
SANGJIAJING-P0575-R-01,SANGJIAJING,575,R,1,W 去,,luss P pu 44 ob 31 l33,failed,0.33,3,喜 的 回 来 返,如 愿 返 折 来,UNKNOWN,扫描 OCR + IPA 锚点版面解析（四行对照） | 整理日期 2026-09,medium
SANGJIAJING-P0575-R-02,SANGJIAJING,575,R,2,74 8 田 每,niu³³ de²¹ ²¹ mp,niu33 de21 21 mp,suspect,0.50,4,野猪 打 野猪 不 做,打 野 猎 非 别,UNKNOWN,扫描 OCR + IPA 锚点版面解析（四行对照） | 整理日期 2026-09,medium
SANGJIAJING-P0575-R-03,SANGJIAJING,575,R,3,7科 电,niu³³ de²¹ tho²¹ ne ⁴⁴,niu33 de21 tho21 ne 44,ok,1.00,4,野猪 打 松 黑 地,松 林 打 野 猪,UNKNOWN,扫描 OCR + IPA 锚点版面解析（四行对照） | 整理日期 2026-09,medium
SANGJIAJING-P0575-R-04,SANGJIAJING,575,R,4,8 74 8 %,niu³³ de²¹ niu³³ xɒ ²¹ dzɒ²¹,niu33 de21 niu33 XD 21 dzD21,ok,1.00,5,野猪 打 野猪 肉 吃,打 野 猪 吃 肉,UNKNOWN,扫描 OCR + IPA 锚点版面解析（四行对照） | 整理日期 2026-09,medium
SANGJIAJING-P0576-L-01,SANGJIAJING,576,L,1,08 丑 每 飞,ʊi³³ niu³³ tsi³³ mu ³³,VI33 niu33 tsi33 mu? 33,suspect,0.75,4,野猪 皮 贵 做 拿,皮 子 珍 贵 拿,UNKNOWN,扫描 OCR + IPA 锚点版面解析（四行对照） | 整理日期 2026-09,medium
SANGJIAJING-P0576-R-01,SANGJIAJING,576,R,1,3 致,gu tu³³ yu ²¹ g0 ⁴⁴ tei⁴⁴,gu?! tu33 yu 21 g0 44 tei44,suspect,0.50,4,雁 翅 杆 写 记,雁 翎 杆 作 笔,UNKNOWN,扫描 OCR + IPA 锚点版面解析（四行对照） | 整理日期 2026-09,medium
SANGJIAJING-P0576-R-02,SANGJIAJING,576,R,2,飞 妄 H,,m6 21 tsi33 06 44 t4D33 zu,failed,0.33,6,雁 皮 写 块 使,雁 皮 纸 用,UNKNOWN,扫描 OCR + IPA 锚点版面解析（四行对照） | 整理日期 2026-09,medium
SANGJIAJING-P0576-R-03,SANGJIAJING,576,R,3,效 Z 与 专,a²¹ siss ni²¹ msy ³³ si³³,A21 siss ni21 msy 33 si33.,suspect,0.50,4,我 们 俩 真 主,我 们 俩 主,UNKNOWN,扫描 OCR + IPA 锚点版面解析（四行对照） | 整理日期 2026-09,medium
SANGJIAJING-P0576-R-04,SANGJIAJING,576,R,4,3 九 了,siss si³³ ne³³ li²⁰8,siss si33 ne33 1208,suspect,0.67,3,字 文 与 标 文,经书 与美文,UNKNOWN,扫描 OCR + IPA 锚点版面解析（四行对照） | 整理日期 2026-09,medium
SANGJIAJING-P0577-L-01,SANGJIAJING,577,L,1,驰 3 与,si⁵⁵ s si³³ tshi³³ ni²¹ pur²¹,si5s si33 tsh133 ni21 pur21,ok,1.00,5,字 文 十 二 本,经 书 十 二 本,UNKNOWN,扫描 OCR + IPA 锚点版面解析（四行对照） | 整理日期 2026-09,medium
SANGJIAJING-P0577-L-02,SANGJIAJING,577,L,2,3 与,sɒ1 si³³ tsh³³ ni²¹ purl,SD1 si33 tsh33 ni21 purl,suspect,0.50,4,标 文 十 二 本,本 美 文 十 二,UNKNOWN,扫描 OCR + IPA 锚点版面解析（四行对照） | 整理日期 2026-09,medium
SANGJIAJING-P0577-L-03,SANGJIAJING,577,L,3,万 妄,kh³³ zi³³ go ⁴⁴ li³³ zi³³,"kh,33 zi33 go 44 133 zi33",ok,0.80,5,那 样 写 来 呢,如 此 来 写 下,UNKNOWN,扫描 OCR + IPA 锚点版面解析（四行对照） | 整理日期 2026-09,medium
SANGJIAJING-P0577-L-04,SANGJIAJING,577,L,4,田 71 电 日,mp ²¹ do²¹ tu³³ li⁰³3 do²¹,mp 21 do21 tu33 1033 do21,ok,0.80,5,不 掉 地 处 掉,放 在新 地 方,UNKNOWN,扫描 OCR + IPA 锚点版面解析（四行对照） | 整理日期 2026-09,medium
SANGJIAJING-P0577-R-01,SANGJIAJING,577,R,1,子 九 介 水,,33 33 33 do21 mu21 ne mr qD,failed,0.33,6,天 与 地 门 掉,放 天 地 门 处,UNKNOWN,扫描 OCR + IPA 锚点版面解析（四行对照） | 整理日期 2026-09,medium
SANGJIAJING-P0577-R-02,SANGJIAJING,577,R,2,九 刀,the⁴⁴ ɒ⁰³3 ne³³ 1h³³ n⁰³3,the44 D033 ne33 1h33 n033,suspect,0.60,5,见 也 锐 来 见,眼 锐 者 发 现,UNKNOWN,扫描 OCR + IPA 锚点版面解析（四行对照） | 整理日期 2026-09,medium
SANGJIAJING-P0577-R-03,SANGJIAJING,577,R,3,金 X,,mb 33 zi33 k033 1h33 mb 33,failed,0.20,5,捡 快 来 捡 呢,手 疾 者 捡 获,UNKNOWN,扫描 OCR + IPA 锚点版面解析（四行对照） | 整理日期 2026-09,medium
SANGJIAJING-P0577-R-04,SANGJIAJING,577,R,4,学 识 渊 者 看,siss zul ʊ1 le³¹ bu³³,siss zu?l V?1 le31 bu33,suspect,0.50,2,左 手 书 肩 使,左 手把 书脊,UNKNOWN,扫描 OCR + IPA 锚点版面解析（四行对照） | 整理日期 2026-09,medium
SANGJIAJING-P0578-L-01,SANGJIAJING,578,L,1,号 驰,siss phu³³ zɒ ³³ le³¹ tx⁴⁴,siss phu33 ZD 33 le31 tx44,suspect,0.50,4,右 手 书 层 开,右 手 翻 书 页,UNKNOWN,扫描 OCR + IPA 锚点版面解析（四行对照） | 整理日期 2026-09,medium
SANGJIAJING-P0578-L-02,SANGJIAJING,578,L,2,子 企 7儿 田 口,,mu² m13 mp 21 lu33 9,failed,0.25,4,天 地 不 愿,天 地 不 愿 离,UNKNOWN,扫描 OCR + IPA 锚点版面解析（四行对照） | 整理日期 2026-09,medium
SANGJIAJING-P0578-L-03,SANGJIAJING,578,L,3,7I儿L 田 口 又,qi²¹ mɒ²¹ lu³³ mu³³ tɒss,q121 mp21 lu33 mu33 tDss,ok,1.00,5,离 不 愿 的 搁,不 离 维 原 状,UNKNOWN,扫描 OCR + IPA 锚点版面解析（四行对照） | 整理日期 2026-09,medium
SANGJIAJING-P0578-L-04,SANGJIAJING,578,L,4,刀 去,²¹ the⁴⁴ di²¹ tshi⁴⁴ ʊɒ tce ⁴⁴,21 the44 di21 tshi44 VD tce 44,suspect,0.60,5,雪 绳 利 的 断,利 器 断 雪 绳,UNKNOWN,扫描 OCR + IPA 锚点版面解析（四行对照） | 整理日期 2026-09,medium
SANGJIAJING-P0578-L-05,SANGJIAJING,578,L,5,去,ni ³³ tce 4 the²¹ di²¹ bi²¹,ni 33 tce 4 the21 d121 b121,suspect,0.75,4,霜 绳 瞬 的 散,散 霜 绳 瞬 间,UNKNOWN,扫描 OCR + IPA 锚点版面解析（四行对照） | 整理日期 2026-09,medium
SANGJIAJING-P0578-R-01,SANGJIAJING,578,R,1,子 W 去 7儿L,qi²¹ mu²¹ mi³³ lurss,q121 mu21 m133 lurss,ok,1.00,4,天 地 喜 的 离,天 地 喜 相 离,UNKNOWN,扫描 OCR + IPA 锚点版面解析（四行对照） | 整理日期 2026-09,medium
SANGJIAJING-P0579-L-01,SANGJIAJING,579,L,1,,,m²1 t thetho21 VD²1khu,failed,0.25,4,天 上托 罔克,天 上 托 克,UNKNOWN,扫描 OCR + IPA 锚点版面解析（四行对照） | 整理日期 2026-09,medium
SANGJIAJING-P0579-L-02,SANGJIAJING,579,L,2,O 子尔羽,tho²¹ 4ɒ³³ mu²¹ khu⁴⁴,tho21 4D33 mu²1 khu44,suspect,0.75,4,托 少 木克掉,放 托 少 木 克,UNKNOWN,扫描 OCR + IPA 锚点版面解析（四行对照） | 整理日期 2026-09,medium
SANGJIAJING-P0579-L-03,SANGJIAJING,579,L,3,W,,tsh;33 op t4p's tci mp 33,failed,0.00,2,东 方 霞 光 大,东方 日 射 霞,UNKNOWN,扫描 OCR + IPA 锚点版面解析（四行对照） | 整理日期 2026-09,medium
SANGJIAJING-P0579-L-04,SANGJIAJING,579,L,4,O,ʊli³³ 4ɒ³³ do⁴⁴ bɒ³³ lu³³,V133 4D33 do44 bp33 lu33,suspect,0.60,5,月 出 光 亮 家,月 出 映 光 辉,UNKNOWN,扫描 OCR + IPA 锚点版面解析（四行对照） | 整理日期 2026-09,medium
SANGJIAJING-P0579-L-05,SANGJIAJING,579,L,5,W 九 O 7,9li³³ ne ³³ 4ɒ³³ qɒ ³³ do²¹,9133 ne 33 4D33 qD 33 do21,suspect,0.60,5,日 与 月 相 舍,与 月 日 相 舍,UNKNOWN,扫描 OCR + IPA 锚点版面解析（四行对照） | 整理日期 2026-09,medium
SANGJIAJING-P0579-R-01,SANGJIAJING,579,R,1,万 7水 田 口,kh³³ zi³³ do²¹ mp ²¹ lu³³,kh33 Zi33 do21 mp 21 lu33,suspect,0.60,5,那 样 舍 不 愿,虽 然 不 愿 舍,UNKNOWN,扫描 OCR + IPA 锚点版面解析（四行对照） | 整理日期 2026-09,medium
SANGJIAJING-P0579-R-02,SANGJIAJING,579,R,2,田 口 田斋,,kD² do21 lu33 mp,failed,0.33,3,舍 不 愿 不 效,不 能 不 相 舍,UNKNOWN,扫描 OCR + IPA 锚点版面解析（四行对照） | 整理日期 2026-09,medium
SANGJIAJING-P0579-R-03,SANGJIAJING,579,R,3,X 去,tshi2l tce⁴⁴ the⁴⁴ di²¹ tshi⁴⁴,tshi2l tce44 the44 d1²1 tshi44,suspect,0.75,4,冬 绳 利 的 断,利 器 断 冬 绳,UNKNOWN,扫描 OCR + IPA 锚点版面解析（四行对照） | 整理日期 2026-09,medium
SANGJIAJING-P0579-R-04,SANGJIAJING,579,R,4,@ 去,tce4the²¹ bi²¹,# tce4the21 b121,suspect,0.50,2,闪 绳 瞬 的 散,电 绳 瞬 间 散,UNKNOWN,扫描 OCR + IPA 锚点版面解析（四行对照） | 整理日期 2026-09,medium
SANGJIAJING-P0579-R-05,SANGJIAJING,579,R,5,W O 去 7儿L,qi²¹ li⁵⁵ li³³ 4ɒ³³ luss di²¹,q121 15133 4D33 luss di²1,suspect,0.60,5,日 月 喜 的 离,月 喜悦 离 日,UNKNOWN,扫描 OCR + IPA 锚点版面解析（四行对照） | 整理日期 2026-09,medium
SANGJIAJING-P0580-L-01,SANGJIAJING,580,L,1,W 去 71L 又,,ralb lur's tD's ax 33,failed,0.00,1,喜 的 离 搁 掉,喜 离 舍 悦 相,UNKNOWN,扫描 OCR + IPA 锚点版面解析（四行对照） | 整理日期 2026-09,medium
SANGJIAJING-P0580-L-02,SANGJIAJING,580,L,2,田 电 日 永,mp ²¹ do²¹ cm li⁰³3 do²¹,mp 21 do21 cm 1033 do21,suspect,0.75,4,不 掉 地 处 掉,放 置 新 地 方,UNKNOWN,扫描 OCR + IPA 锚点版面解析（四行对照） | 整理日期 2026-09,medium
SANGJIAJING-P0580-L-03,SANGJIAJING,580,L,3,分 3 正,te³³ te³³ qɒ ³³ do²¹,te33 te33 qD 33 do21,ok,1.00,4,星 小 云 门 掉,星 与 云 间 门,UNKNOWN,扫描 OCR + IPA 锚点版面解析（四行对照） | 整理日期 2026-09,medium
SANGJIAJING-P0580-L-04,SANGJIAJING,580,L,4,面 Z,tce ³³ do⁴⁴ tce ³³ zi³¹ ʊli³³,tce 33 do44 tce 33 zi31 V133,ok,0.80,5,星 出 星 晶 家,出星 星 晶 亮,UNKNOWN,扫描 OCR + IPA 锚点版面解析（四行对照） | 整理日期 2026-09,medium
SANGJIAJING-P0580-R-01,SANGJIAJING,580,R,1,子 3 A,vi⁴⁴ mu²¹ te³³ 4u³³,vi44 mu21 te33 4u33,suspect,0.75,4,天 花 云 白 结,天 戴 花 白 云,UNKNOWN,扫描 OCR + IPA 锚点版面解析（四行对照） | 整理日期 2026-09,medium
SANGJIAJING-P0580-R-02,SANGJIAJING,580,R,2,万 正 田 口,kh³³ qɒ ³³ do²¹ mɒ ²¹ lu³³,kh33 qD 33 do21 mD 21 lu33,ok,0.80,5,它 相 舍 不 愿,两 者 不 愿 舍,UNKNOWN,扫描 OCR + IPA 锚点版面解析（四行对照） | 整理日期 2026-09,medium
SANGJIAJING-P0580-R-03,SANGJIAJING,580,R,3,田 口 田圣,do²¹ mɒ²¹ lu³³ khɒ²¹ mɒ²¹,do21 mD²1 lu33 khD21 mp21,ok,1.00,5,舍 不 愿 不 效,不 愿 舍 无 济,UNKNOWN,扫描 OCR + IPA 锚点版面解析（四行对照） | 整理日期 2026-09,medium
SANGJIAJING-P0580-R-04,SANGJIAJING,580,R,4,分 了 4,tce ³³ zɒ te³³ 4u³³ do²¹,tce 33 ZD te33 4u33 do21,suspect,0.50,4,星 小 云 白 舍,星 与 终 舍 云,UNKNOWN,扫描 OCR + IPA 锚点版面解析（四行对照） | 整理日期 2026-09,medium
SANGJIAJING-P0580-R-05,SANGJIAJING,580,R,5,W 去 又 7,lurs do³¹ iɒ³³ tɒss,lur's do31 ID33 tDss,suspect,0.67,3,喜 的 舍 了 搁,喜 悦 相 舍 离,UNKNOWN,扫描 OCR + IPA 锚点版面解析（四行对照） | 整理日期 2026-09,medium
SANGJIAJING-P0581-L-01,SANGJIAJING,581,L,1,号 驰,,le31 siss bu33 Ve21 zw,failed,0.25,4,左 手 书 肩 使,左 手 把 书 脊,UNKNOWN,扫描 OCR + IPA 锚点版面解析（四行对照） | 整理日期 2026-09,medium
SANGJIAJING-P0581-L-02,SANGJIAJING,581,L,2,号 驰,siss phu³³ zɒ ³³ le³¹ ty⁴⁴,siss phu33 ZD 33 le31 ty44,suspect,0.50,4,右 手 书 层 开,右 手 翻 书 页,UNKNOWN,扫描 OCR + IPA 锚点版面解析（四行对照） | 整理日期 2026-09,medium
SANGJIAJING-P0581-L-03,SANGJIAJING,581,L,3,7 日,du³³ li⁰³3 th²¹ pu ²¹ g0 ⁴⁴,du33 1033 th21 pu 21 g0 44,suspect,0.60,5,尾 处 一 本 写,最 后 写 一 本,UNKNOWN,扫描 OCR + IPA 锚点版面解析（四行对照） | 整理日期 2026-09,medium
SANGJIAJING-P0581-L-04,SANGJIAJING,581,L,4,田 7 电 九 永,mp ²¹ do²¹ ne ³³ do²¹ tur3,mp 21 do21 ne 33 do21 tur3,ok,0.80,5,不 掉 地 也 掉,放 置 新 地 方,UNKNOWN,扫描 OCR + IPA 锚点版面解析（四行对照） | 整理日期 2026-09,medium
SANGJIAJING-P0581-L-05,SANGJIAJING,581,L,5,九 左,4u³³ ne³³ hɒ³³ ab ³³ do²¹,4u33 ne33 hp33 ab 33 do21,ok,0.80,5,风 与 雨 门 掉,风 与 雨 间 门,UNKNOWN,扫描 OCR + IPA 锚点版面解析（四行对照） | 整理日期 2026-09,medium
SANGJIAJING-P0581-R-01,SANGJIAJING,581,R,1,万 正 水 田 口,kh³³ ³³ do²¹ ²¹ lu³³ qɒ mp,kh33 33 do21 21 lu33 qD mp,suspect,0.50,6,它 相 舍 不 愿,两 者 不 愿 舍,UNKNOWN,扫描 OCR + IPA 锚点版面解析（四行对照） | 整理日期 2026-09,medium
SANGJIAJING-P0581-R-02,SANGJIAJING,581,R,2,田 口 田圣,mɒ²¹ khɒ²¹ ɔp mp ²¹ lu³³,mp²1khD21 Op mp 21 lu33,ok,1.00,4,舍 不 愿 不 效,不 愿 济 舍 无,UNKNOWN,扫描 OCR + IPA 锚点版面解析（四行对照） | 整理日期 2026-09,medium
SANGJIAJING-P0581-R-03,SANGJIAJING,581,R,3,7儿L 田 田斋 口,,mp²l khp21 mp 21 lu33,failed,0.33,3,92 离 不 愿 不 效,不 愿 离 无 济,UNKNOWN,扫描 OCR + IPA 锚点版面解析（四行对照） | 整理日期 2026-09,medium
SANGJIAJING-P0581-R-04,SANGJIAJING,581,R,4,W 去,,1133 hp33 lur's khp21,failed,0.33,3,风 雨 喜 的 罩,风 雨 喜 相 罩,UNKNOWN,扫描 OCR + IPA 锚点版面解析（四行对照） | 整理日期 2026-09,medium
SANGJIAJING-P0581-R-05,SANGJIAJING,581,R,5,W 去 7儿 又,lurss di²¹ qi²¹ 1ɒ³³ tɒss,lurss dr21 q121 1D33 tDss,suspect,0.50,4,喜 的 离 了 搁,喜悦 相离 舍,UNKNOWN,扫描 OCR + IPA 锚点版面解析（四行对照） | 整理日期 2026-09,medium
SANGJIAJING-P0582-L-01,SANGJIAJING,582,L,1,D2 卡 (①),ni²¹ tshɒ2dzɒ2 se⁴⁴,ni²1 tshp²dzp² Se44,suspect,0.50,2,彝 牛 汉 盐 吃,彝 牛 吃 汉 盐,UNKNOWN,扫描 OCR + IPA 锚点版面解析（四行对照） | 整理日期 2026-09,medium
SANGJIAJING-P0582-L-02,SANGJIAJING,582,L,2,W GZ 云 又,tshɒ²¹ dzɒ 4ɒ³³ ti³³ tɒss,tshp21 dzD 4D33 t133 tDss,suspect,0.75,4,盐 吃 舌 面 搁,吃 盐 舌 尝 味,UNKNOWN,扫描 OCR + IPA 锚点版面解析（四行对照） | 整理日期 2026-09,medium
SANGJIAJING-P0582-L-03,SANGJIAJING,582,L,3,云 π 日,4ɒ³³ tois ne ³³ dzi²¹ li⁰³3,4D33 toi's ne 33 dzi21 1033,suspect,0.50,4,舌 面 美 管 处,美 味 舌 来 辨,UNKNOWN,扫描 OCR + IPA 锚点版面解析（四行对照） | 整理日期 2026-09,medium
SANGJIAJING-P0582-L-04,SANGJIAJING,582,L,4,日 70,1ɒ³³ li⁰³3 tsh³³ ne³³ ne³³,1D33 1033 tsh33 ne33 ne33,suspect,0.60,5,美 了 美 处 甜,美 味 美 鲜 甜,UNKNOWN,扫描 OCR + IPA 锚点版面解析（四行对照） | 整理日期 2026-09,medium
SANGJIAJING-P0582-L-05,SANGJIAJING,582,L,5,驰 3 与,siss tsh³³ ni²¹ md ²¹,siss tsh;33 ni21 md 21,suspect,0.67,3,字 文 十 二 本,经 牛 十 本 二,UNKNOWN,扫描 OCR + IPA 锚点版面解析（四行对照） | 整理日期 2026-09,medium
SANGJIAJING-P0582-R-01,SANGJIAJING,582,R,1,3 与,tshi³³ ni²¹ sɒ²¹ si³³ pu²¹,tsh133 ni²1 SD21 si33 pu²1,ok,1.00,5,标 文 十 二 本,美 文 十 二 本,UNKNOWN,扫描 OCR + IPA 锚点版面解析（四行对照） | 整理日期 2026-09,medium
SANGJIAJING-P0582-R-02,SANGJIAJING,582,R,2,用 勿 目,,siss zi33 nD g0 44 t$03,failed,0.33,3,先 前 写 有 呢,先 前 已 写 下@,UNKNOWN,扫描 OCR + IPA 锚点版面解析（四行对照） | 整理日期 2026-09,medium
SANGJIAJING-P0582-R-03,SANGJIAJING,582,R,3,田 7 电 IU  永,do²¹ tu³³ th³³ do²¹,do21 tu33 th33 do21,suspect,0.75,4,不 掉 地 方 掉,放 置 新 地 方,UNKNOWN,扫描 OCR + IPA 锚点版面解析（四行对照） | 整理日期 2026-09,medium
SANGJIAJING-P0583-L-01,SANGJIAJING,583,L,1,专 ? 专 X,³³ si³³ si³³ qe⁴⁴ pu li⁰⁴4,33 si33 si33 qe44 pu 1044,suspect,0.60,5,山 神 石 神 强,山 神 石 神 强,UNKNOWN,扫描 OCR + IPA 锚点版面解析（四行对照） | 整理日期 2026-09,medium
SANGJIAJING-P0583-L-02,SANGJIAJING,583,L,2,? 田 口,pur ³³ li⁰⁴4 do²¹ mɒ²¹ lu³³,pur 33 1044 do21 mp²1 lu33,ok,1.00,5,山 石 舍 不 愿,山 舍 石 不 愿,UNKNOWN,扫描 OCR + IPA 锚点版面解析（四行对照） | 整理日期 2026-09,medium
SANGJIAJING-P0583-L-03,SANGJIAJING,583,L,3,田条 田,mɒ²⁰ kɒ²²1 do²¹ lu³³,mp²0 kp²21 do21 lu33,ok,1.00,4,舍 不 愿 不 效,不 愿 舍 无 济,UNKNOWN,扫描 OCR + IPA 锚点版面解析（四行对照） | 整理日期 2026-09,medium
SANGJIAJING-P0583-L-04,SANGJIAJING,583,L,4,? 去,li⁰⁴4 tce4 the⁴⁴ di²¹ tshi⁴⁴,1044 tce4 the44 di21 tshi44,suspect,0.75,4,石 绳 利 的 断,利 器 断 石 绳,UNKNOWN,扫描 OCR + IPA 锚点版面解析（四行对照） | 整理日期 2026-09,medium
SANGJIAJING-P0583-L-05,SANGJIAJING,583,L,5,7 去,si⁴⁴ the²¹ di²¹ tce⁴⁴ bi²¹,si44 the21 dr21 tce44 br21,ok,1.00,5,木 绳 瞬 的 散,木 绳瞬 间 ]散,UNKNOWN,扫描 OCR + IPA 锚点版面解析（四行对照） | 整理日期 2026-09,medium
SANGJIAJING-P0583-R-01,SANGJIAJING,583,R,1,? w 去 7儿,di²¹ qi²¹ pu li0 ⁴⁴ lurs,di21 q121 pu 10 44 lur's,suspect,0.75,4,山 石 喜 的 离,山 石 喜 悦 离,UNKNOWN,扫描 OCR + IPA 锚点版面解析（四行对照） | 整理日期 2026-09,medium
SANGJIAJING-P0583-R-02,SANGJIAJING,583,R,2,W 去 7儿L 又,lu³³ di²¹ qi²¹ tɒss xɒ,lu33 d121 q121 tDss XD,suspect,0.75,4,喜 的 离 搁 掉,喜 悦 相 离 舍,UNKNOWN,扫描 OCR + IPA 锚点版面解析（四行对照） | 整理日期 2026-09,medium
SANGJIAJING-P0583-R-03,SANGJIAJING,583,R,3,九 WI,,yu 21 th21 pu 21 g0 44 ng33,failed,0.40,5,前 也 本 写 一,先 前 写 一 本,UNKNOWN,扫描 OCR + IPA 锚点版面解析（四行对照） | 整理日期 2026-09,medium
SANGJIAJING-P0583-R-04,SANGJIAJING,583,R,4,田 电 IM 7,do²¹ thi³³ do²¹ mɒ²¹ tur³³,do21 th133 do21 mp21 tur33,ok,1.00,5,不 掉 地 方 掉,放 置 新 地 方,UNKNOWN,扫描 OCR + IPA 锚点版面解析（四行对照） | 整理日期 2026-09,medium
SANGJIAJING-P0583-R-05,SANGJIAJING,583,R,5,771,zi³³ mx ⁴⁴ lu²¹ do²¹,"z,133 mx 44 lu21 do21",suspect,0.75,4,水 池 龙 门 掉,湖 池 N 龙 门,UNKNOWN,扫描 OCR + IPA 锚点版面解析（四行对照） | 整理日期 2026-09,medium
SANGJIAJING-P0584-L-01,SANGJIAJING,584,L,1,C 米,³³ lu²¹ sɒ 2li³³ iɒ⁵⁵ s dlu³³,33 lu21 SD 2133 ID5s dlu33,suspect,0.60,5,龙 畅 水 浪 涌,龙 游 水 浪 涌,UNKNOWN,扫描 OCR + IPA 锚点版面解析（四行对照） | 整理日期 2026-09,medium
SANGJIAJING-P0584-L-02,SANGJIAJING,584,L,2,米 田 号 面,zi³³ 1ɒ⁵⁵ s mp zi³¹ su³³,z.133 1D5s mp zi31 su33,suspect,0.75,4,水 浪 不 睡 夜,水 浪 夜 不 眠,UNKNOWN,扫描 OCR + IPA 锚点版面解析（四行对照） | 整理日期 2026-09,medium
SANGJIAJING-P0584-L-03,SANGJIAJING,584,L,3,年,mu2ltce tce kɒ³³ do²¹,mu²ltce”tce kp33 do21,suspect,0.50,2,天 ：上 星 与,天 空 无 星 时,UNKNOWN,扫描 OCR + IPA 锚点版面解析（四行对照） | 整理日期 2026-09,medium
SANGJIAJING-P0584-L-04,SANGJIAJING,584,L,4,O 万 分,,44 lu²1 kh33 33 mx YD tsiss,failed,0.20,5,湖 龙 那 里 美,湖 龙 仍 呈 美,UNKNOWN,扫描 OCR + IPA 锚点版面解析（四行对照） | 整理日期 2026-09,medium
SANGJIAJING-P0584-L-05,SANGJIAJING,584,L,5,O 田 口,mx ⁴⁴ lu²¹ do²¹ mɒ ²¹ lu³³,mx 44 lu²1 do21 mD 21 lu33,ok,0.80,5,湖 龙 活 不 愿,湖 不 情 愿 龙,UNKNOWN,扫描 OCR + IPA 锚点版面解析（四行对照） | 整理日期 2026-09,medium
SANGJIAJING-P0584-R-01,SANGJIAJING,584,R,1,田 口 田圣,²¹ mɒ2l khɒ²¹ do²¹ mp lu³³,21 mp²l khp21 do21 mp lu33,suspect,0.50,4,活 不 愿 不 济,不 情 愿 不 济,UNKNOWN,扫描 OCR + IPA 锚点版面解析（四行对照） | 整理日期 2026-09,medium
SANGJIAJING-P0584-R-02,SANGJIAJING,584,R,2,W 去然,tshi⁴⁴ hɒ³³ tce luss di²¹,tshi44 hp33 tce luss di21,suspect,0.67,3,雨 绳 喜 的 断,断 雨 绳 喜 中,UNKNOWN,扫描 OCR + IPA 锚点版面解析（四行对照） | 整理日期 2026-09,medium
SANGJIAJING-P0584-R-03,SANGJIAJING,584,R,3,去,,55 tce4 the21 b121 np,failed,0.25,4,瞬 的 散 阴 绳,阴 绳 瞬 间 散,UNKNOWN,扫描 OCR + IPA 锚点版面解析（四行对照） | 整理日期 2026-09,medium
SANGJIAJING-P0584-R-04,SANGJIAJING,584,R,4,A W 去 7儿,,44 lu²1 lurs di21 q121 mx,failed,0.40,5,湖 龙 喜 的,湖 与 龙 相 离,UNKNOWN,扫描 OCR + IPA 锚点版面解析（四行对照） | 整理日期 2026-09,medium
SANGJIAJING-P0584-R-05,SANGJIAJING,584,R,5,W 去 71L 又,,q121 lurss di21 tDSs ax 33,failed,0.33,3,喜 的 离 搁 掉,喜悦 相 离舍,UNKNOWN,扫描 OCR + IPA 锚点版面解析（四行对照） | 整理日期 2026-09,medium
SANGJIAJING-P0585-L-01,SANGJIAJING,585,L,1,田 77 电 hI,mp do²¹ tur³³ th³³ do²¹,mp do21 tur33 th33 do21,suspect,0.75,4,不 掉 地 方 掉,放 方 置 新 地,UNKNOWN,扫描 OCR + IPA 锚点版面解析（四行对照） | 整理日期 2026-09,medium
SANGJIAJING-P0585-L-02,SANGJIAJING,585,L,2,九 π 口,dzi²¹ ng³³ lu³³ qɒ ³³ do²¹,dzi21 ng33 lu33 qD 33 do21,ok,0.80,5,官 与 城 门 掉,官 与城 门 间,UNKNOWN,扫描 OCR + IPA 锚点版面解析（四行对照） | 整理日期 2026-09,medium
SANGJIAJING-P0585-L-03,SANGJIAJING,585,L,3,π T,,dzi21 055 1D33 44 q044 mx,failed,0.17,6,官 头 帽 铁 戴,官 头 戴 铁 帽,UNKNOWN,扫描 OCR + IPA 锚点版面解析（四行对照） | 整理日期 2026-09,medium
SANGJIAJING-P0585-L-04,SANGJIAJING,585,L,4,π 分 6,nij³³ dzi2l fgss ms ²¹,nij33 dzi2l fgss ms 21,suspect,0.50,2,官 儿 电 案 日,衙官审 案 日,UNKNOWN,扫描 OCR + IPA 锚点版面解析（四行对照） | 整理日期 2026-09,medium
SANGJIAJING-P0585-R-01,SANGJIAJING,585,R,1,# 国 3=,qu³³ phi²¹ ³³ ne hu²¹ hur²¹,"q""u33 phi21 33 ne hu²1 hur²1",suspect,0.60,5,惊 木 响 亮 亮,惊 堂 木 声 响,UNKNOWN,扫描 OCR + IPA 锚点版面解析（四行对照） | 整理日期 2026-09,medium
SANGJIAJING-P0585-R-02,SANGJIAJING,585,R,2,半 九 分 羽,muss yɒ ³³ qɒ ³³ do²¹,muss YD 33 qD 33 do21,suspect,0.67,3,马 与 鞍 相 舍,马 舍 与 鞍 相,UNKNOWN,扫描 OCR + IPA 锚点版面解析（四行对照） | 整理日期 2026-09,medium
SANGJIAJING-P0585-R-03,SANGJIAJING,585,R,3,马 舍 与 鞍 相,,tsh33 hu4 tsh:33 le&p,failed,0.33,3,马 铁 脚 长 脚,马 蹄 钉 铁 掌,UNKNOWN,扫描 OCR + IPA 锚点版面解析（四行对照） | 整理日期 2026-09,medium
SANGJIAJING-P0585-R-04,SANGJIAJING,585,R,4,半 会,,khD² tsh:33 tD33 mu ZD²1,failed,0.33,3,马 小 拷 驮 起,马 背 驮 刑 事,UNKNOWN,扫描 OCR + IPA 锚点版面解析（四行对照） | 整理日期 2026-09,medium
SANGJIAJING-P0586-L-01,SANGJIAJING,586,L,1,G 去,fess tce⁴⁴ the⁴⁴ di²¹ tshi⁴⁴,fess tce44 the44 d1²1 tshi44,suspect,0.75,4,案 绳 利 的 断,利 器 断 案 绳,UNKNOWN,扫描 OCR + IPA 锚点版面解析（四行对照） | 整理日期 2026-09,medium
SANGJIAJING-P0586-L-02,SANGJIAJING,586,L,2,去,khɒ²¹ tce ⁴⁴ thg²¹ di²¹ bi²¹,khD21 tce 44 thg21 dr21 b121,ok,0.80,5,拷 绳 瞬 的 散,刑 绳 舜 间 散,UNKNOWN,扫描 OCR + IPA 锚点版面解析（四行对照） | 整理日期 2026-09,medium
SANGJIAJING-P0586-L-03,SANGJIAJING,586,L,3,田 7儿L 田X 羽,qi²¹ mɒ2lkhɒ²¹ do²¹ mɒ²¹,q121 mp²lkhD²1 do21 mp21,suspect,0.75,4,不 离 不 效 舍,不 离 舍 不 行,UNKNOWN,扫描 OCR + IPA 锚点版面解析（四行对照） | 整理日期 2026-09,medium
SANGJIAJING-P0586-L-04,SANGJIAJING,586,L,4,W 去 7儿L 又 的,,33 lur's tDss mx,failed,0.00,2,喜 的 离 搁 掉,愉 快 相 离 舍,UNKNOWN,扫描 OCR + IPA 锚点版面解析（四行对照） | 整理日期 2026-09,medium
SANGJIAJING-P0586-L-05,SANGJIAJING,586,L,5,灶 日 WI,du³³ li⁰³3 th²¹ pu ²¹ g0 ⁴⁴,du33 1033 th21 pu 21 g0 44,suspect,0.60,5,后 处 一 本 写,后 来 写 一 本,UNKNOWN,扫描 OCR + IPA 锚点版面解析（四行对照） | 整理日期 2026-09,medium
SANGJIAJING-P0586-R-01,SANGJIAJING,586,R,1,田 7 电 WI,do²¹ mp tur³³ thi³³,do21 mp tur33 th133,ok,1.00,3,不 掉 地 方 掉,放 置 新 地 方,UNKNOWN,扫描 OCR + IPA 锚点版面解析（四行对照） | 整理日期 2026-09,medium
SANGJIAJING-P0586-R-02,SANGJIAJING,586,R,2,不面 不 A,pɒ²¹ pi³³ ⁰⁵5 4u³³ pi³³,pp21 p133 055 4u33 p133,suspect,0.60,5,毕摩 父 毕摩 头 白,皓 首 毕 圣 祖,UNKNOWN,扫描 OCR + IPA 锚点版面解析（四行对照） | 整理日期 2026-09,medium
SANGJIAJING-P0587-L-01,SANGJIAJING,587,L,1,3=圣 九,lu²¹ lu2 1 khɒ²¹ mb ³³ ne³³,lu²1 lu² 1 khD21 mb 33 ne33,suspect,0.50,4,样 样 效 完 也,样 样 都 起 效,UNKNOWN,扫描 OCR + IPA 锚点版面解析（四行对照） | 整理日期 2026-09,medium
SANGJIAJING-P0587-L-02,SANGJIAJING,587,L,2,田,si³³ khɒ²¹ n1s mɒ ²¹ mb ³³,si33 khp21 n1*s mD 21 mb 33,suspect,0.50,4,死 邪 效 不 完,不 能 驱 死 邪,UNKNOWN,扫描 OCR + IPA 锚点版面解析（四行对照） | 整理日期 2026-09,medium
SANGJIAJING-P0587-L-03,SANGJIAJING,587,L,3,π 女 四 企,dzi²¹ do⁴⁴ mi³³ nɒ³³,dzi21 do44 m133 nD33,ok,1.00,4,官 出 脑 特 米,官 出 脑 特 米,UNKNOWN,扫描 OCR + IPA 锚点版面解析（四行对照） | 整理日期 2026-09,medium
SANGJIAJING-P0587-L-04,SANGJIAJING,587,L,4,半 了 ?,mus do⁴⁴ te³³ le³¹ fuss,mus do44 te33 le31 fuss,suspect,0.75,4,将 出 当 来 弗,将 出 来 弗,UNKNOWN,扫描 OCR + IPA 锚点版面解析（四行对照） | 整理日期 2026-09,medium
SANGJIAJING-P0587-R-01,SANGJIAJING,587,R,1,? 不 ? 效 米,li0 ⁴⁴ pi³³ li0 ⁴⁴ a³³ 1ɒss,10 44 p133 10 44 A33 1Dss,ok,0.80,5,石 诵 石 阿 虎,诵 石 石 变 虎,UNKNOWN,扫描 OCR + IPA 锚点版面解析（四行对照） | 整理日期 2026-09,medium
SANGJIAJING-P0587-R-02,SANGJIAJING,587,R,2,7 不 7 C,si⁴⁴ si⁴⁴ 1ɒ³³ hur²¹,si44 si44 1D33 hur²1,suspect,0.75,4,木 诵 木 了 焰,诵 木 木 熊 燃,UNKNOWN,扫描 OCR + IPA 锚点版面解析（四行对照） | 整理日期 2026-09,medium
SANGJIAJING-P0587-R-03,SANGJIAJING,587,R,3,不 口,mp ³³ mɒ2 ²¹ bu²¹ lu³³ pi³³,mp 33 mD² 21 bu²1 lu33 p133,ok,0.80,5,竹 诵 竹 蝴 蝶,诵 竹 变 蝴 蝶,UNKNOWN,扫描 OCR + IPA 锚点版面解析（四行对照） | 整理日期 2026-09,medium
SANGJIAJING-P0587-R-04,SANGJIAJING,587,R,4,不 开 了,pi³³ thu³³ dlɒ²¹ 3g ³³,p133 thu3 dlp21 3G 33,suspect,0.75,4,诵 说 蜂 黄 鸣,诵声 似 黄 蜂,UNKNOWN,扫描 OCR + IPA 锚点版面解析（四行对照） | 整理日期 2026-09,medium
SANGJIAJING-P0588-L-01,SANGJIAJING,588,L,1,π 半 不 田,pi ³³ dzi²¹ mu ⁵⁵ mɒ²¹ do²¹,pr 33 dzi21 mu 55 mD21 do21,ok,1.00,5,官 将 诵 不 舍,诵 不 离 官 将,UNKNOWN,扫描 OCR + IPA 锚点版面解析（四行对照） | 整理日期 2026-09,medium
SANGJIAJING-P0588-L-02,SANGJIAJING,588,L,2,田 去 田圣,khɒ²¹ mp ²¹ do²¹ mɒ²¹,khp21 mp 21 do21 mD21,suspect,0.75,4,不 舍 的 不 效,不 相 离 无 济,UNKNOWN,扫描 OCR + IPA 锚点版面解析（四行对照） | 整理日期 2026-09,medium
SANGJIAJING-P0588-L-03,SANGJIAJING,588,L,3,刀 去,li³³ tce the⁴⁴ di²¹ tshi⁴⁴,$133 tce the44 di²1 tshi44,suspect,0.75,4,棕 绳 利 的 断,利 器 断 棕 绳,UNKNOWN,扫描 OCR + IPA 锚点版面解析（四行对照） | 整理日期 2026-09,medium
SANGJIAJING-P0588-L-04,SANGJIAJING,588,L,4,用,siss the²¹ di²¹ tce⁴⁴ bi²¹,siss the21 di21 tce44 b121,suspect,0.75,4,草 绳 瞬 的 散,草 绳 瞬 间 散,UNKNOWN,扫描 OCR + IPA 锚点版面解析（四行对照） | 整理日期 2026-09,medium
SANGJIAJING-P0588-R-01,SANGJIAJING,588,R,1,W 去 7儿L,qi²¹ lurs d²¹ 1ɒ³³ xɒ³³,q121 lur's d21 1D33 XD33,suspect,0.75,4,喜 的 了 掉,愉 悦 相 离 舍,UNKNOWN,扫描 OCR + IPA 锚点版面解析（四行对照） | 整理日期 2026-09,medium
SANGJIAJING-P0588-R-02,SANGJIAJING,588,R,2,7L 日 WI,tshi³¹ li⁰³3 th²¹ pu ⁰⁶ ⁴⁴,tshi31 1033 th21 pu 06 44,suspect,0.60,5,终 处 一 本 写,写 最 终 一 本,UNKNOWN,扫描 OCR + IPA 锚点版面解析（四行对照） | 整理日期 2026-09,medium
SANGJIAJING-P0588-R-03,SANGJIAJING,588,R,3,田 7 电 WI,do²¹ tur³³ th³³ do²¹ mɒ²¹,do21 tur33 th33 do21 mp21,ok,0.80,5,不 掉 地 方 掉,放 置 新 地 方,UNKNOWN,扫描 OCR + IPA 锚点版面解析（四行对照） | 整理日期 2026-09,medium
SANGJIAJING-P0589-L-01,SANGJIAJING,589,L,1,效 飞2 Z,,A21 1x44 ku V33,failed,0.33,3,阿 勒 匠 魂 家,阿 勒 匠 世 家,UNKNOWN,扫描 OCR + IPA 锚点版面解析（四行对照） | 整理日期 2026-09,medium
SANGJIAJING-P0589-L-02,SANGJIAJING,589,L,2,勿 飞2 田 与,kurs iep moss zɒ²¹ mɒ²¹,kur's IeP moss ZD21 mp21,suspect,0.50,2,教 儿 会 不 得,靠 教 难 获 艺,UNKNOWN,扫描 OCR + IPA 锚点版面解析（四行对照） | 整理日期 2026-09,medium
SANGJIAJING-P0589-L-03,SANGJIAJING,589,L,3,3= 飞 九,lu²¹ lu²¹ kustshi4,lu²1 lu²1 ku*stshi4,suspect,0.67,3,样 样 会 绝 也,万 般 皆 能 会,UNKNOWN,扫描 OCR + IPA 锚点版面解析（四行对照） | 整理日期 2026-09,medium
SANGJIAJING-P0589-L-04,SANGJIAJING,589,L,4,田 去 田,mp ²¹ dh²¹ mɒ²¹ kurs,mp 21 dh21 mp21 kur's,suspect,0.50,4,不 死 的 不 会,唯 死 不 能 阻,UNKNOWN,扫描 OCR + IPA 锚点版面解析（四行对照） | 整理日期 2026-09,medium
SANGJIAJING-P0589-R-01,SANGJIAJING,589,R,1,田 去 田斋,²¹ p mɒ²¹ khɒ²¹ mɒ do²¹,21 P mp²1 khD21 mD do21,suspect,0.50,4,不 舍 的 不 效,抵 不 住 舍,UNKNOWN,扫描 OCR + IPA 锚点版面解析（四行对照） | 整理日期 2026-09,medium
SANGJIAJING-P0589-R-02,SANGJIAJING,589,R,2,去,tshi⁴⁴ dz⁰⁴ tce4 the⁴⁴ di²¹,tshi44 dz.04 tce4 the44 di21,suspect,0.50,4,铁 链 利 的 断,利 器 断 铁 链,UNKNOWN,扫描 OCR + IPA 锚点版面解析（四行对照） | 整理日期 2026-09,medium
SANGJIAJING-P0589-R-03,SANGJIAJING,589,R,3,W @% 去,tsiss tce4the2 di²¹ bi²¹,tsiss tce4the2 di²1 b121,suspect,0.50,2,散 麻 绳 瞬 地,麻 绳 瞬 间 散,UNKNOWN,扫描 OCR + IPA 锚点版面解析（四行对照） | 整理日期 2026-09,medium
SANGJIAJING-P0589-R-04,SANGJIAJING,589,R,4,司 7儿L,a²¹ 1x⁴⁴ zzi¹⁴ kuss,A21 1x44 Zzi14 kuss,suspect,0.75,4,912 阿 勒 匠 魂 离,阿 勒 匠 魂 罩,UNKNOWN,扫描 OCR + IPA 锚点版面解析（四行对照） | 整理日期 2026-09,medium
SANGJIAJING-P0589-R-05,SANGJIAJING,589,R,5,W 去 7儿L 又,qi²¹ lurss iɒ³³ tɒss,q121 lurss ID33 tDss,suspect,0.67,3,喜 的 离 了 搁,相离舍 愉 悦,UNKNOWN,扫描 OCR + IPA 锚点版面解析（四行对照） | 整理日期 2026-09,medium
SANGJIAJING-P0590-L-01,SANGJIAJING,590,L,1,田 电,mɒ²¹ do²¹ tur ³³ rɔp ne³³,mp21 do21 tur 33 rOp ne33,suspect,0.75,4,不 掉 掉 地 也,放 置 新 地 方,UNKNOWN,扫描 OCR + IPA 锚点版面解析（四行对照） | 整理日期 2026-09,medium
SANGJIAJING-P0590-L-02,SANGJIAJING,590,L,2,71,phu³³ ne³³ tghe⁴⁴ ³³ do²¹ qɒ,phu33 ne33 tghe44 33 do21 qD,ok,0.83,6,村 与寨 门 掉,村与寨 间 门,UNKNOWN,扫描 OCR + IPA 锚点版面解析（四行对照） | 整理日期 2026-09,medium
SANGJIAJING-P0590-L-03,SANGJIAJING,590,L,3,必 M,,"p""utce4p²D² vi31 h44h21 3G 33",failed,0.00,4,村寨 父 兄 弟,村 族 亲 寨 之,UNKNOWN,扫描 OCR + IPA 锚点版面解析（四行对照） | 整理日期 2026-09,medium
SANGJIAJING-P0590-L-04,SANGJIAJING,590,L,4,九 w 叉3,nw ²¹ ne³³ ci³¹ dzu dzu2,nw 21 ne33 Ci31 dzu”dzu²,suspect,0.50,4,老 与 新齐齐,老老 与少 少,UNKNOWN,扫描 OCR + IPA 锚点版面解析（四行对照） | 整理日期 2026-09,medium
SANGJIAJING-P0590-R-01,SANGJIAJING,590,R,1,田 口 九 田圣,mp lu³³ ne ³³ mɒ²¹ khɒ²¹,mp lu33 ne 33 mp²1 khD21,ok,1.00,4,不 愿 不效 也,不 愿舍无 济,UNKNOWN,扫描 OCR + IPA 锚点版面解析（四行对照） | 整理日期 2026-09,medium
SANGJIAJING-P0590-R-02,SANGJIAJING,590,R,2,开%,dzi²¹ tce⁴⁴ the⁴⁴ di²¹ tshi⁴⁴,dzi21 tce44the44 d121 tshi44,ok,1.00,5,铜 绳 利 的 断,利 器 断 铜 绳,UNKNOWN,扫描 OCR + IPA 锚点版面解析（四行对照） | 整理日期 2026-09,medium
SANGJIAJING-P0590-R-03,SANGJIAJING,590,R,3,去,ɒ³³ tge4the²¹ di²¹ bi²¹,D33 tge4the21 di21 b121,suspect,0.75,4,藤绳 瞬 的 散,藤绳 散 瞬 间,UNKNOWN,扫描 OCR + IPA 锚点版面解析（四行对照） | 整理日期 2026-09,medium
SANGJIAJING-P0590-R-04,SANGJIAJING,590,R,4,沃W 去 71L,,"p""utce44 lurss di21 q121",failed,0.33,3,村寨 喜 的 罩,村寨愉悦离,UNKNOWN,扫描 OCR + IPA 锚点版面解析（四行对照） | 整理日期 2026-09,medium
SANGJIAJING-P0591-L-01,SANGJIAJING,591,L,1,W 去 7儿L 又,di²¹ qi²¹ lurss 1ɒ³³ tɒss,di21 q121 lurss 1D33 tDss,suspect,0.75,4,喜 的 离 了 搁,愉 悦 相 离 舍,UNKNOWN,扫描 OCR + IPA 锚点版面解析（四行对照） | 整理日期 2026-09,medium
SANGJIAJING-P0591-L-02,SANGJIAJING,591,L,2,田 电 日 71,mp ²¹ ɔp tur³³ li⁰³3 do²¹,mp 21 Op tur33 1033 do21,suspect,0.50,4,不 掉 处 掉 地,放 置 新 地 方,UNKNOWN,扫描 OCR + IPA 锚点版面解析（四行对照） | 整理日期 2026-09,medium
SANGJIAJING-P0591-L-03,SANGJIAJING,591,L,3,九 3 永,lu²¹ ng³³ ³³ do²¹ qɒ,lu²1 ng33 33 do21 qD,suspect,0.60,5,鲁 与 尼 间 掉,鲁 与 尼 间 门四,UNKNOWN,扫描 OCR + IPA 锚点版面解析（四行对照） | 整理日期 2026-09,medium
SANGJIAJING-P0591-L-04,SANGJIAJING,591,L,4,去,,tsh;44 tce4 the4 di21,failed,0.00,2,猪 绳 利 的 断,利 器 断 猪 者绳,UNKNOWN,扫描 OCR + IPA 锚点版面解析（四行对照） | 整理日期 2026-09,medium
SANGJIAJING-P0591-R-01,SANGJIAJING,591,R,1,去,⁴⁴ the²¹ bi²¹ ze tce,44 the21 b121 ze tce,suspect,0.50,4,鸡 绳 瞬 的 散,鸡 绳 瞬 间 散,UNKNOWN,扫描 OCR + IPA 锚点版面解析（四行对照） | 整理日期 2026-09,medium
SANGJIAJING-P0591-R-02,SANGJIAJING,591,R,2,A 3 W 去 7儿L,qi²¹ lu²¹ ni⁵⁵ s luuss di²¹,q121 lu²1 n15s luuss di21,suspect,0.75,4,鲁 尼 喜 的 离,鲁 尼 愉 悦 离,UNKNOWN,扫描 OCR + IPA 锚点版面解析（四行对照） | 整理日期 2026-09,medium
SANGJIAJING-P0591-R-03,SANGJIAJING,591,R,3,7 日 WI 英,du³³ li⁰³3 th²¹ g0 ⁴⁴,du33 1033 th21 g0 44,suspect,0.50,4,后 处 本 写 一,后 来 写 一 本,UNKNOWN,扫描 OCR + IPA 锚点版面解析（四行对照） | 整理日期 2026-09,medium
SANGJIAJING-P0591-R-04,SANGJIAJING,591,R,4,放 置 新 地 方,,"nil dz.D"" 33 ZO 33 dzD do21",failed,0.33,3,尼 召 若 召 舍,尼 召 若 召舍?,UNKNOWN,扫描 OCR + IPA 锚点版面解析（四行对照） | 整理日期 2026-09,medium
SANGJIAJING-P0592-L-01,SANGJIAJING,592,L,1,去铁,tshi⁴⁴ tshɒ²¹ tce⁴⁴ the⁴⁴,tshi44 tshp21tce44 the44,ok,1.00,4,盐 绳 利 的 断,利 器 断 盐 绳,UNKNOWN,扫描 OCR + IPA 锚点版面解析（四行对照） | 整理日期 2026-09,medium
SANGJIAJING-P0592-L-02,SANGJIAJING,592,L,2,去,1ɒ²¹ tce4 the²¹ di²¹ bi²¹,1D21 tce4 the21 di21 b121,suspect,0.50,4,茶 绳 瞬 的 散,茶绳 瞬 间 散,UNKNOWN,扫描 OCR + IPA 锚点版面解析（四行对照） | 整理日期 2026-09,medium
SANGJIAJING-P0592-L-03,SANGJIAJING,592,L,3,不丑 去 7儿L,dzɒ²¹ ne2i lus di²¹ qi²¹,"dz,D²1 ne2i lu's di21 q121",suspect,0.67,3,召 吉 喜 的 罩,召 神 愉 悦 离,UNKNOWN,扫描 OCR + IPA 锚点版面解析（四行对照） | 整理日期 2026-09,medium
SANGJIAJING-P0592-L-04,SANGJIAJING,592,L,4,w 去 7儿 又,,luss dr21 1D33 tDss,failed,0.33,3,喜 的 罩 了 搁,愉 悦 相 离 舍,UNKNOWN,扫描 OCR + IPA 锚点版面解析（四行对照） | 整理日期 2026-09,medium
SANGJIAJING-P0592-L-05,SANGJIAJING,592,L,5,7L 日 mI 关 妄,tshi³¹ li⁰³3 th²¹ pu ²¹ go ⁴⁴,tshi31 1033 th21 pu 21 go 44,ok,0.80,5,尾 处 一 本 写,最 后 本 写 一,UNKNOWN,扫描 OCR + IPA 锚点版面解析（四行对照） | 整理日期 2026-09,medium
SANGJIAJING-P0592-R-01,SANGJIAJING,592,R,1,t 九 正,he³³ ne ³³ kɒ³³ qɒ ³³ do²¹,he33 ne 33 kD33 qD 33 do21,ok,1.00,5,房 与 庭 门 掉,房 与 家 庭 门,UNKNOWN,扫描 OCR + IPA 锚点版面解析（四行对照） | 整理日期 2026-09,medium
SANGJIAJING-P0592-R-02,SANGJIAJING,592,R,2,tQ 田 口,he³³ kɒ³³ do²¹ mɒ²¹ lu³³,he33 kD33 do21 mp21 lu33,ok,1.00,5,房 庭 舍 不 愿,房 家 不 愿 舍,UNKNOWN,扫描 OCR + IPA 锚点版面解析（四行对照） | 整理日期 2026-09,medium
SANGJIAJING-P0592-R-03,SANGJIAJING,592,R,3,水 田 口 田X,lu³³ mɒ2l khɒ²¹ do²¹ mɒ²¹,lu33 mp²l khp21 do21 mp21,suspect,0.75,4,舍 不 愿 不 效,不 愿 舍 无 济,UNKNOWN,扫描 OCR + IPA 锚点版面解析（四行对照） | 整理日期 2026-09,medium
SANGJIAJING-P0592-R-04,SANGJIAJING,592,R,4,去,tshi⁴⁴ kɒ²¹ tce the4 p,tshi44 kD21 tce the4 P,suspect,0.67,3,路 绳 利 的 断,利 器 路 各绳 断,UNKNOWN,扫描 OCR + IPA 锚点版面解析（四行对照） | 整理日期 2026-09,medium
SANGJIAJING-P0593-L-01,SANGJIAJING,593,L,1,? 去,the²¹ bi²¹ tce,the21 b121 tce,ok,1.00,3,水 绳 口 瞬 的 散,水 绳 瞬 间 散,UNKNOWN,扫描 OCR + IPA 锚点版面解析（四行对照） | 整理日期 2026-09,medium
SANGJIAJING-P0593-L-02,SANGJIAJING,593,L,2,tQ 特 w 去 71L,he³³ kɒ³³ lurss di²¹ qi²¹,he33 kD33 lurss di21 q121,suspect,0.75,4,房 庭 喜 的 离,离 房 家 愉 悦,UNKNOWN,扫描 OCR + IPA 锚点版面解析（四行对照） | 整理日期 2026-09,medium
SANGJIAJING-P0593-L-03,SANGJIAJING,593,L,3,又 W 去 7儿L,,lurss q121 tDss XD 33,failed,0.00,2,喜 的 离 搁 掉,愉 悦 相 离 舍,UNKNOWN,扫描 OCR + IPA 锚点版面解析（四行对照） | 整理日期 2026-09,medium
SANGJIAJING-P0593-L-04,SANGJIAJING,593,L,4,田 WI,,th21 033 mp 21 do21 do21,failed,0.40,5,不 掉 一 样 掉,放 置 在 新 地,UNKNOWN,扫描 OCR + IPA 锚点版面解析（四行对照） | 整理日期 2026-09,medium
SANGJIAJING-P0593-R-01,SANGJIAJING,593,R,1,分 永 田 口,zɒ ²¹ nu ³³ do²¹ mɒ²¹ lu³³,ZD 21 nu 33 do21 mD21 lu33,ok,1.00,5,儿 女 舍 不 愿 品,儿 女 不 愿,UNKNOWN,扫描 OCR + IPA 锚点版面解析（四行对照） | 整理日期 2026-09,medium
SANGJIAJING-P0593-R-02,SANGJIAJING,593,R,2,田 羽 田 口,do²¹ mɒ²¹ lu³³ mɒ2 khb²¹,do21 mp21 lu33 mp² khb21,suspect,0.75,4,舍 效 不 愿 不,不 愿 离 无 济,UNKNOWN,扫描 OCR + IPA 锚点版面解析（四行对照） | 整理日期 2026-09,medium
SANGJIAJING-P0593-R-03,SANGJIAJING,593,R,3,3 去,si³³ the⁴⁴ di²¹ tshi⁴⁴ tce⁴⁴,si33 the44 d121 tshi44 tce44,ok,1.00,5,金 绳 利 的 断,利 器 断 金 绳,UNKNOWN,扫描 OCR + IPA 锚点版面解析（四行对照） | 整理日期 2026-09,medium
SANGJIAJING-P0593-R-04,SANGJIAJING,593,R,4,A 去,thg²¹ di³¹ bi²¹ 4u³³ tce⁴⁴,thg21 di31 b121 4u33 tce44,suspect,0.60,5,白 绳 瞬 的 散,白 绳 瞬间 散,UNKNOWN,扫描 OCR + IPA 锚点版面解析（四行对照） | 整理日期 2026-09,medium
SANGJIAJING-P0594-L-01,SANGJIAJING,594,L,1,3 又 O π,si³³ tɒss 4ɒ³³ dzi²¹ ne 4,si33 tDss 4D33 dzi21 ne 4,suspect,0.75,4,死 搁 月 管 看,亡 者 观 星 宿,UNKNOWN,扫描 OCR + IPA 锚点版面解析（四行对照） | 整理日期 2026-09,medium
SANGJIAJING-P0594-L-02,SANGJIAJING,594,L,2,π 金,dzi²¹ li³³ a³³ li⁰⁶,"dzi21 1,33 A33 106",ok,1.00,4,管 看 来 阿 郭,观 星 者 阿 郭,UNKNOWN,扫描 OCR + IPA 锚点版面解析（四行对照） | 整理日期 2026-09,medium
SANGJIAJING-P0594-L-03,SANGJIAJING,594,L,3,效 金 半,,1h33 A33 g021 t5i33 sshu,failed,0.40,5,来 阿 郭 马,阿 郭 牵 驮 马,UNKNOWN,扫描 OCR + IPA 锚点版面解析（四行对照） | 整理日期 2026-09,medium
SANGJIAJING-P0594-L-04,SANGJIAJING,594,L,4,半,q⁰³1 h³³ tsi³³ mi³³ pɒ,"q031 h33 tsi33 m133 p""D",suspect,0.60,5,驮 马 还 地 布,驮 回 布 匹 来,UNKNOWN,扫描 OCR + IPA 锚点版面解析（四行对照） | 整理日期 2026-09,medium
SANGJIAJING-P0594-L-05,SANGJIAJING,594,L,5,与 #,ze ³¹ ob ³¹ pɒ h³³ tsi³³,"ze? 31 ob 31 p""D h33 ts133",ok,1.00,4,下 返 布 二 十,取 下 二 十 匹,UNKNOWN,扫描 OCR + IPA 锚点版面解析（四行对照） | 整理日期 2026-09,medium
SANGJIAJING-P0594-R-01,SANGJIAJING,594,R,1,与 # %,ni²¹ p2ɒ³³ tsi³³ nu³³ ʊɒ²¹,ni21 p²D33 ts133 nu33 VD21,suspect,0.60,5,二 十 你 裹 布,二 十 匹 裹 你,UNKNOWN,扫描 OCR + IPA 锚点版面解析（四行对照） | 整理日期 2026-09,medium
SANGJIAJING-P0594-R-02,SANGJIAJING,594,R,2,π 效 金,dzi²¹ ne4 li³³ a³³ li⁰⁶,dzi21 ne4 1.33 A33 106,suspect,0.75,4,管 看 来 阿 郭,观 星 者 阿 郭,UNKNOWN,扫描 OCR + IPA 锚点版面解析（四行对照） | 整理日期 2026-09,medium
SANGJIAJING-P0594-R-03,SANGJIAJING,594,R,3,半 效 金,fi³³ a³³ li⁰⁶ bi²¹,fi33 A33 106 b121,ok,1.00,4,郭 给 马 分 阿,分 马 给 阿 郭,UNKNOWN,扫描 OCR + IPA 锚点版面解析（四行对照） | 整理日期 2026-09,medium
SANGJIAJING-P0594-R-04,SANGJIAJING,594,R,4,半 奖 日,t4li³³ di³³ li⁰³3 do²¹,t4133 d133 1033 do21,suspect,0.75,4,马 呢 坪 处 掉,马 闲 放 草 坪,UNKNOWN,扫描 OCR + IPA 锚点版面解析（四行对照） | 整理日期 2026-09,medium
SANGJIAJING-P0595-L-01,SANGJIAJING,595,L,1,效 金 44,,A33 21 33 90² 1o55 pu,failed,0.33,6,阿 郭 牛 牧 山,阿 郭 去 牧 牛,UNKNOWN,扫描 OCR + IPA 锚点版面解析（四行对照） | 整理日期 2026-09,medium
SANGJIAJING-P0595-L-02,SANGJIAJING,595,L,2,金 田 配,,ni2l n055 A33 g021 mp 21,failed,0.25,4,阿 郭 牛 不 要,牛 阿 郭 不 要,UNKNOWN,扫描 OCR + IPA 锚点版面解析（四行对照） | 整理日期 2026-09,medium
SANGJIAJING-P0595-L-03,SANGJIAJING,595,L,3,效 金,tsj³³ fi³³ a²¹ li²⁰6 bi²¹,tsj33 fi33 A21 1206 bi21,ok,0.80,5,皮 分 郭 给 阿,分 皮 给 阿 郭,UNKNOWN,扫描 OCR + IPA 锚点版面解析（四行对照） | 整理日期 2026-09,medium
SANGJIAJING-P0595-L-04,SANGJIAJING,595,L,4,效 金 分,a³³ ⁹⁰2 ²¹ li⁰⁵ s zɒ ³³ zɒ²¹,A33 90² 21 10.5s ZD 33 ZD21,suspect,0.67,6,阿 郭 绵羊 牧 儿,阿 郭 牧 绵 羊,UNKNOWN,扫描 OCR + IPA 锚点版面解析（四行对照） | 整理日期 2026-09,medium
SANGJIAJING-P0595-L-05,SANGJIAJING,595,L,5,至 分,th²¹ ²¹ 4e³³ pu³³ li⁰⁵ zɒ,th21 21 4e33 pu33 10.5 ZD,suspect,0.50,6,山 方 绵羊 牧 儿,山 坡 牧 绵 羊,UNKNOWN,扫描 OCR + IPA 锚点版面解析（四行对照） | 整理日期 2026-09,medium
SANGJIAJING-P0595-R-01,SANGJIAJING,595,R,1,效 金,³³ a³³ pu ⁹⁰²¹ bi²¹,33 A33 pu 9021 b121,suspect,0.75,4,绵羊 分 阿 郭 给,分 绵 羊 给 他,UNKNOWN,扫描 OCR + IPA 锚点版面解析（四行对照） | 整理日期 2026-09,medium
SANGJIAJING-P0595-R-02,SANGJIAJING,595,R,2,2 效 金,fi³³ a³³ 1ss bi²¹,"fi33 A33 1,ss b121",suspect,0.67,3,山羊 分 阿 郭 给,分 山 羊 给 他,UNKNOWN,扫描 OCR + IPA 锚点版面解析（四行对照） | 整理日期 2026-09,medium
SANGJIAJING-P0596-L-01,SANGJIAJING,596,L,1,效 金,ve³¹ fi³³ a³³ li⁰⁶ bi²¹,ve31 fi33 A33 106 br21,ok,1.00,5,猪 分 阿 郭 给,分 猪 给 阿 郭,UNKNOWN,扫描 OCR + IPA 锚点版面解析（四行对照） | 整理日期 2026-09,medium
SANGJIAJING-P0596-L-02,SANGJIAJING,596,L,2,开 2,si³³ ²¹ li³³ 3g nu³³ gos,"si33 21 1,33 3G nu33 go$s",suspect,0.60,5,死 贵 你 来 值,你 死 你 值 当,UNKNOWN,扫描 OCR + IPA 锚点版面解析（四行对照） | 整理日期 2026-09,medium
SANGJIAJING-P0596-L-03,SANGJIAJING,596,L,3,你 死 你 值 当,zi³³ nu³³ nu ³³,zi33 nu33 nu 33,ok,1.00,3,你 死 你 值 呢,你 死 你 遂 愿,UNKNOWN,扫描 OCR + IPA 锚点版面解析（四行对照） | 整理日期 2026-09,medium
SANGJIAJING-P0596-R-01,SANGJIAJING,596,R,1,Z Z to 日,si³³ nu³³ he³³ li⁰³3,si33 nu33 he33 1033,ok,1.00,4,死 主 你 房 处,亡 者 阳 世 家,UNKNOWN,扫描 OCR + IPA 锚点版面解析（四行对照） | 整理日期 2026-09,medium
SANGJIAJING-P0596-R-02,SANGJIAJING,596,R,2,分 日 W # 永1,yɒ li⁰³3 tsi³³ li⁰⁴4 do²¹,YD 1033 tsi33 1044 do21,suspect,0.75,4,后 处 衙 丢 掉,丢 身 后 城 衙,UNKNOWN,扫描 OCR + IPA 锚点版面解析（四行对照） | 整理日期 2026-09,medium
SANGJIAJING-P0596-R-03,SANGJIAJING,596,R,3,W w 全 7.0,tsi³³ ci³¹ ³³ zi³³ tshi²¹ sɒ,tsi33 ci31 33 Z133 tshi21 SD,ok,0.83,6,衙 府 找 去 吧,去 找 新 府 衙,UNKNOWN,扫描 OCR + IPA 锚点版面解析（四行对照） | 整理日期 2026-09,medium
SANGJIAJING-P0596-R-04,SANGJIAJING,596,R,4,分 日 GZ,phu³³ yɒ ³³ li⁰³3 li⁰⁴4 do²¹,phu33 YD 33 1033 1044 do21,ok,1.00,5,后 处 村 丢 掉,后村 丢 掉 身,UNKNOWN,扫描 OCR + IPA 锚点版面解析（四行对照） | 整理日期 2026-09,medium
SANGJIAJING-P0597-L-01,SANGJIAJING,597,L,1,日 w 全,ci³¹ ³³ yu2 li⁰³3 phu³³ as,ci31 33 yu² 1033 phu33 as,suspect,0.60,5,前 处 村 新 找,阴 间 找 新 村,UNKNOWN,扫描 OCR + IPA 锚点版面解析（四行对照） | 整理日期 2026-09,medium
SANGJIAJING-P0597-L-02,SANGJIAJING,597,L,2,分 Z日,1o³³ t tche⁴⁴1 li⁰⁴4 do²¹,1o3 t tche441 1044 do21,suspect,0.75,4,后 处 寨 丢 掉,丢掉 身 后 寨,UNKNOWN,扫描 OCR + IPA 锚点版面解析（四行对照） | 整理日期 2026-09,medium
SANGJIAJING-P0597-L-03,SANGJIAJING,597,L,3,W 全,tche⁴⁴ sɒ ³³ tshi²¹ lely,tche44 SD 33 tshi21 lely,ok,1.00,4,寨 新 找 去 吧,去找 寨 新 吧,UNKNOWN,扫描 OCR + IPA 锚点版面解析（四行对照） | 整理日期 2026-09,medium
SANGJIAJING-P0597-R-01,SANGJIAJING,597,R,1,分 日 to Z,yɒ ³³ li⁰³3 he³³ li⁰⁴4 do²¹,yD 33 1033 he33 1044 do21,ok,1.00,5,后 处 一房 丢 掉,丢 掉 身 后 房 一,UNKNOWN,扫描 OCR + IPA 锚点版面解析（四行对照） | 整理日期 2026-09,medium
SANGJIAJING-P0597-R-02,SANGJIAJING,597,R,2,to w,he³³ ci²¹ sɒ ³³ zi³³ tshi²¹,"he33 ci21 SD 33 z,i33 tshi21",ok,1.00,5,房 新 找 去 吧,去 找 新 房 吧,UNKNOWN,扫描 OCR + IPA 锚点版面解析（四行对照） | 整理日期 2026-09,medium
SANGJIAJING-P0597-R-03,SANGJIAJING,597,R,3,分 日 介 GZ,mx ²¹ li⁰³3 mi³³ li0 4 do²¹,mx 21 1033 m133 10 4 do21,suspect,0.50,4,后 处 地 丢 掉,丢 掉 身 后 地,UNKNOWN,扫描 OCR + IPA 锚点版面解析（四行对照） | 整理日期 2026-09,medium
SANGJIAJING-P0598-L-01,SANGJIAJING,598,L,1,w 全,ci³¹ m1 ³³ as ³³ li²⁰ b 2j³³,ci31 m1 33 as 33 120b 2j33,suspect,0.60,5,地 新 找 耕 去,去 找 新 地 耕,UNKNOWN,扫描 OCR + IPA 锚点版面解析（四行对照） | 整理日期 2026-09,medium
SANGJIAJING-P0598-L-02,SANGJIAJING,598,L,2,分 7水 日,yɒ ³³ li⁰³3 dzi²¹ li⁰⁴4 do²¹,yD 33 1033 dz121 1044 do21,ok,1.00,5,后 处 畜 丢 掉,丢掉 身 后 畜,UNKNOWN,扫描 OCR + IPA 锚点版面解析（四行对照） | 整理日期 2026-09,medium
SANGJIAJING-P0598-L-03,SANGJIAJING,598,L,3,日 w 全,li⁰³3 dzi²¹ ci³¹ ³³ remx sɒ,1033 dz121 ci31 33 remx SD,suspect,0.60,5,前 处 畜 新 找,阴 间 找 新 畜,UNKNOWN,扫描 OCR + IPA 锚点版面解析（四行对照） | 整理日期 2026-09,medium
SANGJIAJING-P0598-L-04,SANGJIAJING,598,L,4,分 7水 日 特,yɒ ³³ li⁰³3 kɒ³³ li⁰⁴4 do²¹,yD 33 1033 kD33 1044 do21,ok,1.00,5,后 处 路 丢 掉,丢掉 身后 路,UNKNOWN,扫描 OCR + IPA 锚点版面解析（四行对照） | 整理日期 2026-09,medium
SANGJIAJING-P0598-R-01,SANGJIAJING,598,R,1,日 w,ci³¹ ³³ yur2 li⁰³3 kɒ³³ sɒ,ci31 33 yur² 1033 kD33 SD,suspect,0.60,5,前 处 路 新 找,阴 间 找 新 路,UNKNOWN,扫描 OCR + IPA 锚点版面解析（四行对照） | 整理日期 2026-09,medium
SANGJIAJING-P0598-R-02,SANGJIAJING,598,R,2,分 日 GZ 7水,³³ li⁰³3 tsɒ³³ li⁰⁴4 do²¹ yɒ³³,33 1033 tsp33 1044 do21 YD3,ok,0.83,6,后 处 饭 丢 掉,丢 掉 身 后 饭,UNKNOWN,扫描 OCR + IPA 锚点版面解析（四行对照） | 整理日期 2026-09,medium
SANGJIAJING-P0599-R-01,SANGJIAJING,599,R,1,见 w 分 7=三,ci¹⁴4 qhu²¹ du²¹ zɒ²¹,Ci144 qhu21 du21 ZD21,ok,1.00,4,德 希 儿 湖 岸,德 希 湖 岸 儿,UNKNOWN,扫描 OCR + IPA 锚点版面解析（四行对照） | 整理日期 2026-09,medium
SANGJIAJING-P0599-R-02,SANGJIAJING,599,R,2,万 日 生 与,kh³³ te³³ rep li⁰³3 sɒ,"kh,33 te33 reP 1033 SD",suspect,0.50,4,那 里 找 着 得,那 里 找 得到,UNKNOWN,扫描 OCR + IPA 锚点版面解析（四行对照） | 整理日期 2026-09,medium
SANGJIAJING-P0600-L-01,SANGJIAJING,600,L,1,7儿 分 7儿L,³³ qi²¹ li²¹ b yɒ kɒ³³,33 q121 121b yD kD33,suspect,0.50,4,家 离 与 庭 离,与 家 庭 离 别,UNKNOWN,扫描 OCR + IPA 锚点版面解析（四行对照） | 整理日期 2026-09,medium
SANGJIAJING-P0600-L-02,SANGJIAJING,600,L,2,20 特 7儿L 田 口,qi²¹ kɒ³³ mɒ2 lu³³,q121 kD33 mp2 lu33,suspect,0.67,3,家 庭 离 不 愿,家 庭 不 愿,UNKNOWN,扫描 OCR + IPA 锚点版面解析（四行对照） | 整理日期 2026-09,medium
SANGJIAJING-P0600-L-03,SANGJIAJING,600,L,3,7儿L 田 D 田斋,mo2 kɒ²¹ lu³³,mo² kp21 lu33,suspect,0.50,2,离 效 不 愿 不,不 愿 离 无 济,UNKNOWN,扫描 OCR + IPA 锚点版面解析（四行对照） | 整理日期 2026-09,medium
SANGJIAJING-P0600-L-04,SANGJIAJING,600,L,4,WI 用 3=,tsho³³ mu2 thi²¹,tsho33mu² th121,suspect,0.50,2,人做 一 辈 辈,人 生 一 辈 子,UNKNOWN,扫描 OCR + IPA 锚点版面解析（四行对照） | 整理日期 2026-09,medium
SANGJIAJING-P0600-L-05,SANGJIAJING,600,L,5,企 3=,zi³³ zi³³ mi³³ ne ⁴⁴ mx ²¹,zi33 zi33 m13 ne 44 mx 21,ok,0.80,5,地 黑 永 世 世,大 地 存 永 远,UNKNOWN,扫描 OCR + IPA 锚点版面解析（四行对照） | 整理日期 2026-09,medium
SANGJIAJING-P0600-R-01,SANGJIAJING,600,R,1,nI Z卅 目 国,,th12i siss t$033 t5i33 De's,failed,0.33,3,一 辈 在 真 是,可 活 一 辈 子,UNKNOWN,扫描 OCR + IPA 锚点版面解析（四行对照） | 整理日期 2026-09,medium
SANGJIAJING-P0600-R-02,SANGJIAJING,600,R,2,田,tsi³³ zi³³ li³⁰³³ mp ²¹,tsi33 zi33 13033 mp 21,suspect,0.75,4,永 世 在 不 真,不 可 活 永 世,UNKNOWN,扫描 OCR + IPA 锚点版面解析（四行对照） | 整理日期 2026-09,medium
SANGJIAJING-P0600-R-03,SANGJIAJING,600,R,3,# 子 国,,tsiss dlp33 mu²l tsu 33 e,failed,0.33,3,侧 斜 露 成 天,露 生 黄 昏 时,UNKNOWN,扫描 OCR + IPA 锚点版面解析（四行对照） | 整理日期 2026-09,medium
SANGJIAJING-P0600-R-04,SANGJIAJING,600,R,4,系,dlɒ³³ ⁴⁴ thɒ²¹ ni³³ ze pu³³,dlp33 44 thp21 n133 ze pu33,suspect,0.60,5,霜 成 鸡 鸣 时,霜 降 鸡 鸣 更,UNKNOWN,扫描 OCR + IPA 锚点版面解析（四行对照） | 整理日期 2026-09,medium
SANGJIAJING-P0600-R-05,SANGJIAJING,600,R,5,A 7:,,21 tD21 tsh;33,failed,0.33,3,自 己 我 时 到,物 皆 从 已 时,UNKNOWN,扫描 OCR + IPA 锚点版面解析（四行对照） | 整理日期 2026-09,medium
SANGJIAJING-P0601-L-01,SANGJIAJING,601,L,1,田 不子,mɒ²¹ dzi2l1 mu²¹ mi³³ hi²¹,mp21 dzi²l1 mu²1 m133 h121,suspect,0.75,4,不 幸 天 地 挑,不 挑 幸 天 地,UNKNOWN,扫描 OCR + IPA 锚点版面解析（四行对照） | 整理日期 2026-09,medium
SANGJIAJING-P0601-L-02,SANGJIAJING,601,L,2,子介,m³³ h³³ hi²¹ li³⁰3,m33 h33 hr²1 1303,suspect,0.50,4,天 地 来 挑 在,被 天 地 挑 上,UNKNOWN,扫描 OCR + IPA 锚点版面解析（四行对照） | 整理日期 2026-09,medium
SANGJIAJING-P0601-L-03,SANGJIAJING,601,L,3,开,kho²¹ gi³³ li²³ g iɒ³³,kho21 G133 123G ID33,ok,1.00,4,柯 兴 诗 安 啊,柯 兴 诗 安 啊图,UNKNOWN,扫描 OCR + IPA 锚点版面解析（四行对照） | 整理日期 2026-09,medium
SANGJIAJING-P0601-L-04,SANGJIAJING,601,L,4,金 飞雨 苗,ni⁴⁴ tch³³ thɒ²¹ ⁵⁵ nu³³ ɒ,ni44 tch33 thD21 55 nu33 $D,suspect,0.67,6,你 心 它莫 伤,你莫要伤 心,UNKNOWN,扫描 OCR + IPA 锚点版面解析（四行对照） | 整理日期 2026-09,medium
SANGJIAJING-P0601-R-01,SANGJIAJING,601,R,1,2 X 田路,li⁵⁵ bu nu³³ tsiss mp,"1,55 bu' nu33 tsiss mp",suspect,0.67,3,你 只 独 不 有,非 你 独 如 此,UNKNOWN,扫描 OCR + IPA 锚点版面解析（四行对照） | 整理日期 2026-09,medium
SANGJIAJING-P0601-R-02,SANGJIAJING,601,R,2,π 九 目,,si33 dzi21 Z04 ng33 tS033,failed,0.40,5,官 生 也 死 在,官 者 照 例 死,UNKNOWN,扫描 OCR + IPA 锚点版面解析（四行对照） | 整理日期 2026-09,medium
SANGJIAJING-P0601-R-03,SANGJIAJING,601,R,3,思 苗 田斋,,mp²l khD21 $DS ne33 $DSS,failed,0.33,3,不效 伤 也 伤,伤 心 不济,UNKNOWN,扫描 OCR + IPA 锚点版面解析（四行对照） | 整理日期 2026-09,medium
SANGJIAJING-P0605-L-01,SANGJIAJING,605,L,1,wt WI,,luus he33 1i3 vi33 th21,failed,0.25,4,吉屋来家 一,有 一户人 家,UNKNOWN,扫描 OCR + IPA 锚点版面解析（四行对照） | 整理日期 2026-09,medium
SANGJIAJING-P0605-L-02,SANGJIAJING,605,L,2,Z4,,t4u44 mu? si33 tch133 53,failed,0.25,4,木斯 浸额,木斯 斤浸 额?,UNKNOWN,扫描 OCR + IPA 锚点版面解析（四行对照） | 整理日期 2026-09,medium
SANGJIAJING-P0605-L-03,SANGJIAJING,605,L,3,W,qo³³ phu³³ tc1s tsi³³ lus,qo3 phu33 tc1s tsi33 lu*s,suspect,0.75,4,房院寨 帮 喜,盖房靠村帮③,UNKNOWN,扫描 OCR + IPA 锚点版面解析（四行对照） | 整理日期 2026-09,medium
SANGJIAJING-P0605-R-01,SANGJIAJING,605,R,1,4生,t4u4 noss t⁸⁴ the⁴⁴,t4u4 noss t84 the44,suspect,0.50,2,人 找 活迭 上,添 丁 绊活 计,UNKNOWN,扫描 OCR + IPA 锚点版面解析（四行对照） | 整理日期 2026-09,medium
SANGJIAJING-P0605-R-02,SANGJIAJING,605,R,2,每又,tsi³³ 1i³³ tpss ʊli³³ mu³³,tsi33 1i33 tpss V133 mu33,suspect,0.50,4,房来 做搁 拿,建起 了家 庭,UNKNOWN,扫描 OCR + IPA 锚点版面解析（四行对照） | 整理日期 2026-09,medium
SANGJIAJING-P0605-R-03,SANGJIAJING,605,R,3,住,si³³ tsi³³ tsi³³ lu²¹ 1i³³,si33 tsi33 tsi33 lu²1 1i33,ok,0.80,5,主 家 鲁来 家,家庭靠鲁建,UNKNOWN,扫描 OCR + IPA 锚点版面解析（四行对照） | 整理日期 2026-09,medium
SANGJIAJING-P0606-L-01,SANGJIAJING,606,L,1,A 7科,4u¹³3 de²¹ lu³³ bu³³ hyss,4u133 de21 lu33 bu33 hyss,suspect,0.60,5,银 打 墙 壁 立,银 铸 墙 壁 高,UNKNOWN,扫描 OCR + IPA 锚点版面解析（四行对照） | 整理日期 2026-09,medium
SANGJIAJING-P0606-L-02,SANGJIAJING,606,L,2,3 全,si³³ de²¹ lu³³ ⁹⁰³³ as ³³,si33 de21 lu33 9033 as 33,ok,0.80,5,金 打 墙 内 找,金 饰 堂 房 室,UNKNOWN,扫描 OCR + IPA 锚点版面解析（四行对照） | 整理日期 2026-09,medium
SANGJIAJING-P0606-L-03,SANGJIAJING,606,L,3,住 2,tsi³³ bu³³ lu²¹ li³³ hy³¹,tsi33 bu33 lu21 133 hy31,ok,0.80,5,屋 顶 鲁 来 立,屋 脊 鲁 守 护,UNKNOWN,扫描 OCR + IPA 锚点版面解析（四行对照） | 整理日期 2026-09,medium
SANGJIAJING-P0606-L-04,SANGJIAJING,606,L,4,住 7:,lu²¹ li³³ tsi³³ li⁰³,lu21 133 tsi33 1$03,ok,1.00,4,屋 尾 鲁 来 转,房院鲁 巡 游,UNKNOWN,扫描 OCR + IPA 锚点版面解析（四行对照） | 整理日期 2026-09,medium
SANGJIAJING-P0606-R-01,SANGJIAJING,606,R,1,w 女,zzi³³ lurss ⁰⁵5 ³³ kurs np,Zzi33 lurss 055 33 kur's np,suspect,0.75,4,吉 喜 头 听 会,家 人 聪 而 明,UNKNOWN,扫描 OCR + IPA 锚点版面解析（四行对照） | 整理日期 2026-09,medium
SANGJIAJING-P0606-R-02,SANGJIAJING,606,R,2,W 面,sɒ³³ luurs pɒ²¹ mp ³³ qɒ ³³,SD33 luur's pD21 mp 33 qD 33,suspect,0.50,4,福 喜 父 母 玩,父 对 母 乐 而,UNKNOWN,扫描 OCR + IPA 锚点版面解析（四行对照） | 整理日期 2026-09,medium
SANGJIAJING-P0606-R-03,SANGJIAJING,606,R,3,又 Z 面 每 住,ms mu ³³ tsi³³ tɒss 3,ms mu 33 tsi33 tDss 3,ok,1.00,3,夜 的 接 近 拿,夜 间 相 婚 配,UNKNOWN,扫描 OCR + IPA 锚点版面解析（四行对照） | 整理日期 2026-09,medium
SANGJIAJING-P0606-R-04,SANGJIAJING,606,R,4,3 光,³³ ⁴⁴ bo³³ ob ³³ ty²¹ zɔ,33 44 bo33 ob 33 ty21 ZO,suspect,0.50,6,生 有 金 中 结,怀 孕 金 身 中⑧,UNKNOWN,扫描 OCR + IPA 锚点版面解析（四行对照） | 整理日期 2026-09,medium
SANGJIAJING-P0606-R-05,SANGJIAJING,606,R,5,Z 住 A 住,si³³ 1h²¹ tsi³³ lu²¹ tsi³³,si33 1h21 tsi33 lu²1 tsi33,ok,0.80,5,主 房 鲁 来 房,建 屋鲁来 建,UNKNOWN,扫描 OCR + IPA 锚点版面解析（四行对照） | 整理日期 2026-09,medium
SANGJIAJING-P0607-L-01,SANGJIAJING,607,L,1,Z 3,si³³ lu²¹ li³³ te³³ t ³³,si33 lu²1 133 te33 t@33,ok,0.80,5,主 立 鲁 来 立,立 家 鲁 来 立,UNKNOWN,扫描 OCR + IPA 锚点版面解析（四行对照） | 整理日期 2026-09,medium
SANGJIAJING-P0607-L-02,SANGJIAJING,607,L,2,A,lu²¹ l³³ dzi²¹ tc1s tc1ss,lu²1 l33 dz121 tc1s tc1ss,suspect,0.50,4,畜 牧 鲁 来 牧,畜 牧 鲁 来 护,UNKNOWN,扫描 OCR + IPA 锚点版面解析（四行对照） | 整理日期 2026-09,medium
SANGJIAJING-P0607-L-03,SANGJIAJING,607,L,3,π,tsɒ³³ pɒ ²¹ dzi²¹ li³³ pɒ n²¹,tsp33 pD 21 dzi21 li33 pD n21,ok,1.00,5,粮 保 神 来 保,稼 鲁 来 佑,UNKNOWN,扫描 OCR + IPA 锚点版面解析（四行对照） | 整理日期 2026-09,medium
SANGJIAJING-P0607-L-04,SANGJIAJING,607,L,4,W 光,phɒ²¹ li⁴⁴ sɒ³³ lurs,php21 li44 SD33 lur's,ok,1.00,4,福 喜帕 缠 身,病缠帕躯 体,UNKNOWN,扫描 OCR + IPA 锚点版面解析（四行对照） | 整理日期 2026-09,medium
SANGJIAJING-P0607-R-01,SANGJIAJING,607,R,1,每 住 又 Z,,33 33 tsi33 VI33 ms mu tDS,failed,0.20,5,夜 的 遇 搁 拿,夜 间 患 顽 疾,UNKNOWN,扫描 OCR + IPA 锚点版面解析（四行对照） | 整理日期 2026-09,medium
SANGJIAJING-P0607-R-02,SANGJIAJING,607,R,2,田 与,,phu33 mp d31 1D33,failed,0.33,3,祖 不 行 的 死,不 敌 而 亡 逝,UNKNOWN,扫描 OCR + IPA 锚点版面解析（四行对照） | 整理日期 2026-09,medium
SANGJIAJING-P0607-R-03,SANGJIAJING,607,R,3,Z4 目 级 π 九,nu ³³ to³³ tce dzi²¹ ne³³,"nu 33 t$o33 tce"" dzi21 ne33",suspect,0.75,4,你 生 汗 冒 也,你 生 颜 冒 汗,UNKNOWN,扫描 OCR + IPA 锚点版面解析（四行对照） | 整理日期 2026-09,medium
SANGJIAJING-P0607-R-04,SANGJIAJING,607,R,4,Z4 级 田,si³³ eenu tcess mp dzi²¹,si33 eenu tce'ss mp dzi21,suspect,0.50,2,你 死 汗 不 冒,你 死 汗孔闭,UNKNOWN,扫描 OCR + IPA 锚点版面解析（四行对照） | 整理日期 2026-09,medium
SANGJIAJING-P0608-L-01,SANGJIAJING,608,L,1,目 π 九,lu²¹ dzi²¹ ne ³³ t⁰³3,lu²1 dzi21 ne 33 t$033,suspect,0.75,4,你 生 鲁 管 也,你 生 鲁 护 佑,UNKNOWN,扫描 OCR + IPA 锚点版面解析（四行对照） | 整理日期 2026-09,medium
SANGJIAJING-P0608-L-02,SANGJIAJING,608,L,2,Z出 子 田,si³³ nu³³ lu²¹ mɒ2l,si33 nu33 lu21 mp2l,suspect,0.75,4,你 死 鲁 不 死,你 亡 鲁 不 亡,UNKNOWN,扫描 OCR + IPA 锚点版面解析（四行对照） | 整理日期 2026-09,medium
SANGJIAJING-P0608-L-03,SANGJIAJING,608,L,3,小 分,du²¹ xɒ ³³ np ⁵⁵ tsess mi³³,du21 XD 33 np 55 tsess m133,suspect,0.50,4,处 阴 间 接 阳,阴 阳 两 界 连,UNKNOWN,扫描 OCR + IPA 锚点版面解析（四行对照） | 整理日期 2026-09,medium
SANGJIAJING-P0608-L-04,SANGJIAJING,608,L,4,子 Z 孔,si³³ si³³ bi²¹ ze³¹ mb,si33 si33 b121 Ze31 mb,ok,0.80,5,死 主 下 给 完,阴 物 降 亡 者,UNKNOWN,扫描 OCR + IPA 锚点版面解析（四行对照） | 整理日期 2026-09,medium
SANGJIAJING-P0608-L-05,SANGJIAJING,608,L,5,级 分,tho³¹ du²¹ lu²¹ ³³1 ⁵⁵ yɒ,tho31 du21 lu21 331 55 yD,suspect,0.67,6,后 跟 鲁 汗 得,阴 汗 与 阴 鲁,UNKNOWN,扫描 OCR + IPA 锚点版面解析（四行对照） | 整理日期 2026-09,medium
SANGJIAJING-P0608-R-01,SANGJIAJING,608,R,1,子 级 分,si³³ ³³ siss tce ⁵⁵ yɒ,si33 33 siss tce 55 yD,suspect,0.50,4,死 汗 与 死 碗,阴 汗 与 器 血,UNKNOWN,扫描 OCR + IPA 锚点版面解析（四行对照） | 整理日期 2026-09,medium
SANGJIAJING-P0608-R-02,SANGJIAJING,608,R,2,分 去,khɒ³³ si⁵⁵ s lu²¹ xɒ ³³ ne ³³,khp33 si5s lu21 XD 33 ne 33,ok,1.00,5,那 鲁 与 饮 碗,阴 间 盛 汤 碗,UNKNOWN,扫描 OCR + IPA 锚点版面解析（四行对照） | 整理日期 2026-09,medium
SANGJIAJING-P0608-R-03,SANGJIAJING,608,R,3,分,khɒ³³ yɒ ³³ zɔ ³³ si⁵⁵,khD33 yD 33 ZO 33 si55,ok,1.00,4,那 与 绵羊 碗 牛,绵 羊 牛 肉 碗,UNKNOWN,扫描 OCR + IPA 锚点版面解析（四行对照） | 整理日期 2026-09,medium
SANGJIAJING-P0608-R-04,SANGJIAJING,608,R,4,分 正,³³ khɒ³³ lu²¹ yɒ tch³³ si⁵⁵ s,33 khD33 lu21 yD tch33 si5s,suspect,0.67,6,那 鲁 与 米 碗,阴 间 盛 饭 碗,UNKNOWN,扫描 OCR + IPA 锚点版面解析（四行对照） | 整理日期 2026-09,medium
SANGJIAJING-P0609-L-01,SANGJIAJING,609,L,1,Z4 与 九,,1h33 kD33 reP no33,failed,0.33,3,你 来 过 行 也,你 从 线 路 去,UNKNOWN,扫描 OCR + IPA 锚点版面解析（四行对照） | 整理日期 2026-09,medium
SANGJIAJING-P0609-L-02,SANGJIAJING,609,L,2,又 分 了 3,,33 tche33 tDss yD te33,failed,0.33,3,搁 处 诗羌,留 守 诗羌,UNKNOWN,扫描 OCR + IPA 锚点版面解析（四行对照） | 整理日期 2026-09,medium
SANGJIAJING-P0609-R-01,SANGJIAJING,609,R,1,年 与 九,li³³ kɒ³³ di³¹ ne³³ ɛnu,li33 kD33 d131 ne33 Enu,ok,0.80,5,你 来 过 行 也,你 可 前 行 去,UNKNOWN,扫描 OCR + IPA 锚点版面解析（四行对照） | 整理日期 2026-09,medium
SANGJIAJING-P0609-R-02,SANGJIAJING,609,R,2,年 田 与,fi³³ 1i³³ kɒ³³ mɒ²¹ iep,fi33 1i33 kD33 mD21 IeP,ok,0.80,5,强 体 来过 不 行,强 体 不 前 去,UNKNOWN,扫描 OCR + IPA 锚点版面解析（四行对照） | 整理日期 2026-09,medium
SANGJIAJING-P0609-R-03,SANGJIAJING,609,R,3,Z 分 又 m,,niss 33 tDss 1D3s dzu YD,failed,0.33,3,前 处 搁 置 吧,储 置 阳 界 家,UNKNOWN,扫描 OCR + IPA 锚点版面解析（四行对照） | 整理日期 2026-09,medium
SANGJIAJING-P0609-R-04,SANGJIAJING,609,R,4,W tQ 子 飞,,lur's hae33 33 V33 m6,failed,0.00,4,勒 罕 诗 娓 格,勒 罕 诗 尾 格,UNKNOWN,扫描 OCR + IPA 锚点版面解析（四行对照） | 整理日期 2026-09,medium
SANGJIAJING-P0610-L-01,SANGJIAJING,610,L,1,Z: 3 3,si³³ si³³ lu²¹ li³³ si³³,si33 si33 lu21 133 si33,ok,1.00,5,神 守 鲁 来 守,鲁 神 在 守 护,UNKNOWN,扫描 OCR + IPA 锚点版面解析（四行对照） | 整理日期 2026-09,medium
SANGJIAJING-P0610-L-02,SANGJIAJING,610,L,2,A 田 分,lu²¹ li³³ kɒ³³ mp ²¹ yɒ ³³,lu²1 li33 kp33 mp 21 yD 33,ok,0.80,5,鲁 来 过 不 处,鲁 神 不 前 往,UNKNOWN,扫描 OCR + IPA 锚点版面解析（四行对照） | 整理日期 2026-09,medium
SANGJIAJING-P0610-R-01,SANGJIAJING,610,R,1,分 又 米 m,,33 dz yD tDss 1D5s DiS,failed,0.33,3,前 处 搁 置 吧,留 守 阳 间 屋,UNKNOWN,扫描 OCR + IPA 锚点版面解析（四行对照） | 整理日期 2026-09,medium
SANGJIAJING-P0610-R-02,SANGJIAJING,610,R,2,目 不,niss do⁴⁴ niss t⁰³3 zi³³,niss do44 niss t$033 Z.133,suspect,0.67,3,前 出 前 处 去,界 离 了 阳 间,UNKNOWN,扫描 OCR + IPA 锚点版面解析（四行对照） | 整理日期 2026-09,medium
SANGJIAJING-P0610-R-03,SANGJIAJING,610,R,3,零列两3,,tsh033qhu²thu21thu21,failed,0.33,3,阴 人声 曬,阴 月间声,UNKNOWN,扫描 OCR + IPA 锚点版面解析（四行对照） | 整理日期 2026-09,medium
SANGJIAJING-P0611-L-01,SANGJIAJING,611,L,1,口 3=,,55 tsh;21 lu33 tsx 44 np tsy44,failed,0.20,5,阴 狗 吠 汪 汪,阴 狗 汪 汪 吠,UNKNOWN,扫描 OCR + IPA 锚点版面解析（四行对照） | 整理日期 2026-09,medium
SANGJIAJING-P0611-L-02,SANGJIAJING,611,L,2,特 分 九,nu³³ 1i³³ kɒ³³ ax ³³ ne³³,nu33 1i33 kD33 ax 33 ne33,ok,0.80,5,你 来 过 处 也,你 声 前 去 寻,UNKNOWN,扫描 OCR + IPA 锚点版面解析（四行对照） | 整理日期 2026-09,medium
SANGJIAJING-P0611-R-01,SANGJIAJING,611,R,1,分 m nI 丑,,21 4iss th21 2i33 ZD,failed,0.25,4,儿 孙 一 吉 祥,儿 孙 得 吉 顺,UNKNOWN,扫描 OCR + IPA 锚点版面解析（四行对照） | 整理日期 2026-09,medium
SANGJIAJING-P0611-R-02,SANGJIAJING,611,R,2,儿 孙 得 吉 顺,1o²¹ mp ³³ bu²¹ be³³,1o21 mp 33 bu²1 be33,suspect,0.50,4,托 罗 茅 竹 根,托 罗 茅 竹 根,UNKNOWN,扫描 OCR + IPA 锚点版面解析（四行对照） | 整理日期 2026-09,medium
SANGJIAJING-P0611-R-03,SANGJIAJING,611,R,3,W 分 O 田,,tsi33 33 4D33 mp 21 yD,failed,0.40,5,阳 与 月 不 失,日 月 不 失 明,UNKNOWN,扫描 OCR + IPA 锚点版面解析（四行对照） | 整理日期 2026-09,medium
SANGJIAJING-P0611-R-04,SANGJIAJING,611,R,4,介 R W,ze ⁴⁴ dɒ²¹ tsiss tsiss,ze 44 dp21 tsiss tsiss,suspect,0.67,3,地 鸡 地 露 喝,鸡 饮 地 露 水,UNKNOWN,扫描 OCR + IPA 锚点版面解析（四行对照） | 整理日期 2026-09,medium
SANGJIAJING-P0612-L-01,SANGJIAJING,612,L,1,了 A,tae³³ 4u³³ pur³³ tghe³³ nɒ ³³,"tae33 4u33 pur33 tghe33 n,D 33",ok,0.80,5,舒 伯 羌 扭,当 舒 羌 伯 扭,UNKNOWN,扫描 OCR + IPA 锚点版面解析（四行对照） | 整理日期 2026-09,medium
SANGJIAJING-P0612-L-02,SANGJIAJING,612,L,2,孔里3,,tshi21 1i33 mdmd.a 33h21h21,failed,0.40,5,冬 风 起 朴朴,寒 风 阵 阵 起,UNKNOWN,扫描 OCR + IPA 锚点版面解析（四行对照） | 整理日期 2026-09,medium
SANGJIAJING-P0612-L-03,SANGJIAJING,612,L,3,7科 田 #,si²¹ de²¹ lu²¹ mp ²¹ tsi³³,si21 de21 lu²1 mp 21 ts133,ok,0.80,5,颗 打 龙 不 剩,不 留 降 電 龙,UNKNOWN,扫描 OCR + IPA 锚点版面解析（四行对照） | 整理日期 2026-09,medium
SANGJIAJING-P0612-L-04,SANGJIAJING,612,L,4,米 田 又,1ɒ⁵⁵ dlu³³ ve³¹ mp ²¹ tɒss,1D55 dlu33 ve31 mp 21 tDss,suspect,0.60,5,浪 翻 猪 不 留,不 留 湖 浪 猪,UNKNOWN,扫描 OCR + IPA 锚点版面解析（四行对照） | 整理日期 2026-09,medium
SANGJIAJING-P0612-R-01,SANGJIAJING,612,R,1,,,w tQ 3,failed,0.00,1,luy's he33 小3,勒 罕 诗 娓 格,UNKNOWN,扫描 OCR + IPA 锚点版面解析（四行对照） | 整理日期 2026-09,medium
SANGJIAJING-P0612-R-02,SANGJIAJING,612,R,2,4,t4u⁴⁴ me³³ mɒ²¹ ss,t4u44 me33 mp21 Ss,suspect,0.50,4,人 死 名 不 失,人 死 名 不 失,UNKNOWN,扫描 OCR + IPA 锚点版面解析（四行对照） | 整理日期 2026-09,medium
SANGJIAJING-P0612-R-03,SANGJIAJING,612,R,3,子 Z 田,si³³ si³³ lu²¹ mɒ²¹ tsh³³,si33 si33 lu²1 mp21 tsh;33,ok,0.80,5,死 神 鲁 不 到,死 不 及 鲁 身,UNKNOWN,扫描 OCR + IPA 锚点版面解析（四行对照） | 整理日期 2026-09,medium
SANGJIAJING-P0612-R-04,SANGJIAJING,612,R,4,效 去 天,a²¹ siss phu²¹ ɒi³³,A21 siss phu21 Di33,suspect,0.67,3,从 前 祖 畜 日,过 去 祖 养 牛,UNKNOWN,扫描 OCR + IPA 锚点版面解析（四行对照） | 整理日期 2026-09,medium
SANGJIAJING-P0612-R-05,SANGJIAJING,612,R,5,3,,1p21 n1ss mu33 tDss mzp,failed,0.33,3,牛 神 做 搁 的,用来 做奠 牲,UNKNOWN,扫描 OCR + IPA 锚点版面解析（四行对照） | 整理日期 2026-09,medium
SANGJIAJING-P0613-L-01,SANGJIAJING,613,L,1,效 逛孕子,,A21 siss phD²1 33 tc1 tsp,failed,0.25,4,从 前 父 种 粮,过 去 父 种 粮,UNKNOWN,扫描 OCR + IPA 锚点版面解析（四行对照） | 整理日期 2026-09,medium
SANGJIAJING-P0613-L-02,SANGJIAJING,613,L,2,过 去 父 种 粮,kɒ³³ 1p³³ ʊɛ tsɒ ⁵⁵ ab h³³,"kD3 1p33 VE tsD""? 55 ab h33",suspect,0.50,4,筛 了 客 吃 面,用 来 做 丧 饭,UNKNOWN,扫描 OCR + IPA 锚点版面解析（四行对照） | 整理日期 2026-09,medium
SANGJIAJING-P0613-L-03,SANGJIAJING,613,L,3,Z4 分 九,h³³ qɒ³³ ³³ nu³³ xɒ,h33 qD33 33 nu33 XD,suspect,0.60,5,你 来 如 得 也,你 若 得 此 居,UNKNOWN,扫描 OCR + IPA 锚点版面解析（四行对照） | 整理日期 2026-09,medium
SANGJIAJING-P0613-R-01,SANGJIAJING,613,R,1,分 又 m,,"niss yD 33 tDss 1Dss dz,u",failed,0.00,2,前 处 搁 置 吧,宅 返 居 阳 故,UNKNOWN,扫描 OCR + IPA 锚点版面解析（四行对照） | 整理日期 2026-09,medium
SANGJIAJING-P0613-R-02,SANGJIAJING,613,R,2,与,,tsh33 ni21 dze4kD21 tsh;33,failed,0.25,4,十 荒凉 到 二,十 二 荒 野 上,UNKNOWN,扫描 OCR + IPA 锚点版面解析（四行对照） | 整理日期 2026-09,medium
SANGJIAJING-P0613-R-03,SANGJIAJING,613,R,3,半 3=,lu²¹ si²¹ khɒ²¹ kɒ²¹ mus,lu21 si21 khD²1kD21 mu's,ok,1.00,5,鲁 马 行 过隐,鲁 骑 马 背 驰,UNKNOWN,扫描 OCR + IPA 锚点版面解析（四行对照） | 整理日期 2026-09,medium
SANGJIAJING-P0613-R-04,SANGJIAJING,613,R,4,Z: 十妄 九,si²¹ si³³ g0 ⁴⁴ tc8 ⁵⁵ ne ³³,si21 si33 g0 44 tc8 55 ne 33,suspect,0.60,5,行 主 吓 染 也,受 声 惊 吓 怪,UNKNOWN,扫描 OCR + IPA 锚点版面解析（四行对照） | 整理日期 2026-09,medium
SANGJIAJING-P0614-L-01,SANGJIAJING,614,L,1,2 2,,31 h33 h33 ob lu²1 9031,failed,0.00,5,回 来 鲁 回 来,归 兮 鲁 归 来,UNKNOWN,扫描 OCR + IPA 锚点版面解析（四行对照） | 整理日期 2026-09,medium
SANGJIAJING-P0614-L-02,SANGJIAJING,614,L,2,级,,133 1a33 q031 tess 1eOb,failed,0.25,4,回 来 浆 回 来,归 兮 浆 归 来,UNKNOWN,扫描 OCR + IPA 锚点版面解析（四行对照） | 整理日期 2026-09,medium
SANGJIAJING-P0614-R-01,SANGJIAJING,614,R,1,Z4 2,li³³ fi³³ 1h³³ ⁹⁰³¹,133 fi33 1h33 9031,suspect,0.50,4,回 来 沸 回 来,归 兮 沸 归 来,UNKNOWN,扫描 OCR + IPA 锚点版面解析（四行对照） | 整理日期 2026-09,medium
SANGJIAJING-P0614-R-02,SANGJIAJING,614,R,2,子 九 与 百,mu²¹ ne ³³ m1 ³³ ni²¹ ty4,mu21 ne 33 m1 33 ni21 ty4,suspect,0.60,5,天 与 地 二 层,天 与 地 之 间,UNKNOWN,扫描 OCR + IPA 锚点版面解析（四行对照） | 整理日期 2026-09,medium
SANGJIAJING-P0614-R-03,SANGJIAJING,614,R,3,田 Z 与 百,si³³ si³³ ni²¹ mp ²¹ ty4,si33 si33 ni²1 mp 21 ty4,suspect,0.60,5,不 死 它 二 层,天 地 神 不 死,UNKNOWN,扫描 OCR + IPA 锚点版面解析（四行对照） | 整理日期 2026-09,medium
SANGJIAJING-P0615-L-01,SANGJIAJING,615,L,1,日 出办 公,niss li⁰³3 nu³³ fi³³,niss 1033 nu33 fi33,suspect,0.67,3,前 处 你 属 沸,生 前 佑 你 沸,UNKNOWN,扫描 OCR + IPA 锚点版面解析（四行对照） | 整理日期 2026-09,medium
SANGJIAJING-P0615-L-02,SANGJIAJING,615,L,2,Z 日 去,niss li⁰³3 nu³³ zi³³ ng³³,niss 1033 nu33 zi33 ng33,suspect,0.50,4,前 处 你 柱 楠,生前你柱 楠,UNKNOWN,扫描 OCR + IPA 锚点版面解析（四行对照） | 整理日期 2026-09,medium
SANGJIAJING-P0615-R-01,SANGJIAJING,615,R,1,Z 又,,"si33 si21 h44 1p33 tDss p""u",failed,0.40,5,它 走 返 了 搁,招 呼 使 其 返,UNKNOWN,扫描 OCR + IPA 锚点版面解析（四行对照） | 整理日期 2026-09,medium
SANGJIAJING-P0615-R-02,SANGJIAJING,615,R,2,7办4 X3 每,thu⁴⁴ thu⁴⁴ me ³³ 1p³³,thu44 thu44 me 33 1p33,suspect,0.75,4,繁 荣 讲 讲 做,言 封 得 繁 荣,UNKNOWN,扫描 OCR + IPA 锚点版面解析（四行对照） | 整理日期 2026-09,medium
SANGJIAJING-P0615-R-03,SANGJIAJING,615,R,3,WI 一X 女,thi2i thu⁴⁴ nɒ³³ li³³ qɒ ³³,th12i thu44 np33 133 qD 33,suspect,0.75,4,一 句 听 来 呀,语 务 必 听 赠,UNKNOWN,扫描 OCR + IPA 锚点版面解析（四行对照） | 整理日期 2026-09,medium
SANGJIAJING-P0619-L-01,SANGJIAJING,619,L,1,茶X3V,thussthuss tge³³ zi³¹ dzi³³,thussthuss tge33 zi31 dz133,suspect,0.67,3,繁 星说说故事,话题繁星般,UNKNOWN,扫描 OCR + IPA 锚点版面解析（四行对照） | 整理日期 2026-09,medium
SANGJIAJING-P0619-L-02,SANGJIAJING,619,L,2,话题繁星般,thuss dzi³³ thu⁵⁵ s si²¹ ne³³,thuss dz133thu5s S121 ne33,suspect,0.75,4,说故事说 还 也,话语道不尽,UNKNOWN,扫描 OCR + IPA 锚点版面解析（四行对照） | 整理日期 2026-09,medium
SANGJIAJING-P0619-L-03,SANGJIAJING,619,L,3,话语道不尽,,mp2l thuss pi44 ss!u np D21,failed,0.00,2,说 毕摩 听 不 嘴,话停听毕念②,UNKNOWN,扫描 OCR + IPA 锚点版面解析（四行对照） | 整理日期 2026-09,medium
SANGJIAJING-P0619-R-01,SANGJIAJING,619,R,1,Dz,ni²¹ mi³³ a²¹ dz⁰²1 d³³,n1²1 mi33 A²1 dz.0²1 d33,suspect,0.60,5,彝 地 阿着底,彝居阿着底,UNKNOWN,扫描 OCR + IPA 锚点版面解析（四行对照） | 整理日期 2026-09,medium
SANGJIAJING-P0619-R-02,SANGJIAJING,619,R,2,日,a³³ dze³¹ tsi³³ dzi³³ li⁰³3,A33 dze31 tsi33 dz133 1033,ok,1.00,5,丧家院坝 处,丧家院落中,UNKNOWN,扫描 OCR + IPA 锚点版面解析（四行对照） | 整理日期 2026-09,medium
SANGJIAJING-P0620-L-01,SANGJIAJING,620,L,1,子,,kh021 1021 $OS5 nu33,failed,0.33,3,柯 罗 硕 诗 奴,柯 罗 硕 诗 奴,UNKNOWN,扫描 OCR + IPA 锚点版面解析（四行对照） | 整理日期 2026-09,medium
SANGJIAJING-P0620-L-02,SANGJIAJING,620,L,2,司 W 田 w,,t$033 luss mp21 luss,failed,0.33,3,生 喜 死 不 喜,愿 生 不 愿 死,UNKNOWN,扫描 OCR + IPA 锚点版面解析（四行对照） | 整理日期 2026-09,medium
SANGJIAJING-P0620-L-03,SANGJIAJING,620,L,3,Z4 田 WI 必,,si33 thj21 enu mp21 g05,failed,0.25,4,你 死 不 大 愿,你 不 情 愿 死,UNKNOWN,扫描 OCR + IPA 锚点版面解析（四行对照） | 整理日期 2026-09,medium
SANGJIAJING-P0620-L-04,SANGJIAJING,620,L,4,7开 & 九,dzi²¹ bi²¹ mb ³³,"dz,i21 bi21 mb 33",suspect,0.67,3,超度 给 你 完 也,超 度 经 念 完,UNKNOWN,扫描 OCR + IPA 锚点版面解析（四行对照） | 整理日期 2026-09,medium
SANGJIAJING-P0620-R-01,SANGJIAJING,620,R,1,?,tche³³ mi²¹ li⁰⁴4 zi³³,"tche33 m1²1 1044 Z.,133",ok,1.00,4,佩 刀 石 上 磨,刀 子 石 上 磨,UNKNOWN,扫描 OCR + IPA 锚点版面解析（四行对照） | 整理日期 2026-09,medium
SANGJIAJING-P0620-R-02,SANGJIAJING,620,R,2,子 亏 面,tshi²¹ ms mu2l li²¹ ni³³,tshi21 ms mu2l 121 ni33,suspect,0.67,3,尸 夜 天 今 天,今 日 守 灵 夜,UNKNOWN,扫描 OCR + IPA 锚点版面解析（四行对照） | 整理日期 2026-09,medium
SANGJIAJING-P0620-R-03,SANGJIAJING,620,R,3,4 3,le³¹ 4u³³ ku³³ ɒs,le31 4u33 ku33 D'S,suspect,0.75,4,银 镯 金 戒 指,银 镯 金 戒 指,UNKNOWN,扫描 OCR + IPA 锚点版面解析（四行对照） | 整理日期 2026-09,medium
SANGJIAJING-P0621-L-01,SANGJIAJING,621,L,1,田 # 开#,,mp 21 ts1s5 thi2i dz.i2i,failed,0.00,2,不 剩 一 段 剩,尚 欠 仪 经 一,UNKNOWN,扫描 OCR + IPA 锚点版面解析（四行对照） | 整理日期 2026-09,medium
SANGJIAJING-P0621-L-02,SANGJIAJING,621,L,2,万 7开7 IM,,"mo 21 suk""ur ti21 dz.j21",failed,0.33,3,莫 舍 那 一 段,莫 舍 一 仪 经,UNKNOWN,扫描 OCR + IPA 锚点版面解析（四行对照） | 整理日期 2026-09,medium
SANGJIAJING-P0621-L-03,SANGJIAJING,621,L,3,每 Z,ag ³³ mu ³³ nu³³ bi²¹ ⁹⁰³³,aG 33 mu 33 nu33 bi21 9033,ok,0.80,5,我 做 你 给 啦,我 诵 经 与 你,UNKNOWN,扫描 OCR + IPA 锚点版面解析（四行对照） | 整理日期 2026-09,medium
SANGJIAJING-P0621-L-04,SANGJIAJING,621,L,4,ZX,le³¹ tche³³ qe³¹ ni³³ cess,le31 tche33 qe31 ni3 CeSs,ok,1.00,5,手 赶 线 棉 交叉,如 同 手 裹 线,UNKNOWN,扫描 OCR + IPA 锚点版面解析（四行对照） | 整理日期 2026-09,medium
SANGJIAJING-P0621-L-05,SANGJIAJING,621,L,5,众 Z# G 不,dzi³³ du²¹ bo³³ zɔss si²¹,dzi33 du²1 bo33 ZOSs S121,suspect,0.75,4,起 头 有 还 要,必 先理 头 绪,UNKNOWN,扫描 OCR + IPA 锚点版面解析（四行对照） | 整理日期 2026-09,medium
SANGJIAJING-P0621-R-01,SANGJIAJING,621,R,1,众 女,dzi³³ du²¹ mɒ²¹ bo³³ 2i³³,dzi33 du²1 mp21 bo33 2i33,ok,0.80,5,起 头 不 有 呢,若 无 福 禄 源,UNKNOWN,扫描 OCR + IPA 锚点版面解析（四行对照） | 整理日期 2026-09,medium
SANGJIAJING-P0621-R-02,SANGJIAJING,621,R,2,九,nu³³ dzi²¹ tois ne ³³,nu33 dz121 tois ne 33,suspect,0.67,3,你 家 畜 牧 也,你家 养 畜 禽,UNKNOWN,扫描 OCR + IPA 锚点版面解析（四行对照） | 整理日期 2026-09,medium
SANGJIAJING-P0622-L-01,SANGJIAJING,622,L,1,4 住,nu³³ ʊli³³ t4uss tsi³³ ne³³,nu3 V133 t4uss tsi33 ne33,suspect,0.50,4,你 家 人 遇 也,你 家 添 丁 口,UNKNOWN,扫描 OCR + IPA 锚点版面解析（四行对照） | 整理日期 2026-09,medium
SANGJIAJING-P0622-L-02,SANGJIAJING,622,L,2,A 住 田,tsi³³ si²¹ dzi³¹ t4u⁴⁴,tsi33 si21 dzi31 t4u44,suspect,0.75,4,人 遇 不 称,添 丁 不 称 意,UNKNOWN,扫描 OCR + IPA 锚点版面解析（四行对照） | 整理日期 2026-09,medium
SANGJIAJING-P0622-L-03,SANGJIAJING,622,L,3,Z出 7开 U,,nu dzi21 mp² 21 Y031 tsh:33,failed,0.25,4,你 附 母 身 到,你 至 生 下,UNKNOWN,扫描 OCR + IPA 锚点版面解析（四行对照） | 整理日期 2026-09,medium
SANGJIAJING-P0622-L-04,SANGJIAJING,622,L,4,分 7儿L 田,ssib dzj²¹,ssib dzj21,ok,1.00,1,儿 离 真 哭 不,儿 哭 每 不 弃,UNKNOWN,扫描 OCR + IPA 锚点版面解析（四行对照） | 整理日期 2026-09,medium
SANGJIAJING-P0622-L-05,SANGJIAJING,622,L,5,女 Z N,,44 niss tsh:33 ne !2 nD33,failed,0.33,3,泪 水 鼻 嘴 到,泪 流鼻 嘴边,UNKNOWN,扫描 OCR + IPA 锚点版面解析（四行对照） | 整理日期 2026-09,medium
SANGJIAJING-P0622-R-01,SANGJIAJING,622,R,1,7070,,tshi2l tchath3 bu21,failed,0.00,1,自己 织 线 织 背,自 织 背 单 背,UNKNOWN,扫描 OCR + IPA 锚点版面解析（四行对照） | 整理日期 2026-09,medium
SANGJIAJING-P0622-R-02,SANGJIAJING,622,R,2,Z4 每 亏,nu ³³ 1e⁸⁸ mu³³ thi²¹ ni³³,nu 33 1e88 mu3 thi21 ni33,ok,0.80,5,你 家 做 一 日,你 后 成 家 之,UNKNOWN,扫描 OCR + IPA 锚点版面解析（四行对照） | 整理日期 2026-09,medium
SANGJIAJING-P0622-R-03,SANGJIAJING,622,R,3,九,nu³³ 1e⁸⁸ dzi²¹ ne ³³,nu33 1e88 dz121 ne 33,suspect,0.75,4,你 家 畜 牧 也,你 家 的畜 禽,UNKNOWN,扫描 OCR + IPA 锚点版面解析（四行对照） | 整理日期 2026-09,medium
SANGJIAJING-P0622-R-04,SANGJIAJING,622,R,4,又 九,dzi²¹ tɒs dzi²¹ ⁴⁰²¹ ne³³,dz121 tD?s dz121 4021 ne33,suspect,0.50,4,畜养 畜 也 顺,畜禽满圈 拦,UNKNOWN,扫描 OCR + IPA 锚点版面解析（四行对照） | 整理日期 2026-09,medium
SANGJIAJING-P0623-L-01,SANGJIAJING,623,L,1,你 家 种 庄 稼,tsh³³ tsɒ³³ 1o²¹ tsi³³ toss,"tsh,33 tsp3 1o21 tsi33 toss",suspect,0.60,5,粮 满 楼 板 下,粮 满 漫 下 楼,UNKNOWN,扫描 OCR + IPA 锚点版面解析（四行对照） | 整理日期 2026-09,medium
SANGJIAJING-P0623-L-02,SANGJIAJING,623,L,2,4 住 九,nu ³³ t4u⁴⁴ tsi³³ ne g³³,nu 33 t4u44 tsi33 ne g33,suspect,0.75,4,你 家 也 人 遇,你 家 添 丁 口,UNKNOWN,扫描 OCR + IPA 锚点版面解析（四行对照） | 整理日期 2026-09,medium
SANGJIAJING-P0623-L-03,SANGJIAJING,623,L,3,Az 住 700 九 W,t4u³³ si²¹ dzi³¹ tsi³³ ne³³,t4u33 si21 dzi31 tsi3 ne33,ok,0.80,5,人 遇 也 齐,添 丁 口 如 意,UNKNOWN,扫描 OCR + IPA 锚点版面解析（四行对照） | 整理日期 2026-09,medium
SANGJIAJING-P0623-R-01,SANGJIAJING,623,R,1,分 70 3=,tsh³³ bu²¹ bu²¹ zɒ²¹ ⁰⁵5,tsh:33 bu²1 bu²1 ZD21 0.55,suspect,0.60,5,儿 孝 头 蓬 蓬,孝 子 发 蓬 蓬,UNKNOWN,扫描 OCR + IPA 锚点版面解析（四行对照） | 整理日期 2026-09,medium
SANGJIAJING-P0623-R-02,SANGJIAJING,623,R,2,70 3=,nu³³ tsh³³ be³³ be³³ sɔ,nu33 tsh:33 be33 be33 SO,ok,0.80,5,女 孝 头 乱 乱,孝 女 发 乱 乱,UNKNOWN,扫描 OCR + IPA 锚点版面解析（四行对照） | 整理日期 2026-09,medium
SANGJIAJING-P0623-R-03,SANGJIAJING,623,R,3,W 雪 3=,4iss 4e⁴⁴ ⁰⁵5 tce⁴⁴ tce ⁴⁴,4iss 4e44 055 tce44 tce 44,suspect,0.50,4,孙 重孙 僵 头 僵,孝 孙 发 僵 僵,UNKNOWN,扫描 OCR + IPA 锚点版面解析（四行对照） | 整理日期 2026-09,medium
SANGJIAJING-P0623-R-04,SANGJIAJING,623,R,4,承他 效 D,tshi³³ dzi²¹ pɒ ⁵⁵ buss a³³,tshi33 dz121 pD 55 buss A33,suspect,0.75,4,脚 伸 青 蛙 缩,脚 缩 似 青 蛙,UNKNOWN,扫描 OCR + IPA 锚点版面解析（四行对照） | 整理日期 2026-09,medium
SANGJIAJING-P0623-R-05,SANGJIAJING,623,R,5,开 住 众 日,si³³ e ²¹ tsi³¹ li⁰³3,si33 e 21 tsi31 1033,ok,1.00,4,死 善 院 坝 处,故 （人屋 院 中,UNKNOWN,扫描 OCR + IPA 锚点版面解析（四行对照） | 整理日期 2026-09,medium
SANGJIAJING-P0624-L-01,SANGJIAJING,624,L,1,众 区 九,,ZO d2133 Z.0SS ne 33 tD33,failed,0.33,3,先 生 我 也 起,先 者 自 起 生,UNKNOWN,扫描 OCR + IPA 锚点版面解析（四行对照） | 整理日期 2026-09,medium
SANGJIAJING-P0624-L-02,SANGJIAJING,624,L,2,万 Wi 开,cems khi³³ thi²¹ dzi²¹ mo²¹,"cems kh133 thi21 dz,i21 mo21",suspect,0.75,4,莫 舍 那 一 章,莫 舍 一 章 经,UNKNOWN,扫描 OCR + IPA 锚点版面解析（四行对照） | 整理日期 2026-09,medium
SANGJIAJING-P0624-L-03,SANGJIAJING,624,L,3,每,,A33 33 m33 mo21 ms,failed,0.40,5,什 么 牲 做 收,什 么 作 祭 牲,UNKNOWN,扫描 OCR + IPA 锚点版面解析（四行对照） | 整理日期 2026-09,medium
SANGJIAJING-P0624-L-04,SANGJIAJING,624,L,4,田 亏,kɒ³³ eend siss mp nj³³,kD33 eend siss mp nj33,suspect,0.50,2,蚂 蚱 血 不 存,蚂 蚱 无 血 液,UNKNOWN,扫描 OCR + IPA 锚点版面解析（四行对照） | 整理日期 2026-09,medium
SANGJIAJING-P0624-R-01,SANGJIAJING,624,R,1,每,kɒ³³ pu³³ mo²¹ mu ³³ ms ³³,kD33 pu33 mo21 mu 33 ms 33,ok,0.80,5,蚂 蚱 牲 做 收,蚂 蚱 作 祭 牲,UNKNOWN,扫描 OCR + IPA 锚点版面解析（四行对照） | 整理日期 2026-09,medium
SANGJIAJING-P0624-R-02,SANGJIAJING,624,R,2,湖 岸 无 鱼 游,a³³ ku³³ ip²¹ mb ⁵⁵ np ⁵⁵,A33 ku33 Ip21 mb 55 np 55,suspect,0.60,5,螺 蛳 蚌 壳 多,螺 蛳 蚌 壳 多,UNKNOWN,扫描 OCR + IPA 锚点版面解析（四行对照） | 整理日期 2026-09,medium
SANGJIAJING-P0624-R-03,SANGJIAJING,624,R,3,每,iɒ²¹ mb mo²¹ mu ³³ ms ³³,ID21 mb mo21 mu 33 ms 33,suspect,0.75,4,螺 蛳 牲 做 收,螺 蛳 作 祭 牲,UNKNOWN,扫描 OCR + IPA 锚点版面解析（四行对照） | 整理日期 2026-09,medium
SANGJIAJING-P0625-L-01,SANGJIAJING,625,L,1,子 又,a2nae nu³³ tɒss,A²nae nu33 tDSs,suspect,0.50,2,现 在 你 死 搁,现 在 你 亡 故,UNKNOWN,扫描 OCR + IPA 锚点版面解析（四行对照） | 整理日期 2026-09,medium
SANGJIAJING-P0625-L-02,SANGJIAJING,625,L,2,众,,4033 nu²i d2133 1031 l;33,failed,0.25,4,奠 牛 先 成 来,先 与 祭 奠 牛,UNKNOWN,扫描 OCR + IPA 锚点版面解析（四行对照） | 整理日期 2026-09,medium
SANGJIAJING-P0625-L-03,SANGJIAJING,625,L,3,A,,1031 1i33 4u33 bi21 mzp,failed,0.40,5,成 来 银 给 齐,银 两 购 而 得,UNKNOWN,扫描 OCR + IPA 锚点版面解析（四行对照） | 整理日期 2026-09,medium
SANGJIAJING-P0625-L-04,SANGJIAJING,625,L,4,日 WI 号,⁵⁵ li⁰³3 tsh³³ thi²¹ ni³³ ag,55 1033 tsh:33 thi21 ni33 aG,suspect,0.67,6,阴间 处 到 一 日,去 至 阴 间 时,UNKNOWN,扫描 OCR + IPA 锚点版面解析（四行对照） | 整理日期 2026-09,medium
SANGJIAJING-P0625-L-05,SANGJIAJING,625,L,5,用,siss tsh³³ tsɒ cob h³¹,"siss tsh.33 tSD"" cob h.31",suspect,0.50,2,草 喂 年 小 下,仔 喂 草 年 冏下,UNKNOWN,扫描 OCR + IPA 锚点版面解析（四行对照） | 整理日期 2026-09,medium
SANGJIAJING-P0625-R-01,SANGJIAJING,625,R,1,万 开 不,,kh44 bi21 ne1 nu 33 2133,failed,0.25,4,它 好 你 给 去,良 牛 给 与 你,UNKNOWN,扫描 OCR + IPA 锚点版面解析（四行对照） | 整理日期 2026-09,medium
SANGJIAJING-P0625-R-02,SANGJIAJING,625,R,2,2 分 WI,zɒ²¹ li⁴⁴ bu³³ thi²¹,ZD21 li44 bu33 thi21,ok,1.00,4,羊 赠 小 一 对,赠 对 小 山 羊,UNKNOWN,扫描 OCR + IPA 锚点版面解析（四行对照） | 整理日期 2026-09,medium
SANGJIAJING-P0625-R-03,SANGJIAJING,625,R,3,安 ?,1e4 ne ⁴⁴ li⁰⁴4 mo²¹ ʊ⁰⁴,1e4 ne 44 1044 mo21 V04,suspect,0.50,4,游 牲 走 黑 色,善 奔 黑 色 牲,UNKNOWN,扫描 OCR + IPA 锚点版面解析（四行对照） | 整理日期 2026-09,medium
SANGJIAJING-P0625-R-04,SANGJIAJING,625,R,4,Dz 住 每,⁴⁴ ni²¹ tsi³³ ce t4ɒ³³ mu³³,44 ni²1 tsi33 ce t4D33 mu33,suspect,0.60,5,汉 旁 葬 宅 做,汉 家 傍 葬 宅,UNKNOWN,扫描 OCR + IPA 锚点版面解析（四行对照） | 整理日期 2026-09,medium
SANGJIAJING-P0626-L-01,SANGJIAJING,626,L,1,兴 O 晏,,VD 4D33 m 44 mo21 py3,failed,0.25,4,鸡 公 魂 叫 牲,公 鸡 招 魂 牲,UNKNOWN,扫描 OCR + IPA 锚点版面解析（四行对照） | 整理日期 2026-09,medium
SANGJIAJING-P0626-L-02,SANGJIAJING,626,L,2,7L3又,mo su³³ t tshi³³ ltshi³¹ tɒss,mo su3 t tshi3ltshi31 tDSs,suspect,0.75,4,全全 牲 收 搁,祭 牲 都 收 全,UNKNOWN,扫描 OCR + IPA 锚点版面解析（四行对照） | 整理日期 2026-09,medium
SANGJIAJING-P0626-L-03,SANGJIAJING,626,L,3,Z,,a si33 mu? pu3 dlp33 33,failed,0.25,4,驯 成 牵 成 做,用 何 有 何 物,UNKNOWN,扫描 OCR + IPA 锚点版面解析（四行对照） | 整理日期 2026-09,medium
SANGJIAJING-P0626-L-04,SANGJIAJING,626,L,4,效,ʊli³³ a³³ li⁸⁴4 vae³³,V133 A33 1844 vae33,suspect,0.75,4,阿 勒 客 家 牲,阿 勒 待 客牲,UNKNOWN,扫描 OCR + IPA 锚点版面解析（四行对照） | 整理日期 2026-09,medium
SANGJIAJING-P0626-R-01,SANGJIAJING,626,R,1,效 % 7亩 晏,a³³ 1y⁴⁴ lae³³ ze ³¹ mo²¹,A33 1y44 lae33 ze 31 mo21,ok,0.80,5,阿 勒 奠 吊 牲,阿 勒 奠 吊 牲,UNKNOWN,扫描 OCR + IPA 锚点版面解析（四行对照） | 整理日期 2026-09,medium
SANGJIAJING-P0626-R-02,SANGJIAJING,626,R,2,效 ?,a³³ dze³¹ q⁰⁴4 li0 4 mo²¹,A33 dze31 q044 10 4 mo21,suspect,0.50,4,丧 家 顶 牲,丧 家 盖 头 牲,UNKNOWN,扫描 OCR + IPA 锚点版面解析（四行对照） | 整理日期 2026-09,medium
SANGJIAJING-P0626-R-03,SANGJIAJING,626,R,3,O 3 每,,4D33 n1ss mu 33 mo21,failed,0.33,3,招 魂 驱 邪 牲,招 魂 驱 邪 牲,UNKNOWN,扫描 OCR + IPA 锚点版面解析（四行对照） | 整理日期 2026-09,medium
SANGJIAJING-P0626-R-04,SANGJIAJING,626,R,4,招 魂 驱 邪 牲,ow mzpemzp li³³ li⁰³1,ow mzpemzp li33 1031,suspect,0.50,2,齐齐 牲 成 来,全 部 成 福 牲,UNKNOWN,扫描 OCR + IPA 锚点版面解析（四行对照） | 整理日期 2026-09,medium
SANGJIAJING-P0626-R-05,SANGJIAJING,626,R,5,罗3 又,,ow cmzp emz tD$s 1i3,failed,0.00,1,齐齐 牲 搁 来,全部 吉牲 成,UNKNOWN,扫描 OCR + IPA 锚点版面解析（四行对照） | 整理日期 2026-09,medium
SANGJIAJING-P0627-L-01,SANGJIAJING,627,L,1,又 九 U,,1D1 tDss 1p21 ne33 4021,failed,0.33,3,顺 牛 养 牛 也,养 牛 牛 兴 旺,UNKNOWN,扫描 OCR + IPA 锚点版面解析（四行对照） | 整理日期 2026-09,medium
SANGJIAJING-P0627-L-02,SANGJIAJING,627,L,2,700 飞E,³³ si²¹ bɒ²¹ ne 4 pu,33 si21 bD21 ne 4 pu,suspect,0.50,4,牛 黑 山 七 坡,黑 牛 满 七 坡,UNKNOWN,扫描 OCR + IPA 锚点版面解析（四行对照） | 整理日期 2026-09,medium
SANGJIAJING-P0627-L-03,SANGJIAJING,627,L,3,U,tchi³³ tɒss tchi³¹ ne³³ ⁴⁰²¹,tchi3! tDSs tchi31 ne33 4021,suspect,0.50,4,山羊 养 山羊 也 顺,养羊 羊 兴 旺,UNKNOWN,扫描 OCR + IPA 锚点版面解析（四行对照） | 整理日期 2026-09,medium
SANGJIAJING-P0627-L-04,SANGJIAJING,627,L,4,天 ZZ,tohi³¹ ne4 pu ³³ he³¹ dlɒ³³,tohi31 ne4 pu 33 he31 dlD3,suspect,0.50,4,山羊 黑 山 八 面,羊 满 山 八 面,UNKNOWN,扫描 OCR + IPA 锚点版面解析（四行对照） | 整理日期 2026-09,medium
SANGJIAJING-P0627-R-01,SANGJIAJING,627,R,1,(王 A,,2.033 4u33 pu33 kur's lo21,failed,0.25,4,绵羊 白 山 九 凹,绵羊 九 山 凹,UNKNOWN,扫描 OCR + IPA 锚点版面解析（四行对照） | 整理日期 2026-09,medium
SANGJIAJING-P0627-R-02,SANGJIAJING,627,R,2,又 九 U,,ve31 tDss ve31 ng33 4021,failed,0.25,4,猪 养 猪 也 顺,养 猪 猪 兴 旺,UNKNOWN,扫描 OCR + IPA 锚点版面解析（四行对照） | 整理日期 2026-09,medium
SANGJIAJING-P0627-R-03,SANGJIAJING,627,R,3,养 猪 猪 兴 旺,ve³¹ ne ⁴⁴ tsi³³ ku tyss,ve31 ne 44 tsi33 ku” tyss,ok,1.00,4,猪 黑 屋九 巷,养 九 猪 满 巷,UNKNOWN,扫描 OCR + IPA 锚点版面解析（四行对照） | 整理日期 2026-09,medium
SANGJIAJING-P0627-R-04,SANGJIAJING,627,R,4,系,dle4 tsh³³ de²¹ tce³³ 4,dle4 tsh33 de21 tce33 4,suspect,0.50,4,鸡 觅食 七 坝 场,鸡 满 七 坝 场,UNKNOWN,扫描 OCR + IPA 锚点版面解析（四行对照） | 整理日期 2026-09,medium
SANGJIAJING-P0628-L-01,SANGJIAJING,628,L,1,万 田,kh³³ ²¹ du²¹ mi³³ mp ɔs,kh33 21 du21 mi33 mp $O.s,suspect,0.60,5,阳 间 他 不 得,阳 间 未 得 者,UNKNOWN,扫描 OCR + IPA 锚点版面解析（四行对照） | 整理日期 2026-09,medium
SANGJIAJING-P0628-L-02,SANGJIAJING,628,L,2,万 日 与,kh³³ li⁰³3 ni³³ rep ɔs,"kh,33 1033 ni33 reP $OS",suspect,0.50,4,那 里 你 得 行,那 里 你 定 得,UNKNOWN,扫描 OCR + IPA 锚点版面解析（四行对照） | 整理日期 2026-09,medium
SANGJIAJING-P0628-L-03,SANGJIAJING,628,L,3,开 与 九,,si33 33 ne1 tD33 IeP 3U,failed,0.25,4,死 善 起 行 也,亡 魂 可 起 身,UNKNOWN,扫描 OCR + IPA 锚点版面解析（四行对照） | 整理日期 2026-09,medium
SANGJIAJING-P0628-R-01,SANGJIAJING,628,R,1,开 万 公会,khi³³ thɒ²¹ lu²¹ ne²¹ tɒ³³,kh133thD21 lu²1 ne21 tD33,ok,1.00,5,鲁 神 它 莫 起,鲁 神莫 离去,UNKNOWN,扫描 OCR + IPA 锚点版面解析（四行对照） | 整理日期 2026-09,medium
SANGJIAJING-P0628-R-02,SANGJIAJING,628,R,2,去 开万雨召,,kh33thD21 ne2i tD33,failed,0.33,3,楠 神 它莫 起,楠 神 莫,UNKNOWN,扫描 OCR + IPA 锚点版面解析（四行对照） | 整理日期 2026-09,medium
SANGJIAJING-P0628-R-03,SANGJIAJING,628,R,3,张,dzi²¹ tsp ³³ thɒ²¹ li4 tɒ³³,dzi21 tsp? 33 thp21 14 tD33,suspect,0.50,4,畜 粮 魂 莫 起,畜 粮 魂 莫 罩,UNKNOWN,扫描 OCR + IPA 锚点版面解析（四行对照） | 整理日期 2026-09,medium
SANGJIAJING-P0628-R-04,SANGJIAJING,628,R,4,分 张,,21 33 thD21 ZD mu 2i44 tD33,failed,0.40,5,儿 女 魂莫 起,儿 女 魂 莫 离,UNKNOWN,扫描 OCR + IPA 锚点版面解析（四行对照） | 整理日期 2026-09,medium
SANGJIAJING-P0629-L-01,SANGJIAJING,629,L,1,2.00,si²¹ ⁴⁰²¹ di²¹ ⁴⁴ ʊ²¹ pu,si21 4021 di21 44 V21 pu,suspect,0.50,6,神脸 急 的 返,诸神返面 回,UNKNOWN,扫描 OCR + IPA 锚点版面解析（四行对照） | 整理日期 2026-09,medium
SANGJIAJING-P0629-L-02,SANGJIAJING,629,L,2,如么 日,tghg³³ du³³ li⁰³3 kɒ³³,tghg33 du33 1033 kD33,suspect,0.75,4,金 线 随 处 过,沿金线 回 返,UNKNOWN,扫描 OCR + IPA 锚点版面解析（四行对照） | 整理日期 2026-09,medium
SANGJIAJING-P0629-L-03,SANGJIAJING,629,L,3,日,4u³³ tc a h³³ du³³ li⁰³3 ⁹⁰³¹,4u33 tc”a” h33 du33 1033 9031,suspect,0.60,5,银 线 随 处 返,沿银线回返,UNKNOWN,扫描 OCR + IPA 锚点版面解析（四行对照） | 整理日期 2026-09,medium
SANGJIAJING-P0629-R-01,SANGJIAJING,629,R,1,田 3= 2,lur²¹ lur²¹ ⁴⁴ ³¹ li³³ md ob,lur21 lur²1 44 31 li33 md ob,suspect,0.67,6,个 个 返 回 来,全都 ：返 回 来,UNKNOWN,扫描 OCR + IPA 锚点版面解析（四行对照） | 整理日期 2026-09,medium
SANGJIAJING-P0632-L-01,SANGJIAJING,632,L,1,,,bu*4 dz121 x03,failed,0.00,2,体 津,钵 本津,UNKNOWN,扫描 OCR + IPA 锚点版面解析（四行对照） | 整理日期 2026-09,medium
SANGJIAJING-P0632-L-02,SANGJIAJING,632,L,2,钵 本津,kus dzi2l tche³¹ li⁰⁴4 bur³³,ku*s dzi²l tche31 1044 bur33,suspect,0.67,3,各资潜罗伯 格,格资潜罗伯②,UNKNOWN,扫描 OCR + IPA 锚点版面解析（四行对照） | 整理日期 2026-09,medium
SANGJIAJING-P0632-L-03,SANGJIAJING,632,L,3,Z卅,si⁵⁵ s li⁰³3 tche³¹ 1a³¹ mu ³³,si5s 1033 tche31 1a31 mu 33,ok,0.80,5,先处簸塌做,先前石欲崩,UNKNOWN,扫描 OCR + IPA 锚点版面解析（四行对照） | 整理日期 2026-09,medium
SANGJIAJING-P0632-L-04,SANGJIAJING,632,L,4,先前石欲崩,tche³¹ li⁰⁴4 khi³³ mɒ2 la³¹,tche31 1044 kh133mD² lα31,suspect,0.75,4,簸石它不 塌,石动终没崩,UNKNOWN,扫描 OCR + IPA 锚点版面解析（四行对照） | 整理日期 2026-09,medium
SANGJIAJING-P0632-R-01,SANGJIAJING,632,R,1,霍,,kurs dzi21 V133 ZD21,failed,0.33,3,格资家儿大,格资之大 儿,UNKNOWN,扫描 OCR + IPA 锚点版面解析（四行对照） | 整理日期 2026-09,medium
SANGJIAJING-P0632-R-02,SANGJIAJING,632,R,2,Z W 3=,,IeOyb si33 kh kua kua,failed,0.00,2,年主 他管管,可 司管年轮,UNKNOWN,扫描 OCR + IPA 锚点版面解析（四行对照） | 整理日期 2026-09,medium
SANGJIAJING-P0632-R-03,SANGJIAJING,632,R,3,Z田 W,,qh031 si33 kh33 mp²kua,failed,0.25,4,年 主 他 不管,司管年轮 不,UNKNOWN,扫描 OCR + IPA 锚点版面解析（四行对照） | 整理日期 2026-09,medium
SANGJIAJING-P0633-L-01,SANGJIAJING,633,L,1,O Z万 W 3=,si³³ khi³³ kual 4ɒ³³ kua,si33 kh133 kual 4D33 kua,suspect,0.75,4,月 主 他 管 管,可 司管 月 份,UNKNOWN,扫描 OCR + IPA 锚点版面解析（四行对照） | 整理日期 2026-09,medium
SANGJIAJING-P0633-L-02,SANGJIAJING,633,L,2,O Z 万 田 W,4ɒ³³ si³³ kh³³ mɒ²¹ kua,4D.33 si33 kh33 mp²1 kua,suspect,0.60,5,月 主 他 不 管,不 司 管 月 份,UNKNOWN,扫描 OCR + IPA 锚点版面解析（四行对照） | 整理日期 2026-09,medium
SANGJIAJING-P0633-L-03,SANGJIAJING,633,L,3,Z 每 去 司,si³³ mu ³³ di²¹ li³⁰3 ⁹⁰²¹,si33 mu 33 d121 1303 9021,ok,0.80,5,耕 主 做 的 在,可 司 管 稼,UNKNOWN,扫描 OCR + IPA 锚点版面解析（四行对照） | 整理日期 2026-09,medium
SANGJIAJING-P0633-L-04,SANGJIAJING,633,L,4,Z 九 田 每,si³³ ne ³³ ²¹ qo²¹ mɒ mu³³,si33 ne 33 21 qo21 mD mu33,suspect,0.60,5,耕 主 也 不 做,不 司 管 稼 稿,UNKNOWN,扫描 OCR + IPA 锚点版面解析（四行对照） | 整理日期 2026-09,medium
SANGJIAJING-P0633-L-05,SANGJIAJING,633,L,5,去 司,h³³ ab ms ³³ mu³³ di²¹ li⁸⁰3,h33 ab ms 33 mu33 d121 1803,ok,0.80,5,怎 样 做 的 在,他 要 干 什 么,UNKNOWN,扫描 OCR + IPA 锚点版面解析（四行对照） | 整理日期 2026-09,medium
SANGJIAJING-P0633-R-01,SANGJIAJING,633,R,1,# 口 7,si²¹ tsiss lu³³ te³³ mu³³,si21 tsiss lu33 te33 mu33,suspect,0.75,4,桃 移 院 种 做,移 桃 栽 院 中,UNKNOWN,扫描 OCR + IPA 锚点版面解析（四行对照） | 整理日期 2026-09,medium
SANGJIAJING-P0633-R-02,SANGJIAJING,633,R,2,每 7 Z,si²¹ si³³ z0ss mu³³ te³³,si21 si33 Z.0Ss mu33 te33,suspect,0.75,4,我 做 桃 种 主,要 做 桃 者 种,UNKNOWN,扫描 OCR + IPA 锚点版面解析（四行对照） | 整理日期 2026-09,medium
SANGJIAJING-P0633-R-03,SANGJIAJING,633,R,3,π Z: 分,kus dzi²¹ si³³ zɒ ²¹ 4i⁴⁴,ku's dzi21 si33 ZD 21 4i44,suspect,0.50,4,格 资 别人 儿 次,格 资 N 次 儿,UNKNOWN,扫描 OCR + IPA 锚点版面解析（四行对照） | 整理日期 2026-09,medium
SANGJIAJING-P0633-R-04,SANGJIAJING,633,R,4,Z: 万每 3=,hɒ³³ si³³ kh³³ mu mu³³,hp33 si33 kh33 mu mu33,suspect,0.50,4,雨 主 他 做 做,可 执 掌 播 雨,UNKNOWN,扫描 OCR + IPA 锚点版面解析（四行对照） | 整理日期 2026-09,medium
SANGJIAJING-P0633-R-05,SANGJIAJING,633,R,5,Z 万 田 W,si³³ kh³³ hɒ³³ mɒ²¹ kua ³¹,"si33 kh,33 hD33 mD21 kua 31",ok,0.80,5,雨 主 他 不 管,不 执 掌播 雨,UNKNOWN,扫描 OCR + IPA 锚点版面解析（四行对照） | 整理日期 2026-09,medium
SANGJIAJING-P0634-L-01,SANGJIAJING,634,L,1,Z万 W 3=,si³³ kh3kua³³ kua,si33 kh3kua3kua,suspect,0.67,3,晒 主 他 管 管,可 执 掌 晴 晒,UNKNOWN,扫描 OCR + IPA 锚点版面解析（四行对照） | 整理日期 2026-09,medium
SANGJIAJING-P0634-L-02,SANGJIAJING,634,L,2,Z 每 万 田,,si33 4yss kh33 mp,failed,0.33,3,晒 主 他 不 做,不 执 掌 晴 晒,UNKNOWN,扫描 OCR + IPA 锚点版面解析（四行对照） | 整理日期 2026-09,medium
SANGJIAJING-P0634-L-03,SANGJIAJING,634,L,3,去 司,qɒ³³ mu³³ di²¹ ts⁰³ su³³,qD33 mu33 di21 tS03 su33,ok,0.80,5,怎 样 做 的 在,他 想 干 什 么,UNKNOWN,扫描 OCR + IPA 锚点版面解析（四行对照） | 整理日期 2026-09,medium
SANGJIAJING-P0634-L-04,SANGJIAJING,634,L,4,包 住,niss ts⁰⁴4 si²¹ tsi³³ bur³³,niss ts044 si21 tsi33 bur33,ok,1.00,4,土 铲 桃 棵 堆,铲 土 堆 桃 根,UNKNOWN,扫描 OCR + IPA 锚点版面解析（四行对照） | 整理日期 2026-09,medium
SANGJIAJING-P0634-L-05,SANGJIAJING,634,L,5,nI 包,,"th21 ness niss ms 55 t$""o h44",failed,0.33,3,早 土 三 铲,晨 铲 冏三 堆,UNKNOWN,扫描 OCR + IPA 锚点版面解析（四行对照） | 整理日期 2026-09,medium
SANGJIAJING-P0634-R-01,SANGJIAJING,634,R,1,面 卫,,sms ness niss kw*s tsh044,failed,0.00,1,三 早 土 九 铲,三 晨 九 堆 土,UNKNOWN,扫描 OCR + IPA 锚点版面解析（四行对照） | 整理日期 2026-09,medium
SANGJIAJING-P0634-R-02,SANGJIAJING,634,R,2,行 来 住,ts⁰⁴ iɒ³³ si²¹ tsi³³,ts04 ID33 si21 tsi33,suspect,0.75,4,铲 了 桃 棵 堆,腐 冏土 堆 桃 根,UNKNOWN,扫描 OCR + IPA 锚点版面解析（四行对照） | 整理日期 2026-09,medium
SANGJIAJING-P0634-R-03,SANGJIAJING,634,R,3,万 每 去 司,kh³³ zi³³ mu³³ di²¹ t⁰³3,"kh,33 zi33 mu33 di21 t$033",suspect,0.60,5,那 样 做 的 在,想 的 是 这,UNKNOWN,扫描 OCR + IPA 锚点版面解析（四行对照） | 整理日期 2026-09,medium
SANGJIAJING-P0634-R-04,SANGJIAJING,634,R,4,π Z 分 光,,si33 55 kuuss dzi21 ZD na,failed,0.25,4,格 资 别人 儿 小,格 资 N 幼 子,UNKNOWN,扫描 OCR + IPA 锚点版面解析（四行对照） | 整理日期 2026-09,medium
SANGJIAJING-P0634-R-05,SANGJIAJING,634,R,5,Z4 Z 每 去 司,si³³ dze ⁴⁴ mu³³ ts⁰³3,si33 dze 44 mu33 tS033,suspect,0.75,4,寒 主 做 的 在,管 寒 可 司 阴,UNKNOWN,扫描 OCR + IPA 锚点版面解析（四行对照） | 整理日期 2026-09,medium
SANGJIAJING-P0635-L-01,SANGJIAJING,635,L,1,3 Z 每 去 目,si³³ sɒ ³³ mu³³ di²¹ t⁰³3,si33 SD 33 mu33 dr21 t$033,ok,0.80,5,晴 主 做 的 在,可 司 管 阳 暖,UNKNOWN,扫描 OCR + IPA 锚点版面解析（四行对照） | 整理日期 2026-09,medium
SANGJIAJING-P0635-L-02,SANGJIAJING,635,L,2,Z 每 去 司,si³³ qo²¹ mu³³ t⁰³3,si33 qo21 mu33 t$033,suspect,0.75,4,耕 主 做 的 在,可 司 管 耕 耘,UNKNOWN,扫描 OCR + IPA 锚点版面解析（四行对照） | 整理日期 2026-09,medium
SANGJIAJING-P0635-L-03,SANGJIAJING,635,L,3,Z 田 每,si³³ q⁰²1 mp ²¹ mu ³³,si33 q021 mp 21 mu 33,suspect,0.50,4,耕 主 我 不 做,不 司 管耕 耘,UNKNOWN,扫描 OCR + IPA 锚点版面解析（四行对照） | 整理日期 2026-09,medium
SANGJIAJING-P0635-R-01,SANGJIAJING,635,R,1,Z Z 每 去 司,si³³ di²¹ duss mu³³ li⁸⁰3,si33 di21 duss mu33 1803,suspect,0.75,4,播 主 做 的 在,可 司 管 播 种,UNKNOWN,扫描 OCR + IPA 锚点版面解析（四行对照） | 整理日期 2026-09,medium
SANGJIAJING-P0635-R-02,SANGJIAJING,635,R,2,Z Z 每 田 与,si³³ duss mu³³ mɒ²¹ di³¹,si33 duss mu33 mp21 d131,suspect,0.75,4,播 主 做 不 行,不 司 管 种 播,UNKNOWN,扫描 OCR + IPA 锚点版面解析（四行对照） | 整理日期 2026-09,medium
SANGJIAJING-P0635-R-03,SANGJIAJING,635,R,3,WI,thi²¹ ness 2li³³ ms ⁵⁵ ve³¹,thi21 ness 2133 ms 55 ve31,suspect,0.50,4,一 早 水 三 挑,一 晨 三 担 水,UNKNOWN,扫描 OCR + IPA 锚点版面解析（四行对照） | 整理日期 2026-09,medium
SANGJIAJING-P0635-R-04,SANGJIAJING,635,R,4,张 WI 不,,th21 ms 55 ve31 ness xu 21,failed,0.25,4,三 挑 一 早 浇,早 挑 浇 三,UNKNOWN,扫描 OCR + IPA 锚点版面解析（四行对照） | 整理日期 2026-09,medium
SANGJIAJING-P0636-L-01,SANGJIAJING,636,L,1,面,,z.i33 ms 33 ness ku*'s ve31,failed,0.33,3,三 早 水 九 挑,三 晨 九 担 水,UNKNOWN,扫描 OCR + IPA 锚点版面解析（四行对照） | 整理日期 2026-09,medium
SANGJIAJING-P0636-L-02,SANGJIAJING,636,L,2,张 不 面,,kuuss ve31 ms 33 ness mx,failed,0.33,3,九 挑 三 早 浇,三 早 浇 九 挑,UNKNOWN,扫描 OCR + IPA 锚点版面解析（四行对照） | 整理日期 2026-09,medium
SANGJIAJING-P0636-L-03,SANGJIAJING,636,L,3,住 不,ve³¹ lɒ³³ si²¹ tsi³³ xu²¹,ve31 lD33 si21 tsi33 xu²1,ok,1.00,5,挑 了 桃 棵 浇,挑 水 浇 桃 树,UNKNOWN,扫描 OCR + IPA 锚点版面解析（四行对照） | 整理日期 2026-09,medium
SANGJIAJING-P0636-L-04,SANGJIAJING,636,L,4,住 每,⁴⁴ ³³ tsi³³ zɔ tsi³³ zɔ ⁴⁴ mu,44 33 tsi33 ZO tsi33 ZO 44 mu,suspect,0.50,6,棵 长 棵 长 做,桃 树 长 得 快,UNKNOWN,扫描 OCR + IPA 锚点版面解析（四行对照） | 整理日期 2026-09,medium
SANGJIAJING-P0636-L-05,SANGJIAJING,636,L,5,住 子,tsi³³ z0 ⁴⁴ mu qo ³³ le³¹,tsi33 Z0 44 mu qo 33 le31,suspect,0.50,4,棵 长 天 中 攀,桃 树高 参 天,UNKNOWN,扫描 OCR + IPA 锚点版面解析（四行对照） | 整理日期 2026-09,medium
SANGJIAJING-P0636-R-01,SANGJIAJING,636,R,1,了 里,4ɒ²¹ exp te³³ ne ⁴⁴ pu h³³,"4D21 exp te33 ne 44 p""u h33",suspect,0.50,4,叶 结 云 黑 朵,树 叶 繁 若 云,UNKNOWN,扫描 OCR + IPA 锚点版面解析（四行对照） | 整理日期 2026-09,medium
SANGJIAJING-P0636-R-02,SANGJIAJING,636,R,2,7世 面 O 飞 光,gi³³ sus 4ɒ³³ ʊ³³ nɒ,G133 sus 4D33 V33 nD,suspect,0.50,4,夏 三 月 N 中,夏 三 月 之 时,UNKNOWN,扫描 OCR + IPA 锚点版面解析（四行对照） | 整理日期 2026-09,medium
SANGJIAJING-P0636-R-03,SANGJIAJING,636,R,3,光 O Z 光,,ts044 su' 4D33 V33 au 33,failed,0.25,4,秋 三 月 N 中,秋 三 月 N 时,UNKNOWN,扫描 OCR + IPA 锚点版面解析（四行对照） | 整理日期 2026-09,medium
SANGJIAJING-P0637-L-01,SANGJIAJING,637,L,1,光 3 % 答,le³³ mp leap tce4,le33 mp leap tce4,suspect,0.50,2,果 结 黄 生 爽,果 黄爽 桃 树,UNKNOWN,扫描 OCR + IPA 锚点版面解析（四行对照） | 整理日期 2026-09,medium
SANGJIAJING-P0637-L-02,SANGJIAJING,637,L,2,面 O,tshi²¹ thɒ2 ms ⁵⁵ 4ɒ³³ nɒ ³³,tshi21thD2 ms 55 4D33 nD 33,suspect,0.50,4,冬 月 中 季 三,冬 三 月 之 时,UNKNOWN,扫描 OCR + IPA 锚点版面解析（四行对照） | 整理日期 2026-09,medium
SANGJIAJING-P0637-L-03,SANGJIAJING,637,L,3,田,qe ⁵⁵ si²¹ mp ²¹ le³¹ pe³³,qe 55 si21 mp 21 le31 Pe33,ok,0.80,5,枝 手 果 不 掉,果 子 不 脱 蒂,UNKNOWN,扫描 OCR + IPA 锚点版面解析（四行对照） | 整理日期 2026-09,medium
SANGJIAJING-P0637-L-04,SANGJIAJING,637,L,4,X 码里3,,tshi21 h21h21 4i33 tD mdmd,failed,0.40,5,冬 风 起 呼 呼,冬 风 呼 呼 吹,UNKNOWN,扫描 OCR + IPA 锚点版面解析（四行对照） | 整理日期 2026-09,medium
SANGJIAJING-P0637-R-01,SANGJIAJING,637,R,1,去 公会 3=,,33 4i33 44 ne tD33 ce Se4,failed,0.00,5,春 风 起 习 习,春 风 习 习 刮,UNKNOWN,扫描 OCR + IPA 锚点版面解析（四行对照） | 整理日期 2026-09,medium
SANGJIAJING-P0637-R-02,SANGJIAJING,637,R,2,π 男 住,⁸⁸ tshi³³ dzi²¹ si²¹ tsi³³,88 tshi33 dzi21 si21 tsi33,ok,0.80,5,官 走 桃 棵 到,官 桃 树 走 近,UNKNOWN,扫描 OCR + IPA 锚点版面解析（四行对照） | 整理日期 2026-09,medium
SANGJIAJING-P0637-R-03,SANGJIAJING,637,R,3,半 男 住 年,⁸⁸ x⁴⁴ si²¹ tsi³³ nɒ ²¹,88 x44 si21 tsi33 nD 21,suspect,0.60,5,将 走 桃 棵 歇,将 站 立 树 下,UNKNOWN,扫描 OCR + IPA 锚点版面解析（四行对照） | 整理日期 2026-09,medium
SANGJIAJING-P0637-R-04,SANGJIAJING,637,R,4,田,si²¹ qess dzi²¹ mp ²¹ no ³³,si21 qess dzi21 mp 21 no 33,suspect,0.50,4,桃 枝 官 不 攀,官 不 攀 树 枝,UNKNOWN,扫描 OCR + IPA 锚点版面解析（四行对照） | 整理日期 2026-09,medium
SANGJIAJING-P0637-R-05,SANGJIAJING,637,R,5,半 田,si²¹ 4ɒ²¹ muss mp ²¹ se³³,si21 4D21 muss mp 21 Se3,suspect,0.75,4,桃 叶 将 不 摘,将不 采 树 叶,UNKNOWN,扫描 OCR + IPA 锚点版面解析（四行对照） | 整理日期 2026-09,medium
SANGJIAJING-P0638-L-01,SANGJIAJING,638,L,1,田7,si²¹ kh³³ mɒ³³ mɒ²¹ dzɒ,si21 kh33 mD33 mp21 dzD,ok,0.80,5,桃 子 他 不 吃,他 们 不 吃 桃,UNKNOWN,扫描 OCR + IPA 锚点版面解析（四行对照） | 整理日期 2026-09,medium
SANGJIAJING-P0638-L-02,SANGJIAJING,638,L,2,平u 子 丑,si³³ kho²¹ gi³³ ne²¹ nu³³,si33 kho21 G133 ne21 nu33,ok,1.00,5,阔 兴 诗 安 奴,阔 兴 诗 安 奴,UNKNOWN,扫描 OCR + IPA 锚点版面解析（四行对照） | 整理日期 2026-09,medium
SANGJIAJING-P0638-L-03,SANGJIAJING,638,L,3,半 田 7,dzi²¹ mus si²¹ mɒ²¹ dzɒ²¹,dzi21 mu's si21 mp²1 dzp21,suspect,0.75,4,官 将 果 不 吃,官 将 不 吃 果,UNKNOWN,扫描 OCR + IPA 锚点版面解析（四行对照） | 整理日期 2026-09,medium
SANGJIAJING-P0638-L-04,SANGJIAJING,638,L,4,π 半 田,si²¹ dzi²¹ ssnu mp ²¹ no ⁵⁵,si21 dzi21 ssnu mp 21 no 55,ok,1.00,4,官 将 果 不 要,官将 不 要 果,UNKNOWN,扫描 OCR + IPA 锚点版面解析（四行对照） | 整理日期 2026-09,medium
SANGJIAJING-P0638-R-01,SANGJIAJING,638,R,1,九万雨,kh³³ thɒ²¹ nu³³ ne³³,kh33thD21 nu33 ne33,suspect,0.75,4,你 也 它莫 吃,你 亦 不 要 吃,UNKNOWN,扫描 OCR + IPA 锚点版面解析（四行对照） | 整理日期 2026-09,medium
SANGJIAJING-P0638-R-02,SANGJIAJING,638,R,2,平亚u 子 开,ci³³ ge²¹ kho²¹ nu³³,C133 ge21 kho21 nu33,ok,1.00,4,阔 兴 诗 安 奴,阔 兴 奴 诗 安,UNKNOWN,扫描 OCR + IPA 锚点版面解析（四行对照） | 整理日期 2026-09,medium
SANGJIAJING-P0638-R-03,SANGJIAJING,638,R,3,男 住,nu u³³ ⁸⁸ tsi³³ tsh³³,nu u33 88 tsi33 tsh;33,suspect,0.50,4,你 走 桃 棵 到,你 至 桃 树 旁,UNKNOWN,扫描 OCR + IPA 锚点版面解析（四行对照） | 整理日期 2026-09,medium
SANGJIAJING-P0638-R-04,SANGJIAJING,638,R,4,田 正,si²¹ qess tchi³³ thɒ²¹ no ³¹,si21 qess tch133thp21 no 31,suspect,0.75,4,桃 枝 它莫,莫 去 攀 桃 枝,UNKNOWN,扫描 OCR + IPA 锚点版面解析（四行对照） | 整理日期 2026-09,medium
SANGJIAJING-P0638-R-05,SANGJIAJING,638,R,5,飞飞雨,,si21 tch33 33th21 4D2i S03,failed,0.20,5,桃 叶 它莫 摘,莫去采桃 叶,UNKNOWN,扫描 OCR + IPA 锚点版面解析（四行对照） | 整理日期 2026-09,medium
SANGJIAJING-P0639-L-01,SANGJIAJING,639,L,1,本几正雨#,si²¹ mɒ³³ tchi³³ thɒ²¹ dzɒ²¹,si21 mp33 tch133thp21 dzp21,ok,1.00,5,它莫 桃 果 吃,莫 要 吃 桃 果,UNKNOWN,扫描 OCR + IPA 锚点版面解析（四行对照） | 整理日期 2026-09,medium
SANGJIAJING-P0639-L-02,SANGJIAJING,639,L,2,与 雨田,ni²¹ thɒ³³ dur2 ty4,ni21 thp33 dur² ty4,suspect,0.67,3,二 层 一 不 触,两 界 皆 不 触,UNKNOWN,扫描 OCR + IPA 锚点版面解析（四行对照） | 整理日期 2026-09,medium
SANGJIAJING-P0639-L-03,SANGJIAJING,639,L,3,Z4,⁵⁵ qhɒ³³ si²¹ qe nu ³³,55 qhD33 si21 qe nu 33,suspect,0.50,4,桃 枝 你 若 攀,如 若 攀 枝 了,UNKNOWN,扫描 OCR + IPA 锚点版面解析（四行对照） | 整理日期 2026-09,medium
SANGJIAJING-P0639-L-04,SANGJIAJING,639,L,4,如 若 攀 枝 了,si²¹ 4ɒ²¹ nu ³³ h³³ ab,si21 4D21 nu 33 h33 ab,suspect,0.60,5,桃 你 若 摘 叶,如 若 采 了 叶,UNKNOWN,扫描 OCR + IPA 锚点版面解析（四行对照） | 整理日期 2026-09,medium
SANGJIAJING-P0639-L-05,SANGJIAJING,639,L,5,光7,si²¹ mp ³³ qɒ³³ dzɒ2 nu³³,si21 mp 33 qD33 dzD² nu33,suspect,0.50,4,桃 果 你 若 吃,如若 吃 了果 果,UNKNOWN,扫描 OCR + IPA 锚点版面解析（四行对照） | 整理日期 2026-09,medium
SANGJIAJING-P0639-R-01,SANGJIAJING,639,R,1,光,dzɒ²¹ 1ɒ³³ bu⁴⁴ ab h³³ li⁰³1,dzD21 1D33 bu44 ab h33 1031,ok,0.80,5,了 吃 钵 若 成,吃 了 变 成 钵,UNKNOWN,扫描 OCR + IPA 锚点版面解析（四行对照） | 整理日期 2026-09,medium
SANGJIAJING-P0639-R-02,SANGJIAJING,639,R,2,Y 田 的,du²¹ ²¹ mi³³ bu⁴⁴ mɒ noss,du²1 21 m133 bu44 mD noss,suspect,0.60,5,阳 间 钵 不 要,阳 间 不 要 钵,UNKNOWN,扫描 OCR + IPA 锚点版面解析（四行对照） | 整理日期 2026-09,medium
SANGJIAJING-P0639-R-03,SANGJIAJING,639,R,3,介 G,,np 55 bu X033 Z033,failed,0.33,3,阴 间 钵 净 须,间 除 钵 阴 要,UNKNOWN,扫描 OCR + IPA 锚点版面解析（四行对照） | 整理日期 2026-09,medium
SANGJIAJING-P0639-R-04,SANGJIAJING,639,R,4,间 除 钵 阴 要,si²¹ ³³ dzɒ ²¹ h³³ t⁰³3 mp ab,si21 33 dzD` 21 h33 t033 mp ab,suspect,0.50,6,桃 果 若 着 吃,若 吃 那 桃 果,UNKNOWN,扫描 OCR + IPA 锚点版面解析（四行对照） | 整理日期 2026-09,medium
SANGJIAJING-P0640-L-01,SANGJIAJING,640,L,1,,,"ku"" dzu bu44 t4e33 1031",failed,0.33,3,钵 脓 成 来 呢,就 会 流 钵 脓,UNKNOWN,扫描 OCR + IPA 锚点版面解析（四行对照） | 整理日期 2026-09,medium
SANGJIAJING-P0640-L-02,SANGJIAJING,640,L,2,口 m,bu⁴⁴ t tshi³³ li⁰³1 li³³ dzu,bu44 t tshi33 1031 133 dzu,ok,1.00,5,钵 油 成 来 呢,就 会 长 钵 油,UNKNOWN,扫描 OCR + IPA 锚点版面解析（四行对照） | 整理日期 2026-09,medium
SANGJIAJING-P0640-L-03,SANGJIAJING,640,L,3,阳 间 界 门 处,,"m1"" 33 h33 mD33 1e&zp",failed,0.25,4,地 上 果 子 些,世 上 的果 子,UNKNOWN,扫描 OCR + IPA 锚点版面解析（四行对照） | 整理日期 2026-09,medium
SANGJIAJING-P0640-R-01,SANGJIAJING,640,R,1,田,2 si²¹ mɒ³³ khi³³ mɒ²¹ dzɒ,2 si21 mp33 kh133 mp²1 dzD,ok,0.80,5,果 子 它 不 吃,果 唯 不 吃 那,UNKNOWN,扫描 OCR + IPA 锚点版面解析（四行对照） | 整理日期 2026-09,medium
SANGJIAJING-P0640-R-02,SANGJIAJING,640,R,2,W 不 分,,lurss phu33 133 D133,failed,0.33,3,勒 普 毕 绕 来,勒 普 毕 绕 啊,UNKNOWN,扫描 OCR + IPA 锚点版面解析（四行对照） | 整理日期 2026-09,medium
SANGJIAJING-P0640-R-03,SANGJIAJING,640,R,3,不,si²¹ bu4 x⁰³3 zɔs,S121 bu4 X033 ZO.'S,suspect,0.67,3,钵 津 净 须 还,我 来 除 钵 津,UNKNOWN,扫描 OCR + IPA 锚点版面解析（四行对照） | 整理日期 2026-09,medium
SANGJIAJING-P0641-L-01,SANGJIAJING,641,L,1,企 田 W,np ⁵⁵ mi³³ zi³³ mp ²¹ lur3,np 55 m133 zi33 mp 21 lur3,suspect,0.60,5,阴 间 呢 不 喜,阴 间 不 欢 迎,UNKNOWN,扫描 OCR + IPA 锚点版面解析（四行对照） | 整理日期 2026-09,medium
SANGJIAJING-P0641-L-02,SANGJIAJING,641,L,2,Z 日 田 7,,niss 1033 h33 ab mD21,failed,0.00,3,嘴 处 面 不 吃,口 中 不 进 食,UNKNOWN,扫描 OCR + IPA 锚点版面解析（四行对照） | 整理日期 2026-09,medium
SANGJIAJING-P0641-L-03,SANGJIAJING,641,L,3,田 G,qhɒ³³ bu x⁰³3 mp ²¹ zɔ³³,qhD33 bu X033 mp 21 ZO33,suspect,0.75,4,面 钵 净 不 须,不 用 钵 除 食,UNKNOWN,扫描 OCR + IPA 锚点版面解析（四行对照） | 整理日期 2026-09,medium
SANGJIAJING-P0641-L-04,SANGJIAJING,641,L,4,日 田,qu²¹ li⁰³3 zi³³ mp ²¹ to³³,"q""u21 1033 z.133 mp 21 to33",ok,0.80,5,喉 处 水 不 咽,脖 子 不 咽 水,UNKNOWN,扫描 OCR + IPA 锚点版面解析（四行对照） | 整理日期 2026-09,medium
SANGJIAJING-P0641-L-05,SANGJIAJING,641,L,5,田 G,,bu 4 21 X0.33 mp Z0.33,failed,0.33,3,水 钵 净 不 须,不 用 除水 钵,UNKNOWN,扫描 OCR + IPA 锚点版面解析（四行对照） | 整理日期 2026-09,medium
SANGJIAJING-P0641-R-01,SANGJIAJING,641,R,1,效 日,a³³ mi³³ ne 4 li⁰³3 x⁰³3,A33 m133 ne 4 1033 X033,suspect,0.50,4,什 么 眼 处 净,什 么 除 眼 体,UNKNOWN,扫描 OCR + IPA 锚点版面解析（四行对照） | 整理日期 2026-09,medium
SANGJIAJING-P0641-R-02,SANGJIAJING,641,R,2,区 日,,dz.04 44 ne 1033 X0.33,failed,0.00,4,乃 卓 眼 处 净,乃 卓 除 眼,UNKNOWN,扫描 OCR + IPA 锚点版面解析（四行对照） | 整理日期 2026-09,medium
SANGJIAJING-P0641-R-03,SANGJIAJING,641,R,3,效 介 日,a³³ mi³³ le³¹ li⁰³3 x⁰³3,A33 m133 le31 1033 X033,ok,0.80,5,什 么 手 处 净,什 钵 么 除 手,UNKNOWN,扫描 OCR + IPA 锚点版面解析（四行对照） | 整理日期 2026-09,medium
SANGJIAJING-P0641-R-04,SANGJIAJING,641,R,4,田 3= 日,noss le³¹ le³¹ li⁰³3 ɛɔx,nos's le31 le31 1033 EOx,suspect,0.75,4,猴 手 手 处 净,猴 肢 除 手 钵,UNKNOWN,扫描 OCR + IPA 锚点版面解析（四行对照） | 整理日期 2026-09,medium
SANGJIAJING-P0641-R-05,SANGJIAJING,641,R,5,X 每,a³³ tsis mi³³ mu³³ x⁰³3,A33 tsis m133 mu3 X033,suspect,0.50,4,什 么 节 的 净,啥除关 节 钵,UNKNOWN,扫描 OCR + IPA 锚点版面解析（四行对照） | 整理日期 2026-09,medium
SANGJIAJING-P0642-L-01,SANGJIAJING,642,L,1,W 每,,tsiss m8 tsi's,failed,0.00,1,麻 秆 节 的 净,麻 秆 除 关 节,UNKNOWN,扫描 OCR + IPA 锚点版面解析（四行对照） | 整理日期 2026-09,medium
SANGJIAJING-P0642-L-02,SANGJIAJING,642,L,2,效 介,a³³ mi³³ bu siss x⁰³3,A33 m133 bu siss X033,suspect,0.67,3,什 么 钵 血 净,什 钵 么 除 血,UNKNOWN,扫描 OCR + IPA 锚点版面解析（四行对照） | 整理日期 2026-09,medium
SANGJIAJING-P0642-L-03,SANGJIAJING,642,L,3,逛,,si21 ne4 bu 44 siss XO 33,failed,0.33,3,苗 黑 体 净 血,黑 莓 除 体 血,UNKNOWN,扫描 OCR + IPA 锚点版面解析（四行对照） | 整理日期 2026-09,medium
SANGJIAJING-P0642-L-04,SANGJIAJING,642,L,4,分,si²¹ qɒ³³ ³³ ne⁴⁴ yɒ,si21 qD33 33 ne44 YD,ok,0.80,5,莓 黑 哪 里 找,黑 草 莓 哪 寻,UNKNOWN,扫描 OCR + IPA 锚点版面解析（四行对照） | 整理日期 2026-09,medium
SANGJIAJING-P0642-L-05,SANGJIAJING,642,L,5,田 司 不,si²¹ si²¹ ne4 mp ²¹ li³⁰3,si21 s121 ne4 mp 21 1303,suspect,0.75,4,莓 黑 不 有 还,还 没 有 黑 莓,UNKNOWN,扫描 OCR + IPA 锚点版面解析（四行对照） | 整理日期 2026-09,medium
SANGJIAJING-P0642-R-01,SANGJIAJING,642,R,1,7,,"si21 dz,D te33 sshnd",failed,0.33,3,埂 子 莓 黑 藤,埂 爬 草 莓 藤,UNKNOWN,扫描 OCR + IPA 锚点版面解析（四行对照） | 整理日期 2026-09,medium
SANGJIAJING-P0642-R-02,SANGJIAJING,642,R,2,7 来,te³³ pus si²¹ ne⁴⁴ bo³³,te33 pu's si21 ne44 bo33,suspect,0.75,4,埂 子 莓 黑 有,埂 莓 上 有 草,UNKNOWN,扫描 OCR + IPA 锚点版面解析（四行对照） | 整理日期 2026-09,medium
SANGJIAJING-P0642-R-03,SANGJIAJING,642,R,3,埂 莓 上 有 草,si²¹ ne ⁴⁴ ters ³³ ax,si21 ne 44 ters 33 ax,ok,1.00,4,莓 黑 找 得 呢,找 回 黑 草 莓,UNKNOWN,扫描 OCR + IPA 锚点版面解析（四行对照） | 整理日期 2026-09,medium
SANGJIAJING-P0642-R-04,SANGJIAJING,642,R,4,找 回 黑 草 莓,si²¹ ne ⁴⁴ bu siss x⁰³3,si21 ne 44 bu siss X033,suspect,0.67,3,莓 黑 钵 血 净,黑 莓 除 钵 血,UNKNOWN,扫描 OCR + IPA 锚点版面解析（四行对照） | 整理日期 2026-09,medium
SANGJIAJING-P0642-R-05,SANGJIAJING,642,R,5,黑 莓 除 钵 血,,tsh33 X033 1D33 te33 mgss,failed,0.20,5,净 了 硬 尾 下,血 钵 除埂 下,UNKNOWN,扫描 OCR + IPA 锚点版面解析（四行对照） | 整理日期 2026-09,medium
SANGJIAJING-P0643-L-01,SANGJIAJING,643,L,1,逛 念,bu⁴⁴ si⁵⁵ s ³³ du³³ x⁰³3 mb,bu44 si5s 33 du33 X033 mb,suspect,0.50,6,钵 血 净 完 后,清 除 完 钵 血,UNKNOWN,扫描 OCR + IPA 锚点版面解析（四行对照） | 整理日期 2026-09,medium
SANGJIAJING-P0643-L-02,SANGJIAJING,643,L,2,G 不,zi⁵⁵ si²¹ bu t4e³³ x⁰³3,zi55 S121 bu t4e33 X033,suspect,0.50,4,钵 脓 净 要 还,尚 要 除 钵 脓,UNKNOWN,扫描 OCR + IPA 锚点版面解析（四行对照） | 整理日期 2026-09,medium
SANGJIAJING-P0643-L-03,SANGJIAJING,643,L,3,尚 要 除 钵 脓,,eayb zi33 X0.33,failed,0.00,2,净 呢 什么 拿 净,什 么 除 钵 脓,UNKNOWN,扫描 OCR + IPA 锚点版面解析（四行对照） | 整理日期 2026-09,medium
SANGJIAJING-P0643-L-04,SANGJIAJING,643,L,4,A,,si21 4u33 bu4 t4e33 X033,failed,0.25,4,莓 白 钵 脓 净,白 草 莓 除 脓,UNKNOWN,扫描 OCR + IPA 锚点版面解析（四行对照） | 整理日期 2026-09,medium
SANGJIAJING-P0643-L-05,SANGJIAJING,643,L,5,A 当分,si²¹ h³³ 4u³³ qɒ ax ³³,"si21 h33 4u33 q""D ax 33",suspect,0.50,4,莓 白 哪 里 找,白草莓 哪有,UNKNOWN,扫描 OCR + IPA 锚点版面解析（四行对照） | 整理日期 2026-09,medium
SANGJIAJING-P0643-R-01,SANGJIAJING,643,R,1,企 A,,si2i d133 m133 4u33,failed,0.33,3,地 荒 莓 白 坪,荒 地 长 白 莓,UNKNOWN,扫描 OCR + IPA 锚点版面解析（四行对照） | 整理日期 2026-09,medium
SANGJIAJING-P0643-R-02,SANGJIAJING,643,R,2,A 云 分,,33 si21 4u33 ter's YD zi33,failed,0.25,4,莓 冏白 找 得 呢,到 白 草 莓,UNKNOWN,扫描 OCR + IPA 锚点版面解析（四行对照） | 整理日期 2026-09,medium
SANGJIAJING-P0643-R-03,SANGJIAJING,643,R,3,A,si²¹ du³³ bu⁴⁴ t4e³³ x⁰³3,si21 du33 bu44 t4e33 X033,suspect,0.60,5,莓 白 钵 脓 净,白 草 莓 除 脓,UNKNOWN,扫描 OCR + IPA 锚点版面解析（四行对照） | 整理日期 2026-09,medium
SANGJIAJING-P0643-R-04,SANGJIAJING,643,R,4,724,ip³³ x⁰³3 te³³ mess tsh³³,Ip33 X033 te33 mess tsh33,suspect,0.75,4,净 了 尾 下,钵脓除 余下埂,UNKNOWN,扫描 OCR + IPA 锚点版面解析（四行对照） | 整理日期 2026-09,medium
SANGJIAJING-P0644-L-01,SANGJIAJING,644,L,1,,,33 33 bu44 t4e33 XO mb du33,failed,0.20,5,体 脓 净 完 后,清除 了 钵 脓,UNKNOWN,扫描 OCR + IPA 锚点版面解析（四行对照） | 整理日期 2026-09,medium
SANGJIAJING-P0644-L-02,SANGJIAJING,644,L,2,不,si²¹ bu⁴⁴ tshi³³ x⁰³3 zɔss,S121 bu44 tshi33 X033 ZO.Ss,ok,0.80,5,钵油 净 要 还,尚需除钵 油,UNKNOWN,扫描 OCR + IPA 锚点版面解析（四行对照） | 整理日期 2026-09,medium
SANGJIAJING-P0644-L-03,SANGJIAJING,644,L,3,尚需除钵 油,a³³ m³³ bu⁴⁴ tsh³³,A33 m33 bu44 tsh:33,suspect,0.50,4,什 么 钵油 净,什么限 除钵 油,UNKNOWN,扫描 OCR + IPA 锚点版面解析（四行对照） | 整理日期 2026-09,medium
SANGJIAJING-P0644-L-04,SANGJIAJING,644,L,4,3,,tshi2tshi21 bu4 tshi33 X0.33,failed,0.00,3,茨茨钵 油 净,茨茨劳 葆 除,UNKNOWN,扫描 OCR + IPA 锚点版面解析（四行对照） | 整理日期 2026-09,medium
SANGJIAJING-P0644-L-05,SANGJIAJING,644,L,5,米3当分去,,"tshi2ltshi21 h33 q""D YD 33 13",failed,0.25,4,茨茨 哪 里 找,茨茨哪里找,UNKNOWN,扫描 OCR + IPA 锚点版面解析（四行对照） | 整理日期 2026-09,medium
SANGJIAJING-P0644-R-01,SANGJIAJING,644,R,1,了 3,tshi2ltshi2l ³³ te³³ pus,tshi2ltshi2l 33 te33 pu's,suspect,0.67,3,埂 子茨茨 条,埂爬茨茨藤,UNKNOWN,扫描 OCR + IPA 锚点版面解析（四行对照） | 整理日期 2026-09,medium
SANGJIAJING-P0644-R-02,SANGJIAJING,644,R,2,米3=,tshi2ltshi2i ne dze³¹ tsɒ,tshi2ltshi2i ne dze31 tsD,suspect,0.50,2,茨茨 滕 串条,茨茨根盘串,UNKNOWN,扫描 OCR + IPA 锚点版面解析（四行对照） | 整理日期 2026-09,medium
SANGJIAJING-P0644-R-03,SANGJIAJING,644,R,3,茨茨根盘串,tshi²¹ tshi²¹ bu⁴⁴ tshi³³,tshi21 tshi21 bu44 tshi33,ok,1.00,4,茨茨钵 油 净,茨茨 除 钵 油,UNKNOWN,扫描 OCR + IPA 锚点版面解析（四行对照） | 整理日期 2026-09,medium
SANGJIAJING-P0644-R-04,SANGJIAJING,644,R,4,7 724,,1D33 te33 me55 tsh33 X033,failed,0.40,5,净 埂 尾 下,钵油除 下埂,UNKNOWN,扫描 OCR + IPA 锚点版面解析（四行对照） | 整理日期 2026-09,medium
SANGJIAJING-P0644-R-05,SANGJIAJING,644,R,5,钵油除 下埂,bu4 tsh³³ mb du³³,bu4 tsh;33 mb du3,suspect,0.50,2,钵油 净 完 后,清除了钵油,UNKNOWN,扫描 OCR + IPA 锚点版面解析（四行对照） | 整理日期 2026-09,medium
SANGJIAJING-P0645-L-01,SANGJIAJING,645,L,1,不,,bu*4tsu3 x03 33 20.$5 S121,failed,0.20,5,钵发 净 要 还,需 尚 除 体 发,UNKNOWN,扫描 OCR + IPA 锚点版面解析（四行对照） | 整理日期 2026-09,medium
SANGJIAJING-P0645-L-02,SANGJIAJING,645,L,2,效,a³³ mi³³ bu4tshu³³ x⁰³3,A33 m133 bu4tshu33 x033,suspect,0.50,4,什 么钵发净,什 么 除钵 发,UNKNOWN,扫描 OCR + IPA 锚点版面解析（四行对照） | 整理日期 2026-09,medium
SANGJIAJING-P0645-L-03,SANGJIAJING,645,L,3,什 么 除钵 发,tho³¹ tsu³³ bu4tshu³³ x⁰³3,tho31tsu3bu4tshu3x033,suspect,0.50,4,松毛钵发净,松 针除钵 发,UNKNOWN,扫描 OCR + IPA 锚点版面解析（四行对照） | 整理日期 2026-09,medium
SANGJIAJING-P0645-L-04,SANGJIAJING,645,L,4,光分五4四,,"tho²tshutso q""D h33",failed,0.00,1,哪 里松毛 有,儿有 针 哪 松,UNKNOWN,扫描 OCR + IPA 锚点版面解析（四行对照） | 整理日期 2026-09,medium
SANGJIAJING-P0645-L-05,SANGJIAJING,645,L,5,4 日,tshi³³ ni²¹ pu ³³ li⁰³3,tsh133 ni21 pu 33 1033,ok,1.00,4,十 山 大 处 二,十 冏二 大 山 里,UNKNOWN,扫描 OCR + IPA 锚点版面解析（四行对照） | 整理日期 2026-09,medium
SANGJIAJING-P0645-R-01,SANGJIAJING,645,R,1,7 4 至 日,,si44 4e33 ness 1033,failed,0.33,3,树 大 深 处 林,树 深 林 密,UNKNOWN,扫描 OCR + IPA 锚点版面解析（四行对照） | 整理日期 2026-09,medium
SANGJIAJING-P0645-R-02,SANGJIAJING,645,R,2,IM,tho²¹ ni⁴⁴ thi²¹ 4e³³ nu ²¹,tho21 ni44 th121 4e33 nu 21,ok,0.80,5,松 青 二 林 长,长 片 青 松,UNKNOWN,扫描 OCR + IPA 锚点版面解析（四行对照） | 整理日期 2026-09,medium
SANGJIAJING-P0645-R-03,SANGJIAJING,645,R,3,分,zi³³ tho2tswtc1 yɒ ³³,"zi33 tho²ts""wtc1 YD 33",suspect,0.50,2,松毛找 得 呢,采来青松 针,UNKNOWN,扫描 OCR + IPA 锚点版面解析（四行对照） | 整理日期 2026-09,medium
SANGJIAJING-P0645-R-04,SANGJIAJING,645,R,4,采来青松 针,tho²¹ tshu³³ bw4tshu³³ x⁰³,tho²1tshu3bw4tshu33x03,suspect,0.50,4,松毛钵发净,松针除钵 发,UNKNOWN,扫描 OCR + IPA 锚点版面解析（四行对照） | 整理日期 2026-09,medium
SANGJIAJING-P0646-L-01,SANGJIAJING,646,L,1,7Z4 C 7,1p³³ te³³ mess tsh³³,"1p33 te33 mes's tsh,33",suspect,0.67,3,净 了 硬 尾 下,钵 发 除 下,UNKNOWN,扫描 OCR + IPA 锚点版面解析（四行对照） | 整理日期 2026-09,medium
SANGJIAJING-P0646-L-02,SANGJIAJING,646,L,2,灶 7,,bw4tshwxo du33 mgss,failed,0.00,2,钵 发净 后 面,清 除 钵 发 后,UNKNOWN,扫描 OCR + IPA 锚点版面解析（四行对照） | 整理日期 2026-09,medium
SANGJIAJING-P0646-L-03,SANGJIAJING,646,L,3,效,a³³ mi³³ but tshi³³ x⁰³3,A33 m133 but tshi33 X033,suspect,0.50,4,什 么 体 脚 净,什 么 除 体 脚,UNKNOWN,扫描 OCR + IPA 锚点版面解析（四行对照） | 整理日期 2026-09,medium
SANGJIAJING-P0646-L-04,SANGJIAJING,646,L,4,用,siss tsh³³ bu⁴⁴ tshi³³ x⁰³3,siss tsh:33 bu44 tshi33 X033,suspect,0.75,4,草 净 根 钵 脚,茅 草 根 除 脚,UNKNOWN,扫描 OCR + IPA 锚点版面解析（四行对照） | 整理日期 2026-09,medium
SANGJIAJING-P0646-R-01,SANGJIAJING,646,R,1,世米光分,siss qɒ h³³ ab h³³ yɒ ³³,"siss q""D h33 ab h33 YD 33",suspect,0.67,3,草 苦 哪 里 找,哪 里 有 茅 草,UNKNOWN,扫描 OCR + IPA 锚点版面解析（四行对照） | 整理日期 2026-09,medium
SANGJIAJING-P0646-R-02,SANGJIAJING,646,R,2,日,pu ³³ pu³³ tshi³³ li⁰³3,pu 33 pu33 tshi33 1033,ok,1.00,4,山 大 山 脚 处,大 山 山 坡 脚,UNKNOWN,扫描 OCR + IPA 锚点版面解析（四行对照） | 整理日期 2026-09,medium
SANGJIAJING-P0646-R-03,SANGJIAJING,646,R,3,Z世,pu tsh³³ si⁵⁵ s qhɒ²¹ tsi³³,pu tsh;33 si5s qhD21 tsi33,ok,1.00,4,苦 山 脚 草 棵,坡脚 长 茅草,UNKNOWN,扫描 OCR + IPA 锚点版面解析（四行对照） | 整理日期 2026-09,medium
SANGJIAJING-P0647-L-01,SANGJIAJING,647,L,1,用 出米云分,ab h²¹ tci yɒ ³³,_ab h21 tci yD 33,suspect,0.50,2,草 苦 找 得 呢,拔 回 茅 草 来,UNKNOWN,扫描 OCR + IPA 锚点版面解析（四行对照） | 整理日期 2026-09,medium
SANGJIAJING-P0647-L-02,SANGJIAJING,647,L,2,用,,siss tshi33 bu4 tshi33 X033,failed,0.00,3,草 根 钵 脚 净,草 根 除 体 脚,UNKNOWN,扫描 OCR + IPA 锚点版面解析（四行对照） | 整理日期 2026-09,medium
SANGJIAJING-P0647-L-03,SANGJIAJING,647,L,3,草 根 除 体 脚,,bu4tsi 33 x033 33 du33 mb,failed,0.20,5,钵 月 脚 净 完 后,除 掉 了 钵 脚,UNKNOWN,扫描 OCR + IPA 锚点版面解析（四行对照） | 整理日期 2026-09,medium
SANGJIAJING-P0647-L-04,SANGJIAJING,647,L,4,尚 需 除 体 壳,a³³ mi³³ bu mb ⁵⁵ x⁰³3,A33 m133 bu mb 55 X0.33,suspect,0.75,4,什 么钵 壳 净,什么钵壳 净,UNKNOWN,扫描 OCR + IPA 锚点版面解析（四行对照） | 整理日期 2026-09,medium
SANGJIAJING-P0647-R-01,SANGJIAJING,647,R,1,光分,,qD33 33 mb pu tc1ss YD,failed,0.33,3,哪 给 找 里 波,哪 里 有给 号 波,UNKNOWN,扫描 OCR + IPA 锚点版面解析（四行对照） | 整理日期 2026-09,medium
SANGJIAJING-P0647-R-02,SANGJIAJING,647,R,2,山 凹 灌 木 丛,mb ⁵⁵ pu³³ thi²¹ bu³³ teis,mb 55 pu33 th121 bu?3 tei's,ok,0.80,5,给 波 一 丛 找,给波 丛 中 找,UNKNOWN,扫描 OCR + IPA 锚点版面解析（四行对照） | 整理日期 2026-09,medium
SANGJIAJING-P0648-L-01,SANGJIAJING,648,L,1,7 74,,X033 1D33 tg33 tsh33 mess,failed,0.20,5,净 了 硬 尾 下,钵 壳 除 埂,UNKNOWN,扫描 OCR + IPA 锚点版面解析（四行对照） | 整理日期 2026-09,medium
SANGJIAJING-P0648-L-02,SANGJIAJING,648,L,2,孤 78 7,mb pu ³³ xɔ du³³ me ³³,mb pu 33 XO du33 me 33,suspect,0.67,3,钵 壳 净 后 面,除 掉 钵 壳 后,UNKNOWN,扫描 OCR + IPA 锚点版面解析（四行对照） | 整理日期 2026-09,medium
SANGJIAJING-P0648-L-03,SANGJIAJING,648,L,3,除 掉 钵 壳 后,pu ⁴⁴ x⁰³3 zɔ⁵⁵ si²¹,pu 44 X033 ZO55 S121,suspect,0.75,4,钵 皮 净 要 还,尚 需 除 钵 皮,UNKNOWN,扫描 OCR + IPA 锚点版面解析（四行对照） | 整理日期 2026-09,medium
SANGJIAJING-P0648-L-04,SANGJIAJING,648,L,4,尚 需 除 钵 皮,a³³ tsi³³ ³³ m³³ xɔ,A33 tsi33 33 m33 XO,suspect,0.60,5,什 么 钵 皮 净,什 么 除 钵 皮,UNKNOWN,扫描 OCR + IPA 锚点版面解析（四行对照） | 整理日期 2026-09,medium
SANGJIAJING-P0648-R-01,SANGJIAJING,648,R,1,WEN,,tsiss phD33 bu tsi33 X0.33,failed,0.00,3,麻 布 钵 皮 净,麻 布 除 钵 皮,UNKNOWN,扫描 OCR + IPA 锚点版面解析（四行对照） | 整理日期 2026-09,medium
SANGJIAJING-P0648-R-02,SANGJIAJING,648,R,2,W 光分,,"h33 h33 33 tsiss p""D q""D yD tors",failed,0.00,4,麻 布 哪 里 找,麻 布 哪 里 找,UNKNOWN,扫描 OCR + IPA 锚点版面解析（四行对照） | 整理日期 2026-09,medium
SANGJIAJING-P0648-R-03,SANGJIAJING,648,R,3,W 分 全,h³³ tsiss pp ab h³³ yɒ ³³ ɒ ³³,"h33 tsiss p""p"" ab h33 YD 33 $D 33",suspect,0.50,4,麻 布 哪 里 寻,哪 里 麻 布,UNKNOWN,扫描 OCR + IPA 锚点版面解析（四行对照） | 整理日期 2026-09,medium
SANGJIAJING-P0648-R-04,SANGJIAJING,648,R,4,哪 里 麻 布,nw ⁵⁵ le³¹ ze³¹ tshu2z³³,nw 55 le31 ze31 tshu2z:33,suspect,0.50,4,女 手 织 梭 拿,织 女 手 持 梭,UNKNOWN,扫描 OCR + IPA 锚点版面解析（四行对照） | 整理日期 2026-09,medium
SANGJIAJING-P0649-L-01,SANGJIAJING,649,L,1,田,mp ²¹ dlɒ³³ thi²¹ k⁰³3 dlɒ³³,mp 21 dlp33 th121 k033 dlp33,suspect,0.60,5,不 成 一 架 成,架 机 织 布 匹,UNKNOWN,扫描 OCR + IPA 锚点版面解析（四行对照） | 整理日期 2026-09,medium
SANGJIAJING-P0649-L-02,SANGJIAJING,649,L,2,W 勿,tsiss phɒ³³ tsɒ²¹ pe³¹ zɒ²¹,tsiss phD33 tsD²1pe31 ZD21,suspect,0.75,4,麻 布 车 轮 小,圆 如 车 轮 子,UNKNOWN,扫描 OCR + IPA 锚点版面解析（四行对照） | 整理日期 2026-09,medium
SANGJIAJING-P0649-L-03,SANGJIAJING,649,L,3,I 开 3E,,"th21 thw33 tsh,33 da44 1D33",failed,0.20,5,一 截 断 了 下,剪 下 段 来 一,UNKNOWN,扫描 OCR + IPA 锚点版面解析（四行对照） | 整理日期 2026-09,medium
SANGJIAJING-P0649-L-04,SANGJIAJING,649,L,4,W,,tsi's pD33 bu ts133 X0.33,failed,0.00,3,麻 布钵 皮 净,皮 用 来除 钵,UNKNOWN,扫描 OCR + IPA 锚点版面解析（四行对照） | 整理日期 2026-09,medium
SANGJIAJING-P0649-R-01,SANGJIAJING,649,R,1,灶 7,bu ⁴⁴ tsi³³ x⁰³3 du³³ me³³,bu 44 tsi33 X033 du33 me33,ok,0.80,5,钵 皮 净 后 面,除 去 钵 皮 后,UNKNOWN,扫描 OCR + IPA 锚点版面解析（四行对照） | 整理日期 2026-09,medium
SANGJIAJING-P0649-R-02,SANGJIAJING,649,R,2,發,a³³ mi³³ bu⁴⁴ ⁰⁵5 x⁰³3,A33 m133 bu44 0.55 X033,suspect,0.60,5,什 么 钵 头 净,什 么 除 钵 头,UNKNOWN,扫描 OCR + IPA 锚点版面解析（四行对照） | 整理日期 2026-09,medium
SANGJIAJING-P0649-R-03,SANGJIAJING,649,R,3,WI,,bu 44 X033 VD21 th21tc33,failed,0.20,5,钵 净 鸡 一 只,除 钵 鸡 一 只,UNKNOWN,扫描 OCR + IPA 锚点版面解析（四行对照） | 整理日期 2026-09,medium
SANGJIAJING-P0650-L-01,SANGJIAJING,650,L,1,,,VD21 ku33 bu4 kw33 X033,failed,0.25,4,身 自 净 鸡 钵,鸡 身 除 钵 身,UNKNOWN,扫描 OCR + IPA 锚点版面解析（四行对照） | 整理日期 2026-09,medium
SANGJIAJING-P0650-L-02,SANGJIAJING,650,L,2,7 7,,VD21 me5 bu me 55 X0.33,failed,0.25,4,鸡 尾 钵 尾 净,鸡 钵 尾 尾 除,UNKNOWN,扫描 OCR + IPA 锚点版面解析（四行对照） | 整理日期 2026-09,medium
SANGJIAJING-P0650-L-03,SANGJIAJING,650,L,3,兴面,,VD21 sur²1 bur*4 ms 21 X03,failed,0.25,4,鸡 甲 钵 甲 净,鸡 爪 除 钵 甲,UNKNOWN,扫描 OCR + IPA 锚点版面解析（四行对照） | 整理日期 2026-09,medium
SANGJIAJING-P0650-R-01,SANGJIAJING,650,R,1,,a³³ mi³³ bu x⁰³3 yur2,A33 m133 bu X033 yur²!,ok,1.00,4,什 净 么 钵 骨,什 么 除 钵 骨,UNKNOWN,扫描 OCR + IPA 锚点版面解析（四行对照） | 整理日期 2026-09,medium
SANGJIAJING-P0650-R-02,SANGJIAJING,650,R,2,?,,104 1D33 bw 21 mx f033,failed,0.25,4,石 头 钵 骨 除,石 头 除 钵 骨,UNKNOWN,扫描 OCR + IPA 锚点版面解析（四行对照） | 整理日期 2026-09,medium
SANGJIAJING-P0650-R-03,SANGJIAJING,650,R,3,分,qe⁴⁴ bu ⁴⁴ qhɒ³³ yɒ ³³,qe44 bu 44 qhD33 YD 33,ok,1.00,4,钵 骨 怎 样 强,钵 骨 再 坚 硬,UNKNOWN,扫描 OCR + IPA 锚点版面解析（四行对照） | 整理日期 2026-09,medium
SANGJIAJING-P0650-R-04,SANGJIAJING,650,R,4,田 ?,li⁰⁴4 mɒ³³ kh⁰³3 mɒ²¹ 2 qe⁴⁴,"1044 mp33 kh033 mp²1 2 q""e44",suspect,0.60,5,石 头 样 不 强,没 石 品 头 坚 硬,UNKNOWN,扫描 OCR + IPA 锚点版面解析（四行对照） | 整理日期 2026-09,medium
SANGJIAJING-P0650-R-05,SANGJIAJING,650,R,5,至 7 孔,,1D33 433 me? 33 X0.33 Ze31,failed,0.40,5,净 了 山 尾 下,体 骨 除 下箐,UNKNOWN,扫描 OCR + IPA 锚点版面解析（四行对照） | 整理日期 2026-09,medium
SANGJIAJING-P0651-L-01,SANGJIAJING,651,L,1,f2 G 不,bur 4 z⁰⁵ si²¹ ne²¹ x⁰³3,bur 4 Z0.5 S121 ne21 X0.33,suspect,0.50,4,钵 内 净 要 还,尚 需 除 钵 肌,UNKNOWN,扫描 OCR + IPA 锚点版面解析（四行对照） | 整理日期 2026-09,medium
SANGJIAJING-P0651-L-02,SANGJIAJING,651,L,2,效 企 f2,a³³ mi³³ bu ne³¹ x⁰³3,A33 m133 bu ne31 X033,suspect,0.50,4,什 么 钵 内 净,什 么 除 钵 肌,UNKNOWN,扫描 OCR + IPA 锚点版面解析（四行对照） | 整理日期 2026-09,medium
SANGJIAJING-P0651-L-03,SANGJIAJING,651,L,3,企 f2 f2,mi³³ ne²¹ bu ne ²¹ x⁰³3,m133 ne21 bu ne 21 X033,suspect,0.50,4,泥 土 钵 内 净,泥 土 除 钵 肌,UNKNOWN,扫描 OCR + IPA 锚点版面解析（四行对照） | 整理日期 2026-09,medium
SANGJIAJING-P0651-L-04,SANGJIAJING,651,L,4,f2 光勿,,21 h33 33 ne ab np ness,failed,0.00,4,钵 内 多 么 厚,钵 肌 再 厚 实,UNKNOWN,扫描 OCR + IPA 锚点版面解析（四行对照） | 整理日期 2026-09,medium
SANGJIAJING-P0651-R-01,SANGJIAJING,651,R,1,田 3= %,luu²¹ lu²¹ x⁰³3 1ɒ³³,luu²1 lu²1 X033 1D33,suspect,0.50,4,个 个 净 了 掉,除 钵 全 除 净,UNKNOWN,扫描 OCR + IPA 锚点版面解析（四行对照） | 整理日期 2026-09,medium
SANGJIAJING-P0651-R-02,SANGJIAJING,651,R,2,田 又,,"1D33 h.33 21 x03 p""u"" mp tDS",failed,0.00,5,净 了 村 不 搁,除 钵 不 为 村,UNKNOWN,扫描 OCR + IPA 锚点版面解析（四行对照） | 整理日期 2026-09,medium
SANGJIAJING-P0651-R-03,SANGJIAJING,651,R,3,勺 田,,X033 1D33 tche4mp² b121,failed,0.00,3,净 了 品 寨 不 给,除 钵 不 为 寨,UNKNOWN,扫描 OCR + IPA 锚点版面解析（四行对照） | 整理日期 2026-09,medium
SANGJIAJING-P0651-R-04,SANGJIAJING,651,R,4,w,,lur's V133 qD 33 bu*4 X03,failed,0.33,3,丧 家 与 钵 净,除 体 为丧 家,UNKNOWN,扫描 OCR + IPA 锚点版面解析（四行对照） | 整理日期 2026-09,medium
SANGJIAJING-P0652-L-01,SANGJIAJING,652,L,1,飞 W WI,lurs ʊli³³ tchi³³ thi²¹ y⁸³1,lurs V133 tch133 th121 y831,suspect,0.50,4,丧 家 那 一 家,丧 家 一 家 人,UNKNOWN,扫描 OCR + IPA 锚点版面解析（四行对照） | 整理日期 2026-09,medium
SANGJIAJING-P0652-L-02,SANGJIAJING,652,L,2,九 光3,,33 ne nD,failed,0.00,2,大 与 小 些 些,大 人 与 小 孩,UNKNOWN,扫描 OCR + IPA 锚点版面解析（四行对照） | 整理日期 2026-09,medium
SANGJIAJING-P0652-L-03,SANGJIAJING,652,L,3,π,lili³³ si³³ dzi²¹ mu³³ x⁰³3,1133 S133 dzi21 mu33 X033,suspect,0.60,5,健 康 生 的 净,健康 除 钵 得,UNKNOWN,扫描 OCR + IPA 锚点版面解析（四行对照） | 整理日期 2026-09,medium
SANGJIAJING-P0652-L-04,SANGJIAJING,652,L,4,每,,1i33 dze33 33 33 mu XO,failed,0.20,5,风 耳 清 的 净,除 钵获 清爽,UNKNOWN,扫描 OCR + IPA 锚点版面解析（四行对照） | 整理日期 2026-09,medium
SANGJIAJING-P0652-R-01,SANGJIAJING,652,R,1,Z 去,,duss mu33 duss di21 X033,failed,0.00,3,耕 做 耕 的 净,除 钵 为 耕 耘,UNKNOWN,扫描 OCR + IPA 锚点版面解析（四行对照） | 整理日期 2026-09,medium
SANGJIAJING-P0652-R-02,SANGJIAJING,652,R,2,每 去,⁵⁵ mu ³³ ⁵⁵ di²¹ x⁰³3 ag np,55 mu 33 55 di21 X033 aG np,suspect,0.50,6,播 做 播 的 净,除 钵 为 播 种,UNKNOWN,扫描 OCR + IPA 锚点版面解析（四行对照） | 整理日期 2026-09,medium
SANGJIAJING-P0652-R-03,SANGJIAJING,652,R,3,Z 每 Z,thɒ²¹ dus mu duss du,thp21 du's mu duss du',suspect,0.50,2,耕 做 耕 莫 误,莫 误 耕 作 时,UNKNOWN,扫描 OCR + IPA 锚点版面解析（四行对照） | 整理日期 2026-09,medium
SANGJIAJING-P0652-R-04,SANGJIAJING,652,R,4,办,np ⁵⁵ mu ³³ ɒɒss thɒ²¹ du³³,np 55 mu 33 DDSs thD21 du33,suspect,0.50,4,播 做 播 莫 误,莫 误 播 种 季,UNKNOWN,扫描 OCR + IPA 锚点版面解析（四行对照） | 整理日期 2026-09,medium
SANGJIAJING-P0652-R-05,SANGJIAJING,652,R,5,Z 每 Z 九 分,,duss mu33 duss ne 33 33 yD,failed,0.25,4,耕 做 耕 也 获,耕 耘 粮豕 获丰,UNKNOWN,扫描 OCR + IPA 锚点版面解析（四行对照） | 整理日期 2026-09,medium
SANGJIAJING-P0653-L-01,SANGJIAJING,653,L,1,企 甘,mi³³ ne ⁴⁴ dɒ²¹ dze⁴⁴ mp ³³,m133 ne 44 dp21 dze44 mp 33,ok,0.80,5,地 黑 野 荒 大,荒 茫 黑 土 地,UNKNOWN,扫描 OCR + IPA 锚点版面解析（四行对照） | 整理日期 2026-09,medium
SANGJIAJING-P0653-L-02,SANGJIAJING,653,L,2,甘 tQ 二1-,dɒ²¹ dze⁴⁴ fess hg³³ ³³ qo,dp²1 dze44 fess hg33 33 qo,ok,0.80,5,野 荒 岩 洞,荒 地 生 石 洞,UNKNOWN,扫描 OCR + IPA 锚点版面解析（四行对照） | 整理日期 2026-09,medium
SANGJIAJING-P0653-R-01,SANGJIAJING,653,R,1,万 日 目 分,khi³³ li⁰³3 bu⁴⁴ ³³ ts⁰³3 yɒ,kh133 1033 bu44 33 tS0.33 yD,suspect,0.67,6,那 里 钵 在 处,那 是 钵 在 处,UNKNOWN,扫描 OCR + IPA 锚点版面解析（四行对照） | 整理日期 2026-09,medium
SANGJIAJING-P0653-R-02,SANGJIAJING,653,R,2,万 日 WI 签,kh³³ th²¹ ³³ li⁰³3 kɒ³³ tsɒ³³,kh33 th21 33 1033 kp33 tsD3,suspect,0.50,6,那 路 一 条,那 里 有 道 路,UNKNOWN,扫描 OCR + IPA 锚点版面解析（四行对照） | 整理日期 2026-09,medium
SANGJIAJING-P0653-R-03,SANGJIAJING,653,R,3,田 签 男,kɒ³³ thi²¹ tsɒ³³ ³³,kD33 th121 tsD3 33,suspect,0.75,4,不 走 路 一 条,一 条荒 废 路,UNKNOWN,扫描 OCR + IPA 锚点版面解析（四行对照） | 整理日期 2026-09,medium
SANGJIAJING-P0653-R-04,SANGJIAJING,653,R,4,男,th²¹ bu ⁴⁴ li³³ tsɒ³³,th21 bu 44 133 tSD33 好,suspect,0.75,4,一 条 钵 来 走,钵 去那 里 走,UNKNOWN,扫描 OCR + IPA 锚点版面解析（四行对照） | 整理日期 2026-09,medium
SANGJIAJING-P0654-L-01,SANGJIAJING,654,L,1,万 日 Z WI,khi³³ li⁰³3 thi²¹ reizp gur²¹,kh133 1033 th121 reIzp gur²1,suspect,0.75,4,那 里 床 一 张,那 里 有 张 床,UNKNOWN,扫描 OCR + IPA 锚点版面解析（四行对照） | 整理日期 2026-09,medium
SANGJIAJING-P0654-L-02,SANGJIAJING,654,L,2,田 号 飞 飞,,Zi31 th21 mp 21 1m6 gu 21,failed,0.25,4,不 睡 床 一 张,一 张 空 闲 床,UNKNOWN,扫描 OCR + IPA 锚点版面解析（四行对照） | 整理日期 2026-09,medium
SANGJIAJING-P0654-L-03,SANGJIAJING,654,L,3,号 分,thi²¹ gu2i bur4 2i³¹ yɒ ɒ³³,th121 gu²i bur4 2i31 YD D33,suspect,0.67,3,一 床 钵 睡 处,钵 去 那 里 睡,UNKNOWN,扫描 OCR + IPA 锚点版面解析（四行对照） | 整理日期 2026-09,medium
SANGJIAJING-P0654-L-04,SANGJIAJING,654,L,4,田 7 Wi 荟,dzɒ2 tsɒ³³ thi²¹ mɒ²¹,dzD² tsD33 th121 mp²1,suspect,0.67,3,不 吃 饭 一 觀,无 人吃 之 饭,UNKNOWN,扫描 OCR + IPA 锚点版面解析（四行对照） | 整理日期 2026-09,medium
SANGJIAJING-P0654-R-01,SANGJIAJING,654,R,1,万,kh³³ bu ⁴⁴ dzɒ²¹ tsp ³³,kh33 bu 44 dzD21 tsp 33,suspect,0.50,4,那 甄 钵 吃 饭,钵 吃 那 觀 饭,UNKNOWN,扫描 OCR + IPA 锚点版面解析（四行对照） | 整理日期 2026-09,medium
SANGJIAJING-P0654-R-02,SANGJIAJING,654,R,2,钵 吃 那 觀 饭,,bu* dzp²1 bu ne 33 bu 44,failed,0.33,3,钵 吃 钵 也 饱,钵 吃 钵 肚 饱,UNKNOWN,扫描 OCR + IPA 锚点版面解析（四行对照） | 整理日期 2026-09,medium
SANGJIAJING-P0654-R-03,SANGJIAJING,654,R,3,万 日 to,khi³³ li⁰³3 he³³ li0b t⁰³3,kh133 1033 he33 10b t$033,suspect,0.75,4,那 里 房 空 有,那 里 有 空 房,UNKNOWN,扫描 OCR + IPA 锚点版面解析（四行对照） | 整理日期 2026-09,medium
SANGJIAJING-P0654-R-04,SANGJIAJING,654,R,4,田 to,²¹ ni³³ he³³ thi²¹ so²¹ mp,21 ni33 he33 th121 So21 mp,suspect,0.67,6,不 住 房 一 幢,空 闲 一 幢 房,UNKNOWN,扫描 OCR + IPA 锚点版面解析（四行对照） | 整理日期 2026-09,medium
SANGJIAJING-P0654-R-05,SANGJIAJING,654,R,5,亏 7.0,bu⁴⁴ khi³³ ni³³ tshi²¹ zi³³,"bu44 kh133 ni33 tshi21 Z,133",ok,1.00,5,钵 那 住 去 吧,钵去那 里 住,UNKNOWN,扫描 OCR + IPA 锚点版面解析（四行对照） | 整理日期 2026-09,medium
SANGJIAJING-P0655-L-01,SANGJIAJING,655,L,1,亚u tQ Wi,he³³ th²¹ sɔ,he33 th21 SO,suspect,0.67,3,空 闲 房 一 幢,空 闲 房 一,UNKNOWN,扫描 OCR + IPA 锚点版面解析（四行对照） | 整理日期 2026-09,medium
SANGJIAJING-P0655-L-02,SANGJIAJING,655,L,2,3 tQ 飞里,,33 hg33 h33 np bu33 m.d,failed,0.20,5,瓦 黄 房 顶 盖,琉 璃 黄 瓦 顶?,UNKNOWN,扫描 OCR + IPA 锚点版面解析（四行对照） | 整理日期 2026-09,medium
SANGJIAJING-P0655-L-03,SANGJIAJING,655,L,3,万 tQ,,"33 kh,33 2133 bu4 he33 3G",failed,0.00,5,它 呢 钵 房 是,它是 房 钵 居,UNKNOWN,扫描 OCR + IPA 锚点版面解析（四行对照） | 整理日期 2026-09,medium
SANGJIAJING-P0655-L-04,SANGJIAJING,655,L,4,亏 7.0,bu⁴⁴ kh³³ ni³³ zi³³ tshi²¹,"bu44 kh,33 ni33 Z133 tshi21",ok,0.80,5,钵 它 住 去 吧,钵去 居 它 吧,UNKNOWN,扫描 OCR + IPA 锚点版面解析（四行对照） | 整理日期 2026-09,medium
SANGJIAJING-P0655-R-01,SANGJIAJING,655,R,1,田工7 IU 至,,si44 mp 21 t4D33 th21 4e33,failed,0.20,5,不 烧 木 一 林,林 不 做 柴 一,UNKNOWN,扫描 OCR + IPA 锚点版面解析（四行对照） | 整理日期 2026-09,medium
SANGJIAJING-P0655-R-02,SANGJIAJING,655,R,2,2ZZ 7 7,tsiss si⁴⁴ si²¹ no⁵⁵ s si⁴⁴,tsiss si44 si21 no5s si44,suspect,0.75,4,漆 树 杨 梅 树,漆 树 杨 梅 树,UNKNOWN,扫描 OCR + IPA 锚点版面解析（四行对照） | 整理日期 2026-09,medium
SANGJIAJING-P0655-R-03,SANGJIAJING,655,R,3,万,kh³³ zi³³ bu⁴⁴ ⁴³ ³³ ne,kh33 zi33 bu44 43 33 ne,suspect,0.50,6,它 呢 钵 林 是,那 是 体 柴 林,UNKNOWN,扫描 OCR + IPA 锚点版面解析（四行对照） | 整理日期 2026-09,medium
SANGJIAJING-P0655-R-04,SANGJIAJING,655,R,4,万至,,kh133 433 z t4D33,failed,0.33,3,它 林 砍 烧 去,体 去 它 烧 砍,UNKNOWN,扫描 OCR + IPA 锚点版面解析（四行对照） | 整理日期 2026-09,medium
SANGJIAJING-P0656-L-01,SANGJIAJING,656,L,1,3,4e⁴⁴ dzi²¹ bu²³ bu³³,4e44 dzi21 bu²3 bu33,suspect,0.75,4,刺堆堆 倒 钩,倒 钩 刺 丛 丛,UNKNOWN,扫描 OCR + IPA 锚点版面解析（四行对照） | 整理日期 2026-09,medium
SANGJIAJING-P0656-L-02,SANGJIAJING,656,L,2,穴,phu³³ tshi²¹ niss less gu³³,phu33 tshi21 niss less gu33,suspect,0.67,3,荨 麻 棵 枝塞,荨 麻 盖满地,UNKNOWN,扫描 OCR + IPA 锚点版面解析（四行对照） | 整理日期 2026-09,medium
SANGJIAJING-P0656-L-03,SANGJIAJING,656,L,3,3,tsho²¹ ni⁴⁴ dzi²¹ kh4khx⁴⁴,tsho21 ni44 dzi²1kh4khx44,suspect,0.75,4,荆 棘 刺齐齐,棘刺 齐齐 荆 口,UNKNOWN,扫描 OCR + IPA 锚点版面解析（四行对照） | 整理日期 2026-09,medium
SANGJIAJING-P0656-L-04,SANGJIAJING,656,L,4,棘刺 齐齐 荆 口,si²¹ dzi²¹ siss thg²¹,si21 dzi21 siss thg21,ok,1.00,3,棘枝 团 沙 旋,沙 棘枝 密旋,UNKNOWN,扫描 OCR + IPA 锚点版面解析（四行对照） | 整理日期 2026-09,medium
SANGJIAJING-P0656-R-01,SANGJIAJING,656,R,1,,as5 khɒ2tsa mu ³³ nu ²¹,AS5 khp²tsa mu 33 nu 21,suspect,0.50,2,蒿 枝把 的 长,蒿枝成 束 长,UNKNOWN,扫描 OCR + IPA 锚点版面解析（四行对照） | 整理日期 2026-09,medium
SANGJIAJING-P0656-R-02,SANGJIAJING,656,R,2,蒿枝成 束 长,a³³ da³¹ qo²¹ mu z⁰⁴ ⁴⁴,A33 da31 qo21 mu Z.04 44,ok,0.80,5,粘 黏草 铺 的 生,粘 黏 草 铺 地,UNKNOWN,扫描 OCR + IPA 锚点版面解析（四行对照） | 整理日期 2026-09,medium
SANGJIAJING-P0656-R-03,SANGJIAJING,656,R,3,万 日 m,khi³³ li⁰³3 ob zi³³ dzu2,"kh133 1033 ob zi33 dz,u²",suspect,0.75,4,那 里 耕 去 吧,耕种它 钵 去,UNKNOWN,扫描 OCR + IPA 锚点版面解析（四行对照） | 整理日期 2026-09,medium
SANGJIAJING-P0656-R-04,SANGJIAJING,656,R,4,效,a³³ mi³³ bu4 dzɒl tso²¹,A33 m133 bu4 dzDl tso21,suspect,0.67,3,什 么 吃伴 体,什么钵食伴,UNKNOWN,扫描 OCR + IPA 锚点版面解析（四行对照） | 整理日期 2026-09,medium
SANGJIAJING-P0657-L-01,SANGJIAJING,657,L,1,万,,"kh33 zi33 mq dzp²ts""o”",failed,0.33,3,它 呢 钵 吃 伴,它 们 做 食 伴,UNKNOWN,扫描 OCR + IPA 锚点版面解析（四行对照） | 整理日期 2026-09,medium
SANGJIAJING-P0657-L-02,SANGJIAJING,657,L,2,效,a³³ mi³³ bu fu³³ pe4,A33 m133 bu fu33 pe4,suspect,0.75,4,什 么 钵 婚 伴,什 么 钵 婚 配,UNKNOWN,扫描 OCR + IPA 锚点版面解析（四行对照） | 整理日期 2026-09,medium
SANGJIAJING-P0657-R-01,SANGJIAJING,657,R,1,效 田,a³³ noss bu fu³³,A33 noss bu fu33,suspect,0.50,2,猴 子 钵 婚 伴,它 们 与 钵 配,UNKNOWN,扫描 OCR + IPA 锚点版面解析（四行对照） | 整理日期 2026-09,medium
SANGJIAJING-P0657-R-02,SANGJIAJING,657,R,2,W 秋 不 分,lurs phu³³ pi³³ 1h³³ zɒ²¹,lur's phu33 p133 1h33 ZD21,suspect,0.50,4,勒 普 毕 绕 来,勒 普 毕 绕 啊,UNKNOWN,扫描 OCR + IPA 锚点版面解析（四行对照） | 整理日期 2026-09,medium
SANGJIAJING-P0657-R-03,SANGJIAJING,657,R,3,田 女,mɒ²¹ x⁰³1 nɒ³³ x⁰³1 mu³³,mD²1 X031 nD33 X031 mu33,suspect,0.60,5,不 合 听 合 做,误 处 听 后 纠,UNKNOWN,扫描 OCR + IPA 锚点版面解析（四行对照） | 整理日期 2026-09,medium
SANGJIAJING-P0657-R-04,SANGJIAJING,657,R,4,田 飞2,mp ²¹ kuss ³³ kurss np,mp 21 kuss 33 kurs's np,suspect,0.67,3,不 会 听 会 做,不 会 听 后 会,UNKNOWN,扫描 OCR + IPA 锚点版面解析（四行对照） | 整理日期 2026-09,medium
SANGJIAJING-P0660-L-01,SANGJIAJING,660,L,1,X3V,,tce dzi4thu4 thu4 dz1²,failed,0.00,1,星辰古语源,故事如星繁,UNKNOWN,扫描 OCR + IPA 锚点版面解析（四行对照） | 整理日期 2026-09,medium
SANGJIAJING-P0660-L-02,SANGJIAJING,660,L,2,XWX 九,thu4dzi³³ thu⁴⁴ si²¹ ne³³,thu4dz133thu44 S121 ne33,suspect,0.75,4,古语 源古语 还 也,往事虽无 数,UNKNOWN,扫描 OCR + IPA 锚点版面解析（四行对照） | 整理日期 2026-09,medium
SANGJIAJING-P0660-L-03,SANGJIAJING,660,L,3,Z,mɒ²¹ thu4 niss m6 ³³ ɒ³³,mp²1 thu4 niss m6 33 D3,suspect,0.67,3,不 古语 毕 嘴 进,毕 摩 嘴止声②,UNKNOWN,扫描 OCR + IPA 锚点版面解析（四行对照） | 整理日期 2026-09,medium
SANGJIAJING-P0660-R-01,SANGJIAJING,660,R,1,55,ni2 le³¹ phb³³ da⁴⁴ dzɒ2,ni2. le31 phb33 da44 dzp²,suspect,0.50,4,手布断 吃 尼,尼 人断布 裁,UNKNOWN,扫描 OCR + IPA 锚点版面解析（四行对照） | 整理日期 2026-09,medium
SANGJIAJING-P0660-R-02,SANGJIAJING,660,R,2,尼 人断布 裁,le³¹ phɒ³³ t sɔ⁴⁴ tci,le31 phD33 t SO44 tci*,ok,1.00,4,夏 人布扯 头,夏 人 断 布 扯③,UNKNOWN,扫描 OCR + IPA 锚点版面解析（四行对照） | 整理日期 2026-09,medium
SANGJIAJING-P0661-L-01,SANGJIAJING,661,L,1,D2 介,ni²¹ mi³³ a²¹ dzo²¹ di³³,"ni21 m133 A21 dz,o21 d133",ok,1.00,5,地 着 底 尼 阿,尼 居 阿 着 底,UNKNOWN,扫描 OCR + IPA 锚点版面解析（四行对照） | 整理日期 2026-09,medium
SANGJIAJING-P0661-L-02,SANGJIAJING,661,L,2,W -1= 日,a²¹ dz⁰²1 ³³ li⁰³3 qo,A21 dz.021 33 1033 qo,suspect,0.60,5,阿 着 底 里 处,阿 着 底 域 内,UNKNOWN,扫描 OCR + IPA 锚点版面解析（四行对照） | 整理日期 2026-09,medium
SANGJIAJING-P0661-L-03,SANGJIAJING,661,L,3,子,tshi²¹ su ³³ mu2l tshi²¹ su³³,tsh121 su 33 mu²l tshi21 su33,suspect,0.75,4,池 色 木 池 色,池 色 木 色 池,UNKNOWN,扫描 OCR + IPA 锚点版面解析（四行对照） | 整理日期 2026-09,medium
SANGJIAJING-P0661-L-04,SANGJIAJING,661,L,4,婴 企 ZZ,tsh²¹ su³³ li²¹ mi³³ he³¹ nɒs,tsh21 su33 121 m133 he31 nD's,ok,0.83,6,尸 夜 今 晚 夜,今 值 死 人 夜,UNKNOWN,扫描 OCR + IPA 锚点版面解析（四行对照） | 整理日期 2026-09,medium
SANGJIAJING-P0661-L-05,SANGJIAJING,661,L,5,光 电 子 Z,kho²¹ 1o²¹ si³³ ɔss,kho21 1o21 si33 $OSS,suspect,0.75,4,阔 罗 硕 诗 斯,阔 罗 硕 诗斯,UNKNOWN,扫描 OCR + IPA 锚点版面解析（四行对照） | 整理日期 2026-09,medium
SANGJIAJING-P0661-R-01,SANGJIAJING,661,R,1,Z 目,,nu33 ph133 t$033 1D33 mb 33,failed,0.40,5,你 在 完 世 了,你 世 已 过 完,UNKNOWN,扫描 OCR + IPA 锚点版面解析（四行对照） | 整理日期 2026-09,medium
SANGJIAJING-P0661-R-02,SANGJIAJING,661,R,2,W 秋 不 分,,"lu*s h33 33 21 1h33 p""u pi ZD",failed,0.20,5,勒 普 毕 绕 来,勒 普 毕 绕,UNKNOWN,扫描 OCR + IPA 锚点版面解析（四行对照） | 整理日期 2026-09,medium
SANGJIAJING-P0661-R-03,SANGJIAJING,661,R,3,7Z4 与 77,,33 me Ze31 tsh133 ni2i dzi21,failed,0.25,4,芒 元 十 二 章,芒 十 元 二 经?,UNKNOWN,扫描 OCR + IPA 锚点版面解析（四行对照） | 整理日期 2026-09,medium
SANGJIAJING-P0661-R-04,SANGJIAJING,661,R,4,3北E 面,da⁴⁴ tshi³³ ms ⁵⁵ moss,da44 tsh133 ms 55 moss,suspect,0.75,4,闹 答 十 章 三,闹 答 十 三 章?,UNKNOWN,扫描 OCR + IPA 锚点版面解析（四行对照） | 整理日期 2026-09,medium
SANGJIAJING-P0661-R-05,SANGJIAJING,661,R,5,Z4 四 每,nu ³³ mu ³³ nu³³ ²⁰³¹ me³³,nu 33 mu 33 nu33 2031 me33,ok,0.80,5,你 奠 你 吊 做,繁 盛超 度你,UNKNOWN,扫描 OCR + IPA 锚点版面解析（四行对照） | 整理日期 2026-09,medium
SANGJIAJING-P0662-L-01,SANGJIAJING,662,L,1,四 画 &,nu³³ me ³³ ze ³¹ mb ³³ tɒ³³,nu33 me 33 Ze 31 mb 33 tD33,ok,0.80,5,你 吊 奠 完 后,吊 奠 你 N 后,UNKNOWN,扫描 OCR + IPA 锚点版面解析（四行对照） | 整理日期 2026-09,medium
SANGJIAJING-P0662-L-02,SANGJIAJING,662,L,2,田,,tshi33 th33 tsh;33 mp 0i3,failed,0.25,4,不 到 日 子 到,时 日 至 如 今,UNKNOWN,扫描 OCR + IPA 锚点版面解析（四行对照） | 整理日期 2026-09,medium
SANGJIAJING-P0662-L-03,SANGJIAJING,662,L,3,时 日 至 如 今,tshi²¹ ³³ li²¹ ni³³ tshi³³,tshi21 33 121 ni33 tshi33,ok,0.80,5,户 夜 今 日 到,今 日 超 度 你,UNKNOWN,扫描 OCR + IPA 锚点版面解析（四行对照） | 整理日期 2026-09,medium
SANGJIAJING-P0662-L-04,SANGJIAJING,662,L,4,子 去,si³³ ⁴⁰²¹ li⁰⁴4 di²¹ md,si33 4021 1044 dr21 md,suspect,0.60,5,死 脸 成 的 反,亡 脸 朝 阴 界,UNKNOWN,扫描 OCR + IPA 锚点版面解析（四行对照） | 整理日期 2026-09,medium
SANGJIAJING-P0662-L-05,SANGJIAJING,662,L,5,企,,si21 44 55 1021 pu np m133,failed,0.40,5,死 脸 反 阴 间,转 脸赴 阴 地,UNKNOWN,扫描 OCR + IPA 锚点版面解析（四行对照） | 整理日期 2026-09,medium
SANGJIAJING-P0662-R-01,SANGJIAJING,662,R,1,介,,44 55 m133 tsh;33 Eenu md np,failed,0.20,5,你 反 阴 间 到,你 赴 阴 之 际,UNKNOWN,扫描 OCR + IPA 锚点版面解析（四行对照） | 整理日期 2026-09,medium
SANGJIAJING-P0662-R-02,SANGJIAJING,662,R,2,分 张E %,,21 1h33 ZD ny33,failed,0.33,3,儿 魂 你 来 拦,阻 留 下 儿 魂,UNKNOWN,扫描 OCR + IPA 锚点版面解析（四行对照） | 整理日期 2026-09,medium
SANGJIAJING-P0662-R-03,SANGJIAJING,662,R,3,雪 张 %,,"zi14 33 l,33 4e44 nu",failed,0.40,5,重孙 魂 你 来 拦,阻 留 重 孙 魂,UNKNOWN,扫描 OCR + IPA 锚点版面解析（四行对照） | 整理日期 2026-09,medium
SANGJIAJING-P0663-L-01,SANGJIAJING,663,L,1,分 灶 Z 日,³³ du³³ niss ʊli³³ li⁰³3 yɒ,33 du33 niss V133 1033 YD,suspect,0.60,5,后 处 前 家 处,前 世 阳 间 家,UNKNOWN,扫描 OCR + IPA 锚点版面解析（四行对照） | 整理日期 2026-09,medium
SANGJIAJING-P0663-L-02,SANGJIAJING,663,L,2,Z Z 田 每,,duss 120b duss mp21 mu33,failed,0.33,3,庄稼 盘 庄稼 不 做,无 人 盘 庄 稼,UNKNOWN,扫描 OCR + IPA 锚点版面解析（四行对照） | 整理日期 2026-09,medium
SANGJIAJING-P0663-L-03,SANGJIAJING,663,L,3,子 WI,a²¹ si⁵⁵ mu²¹ th²¹ ni³³,A21 si55 mu21 th21 ni33,ok,0.80,5,过 去 天 日,此 前 之 时 日,UNKNOWN,扫描 OCR + IPA 锚点版面解析（四行对照） | 整理日期 2026-09,medium
SANGJIAJING-P0663-L-04,SANGJIAJING,663,L,4,Y 九 田,q⁰³1 tsh³³ nei ng³³ mɒ²¹,q031 tsh:33 ne?i ng33 mp21,suspect,0.50,4,年 吉 也 不 到,因无吉祥 年,UNKNOWN,扫描 OCR + IPA 锚点版面解析（四行对照） | 整理日期 2026-09,medium
SANGJIAJING-P0663-R-01,SANGJIAJING,663,R,1,天 九 田,,tsh:33 nj33 De21 ng33 mp2l,failed,0.20,5,日 吉 也 不 到,因 无 吉 祥 日,UNKNOWN,扫描 OCR + IPA 锚点版面解析（四行对照） | 整理日期 2026-09,medium
SANGJIAJING-P0663-R-02,SANGJIAJING,663,R,2,天,mu²¹ li³³ li²¹ ni³³ tsh³³,"mu²1 1,33 121 ni33 tsh;33",ok,0.80,5,天 来 今 天 到,现 下 之 时 刻,UNKNOWN,扫描 OCR + IPA 锚点版面解析（四行对照） | 整理日期 2026-09,medium
SANGJIAJING-P0663-R-03,SANGJIAJING,663,R,3,张 天 九,zzi¹⁴4 ni³³ tsh³³ ng³³,Zzi144 ni33 tsh:33 ng33,suspect,0.50,4,魂 赎 日 也 到,正 值吉祥 日,UNKNOWN,扫描 OCR + IPA 锚点版面解析（四行对照） | 整理日期 2026-09,medium
SANGJIAJING-P0664-L-01,SANGJIAJING,664,L,1,天 张 天,,21 55 ni33 Di33 31,failed,0.40,5,日 吉 魂 赎 冏日,吉日 好 赎 魂,UNKNOWN,扫描 OCR + IPA 锚点版面解析（四行对照） | 整理日期 2026-09,medium
SANGJIAJING-P0664-L-02,SANGJIAJING,664,L,2,不 万,khi³³ pi³³ ne²¹ ne³³,kh133 p133 ne21 ne33,ok,1.00,4,毕 贤 他 也 使,毕 摩定 今 日,UNKNOWN,扫描 OCR + IPA 锚点版面解析（四行对照） | 整理日期 2026-09,medium
SANGJIAJING-P0664-L-03,SANGJIAJING,664,L,3,张 丑万 九 W,zi¹⁴ ne2i khi³³ ne³³ lus,Zi14 ne²i kh133 ne33 lu's,suspect,0.75,4,魂 美 他 也 喜,群 魂 乐 不 迭,UNKNOWN,扫描 OCR + IPA 锚点版面解析（四行对照） | 整理日期 2026-09,medium
SANGJIAJING-P0664-L-04,SANGJIAJING,664,L,4,W 不 分,,luss pu33 33 h33 p1,failed,0.00,4,普 勒 毕 绕 来,勒 普 毕 绕 啊,UNKNOWN,扫描 OCR + IPA 锚点版面解析（四行对照） | 整理日期 2026-09,medium
SANGJIAJING-P0664-R-01,SANGJIAJING,664,R,1,w 去 张 丑,,luss di21 qh031 30,failed,0.00,3,喜 的 魂 美 应,群 魂高 兴 应,UNKNOWN,扫描 OCR + IPA 锚点版面解析（四行对照） | 整理日期 2026-09,medium
SANGJIAJING-P0664-R-02,SANGJIAJING,664,R,2,张 田 3= %,lu²¹ ⁵⁵ 1h³³ lur²¹ zɛ,"lu²1. 55 1h,33 lur21 ZE .",suspect,0.60,5,魂 个 个 赎 来,赎 魂全 都 赎,UNKNOWN,扫描 OCR + IPA 锚点版面解析（四行对照） | 整理日期 2026-09,medium
SANGJIAJING-P0664-R-03,SANGJIAJING,664,R,3,张 %,,qD33 V133 55,failed,0.33,3,魂 赎粮 拿 赎,魂用 赎 粮 赎,UNKNOWN,扫描 OCR + IPA 锚点版面解析（四行对照） | 整理日期 2026-09,medium
SANGJIAJING-P0664-R-04,SANGJIAJING,664,R,4,E,lu²¹ dl²¹ tchi³³ phe³³,lu²1 dl²1 tch133phe33,suspect,0.75,4,澄 江 米灰 小,澄江产灰米,UNKNOWN,扫描 OCR + IPA 锚点版面解析（四行对照） | 整理日期 2026-09,medium
SANGJIAJING-P0665-L-01,SANGJIAJING,665,L,1,w A,lurss di³³ t tchi³³ mɒ³³ 4u³³,lurss d133 t tch133 mD33 4u33,suspect,0.50,4,路 南 米 大 白,路 南 产 白 米,UNKNOWN,扫描 OCR + IPA 锚点版面解析（四行对照） | 整理日期 2026-09,medium
SANGJIAJING-P0665-L-02,SANGJIAJING,665,L,2,与 正,lɒ²¹ ni²¹ tgh³³ a³³ ne4,"lp²1 ni21 tgh,33 A33 ne4",ok,0.80,5,陆 良 米 小 黑,陆 良 产 黑 米,UNKNOWN,扫描 OCR + IPA 锚点版面解析（四行对照） | 整理日期 2026-09,medium
SANGJIAJING-P0665-L-03,SANGJIAJING,665,L,3,IM 7 茶,thi²¹ du³³ tshi2i zu ³³ nɒss,th121 du33 tshi2i zu 33 nDSs,suspect,0.75,4,一 处 五 丛 拿,各 处 取 五,UNKNOWN,扫描 OCR + IPA 锚点版面解析（四行对照） | 整理日期 2026-09,medium
SANGJIAJING-P0665-L-04,SANGJIAJING,665,L,4,决田又,phu³³ 2u³³ 1ɒ³³ mɒ²¹ tɒss,phu33 2.u33 1D33 mp21 tDss,suspect,0.60,5,拿 了 村 不 搁,此粮不搁 村,UNKNOWN,扫描 OCR + IPA 锚点版面解析（四行对照） | 整理日期 2026-09,medium
SANGJIAJING-P0665-R-01,SANGJIAJING,665,R,1,田,iɒ³³ tghe⁴⁴ ²¹ bi²¹ ²⁴³³ mp,ID33 tghe44 21 b121 2433 mp,suspect,0.50,6,拿 了 寨 不 给,此 粮 不 给 寨,UNKNOWN,扫描 OCR + IPA 锚点版面解析（四行对照） | 整理日期 2026-09,medium
SANGJIAJING-P0665-R-02,SANGJIAJING,665,R,2,张E,zzi¹⁴ qɒ³³ mu bi²¹,Zzi14 qD33 mu b121,suspect,0.67,3,赎 魂 粮 做 给,专 作 赎 魂 粮,UNKNOWN,扫描 OCR + IPA 锚点版面解析（四行对照） | 整理日期 2026-09,medium
SANGJIAJING-P0665-R-03,SANGJIAJING,665,R,3,张 田,tsi³³ ts⁰³3,tsi33 tS033,suspect,0.50,2,魂 赎 酒 不 有,尚 无 赎 魂 酒,UNKNOWN,扫描 OCR + IPA 锚点版面解析（四行对照） | 整理日期 2026-09,medium
SANGJIAJING-P0665-R-04,SANGJIAJING,665,R,4,W 分,phu³³ zɒ²¹ li³³ lurs pi³³,phu33 ZD²1 133 lur's p133,suspect,0.75,4,勒 普 毕 绕 来,勒 力普毕 绕 啊,UNKNOWN,扫描 OCR + IPA 锚点版面解析（四行对照） | 整理日期 2026-09,medium
SANGJIAJING-P0666-L-01,SANGJIAJING,666,L,1,74 田,ku⁴⁴ s0 tsi³³ mp ²¹ vu2,"k""u44 S0 tsi33 mp 21 vu²!",suspect,0.50,4,街 头 酒 不 卖,街 头 不 卖 酒,UNKNOWN,扫描 OCR + IPA 锚点版面解析（四行对照） | 整理日期 2026-09,medium
SANGJIAJING-P0666-L-02,SANGJIAJING,666,L,2,孔 田,,kwme tsi33 mp t$033,failed,0.00,2,街 尾 酒 不 有,街 尾 无 酒 卖,UNKNOWN,扫描 OCR + IPA 锚点版面解析（四行对照） | 整理日期 2026-09,medium
SANGJIAJING-P0666-L-03,SANGJIAJING,666,L,3,学号,,"tsh;33 tciss 1p3  k""u4dzo3t",failed,0.00,3,了 街 腰 到,走到街 腰看,UNKNOWN,扫描 OCR + IPA 锚点版面解析（四行对照） | 整理日期 2026-09,medium
SANGJIAJING-P0666-R-01,SANGJIAJING,666,R,1,企 习 丑,ce ⁴⁴ mi³³ tsi³³ ne2 ²¹ mp ³³,ce 44 m133 ts133 ne² 21 mp 33,ok,0.80,5,夏 地 酒 美 大,夏 人 优 质 酒,UNKNOWN,扫描 OCR + IPA 锚点版面解析（四行对照） | 整理日期 2026-09,medium
SANGJIAJING-P0666-R-02,SANGJIAJING,666,R,2,74 灶 面 灶,tsi³³ du²¹ surs du²¹ vu²¹,tsi33 du21 sur's du21 vu21,suspect,0.75,4,酒 处 三 处 卖,三 个 铺 中 卖,UNKNOWN,扫描 OCR + IPA 锚点版面解析（四行对照） | 整理日期 2026-09,medium
SANGJIAJING-P0666-R-03,SANGJIAJING,666,R,3,WI 与,thi²¹ phu²¹ ni²¹ phu²¹ bi²¹,th121 phu21 ni21 phu21 b121,ok,1.00,5,一 价 二 价 给,酒 款 翻 倍 给,UNKNOWN,扫描 OCR + IPA 锚点版面解析（四行对照） | 整理日期 2026-09,medium
SANGJIAJING-P0666-R-04,SANGJIAJING,666,R,4,丑 分,1ɒ³³ ³³ tsi³³ ne²¹ de²¹ yɒ,1D33 33 tsi33 ne21 de21 yD,suspect,0.67,6,酒 美 打 了 得,购回 优 质酒,UNKNOWN,扫描 OCR + IPA 锚点版面解析（四行对照） | 整理日期 2026-09,medium
SANGJIAJING-P0667-L-01,SANGJIAJING,667,L,1,焱 年 W,a³³ tshɒ²¹ do⁴⁴ na⁴⁴ ne2,A33 tshD21 do44 na44 ne2,ok,1.00,5,阿 纳 盐 美 出,阿 纳 产 好 盐,UNKNOWN,扫描 OCR + IPA 锚点版面解析（四行对照） | 整理日期 2026-09,medium
SANGJIAJING-P0667-L-02,SANGJIAJING,667,L,2,光日 琴,kho²¹ tsi³³ li³³ li⁰²1 muss,kho21 tsi33 133 1021 muss,ok,1.00,5,阔 罗 木 支 来,阔罗 木支 啊,UNKNOWN,扫描 OCR + IPA 锚点版面解析（四行对照） | 整理日期 2026-09,medium
SANGJIAJING-P0667-R-01,SANGJIAJING,667,R,1,WI 3=,,th21 tsi33 9031,failed,0.33,3,一 驮 驮 马 回,用 马 回 盐,UNKNOWN,扫描 OCR + IPA 锚点版面解析（四行对照） | 整理日期 2026-09,medium
SANGJIAJING-P0667-R-02,SANGJIAJING,667,R,2,田 74 电 日 74,mɒ ²¹ vu²¹ tur³³ li⁰³3 vu²¹,mD 21 vu21 tur33 1033 vu21,ok,1.00,5,不 卖 地 处 卖,驮到 街 上 卖,UNKNOWN,扫描 OCR + IPA 锚点版面解析（四行对照） | 整理日期 2026-09,medium
SANGJIAJING-P0667-R-03,SANGJIAJING,667,R,3,与 日 z4,ku tsh³³ ni²¹ ²¹ li⁰³3,ku tsh33 ni21 21 1033,suspect,0.75,4,十 二 街 大 处,十 二 大 街 子,UNKNOWN,扫描 OCR + IPA 锚点版面解析（四行对照） | 整理日期 2026-09,medium
SANGJIAJING-P0667-R-04,SANGJIAJING,667,R,4,7#,vu²¹ do²¹,vu21 do21,ok,1.00,2,街 腰 盐 卖 处,街腰 开 盐 店,UNKNOWN,扫描 OCR + IPA 锚点版面解析（四行对照） | 整理日期 2026-09,medium
SANGJIAJING-P0668-L-01,SANGJIAJING,668,L,1,店 盐 巴 中 买,,th21 ($i33 33 1D33 ob 31,failed,0.40,5,一 斤 买 了 回,买 回 一 斤 来,UNKNOWN,扫描 OCR + IPA 锚点版面解析（四行对照） | 整理日期 2026-09,medium
SANGJIAJING-P0668-L-02,SANGJIAJING,668,L,2,张,,2i44 tshp²mu33 b121,failed,0.33,3,魂 赎 盐 的 给,用 作 赎 魂 盐,UNKNOWN,扫描 OCR + IPA 锚点版面解析（四行对照） | 整理日期 2026-09,medium
SANGJIAJING-P0668-L-03,SANGJIAJING,668,L,3,张 W 目 九,tshɒ²¹ t ³³ tso ³³ ne,tshD²1t 33 tso 33 ne,suspect,0.75,4,魂 赎 盐 有 也,赎 魂 盐 有 了,UNKNOWN,扫描 OCR + IPA 锚点版面解析（四行对照） | 整理日期 2026-09,medium
SANGJIAJING-P0668-L-04,SANGJIAJING,668,L,4,张 目 田,zi⁴⁴ mɒ²¹ t⁰³3,zi44 mD21 t$033,suspect,0.67,3,魂 赎 香 不 有,香 尚 无 赎 魂,UNKNOWN,扫描 OCR + IPA 锚点版面解析（四行对照） | 整理日期 2026-09,medium
SANGJIAJING-P0668-R-01,SANGJIAJING,668,R,1,W 不 勿,phu³³ li³³ luss ɒli³³,"phu33 1,33 luss D13",suspect,0.67,3,勒 普 毕 绕 来,勒 普 毕 绕 啊,UNKNOWN,扫描 OCR + IPA 锚点版面解析（四行对照） | 整理日期 2026-09,medium
SANGJIAJING-P0668-R-02,SANGJIAJING,668,R,2,四 处 去 打 听,a²¹ 1y4 le³¹ kurs ⁰³,A21 1y4 le31 kur*s $03,suspect,0.67,3,阿 勒 香 工 匠,阿 勒 制 香 匠,UNKNOWN,扫描 OCR + IPA 锚点版面解析（四行对照） | 整理日期 2026-09,medium
SANGJIAJING-P0668-R-03,SANGJIAJING,668,R,3,万 分,,"kh,33 33 33 21 YD $0 30 do44",failed,0.33,6,那 里 香 美 出,他 处 出 好 香,UNKNOWN,扫描 OCR + IPA 锚点版面解析（四行对照） | 整理日期 2026-09,medium
SANGJIAJING-P0668-R-04,SANGJIAJING,668,R,4,效 h 飞2,a²¹ 1y³¹ kurs le³¹ li³³,A21 1y31 kur's le31 133,suspect,0.50,4,阿 勒 会 手 来,制香匠 阿 勒,UNKNOWN,扫描 OCR + IPA 锚点版面解析（四行对照） | 整理日期 2026-09,medium
SANGJIAJING-P0669-L-01,SANGJIAJING,669,L,1,签,md ³³ 1o²¹ ne³³ pe h³³ tsɒ ³³,"md 33 1o21 ne3 p""e"" h33 tsD 33",suspect,0.60,5,山 凹 安 盘 召,山 凹 安 盘 召,UNKNOWN,扫描 OCR + IPA 锚点版面解析（四行对照） | 整理日期 2026-09,medium
SANGJIAJING-P0669-L-02,SANGJIAJING,669,L,2,7,ʊe²¹ le³¹ si⁴⁴ qess ⁰⁰³¹,Ve21 le31 si44 qess 0031,suspect,0.75,4,左 手 树 枝 扯,左 手 扯 枝 条,UNKNOWN,扫描 OCR + IPA 锚点版面解析（四行对照） | 整理日期 2026-09,medium
SANGJIAJING-P0669-L-03,SANGJIAJING,669,L,3,号 光 圣,,ZD le31 Ie&p m21 9033,failed,0.33,3,右 手 佩 刀 抽,右手挥 刀,UNKNOWN,扫描 OCR + IPA 锚点版面解析（四行对照） | 整理日期 2026-09,medium
SANGJIAJING-P0669-R-01,SANGJIAJING,669,R,1,本 A 田面,thu³³ 0 ³³ ku³³ nɒs mɒ²¹,thu33 $0 33 ku33 nD's mp²1,suspect,0.50,4,香 做 多 不 图,制 多 香 不 图,UNKNOWN,扫描 OCR + IPA 锚点版面解析（四行对照） | 整理日期 2026-09,medium
SANGJIAJING-P0669-R-02,SANGJIAJING,669,R,2,丑 IM,ɒe1 thi²¹ tsa⁴⁴ ku³³,De1 th121 tsa44 ku33,suspect,0.67,3,香 美 一 把 做,仅 制 一 小 把,UNKNOWN,扫描 OCR + IPA 锚点版面解析（四行对照） | 整理日期 2026-09,medium
SANGJIAJING-P0669-R-03,SANGJIAJING,669,R,3,舍 分,0 ³³ ne²¹ le³¹ tsa ⁴⁴ zɒ²¹,$0 33 ne21 le31 tsa 44 ZD21,ok,0.80,5,香 美 手 把 小,小 把 优 质 香,UNKNOWN,扫描 OCR + IPA 锚点版面解析（四行对照） | 整理日期 2026-09,medium
SANGJIAJING-P0669-R-04,SANGJIAJING,669,R,4,Z 74,ʊli³³ ku⁴⁴ 1ɒ³³ vu²¹,V133 ku44 1D33 心 vu21,suspect,0.50,4,拿 了 街 大 卖,带到 街 行上卖,UNKNOWN,扫描 OCR + IPA 锚点版面解析（四行对照） | 整理日期 2026-09,medium
SANGJIAJING-P0670-L-01,SANGJIAJING,670,L,1,与# 日,tshi³³ ni²¹ khu⁴⁴ ²¹ li⁰³3,tsh133 ni²1 khu44 21 1033,ok,0.80,5,十 二 街大 处,十 大 二 街 上,UNKNOWN,扫描 OCR + IPA 锚点版面解析（四行对照） | 整理日期 2026-09,medium
SANGJIAJING-P0670-L-02,SANGJIAJING,670,L,2,号 700 74,khu⁴⁴ ⁰⁵5 phɒ³³ si²¹ vu²¹,khu44 0.55 phD33 si21 vu21,ok,0.80,5,街 头布 匹 卖,街 头 卖 布 匹,UNKNOWN,扫描 OCR + IPA 锚点版面解析（四行对照） | 整理日期 2026-09,medium
SANGJIAJING-P0670-R-01,SANGJIAJING,670,R,1,男,li³³ khu⁴⁴ dz⁰³1 tshi³³,133khu44dz031 tshi33,suspect,0.75,4,走 了 街 腰 到,寻到 中 腰 街,UNKNOWN,扫描 OCR + IPA 锚点版面解析（四行对照） | 整理日期 2026-09,medium
SANGJIAJING-P0670-R-02,SANGJIAJING,670,R,2,WI& 与星么,thi²¹ phu²¹ ni²¹ phu²¹ bi²¹,th1²1phu21 ni²1 phu²1 b121,ok,1.00,5,价给 一 价 二,双 倍 价 买 香,UNKNOWN,扫描 OCR + IPA 锚点版面解析（四行对照） | 整理日期 2026-09,medium
SANGJIAJING-P0670-R-03,SANGJIAJING,670,R,3,hI,,th2 tsa 44 1D33 q031,failed,0.00,3,一 把 买 了 回,买 回了 把,UNKNOWN,扫描 OCR + IPA 锚点版面解析（四行对照） | 整理日期 2026-09,medium
SANGJIAJING-P0671-L-01,SANGJIAJING,671,L,1,张E % 每,zi⁴⁴ 0 ³³ mu ³³ bi²¹,Zi44 $0 33 mu? 33 b121,suspect,0.75,4,魂 赎 香 的 给,用 来 赎 魂 归,UNKNOWN,扫描 OCR + IPA 锚点版面解析（四行对照） | 整理日期 2026-09,medium
SANGJIAJING-P0671-L-02,SANGJIAJING,671,L,2,W 不 分,,luss phu33 h33 D133 2D1,failed,0.00,4,勒 普 毕 绕 来,勒 普 毕 绕 啊,UNKNOWN,扫描 OCR + IPA 锚点版面解析（四行对照） | 整理日期 2026-09,medium
SANGJIAJING-P0671-L-03,SANGJIAJING,671,L,3,全,,"tsh;33 h33 33 tD33 tc""e SD e!2",failed,0.20,5,脚 起 线 找 去,登程寻 丝 线,UNKNOWN,扫描 OCR + IPA 锚点版面解析（四行对照） | 整理日期 2026-09,medium
SANGJIAJING-P0671-R-01,SANGJIAJING,671,R,1,分 Z,ssɔb a³³ do³¹ mɒ³³ zɒ1,SsOb A33 do31 mp33 ZD1,suspect,0.75,4,咄 玛 昆 明 阿,昆 明 阿 咄 玛,UNKNOWN,扫描 OCR + IPA 锚点版面解析（四行对照） | 整理日期 2026-09,medium
SANGJIAJING-P0671-R-02,SANGJIAJING,671,R,2,Z 面 7,,A33 do31 33 55 33 nu ms mD,failed,0.33,6,阿 女 三 母,阿 婆 媳 仁,UNKNOWN,扫描 OCR + IPA 锚点版面解析（四行对照） | 整理日期 2026-09,medium
SANGJIAJING-P0671-R-03,SANGJIAJING,671,R,3,7: w,,me21 dess bu21 lur's D033,failed,0.33,3,媳 妇 蚕 对 喜,儿 媳 喜 欢 蚕,UNKNOWN,扫描 OCR + IPA 锚点版面解析（四行对照） | 整理日期 2026-09,medium
SANGJIAJING-P0672-L-01,SANGJIAJING,672,L,1,分 —忍,bu²¹ zɒ²¹ bu²¹ bɒ³³ li⁰³1,bu²1 ZD21 bu21 bp33 1031,ok,1.00,5,蚕 儿 蚕 茧 成,养 蚕长 成 茧,UNKNOWN,扫描 OCR + IPA 锚点版面解析（四行对照） | 整理日期 2026-09,medium
SANGJIAJING-P0672-L-02,SANGJIAJING,672,L,2,-=,bu²¹ bɒ³³ t tge h³³ ne ²¹ ⁹⁰3,"bu²1 bp33 t tG""e"""" h33 ne 21 903",ok,0.80,5,蚕 茧线美 扯,茧抽 冏出 蚕 丝,UNKNOWN,扫描 OCR + IPA 锚点版面解析（四行对照） | 整理日期 2026-09,medium
SANGJIAJING-P0672-L-03,SANGJIAJING,672,L,3,3,si³³ the³³ ob ³³ 1p³³ thu³¹,si33 the33 ob 33 1p33 thu31,ok,0.80,5,金 线 扯 了 出,抽 丝 成 丝 线,UNKNOWN,扫描 OCR + IPA 锚点版面解析（四行对照） | 整理日期 2026-09,medium
SANGJIAJING-P0672-L-04,SANGJIAJING,672,L,4,WI安,thi²¹ tche³³ iɒ³³ q⁰³1,th121 tche33 ID33 q031,suspect,0.75,4,一 线 买 了 回,买 回 一 根 来,UNKNOWN,扫描 OCR + IPA 锚点版面解析（四行对照） | 整理日期 2026-09,medium
SANGJIAJING-P0672-L-05,SANGJIAJING,672,L,5,张E 品多每 么,zi¹⁴ tsstch³³ h³³ mu ³³ bi²¹,Zi14 tsstch33 h33 mu 33 b121,suspect,0.60,5,魂 拴线 的 给,用 作拴魂线,UNKNOWN,扫描 OCR + IPA 锚点版面解析（四行对照） | 整理日期 2026-09,medium
SANGJIAJING-P0672-R-01,SANGJIAJING,672,R,1,张 品 九,,tx tc”e33 33 tso ne,failed,0.33,3,魂 拴线 有 也,拴魂线 有 了,UNKNOWN,扫描 OCR + IPA 锚点版面解析（四行对照） | 整理日期 2026-09,medium
SANGJIAJING-P0672-R-02,SANGJIAJING,672,R,2,张 田,,2144 khDss 12m6 mp21 t$033,failed,0.00,3,魂遮 枝 不 有,无 魂 尚 遮 枝,UNKNOWN,扫描 OCR + IPA 锚点版面解析（四行对照） | 整理日期 2026-09,medium
SANGJIAJING-P0672-R-03,SANGJIAJING,672,R,3,万π雨 3=,ne³¹ kh³³ ne³¹,ne31 kh33 ne31,suspect,0.67,3,早 早 那 时候,远 古 之 时 代,UNKNOWN,扫描 OCR + IPA 锚点版面解析（四行对照） | 整理日期 2026-09,medium
SANGJIAJING-P0672-R-04,SANGJIAJING,672,R,4,远 古 之 时 代,,X W7L,failed,0.00,1,44 tsiss ne44 dzo²tshi31 ne,竖代 眼 独 眼,UNKNOWN,扫描 OCR + IPA 锚点版面解析（四行对照） | 整理日期 2026-09,medium
SANGJIAJING-P0672-R-05,SANGJIAJING,672,R,5,X W7L,,44 tsiss ne44 dzo²tshi31 ne,failed,0.25,4,竖代 眼 独 眼,独 眼 竖 眼 代?,UNKNOWN,扫描 OCR + IPA 锚点版面解析（四行对照） | 整理日期 2026-09,medium
SANGJIAJING-P0672-R-06,SANGJIAJING,672,R,6,W7X,,dz.0²l tsh;31 he44 mb 33 du33,failed,0.40,5,眼 竖代 完 后,此 化代人之后,UNKNOWN,扫描 OCR + IPA 锚点版面解析（四行对照） | 整理日期 2026-09,medium
SANGJIAJING-P0673-L-01,SANGJIAJING,673,L,1,7L,ne ⁴⁴ tsw ³³ ⁴⁴ ʊe³³ tshi³¹ ne,ne 44 tsw 33 44 Ve33 tshi31 ne,suspect,0.50,6,眼 双 眼 横 代,双 眼 横 生 代,UNKNOWN,扫描 OCR + IPA 锚点版面解析（四行对照） | 整理日期 2026-09,medium
SANGJIAJING-P0673-L-02,SANGJIAJING,673,L,2,安7L & 78,⁴⁴ tshi³¹ ne ʊe³³ du³³,44 tshi31 ne Ve33 du33,suspect,0.50,4,眼 横 代 完 后,此 代 人 N 后,UNKNOWN,扫描 OCR + IPA 锚点版面解析（四行对照） | 整理日期 2026-09,medium
SANGJIAJING-P0673-L-03,SANGJIAJING,673,L,3,甘 住7L,dɒ²¹ 1p²¹ zi³³ tsi³³ tshi³¹,dp21 1p21 Z133 tsi33 tshi31,ok,0.80,5,洪 水 泛 滥 代,代 洪 水 泛 滥,UNKNOWN,扫描 OCR + IPA 锚点版面解析（四行对照） | 整理日期 2026-09,medium
SANGJIAJING-P0673-L-04,SANGJIAJING,673,L,4,甘 7L 7,dɒ²¹ 1p²¹ zi³³ tshi³¹ du³³,"dp21 1p21 z,133 tshi31 du33",ok,0.80,5,洪 水 泛 代 后,洪 水 代 过 后,UNKNOWN,扫描 OCR + IPA 锚点版面解析（四行对照） | 整理日期 2026-09,medium
SANGJIAJING-P0673-R-01,SANGJIAJING,673,R,1,7 WI (μ) 又,,si4 th21 bu33 tDss Eelb,failed,0.33,3,树 一 丛 剩 搁,唯 遗 一 丛 树,UNKNOWN,扫描 OCR + IPA 锚点版面解析（四行对照） | 整理日期 2026-09,medium
SANGJIAJING-P0673-R-02,SANGJIAJING,673,R,2,7世 0 万 WI,kh³³ thi²¹ vu³³ bur³³,"kh,33 th121 vu33 bur33",suspect,0.75,4,青冈 栎 那 一 丛,一 丛 青 冈 栎,UNKNOWN,扫描 OCR + IPA 锚点版面解析（四行对照） | 整理日期 2026-09,medium
SANGJIAJING-P0673-R-03,SANGJIAJING,673,R,3,7世 0,ci³³ vu³³ li⁰⁴4 khx⁴⁴ niss,Ci33 vu33 1044 khx44 niss,ok,0.80,5,青冈 栎 石 丛 头,栎 长 树 石 间,UNKNOWN,扫描 OCR + IPA 锚点版面解析（四行对照） | 整理日期 2026-09,medium
SANGJIAJING-P0673-R-04,SANGJIAJING,673,R,4,分 勿 WI 来 (2),³³ thi²¹ bur³³ yɒ,33 th121 bur33 yD,suspect,0.75,4,后 来 一 丛 剩,另 尚 遗 一 丛,UNKNOWN,扫描 OCR + IPA 锚点版面解析（四行对照） | 整理日期 2026-09,medium
SANGJIAJING-P0673-R-05,SANGJIAJING,673,R,5,? (2),si²¹ tche³¹ thi²¹ bu,si21 tche31 th121 bu,ok,1.00,4,肆 潜 一 丛 剩,遗 一 丛 肆 潜,UNKNOWN,扫描 OCR + IPA 锚点版面解析（四行对照） | 整理日期 2026-09,medium
SANGJIAJING-P0674-L-01,SANGJIAJING,674,L,1,工 单,si²¹ tche³¹ hy³¹ kɒ³³ tsi³³,si21 tche31 hy31 kD33 ts133,ok,0.80,5,肆 潜 路 边 立,肆 潜 长 路 边,UNKNOWN,扫描 OCR + IPA 锚点版面解析（四行对照） | 整理日期 2026-09,medium
SANGJIAJING-P0674-L-02,SANGJIAJING,674,L,2,7世 00,ci³³ vu³³ si²¹ tche³¹ kɒ³³,ci33 vu33 si21 tche31 kD33,ok,1.00,5,青冈 栎 肆 潜参,青 栎 肆潜 和,UNKNOWN,扫描 OCR + IPA 锚点版面解析（四行对照） | 整理日期 2026-09,medium
SANGJIAJING-P0674-L-03,SANGJIAJING,674,L,3,张,khɒss ²¹ mu³³ bi²¹ 2i m6,khDss 21 mu33 br21 2i m6,suspect,0.75,4,魂 遮 枝 做 给,用 来 遮 魂 归,UNKNOWN,扫描 OCR + IPA 锚点版面解析（四行对照） | 整理日期 2026-09,medium
SANGJIAJING-P0674-L-04,SANGJIAJING,674,L,4,张E 田,zzi¹⁴ 1ɒ²¹ ɒɒs ⁰³3,Zzi14 1D21 DDs #033,suspect,0.67,3,魂 耕 牛 不 有,尚 无耕 牛献,UNKNOWN,扫描 OCR + IPA 锚点版面解析（四行对照） | 整理日期 2026-09,medium
SANGJIAJING-P0674-R-01,SANGJIAJING,674,R,1,企 张E,a³³ ⁵⁵ ip²¹ mi³³ nɒ,A33 55 Ip21 m133 nD,ok,0.80,5,什 么 魂 耕 牛,啥做 魂 耕 牛,UNKNOWN,扫描 OCR + IPA 锚点版面解析（四行对照） | 整理日期 2026-09,medium
SANGJIAJING-P0674-R-02,SANGJIAJING,674,R,2,张,zi4 tho²¹ pu³³ ip²¹,zi4 tho21 pu3 Ip21,suspect,0.67,3,松 球 魂 耕 牛,松 球 耕 牛 魂,UNKNOWN,扫描 OCR + IPA 锚点版面解析（四行对照） | 整理日期 2026-09,medium
SANGJIAJING-P0674-R-03,SANGJIAJING,674,R,3,松 球 耕 牛 魂,,bu²1 tGh33 1p²1 ku44 tyss,failed,0.40,5,丝 线 牛 角,丝 线 拴 牛 角,UNKNOWN,扫描 OCR + IPA 锚点版面解析（四行对照） | 整理日期 2026-09,medium
SANGJIAJING-P0674-R-04,SANGJIAJING,674,R,4,Y 企 Z4 公会,du²¹ m1 ³³ du⁵⁵ s ni²¹ tɒ³³,du21 m1 33 du5s ni²1 tD33,ok,0.80,5,阳 间 耕 种 牛,阳 间 耕 种 牛,UNKNOWN,扫描 OCR + IPA 锚点版面解析（四行对照） | 整理日期 2026-09,medium
SANGJIAJING-P0674-R-05,SANGJIAJING,674,R,5,小 企 张 住,zi⁴⁴ ni²¹ du²¹ mi³³ tsi³³,zi44 ni21 du21 m133 tsi33,ok,1.00,5,阳 间 魂 接 牛,阳间 招魂 牛,UNKNOWN,扫描 OCR + IPA 锚点版面解析（四行对照） | 整理日期 2026-09,medium
SANGJIAJING-P0675-L-01,SANGJIAJING,675,L,1,Y 企,du²¹ mi³³ zi4 ni2l,du21 m133 zi4 ni2l,suspect,0.67,3,阳 间 魂 赎 牛,阳 间 赎 魂 牛,UNKNOWN,扫描 OCR + IPA 锚点版面解析（四行对照） | 整理日期 2026-09,medium
SANGJIAJING-P0675-L-02,SANGJIAJING,675,L,2,3= 每,tho²¹ pu ³³ 1p²¹ li³³,tho21 pu 33 1p21 133,suspect,0.75,4,松 球 牛 来 做,松 球 牛 来 充,UNKNOWN,扫描 OCR + IPA 锚点版面解析（四行对照） | 整理日期 2026-09,medium
SANGJIAJING-P0675-L-03,SANGJIAJING,675,L,3,W 不 分,,"lur's h.33 33 21 1h33 p""u pi ZD",failed,0.20,5,勒 普 毕 绕 来,勒 普 毕 绕 啊,UNKNOWN,扫描 OCR + IPA 锚点版面解析（四行对照） | 整理日期 2026-09,medium
SANGJIAJING-P0675-R-01,SANGJIAJING,675,R,1,介 3=,⁵⁵ mi³³ di³³ tch³³ np mi³³,55 m133 d133 tch33 np m133,suspect,0.60,5,上 阴 间 地 旷,阴 间 地面 上,UNKNOWN,扫描 OCR + IPA 锚点版面解析（四行对照） | 整理日期 2026-09,medium
SANGJIAJING-P0675-R-02,SANGJIAJING,675,R,2,π3,ip²¹ dzi²¹ khx4khx⁴⁴,Ip21 dzi²1 khx4khx44,suspect,0.67,3,刀 尖草 刺 尖 尖,刀 尖 草 密 麻,UNKNOWN,扫描 OCR + IPA 锚点版面解析（四行对照） | 整理日期 2026-09,medium
SANGJIAJING-P0675-R-03,SANGJIAJING,675,R,3,￥,2li³³ de³¹ zi³³ si²¹ di³³,2.133 de31 Z133 si21 d133,ok,0.80,5,水 漫 水 漫 地,沼 泽 茫 茫 地,UNKNOWN,扫描 OCR + IPA 锚点版面解析（四行对照） | 整理日期 2026-09,medium
SANGJIAJING-P0675-R-04,SANGJIAJING,675,R,4,效,a³³ si²¹,A33 si21,ok,1.00,2,螺 蛳 水 浸 地,螺 蛳 遍 泽 中,UNKNOWN,扫描 OCR + IPA 锚点版面解析（四行对照） | 整理日期 2026-09,medium
SANGJIAJING-P0675-R-05,SANGJIAJING,675,R,5,介 不,,55 dzi2 mu2 php21 np m133,failed,0.33,3,阴 间 资 莫 帕,阴间资莫 帕,UNKNOWN,扫描 OCR + IPA 锚点版面解析（四行对照） | 整理日期 2026-09,medium
SANGJIAJING-P0676-L-01,SANGJIAJING,676,L,1,企 π 效,,55 dzi21 A33 44 nD go,failed,0.40,5,阴 间 资 阿 果,阴 间 资 阿 果,UNKNOWN,扫描 OCR + IPA 锚点版面解析（四行对照） | 整理日期 2026-09,medium
SANGJIAJING-P0676-L-02,SANGJIAJING,676,L,2,Y 介 分 张,,ranp ZD21 2i4 dur21,failed,0.00,2,阳 间 儿 魂 放,释 放 男 儿 魂,UNKNOWN,扫描 OCR + IPA 锚点版面解析（四行对照） | 整理日期 2026-09,medium
SANGJIAJING-P0676-L-03,SANGJIAJING,676,L,3,分 张 田,zɒ mɒ²¹ dur²¹ zi³³,ZD mp21 dur21 zi33,suspect,0.67,3,儿 魂 不 放 呢,若 不 放 儿 魂,UNKNOWN,扫描 OCR + IPA 锚点版面解析（四行对照） | 整理日期 2026-09,medium
SANGJIAJING-P0676-L-04,SANGJIAJING,676,L,4,分 7 Z 飞 日,³³ du³³ niss ʊ³³ li⁰³3 yɒ,33 du33 niss V33 1033 yD,suspect,0.60,5,后 来 前 家 处,亡 者 生 前 家,UNKNOWN,扫描 OCR + IPA 锚点版面解析（四行对照） | 整理日期 2026-09,medium
SANGJIAJING-P0676-L-05,SANGJIAJING,676,L,5,每田,mu³³ tsho³³ mɒ²¹ qo²¹ li⁰³3,mu3 tsho3 mp21 qo21 1$0.33,ok,1.00,5,种 做人不 有,庄稼无人 盘,UNKNOWN,扫描 OCR + IPA 锚点版面解析（四行对照） | 整理日期 2026-09,medium
SANGJIAJING-P0676-R-01,SANGJIAJING,676,R,1,Z4 子每 WI,thi²¹ t4u³³ mu³³ ni³³,th121 t4u33 mu33 ni33,suspect,0.75,4,人 死 的 一 天,阳 间 死 人 时,UNKNOWN,扫描 OCR + IPA 锚点版面解析（四行对照） | 整理日期 2026-09,medium
SANGJIAJING-P0676-R-02,SANGJIAJING,676,R,2,必 不 金 G,⁴⁰³³ tsɒ³³ k⁰³3 zɔs,4033 tsD33 k033 ZO's,suspect,0.50,4,丧 粮 量 要 还,无 人 操 丧 事,UNKNOWN,扫描 OCR + IPA 锚点版面解析（四行对照） | 整理日期 2026-09,medium
SANGJIAJING-P0676-R-03,SANGJIAJING,676,R,3,飞 张 九 %,,33 44 thD21 nu Z1 ne33,failed,0.25,4,女儿 魂 也 莫 拦,莫 阻 女 儿 魂,UNKNOWN,扫描 OCR + IPA 锚点版面解析（四行对照） | 整理日期 2026-09,medium
SANGJIAJING-P0676-R-04,SANGJIAJING,676,R,4,Y 张,zi⁴⁴ du²¹ mi³³ nu ³³ dur²¹,zi44 du²1 m133 nu 33 dur²1,ok,1.00,5,阳 间 女儿 魂 放,放 归女儿魂,UNKNOWN,扫描 OCR + IPA 锚点版面解析（四行对照） | 整理日期 2026-09,medium
SANGJIAJING-P0677-L-01,SANGJIAJING,677,L,1,Z4 每 IM,,th21 4u4 mu 33 Di33,failed,0.33,3,人 死 的 一 日,阳 间 死 人 时,UNKNOWN,扫描 OCR + IPA 锚点版面解析（四行对照） | 整理日期 2026-09,medium
SANGJIAJING-P0677-R-01,SANGJIAJING,677,R,1,效 46 3E,,A33 yw 44 0.55 4u33 da 44,failed,0.40,5,舅 舅 孝 布 断,舅 家 的 孝 布,UNKNOWN,扫描 OCR + IPA 锚点版面解析（四行对照） | 整理日期 2026-09,medium
SANGJIAJING-P0677-R-02,SANGJIAJING,677,R,2,效 4 3E,a³³ ni³³ ⁰⁵5 4u³³ da ⁴⁴,A33 ni33 0.55 4u33 da 44,suspect,0.60,5,姑 妈 孝 布 断,姑 家 的 孝 布,UNKNOWN,扫描 OCR + IPA 锚点版面解析（四行对照） | 整理日期 2026-09,medium
SANGJIAJING-P0677-R-03,SANGJIAJING,677,R,3,A 3E,the³¹ tos ⁰⁵5 4u³³ da ⁴⁴,the31 t$o's 0.55 4u33 da 44,suspect,0.75,4,抬 枢 孝 布 断,抬 棺 者 孝 布,UNKNOWN,扫描 OCR + IPA 锚点版面解析（四行对照） | 整理日期 2026-09,medium
SANGJIAJING-P0677-R-04,SANGJIAJING,677,R,4,下 3E,,"h33 dza""p""D” 31h33 da44 p""D",failed,0.40,5,布 甩 布 逃 断,驱 秽 驱 邪 布,UNKNOWN,扫描 OCR + IPA 锚点版面解析（四行对照） | 整理日期 2026-09,medium
SANGJIAJING-P0678-L-01,SANGJIAJING,678,L,1,日,a³³ khi³³ mi³³ li⁰³3,A33 kh133 m133 1033,ok,1.00,4,什 么 那 里 使,使 用 什 么 布,UNKNOWN,扫描 OCR + IPA 锚点版面解析（四行对照） | 整理日期 2026-09,medium
SANGJIAJING-P0678-L-02,SANGJIAJING,678,L,2,W,tsiss pɒ hn³³ kh³³ zu2 ²¹ tu³³,"tsiss p""D hn33 kh33 Zu² 21 tu33",suspect,0.50,4,麻 布 它 使 具,使 用 麻 纺 布,UNKNOWN,扫描 OCR + IPA 锚点版面解析（四行对照） | 整理日期 2026-09,medium
SANGJIAJING-P0678-L-03,SANGJIAJING,678,L,3,飞 W 灭,,nu 33 tsiss S155 ZO.Ss 1D33,failed,0.33,3,女儿 麻 撒 要 呢,女 儿 要 种 麻,UNKNOWN,扫描 OCR + IPA 锚点版面解析（四行对照） | 整理日期 2026-09,medium
SANGJIAJING-P0678-L-04,SANGJIAJING,678,L,4,飞 70 m,³³ tshi²¹ dzu nu ze³¹ zɔ,"33 tshi21 dz,u nu Ze31 ZO",suspect,0.50,4,女儿 织 布 要 呢,女 儿 要 织 布,UNKNOWN,扫描 OCR + IPA 锚点版面解析（四行对照） | 整理日期 2026-09,medium
SANGJIAJING-P0678-R-01,SANGJIAJING,678,R,1,W 张 C,,zi4 diss du²1 1D33 q031,failed,0.00,3,孙 魂 放 了 返,释 放 孙 魂 归,UNKNOWN,扫描 OCR + IPA 锚点版面解析（四行对照） | 整理日期 2026-09,medium
SANGJIAJING-P0678-R-02,SANGJIAJING,678,R,2,W 张 田,,zi14 zi33 4i5s mp 21 9031,failed,0.40,5,孙 魂 不 返 呢,孙 魂 若 不 归,UNKNOWN,扫描 OCR + IPA 锚点版面解析（四行对照） | 整理日期 2026-09,medium
SANGJIAJING-P0678-R-03,SANGJIAJING,678,R,3,4h 子 每 WI 天,4u³³ si³³ mu ³³ th²¹ ni³³,4u33 si33 mu 33 th21 ni33,suspect,0.60,5,的 人 死 一 日,阳 间 死 人 日,UNKNOWN,扫描 OCR + IPA 锚点版面解析（四行对照） | 整理日期 2026-09,medium
SANGJIAJING-P0678-R-04,SANGJIAJING,678,R,4,子,qhɒ³³ ³³ 2i³³ kɒ³³ xɒ,qhD33 33 2i33 kD33 XD,suspect,0.60,5,死 路 若 送 呢,抬 棺 送 上 山,UNKNOWN,扫描 OCR + IPA 锚点版面解析（四行对照） | 整理日期 2026-09,medium
SANGJIAJING-P0678-R-05,SANGJIAJING,678,R,5,G,tsi³³ kɒ³³ zɔ ³³,tsi33 kD33 ZO 33,ok,1.00,3,小 死 路 酒 倒 要,倒 酒 谢 亲 朋,UNKNOWN,扫描 OCR + IPA 锚点版面解析（四行对照） | 整理日期 2026-09,medium
SANGJIAJING-P0679-L-01,SANGJIAJING,679,L,1,田 田,,21 4u2l tsho33 h33 21 mp mp,failed,0.00,5,不 放 人 不 有,不 放 无 人 担,UNKNOWN,扫描 OCR + IPA 锚点版面解析（四行对照） | 整理日期 2026-09,medium
SANGJIAJING-P0679-L-02,SANGJIAJING,679,L,2,小 企 易 张,bi²¹ ⁴⁴ du²¹ mi³³ 4e⁴⁴ z1,b121 .44 du21 m133 4e44 Z1,suspect,0.50,6,阳 间 重 孙 魂,阳 间 重 孙 魂,UNKNOWN,扫描 OCR + IPA 锚点版面解析（四行对照） | 整理日期 2026-09,medium
SANGJIAJING-P0679-L-03,SANGJIAJING,679,L,3,张E,,4e4 zi44 dur21 q031,failed,0.33,3,重孙 魂 放 返 要,重 孙 魂 要 归,UNKNOWN,扫描 OCR + IPA 锚点版面解析（四行对照） | 整理日期 2026-09,medium
SANGJIAJING-P0679-R-01,SANGJIAJING,679,R,1,女 企 飞 日,du²¹ mi³³ niss ʊli³³ li⁰³3,du21 m133 niss V133 1033,suspect,0.75,4,阳 间 前 家 处,亡 者 前 世 家,UNKNOWN,扫描 OCR + IPA 锚点版面解析（四行对照） | 整理日期 2026-09,medium
SANGJIAJING-P0679-R-02,SANGJIAJING,679,R,2,tQ 4 天,th²¹ ni³³ he³³ ku³³,th21 ni33 he33 ku33,suspect,0.75,4,房 大 盖 一 日,起 房 盖 屋 日,UNKNOWN,扫描 OCR + IPA 锚点版面解析（四行对照） | 整理日期 2026-09,medium
SANGJIAJING-P0679-R-03,SANGJIAJING,679,R,3,7 安 田 目,,si44 1 dle31 mp 21 t$033,failed,0.25,4,木 大 劈 不 有,料 无 人 劈 木,UNKNOWN,扫描 OCR + IPA 锚点版面解析（四行对照） | 整理日期 2026-09,medium
SANGJIAJING-P0679-R-04,SANGJIAJING,679,R,4,Z4 子 每 天,,t4u33 mu th121 ni33,failed,0.33,3,人 死 的 一 日,阳 间 死 人 日,UNKNOWN,扫描 OCR + IPA 锚点版面解析（四行对照） | 整理日期 2026-09,medium
SANGJIAJING-P0679-R-05,SANGJIAJING,679,R,5,A 光 田,,055 4u33 dy31 mp21 bu?,failed,0.40,5,孝 布 戴 不 有,无 人 戴 孝 布,UNKNOWN,扫描 OCR + IPA 锚点版面解析（四行对照） | 整理日期 2026-09,medium
SANGJIAJING-P0680-L-01,SANGJIAJING,680,L,1,半 张 m,zi¹⁴ zos dzu,"zi14 zo""s dz,u?",suspect,0.50,2,马 魂 返 要 呢,马 归 的 魂 要,UNKNOWN,扫描 OCR + IPA 锚点版面解析（四行对照） | 整理日期 2026-09,medium
SANGJIAJING-P0680-L-02,SANGJIAJING,680,L,2,分 7 Z 日,niss ʊli³³ yɒ ³³ du³³ li⁰³3,niss V133 YD 33 du33 1033,suspect,0.75,4,后 来 前 家 处,死 亡 前 世 家,UNKNOWN,扫描 OCR + IPA 锚点版面解析（四行对照） | 整理日期 2026-09,medium
SANGJIAJING-P0680-R-01,SANGJIAJING,680,R,1,Z Z 6,,niss fe55 khD21 V3 dzo²,failed,0.33,3,前 家 官 司 值,家 里 涉 官 司,UNKNOWN,扫描 OCR + IPA 锚点版面解析（四行对照） | 整理日期 2026-09,medium
SANGJIAJING-P0680-R-02,SANGJIAJING,680,R,2,G hi 天,thi²¹ fess khɒ²¹ ni³³,th121 fess khD21 ni33,suspect,0.67,3,官 司 成 一 日,诉 审 案 日 讼,UNKNOWN,扫描 OCR + IPA 锚点版面解析（四行对照） | 整理日期 2026-09,medium
SANGJIAJING-P0680-R-03,SANGJIAJING,680,R,3,小 企 分 张,du²¹ mi ³³ ³³ ni²¹ yɒ,du21 mi 33 33 ni21 yD,ok,0.80,5,阳 间 的 牛 魂,阳 间 之 牛 魂,UNKNOWN,扫描 OCR + IPA 锚点版面解析（四行对照） | 整理日期 2026-09,medium
SANGJIAJING-P0680-R-04,SANGJIAJING,680,R,4,张E,zzi¹⁴ ip²¹ md ⁴⁴ ob ³¹,Zzi14 Ip21 md 44 ob 31,suspect,0.75,4,牛 魂 返 回 要,牛 魂 要 返 归,UNKNOWN,扫描 OCR + IPA 锚点版面解析（四行对照） | 整理日期 2026-09,medium
SANGJIAJING-P0681-L-01,SANGJIAJING,681,L,1,分 灶 日,yɒ ³³ du³³ niss ʊi³³ li⁰³3,yD 33 du33 niss VI33 1033,suspect,0.75,4,后 来 前 家 处,亡 者 前 世 家,UNKNOWN,扫描 OCR + IPA 锚点版面解析（四行对照） | 整理日期 2026-09,medium
SANGJIAJING-P0681-L-02,SANGJIAJING,681,L,2,公会 每 WI 天,ob th²¹ ni³³ tɒ³³ mu³³,ob th21 ni33 tD33 mu33,ok,1.00,4,种 起 做 一 日,播 种 N 时 日,UNKNOWN,扫描 OCR + IPA 锚点版面解析（四行对照） | 整理日期 2026-09,medium
SANGJIAJING-P0681-L-03,SANGJIAJING,681,L,3,Z 每 IU 天,4uss thi²¹ ni³³ tɒ³³ mu³³,4uss th121 ni33 tD33 mu33,suspect,0.75,4,耕 起 做 一 日,耕田之 时 日,UNKNOWN,扫描 OCR + IPA 锚点版面解析（四行对照） | 整理日期 2026-09,medium
SANGJIAJING-P0681-R-01,SANGJIAJING,681,R,1,田 m,tɒ³³ 1p²¹ ³³ li²⁰ b mp to,tp33 1p21 33 120b mp t$o,suspect,0.60,5,种 起 牛 不 有,播 种 无 役 牛,UNKNOWN,扫描 OCR + IPA 锚点版面解析（四行对照） | 整理日期 2026-09,medium
SANGJIAJING-P0681-R-02,SANGJIAJING,681,R,2,Z 田,lɒ²¹ duss tɒ³³ mɒ²¹ t⁰³3,lp21 duss tD33 mD21 t$033,suspect,0.50,4,耕 起 牛 不 有,耕 田 无 役 牛,UNKNOWN,扫描 OCR + IPA 锚点版面解析（四行对照） | 整理日期 2026-09,medium
SANGJIAJING-P0681-R-03,SANGJIAJING,681,R,3,张 闲 又,zzi⁴⁴ thɒ²¹ tsoss tpss,Zzi44 thp21 tsoss tpss,ok,1.00,3,歌 魂 莫 拦 搁,莫阻歌 师 魂,UNKNOWN,扫描 OCR + IPA 锚点版面解析（四行对照） | 整理日期 2026-09,medium
SANGJIAJING-P0682-L-01,SANGJIAJING,682,L,1,张 又,,tsoss .2 ab h33 55 tD33,failed,0.33,3,歌 魂 若 拦 搁,其 若 滞 留 魂,UNKNOWN,扫描 OCR + IPA 锚点版面解析（四行对照） | 整理日期 2026-09,medium
SANGJIAJING-P0682-L-02,SANGJIAJING,682,L,2,ZZZ 安 住,fu³³ tsiss ʊɛ ³³ tsi³³ ni³³,fu33 tsiss VE 33 tsi33 ni33,suspect,0.75,4,婚 嫁 客 接 日,婚 礼 待 客 日,UNKNOWN,扫描 OCR + IPA 锚点版面解析（四行对照） | 整理日期 2026-09,medium
SANGJIAJING-P0682-R-01,SANGJIAJING,682,R,1,其 魂 若 不 返,,Z4h 子 WI,failed,0.00,1,si33 th21 nij33 4u33 mu 33,人 死 的 一 日,UNKNOWN,扫描 OCR + IPA 锚点版面解析（四行对照） | 整理日期 2026-09,medium
SANGJIAJING-P0682-R-02,SANGJIAJING,682,R,2,Z4h 子 WI,si³³ th²¹ nij³³ 4u³³ mu ³³,si33 th21 nij33 4u33 mu 33,suspect,0.60,5,人 死 的 一 日,阳 间 死 人 日,UNKNOWN,扫描 OCR + IPA 锚点版面解析（四行对照） | 整理日期 2026-09,medium
SANGJIAJING-P0683-L-01,SANGJIAJING,683,L,1,Y 企 分 8 张E,³³ zzi¹⁴ du²¹ mi ³³ yɒ niu³³,33 Zzi14 du²1 mi 33 yD niu33,suspect,0.60,5,阳 间 的 猪 魂,阳 间 N 猪 魂,UNKNOWN,扫描 OCR + IPA 锚点版面解析（四行对照） | 整理日期 2026-09,medium
SANGJIAJING-P0683-L-02,SANGJIAJING,683,L,2,D 张E G,niua md ⁴⁴ ob ³¹ zɔss,niua md 44 ob 31 ZO.SS,ok,1.00,3,猪 魂 返 回 要,猪 魂 要 归 返,UNKNOWN,扫描 OCR + IPA 锚点版面解析（四行对照） | 整理日期 2026-09,medium
SANGJIAJING-P0683-L-03,SANGJIAJING,683,L,3,D 张 % 又,zi ⁴⁴ thɒ²¹ tp ss niu,Zi :44 thp21 tp-ss niu,ok,1.00,3,猪 魂 莫 拦 搁,莫 阻 拦 猪 魂,UNKNOWN,扫描 OCR + IPA 锚点版面解析（四行对照） | 整理日期 2026-09,medium
SANGJIAJING-P0683-L-04,SANGJIAJING,683,L,4,Z4 每 IU,si³³ th²¹ ni³³ t4u³³ mu³³,si33 th21 ni33 t4u33 mu33,suspect,0.60,5,人 死 的 一 日,阳 间 死 人 日,UNKNOWN,扫描 OCR + IPA 锚点版面解析（四行对照） | 整理日期 2026-09,medium
SANGJIAJING-P0683-R-01,SANGJIAJING,683,R,1,小 张 分,zzi¹⁴ du²¹ mi³³ yɒ ³³ ʊɒ ²¹,Zzi14 du²1 m133 YD 33 VD 21,ok,0.80,5,阳 间 的 鸡 魂,阳 间 之 鸡 魂,UNKNOWN,扫描 OCR + IPA 锚点版面解析（四行对照） | 整理日期 2026-09,medium
SANGJIAJING-P0683-R-02,SANGJIAJING,683,R,2,张,,44 q031 Z05s VD1 md,failed,0.00,4,鸡 魂 返 回 要,鸡 魂 要 归 返,UNKNOWN,扫描 OCR + IPA 锚点版面解析（四行对照） | 整理日期 2026-09,medium
SANGJIAJING-P0684-L-01,SANGJIAJING,684,L,1,Z4 3= 女,si³³ ³³ eenh si³³ du³³ mu,si33 33 eenH si33 du33 mu,suspect,0.60,5,人 死 死 做,人 逝 举 丧 仪,UNKNOWN,扫描 OCR + IPA 锚点版面解析（四行对照） | 整理日期 2026-09,medium
SANGJIAJING-P0684-L-02,SANGJIAJING,684,L,2,灶 ★ Z 本,si³³ du³³ np ⁵⁵ si³³ ku³³,si33 du33 np 55 si33 ku3,ok,0.80,5,死 脑 斯 制,丧 仪 制 脑 斯②,UNKNOWN,扫描 OCR + IPA 锚点版面解析（四行对照） | 整理日期 2026-09,medium
SANGJIAJING-P0684-L-03,SANGJIAJING,684,L,3,出,ku³³ n1ss zu2 ni³³,ku33 n1ss Zu2! ni33,suspect,0.50,2,驱 邪 法 事 日,驱 邪 法 事 日,UNKNOWN,扫描 OCR + IPA 锚点版面解析（四行对照） | 整理日期 2026-09,medium
SANGJIAJING-P0684-R-01,SANGJIAJING,684,R,1,张E 又,zi⁴⁴ thɒ²¹ pu³³ tɒss,zi44 thD21 pu33 tDSs,ok,1.00,4,绵羊 魂 莫 拦 搁,莫 阻 绵 羊 魂,UNKNOWN,扫描 OCR + IPA 锚点版面解析（四行对照） | 整理日期 2026-09,medium
SANGJIAJING-P0684-R-02,SANGJIAJING,684,R,2,每 IU 天,th²¹ ni³³ dzɒ³³ ku³³ mu,th21 ni33 dzD33 ku33 mu?,ok,0.80,5,召 祭 做 一 日,召 斯 祭 那 日,UNKNOWN,扫描 OCR + IPA 锚点版面解析（四行对照） | 整理日期 2026-09,medium
SANGJIAJING-P0684-R-03,SANGJIAJING,684,R,3,不 田,dzɒ³³ ku³³ mu mp,"dz,D33 ku'3 mu mp",ok,1.00,3,召 祭 牲 不 有,没 有 祭 召 牲,UNKNOWN,扫描 OCR + IPA 锚点版面解析（四行对照） | 整理日期 2026-09,medium
SANGJIAJING-P0685-L-01,SANGJIAJING,685,L,1,Y 企 田 3= 张,du²¹ lu2 lur²¹ mi³³,du21 lu²! lur²1 m133,suspect,0.67,3,阳 间 个 个 魂,阳 间 所 有 魂,UNKNOWN,扫描 OCR + IPA 锚点版面解析（四行对照） | 整理日期 2026-09,medium
SANGJIAJING-P0685-L-02,SANGJIAJING,685,L,2,HI 几 又,th²¹ mɒ³³ thɒ²¹ ⁵⁵ tɒs,th21 mp33 thp21 55 tD*s,suspect,0.60,5,一 个 莫 拦 搁,莫 阻 留 一 个,UNKNOWN,扫描 OCR + IPA 锚点版面解析（四行对照） | 整理日期 2026-09,medium
SANGJIAJING-P0685-L-03,SANGJIAJING,685,L,3,? 7科 3=,th³³ de²¹ li⁰⁴4 tspss de²¹,th33 de21 1044 tspss de21,suspect,0.75,4,石 板 桩 打 打,能否打木 桩,UNKNOWN,扫描 OCR + IPA 锚点版面解析（四行对照） | 整理日期 2026-09,medium
SANGJIAJING-P0685-R-01,SANGJIAJING,685,R,1,? 科,li0 ⁴⁴ th³³ de²¹ zi³³,10 44 th33 de21 zi33,suspect,0.75,4,石 板 桩 打 呢,打 木 桩 N 时,UNKNOWN,扫描 OCR + IPA 锚点版面解析（四行对照） | 整理日期 2026-09,medium
SANGJIAJING-P0685-R-02,SANGJIAJING,685,R,2,7,tspss de²¹ tsps ab h³³ ²⁴³³,tspss de21 tsp's ab h33 2433,suspect,0.67,3,桩 打 桩 若 人,桩 若 人 石 板,UNKNOWN,扫描 OCR + IPA 锚点版面解析（四行对照） | 整理日期 2026-09,medium
SANGJIAJING-P0685-R-03,SANGJIAJING,685,R,3,张 丑 与,ne ²¹ ɒess,ne 21 Dess,ok,1.00,2,魂 美 拦 得 是,方 能 阻 留 魂,UNKNOWN,扫描 OCR + IPA 锚点版面解析（四行对照） | 整理日期 2026-09,medium
SANGJIAJING-P0686-L-01,SANGJIAJING,686,L,1,介 女 3E,ɒɒ ⁵⁵ m1 ³³ mp ³³ da⁴⁴ zi³³,DD 55 m1 33 mp 33 da44 zi33,suspect,0.60,5,阴 间 竹 断 呢,阴 间 砍 竹 子,UNKNOWN,扫描 OCR + IPA 锚点版面解析（四行对照） | 整理日期 2026-09,medium
SANGJIAJING-P0686-L-02,SANGJIAJING,686,L,2,3E 女 7画,mp ³³ da⁴⁴ qe⁴⁴ ³¹ mɒ³³ ³³ ze,"mp 33 da44 q""e44 31 mp3 33 ze",suspect,0.57,7,竹 断 竹 篮 编,砍 竹 编 竹 篮,UNKNOWN,扫描 OCR + IPA 锚点版面解析（四行对照） | 整理日期 2026-09,medium
SANGJIAJING-P0686-L-03,SANGJIAJING,686,L,3,2中 公,qe⁴⁴ ze ³¹ tɒ³³,"q""e44 ze 31 tD33",ok,1.00,3,竹 篮 编 起 呢,编 好 的 竹 篮,UNKNOWN,扫描 OCR + IPA 锚点版面解析（四行对照） | 整理日期 2026-09,medium
SANGJIAJING-P0686-L-04,SANGJIAJING,686,L,4,Z ZZ3=,qe⁴⁴ ²⁰³¹ zi³³ dlu dlur,"qe44 2031 z,133 dlu dlur",suspect,0.50,4,篮 编 水 装 装,装 水 不 漏 否,UNKNOWN,扫描 OCR + IPA 锚点版面解析（四行对照） | 整理日期 2026-09,medium
SANGJIAJING-P0686-R-01,SANGJIAJING,686,R,1,3E,mp ³³ da⁴⁴ fɒ³³ 1p²¹,mp 33 da44 fD33 1p21,suspect,0.50,4,竹 断 筛 子 编,砍 竹 编 筛 子,UNKNOWN,扫描 OCR + IPA 锚点版面解析（四行对照） | 整理日期 2026-09,medium
SANGJIAJING-P0686-R-02,SANGJIAJING,686,R,2,画 甘 3=,,fD33 031 4i33 ap dp21,failed,0.25,4,筛 编 风 兜 兜,筛 能 兜 风 否,UNKNOWN,扫描 OCR + IPA 锚点版面解析（四行对照） | 整理日期 2026-09,medium
SANGJIAJING-P0686-R-03,SANGJIAJING,686,R,3,光,q e4 zi³³ qɒ³³ dlu ²⁰³¹,q”e4 Z133 qD33 dlu 2031,suspect,0.67,3,篮 编 水 若 装,篮 若 装 住 水,UNKNOWN,扫描 OCR + IPA 锚点版面解析（四行对照） | 整理日期 2026-09,medium
SANGJIAJING-P0686-R-04,SANGJIAJING,686,R,4,甘,,"e31 h33 fD33 ze 4i33 q""D” dp21",failed,0.40,5,筛 编 风 若 兜,筛 若 兜 住 风,UNKNOWN,扫描 OCR + IPA 锚点版面解析（四行对照） | 整理日期 2026-09,medium
SANGJIAJING-P0687-L-01,SANGJIAJING,687,L,1,700,,"q""e44 31 h33 si21 ze !2 q""D",failed,0.40,5,篮 编 水 若 漏,竹 篮 若 漏 水,UNKNOWN,扫描 OCR + IPA 锚点版面解析（四行对照） | 整理日期 2026-09,medium
SANGJIAJING-P0687-L-02,SANGJIAJING,687,L,2,田 甘,,4i33 21 fp33 2e31 mp dp21,failed,0.40,5,筛 编 风 不 兜,筛 子 若 透 风,UNKNOWN,扫描 OCR + IPA 锚点版面解析（四行对照） | 整理日期 2026-09,medium
SANGJIAJING-P0687-L-03,SANGJIAJING,687,L,3,不 得 阻 生 魂,⁵⁵ tchi³¹ ho³³ zi³³ ag mi,55 tch131 ho33 zi33 aG mi,suspect,0.60,5,阴 间 山羊 养 呢,阴 间 养 山 羊,UNKNOWN,扫描 OCR + IPA 锚点版面解析（四行对照） | 整理日期 2026-09,medium
SANGJIAJING-P0687-L-04,SANGJIAJING,687,L,4,3=,tchi³¹ ⁵⁵ bu³³ mi³³ ag ɒs,tchi31 55 bu33 m133 aG Ds,suspect,0.60,5,山羊 公 地 犁 犁,公羊犁 地 否,UNKNOWN,扫描 OCR + IPA 锚点版面解析（四行对照） | 整理日期 2026-09,medium
SANGJIAJING-P0687-R-01,SANGJIAJING,687,R,1,,,tchi31 33 h33 55 bu33 m1 ab np,failed,0.33,6,山羊 公 地 若 犁,公 羊 若 能 犁,UNKNOWN,扫描 OCR + IPA 锚点版面解析（四行对照） | 整理日期 2026-09,medium
SANGJIAJING-P0687-R-02,SANGJIAJING,687,R,2,张 与,zi¹⁴ ne ²¹ di³¹ ɒess,Zi14 ne 21 d131 Dess,ok,1.00,4,魂 美 拦 得 是,可 阻 留 生 魂,UNKNOWN,扫描 OCR + IPA 锚点版面解析（四行对照） | 整理日期 2026-09,medium
SANGJIAJING-P0687-R-03,SANGJIAJING,687,R,3,介 田,tchi³¹ bu³³ 1mi³³ mɒ ²¹ np ⁵⁵,tchi31 bu33 1m133 mD 21 np 55,suspect,0.60,5,山羊 公 地 不 犁,公 羊 不 胜 力,UNKNOWN,扫描 OCR + IPA 锚点版面解析（四行对照） | 整理日期 2026-09,medium
SANGJIAJING-P0687-R-04,SANGJIAJING,687,R,4,张E 开 田 与,,mp 21 reP ne2i,failed,0.00,2,魂 美 拦 不 得,不 得 阻 生 魂,UNKNOWN,扫描 OCR + IPA 锚点版面解析（四行对照） | 整理日期 2026-09,medium
SANGJIAJING-P0687-R-05,SANGJIAJING,687,R,5,介,,55 1p21 zi33 nD m133 ho33,failed,0.40,5,阴 间 牛 养 呢,阴 间 饲养牛,UNKNOWN,扫描 OCR + IPA 锚点版面解析（四行对照） | 整理日期 2026-09,medium
SANGJIAJING-P0688-L-01,SANGJIAJING,688,L,1,司 43,,Ip21 33 tsh133 tsh33 ms,failed,0.40,5,牛 阉 儿 下 下,阉 牛 可 生 仔,UNKNOWN,扫描 OCR + IPA 锚点版面解析（四行对照） | 整理日期 2026-09,medium
SANGJIAJING-P0688-L-02,SANGJIAJING,688,L,2,九东,qhɒ³³ tsh³³ 1p²¹ su³³ zɒ²¹,"qhD33tsh,33 1p21 su33 ZD21",suspect,0.60,5,牛 阉 儿 若 下,阉 若 仔 牛 生,UNKNOWN,扫描 OCR + IPA 锚点版面解析（四行对照） | 整理日期 2026-09,medium
SANGJIAJING-P0688-L-03,SANGJIAJING,688,L,3,分 七田,1ɒ²¹ ms ³³ mɒ²¹ tshi³³ zɒ²¹,1D21 ms 33 mp²1 tsh133 ZD21,suspect,0.60,5,牛 阉 儿 不 下,阉 牛 不 生 仔,UNKNOWN,扫描 OCR + IPA 锚点版面解析（四行对照） | 整理日期 2026-09,medium
SANGJIAJING-P0688-R-01,SANGJIAJING,688,R,1,系 3 A 3=,si³³ tsi³³ nur²¹ nu2l,si33 tsi33 nur²1 nu²l,suspect,0.75,4,鸡 金 牙 长 长,金 鸡 可 长 牙,UNKNOWN,扫描 OCR + IPA 锚点版面解析（四行对照） | 整理日期 2026-09,medium
SANGJIAJING-P0688-R-02,SANGJIAJING,688,R,2,3,tsi³³ h³³ mu ²¹ ab,tsi33 h33 mu 21 ab,suspect,0.75,4,鸡 金 若 长 牙,金 鸡 若 长 牙,UNKNOWN,扫描 OCR + IPA 锚点版面解析（四行对照） | 整理日期 2026-09,medium
SANGJIAJING-P0688-R-03,SANGJIAJING,688,R,3,张 % 与 用,ne di³¹ ɒess,ne di31 DeSs,suspect,0.50,2,魂 美 拦 得 是,可 阻 留 生 魂,UNKNOWN,扫描 OCR + IPA 锚点版面解析（四行对照） | 整理日期 2026-09,medium
SANGJIAJING-P0688-R-04,SANGJIAJING,688,R,4,系 3 田,si³³ tsi³³ mp ²¹ mu ²¹,si33 tsi33 mp 21 mu 21,suspect,0.75,4,鸡 金 牙 不 长,金 鸡 不 长 牙,UNKNOWN,扫描 OCR + IPA 锚点版面解析（四行对照） | 整理日期 2026-09,medium
SANGJIAJING-P0689-L-01,SANGJIAJING,689,L,1,张E % 田 与,,55 21 ne21 mp² d31,failed,0.25,4,魂 美 拦 不 得,不 得 阻 生 魂,UNKNOWN,扫描 OCR + IPA 锚点版面解析（四行对照） | 整理日期 2026-09,medium
SANGJIAJING-P0689-L-02,SANGJIAJING,689,L,2,正 灭,np ⁵⁵ mi³³ tch³³ si⁵⁵ zi³³,"np 55 m13 tch33 S1,5 zi33",suspect,0.60,5,阴 地 谷 撒 呢,阴 间 撒 稻 秧,UNKNOWN,扫描 OCR + IPA 锚点版面解析（四行对照） | 整理日期 2026-09,medium
SANGJIAJING-P0689-L-03,SANGJIAJING,689,L,3,飞 A 3=,tch³³ 4u³³ si⁵⁵ nu ²¹,tch33 4u33 si55 nu 21,suspect,0.50,4,米 长 长 白 种,白 米 发 芽 否,UNKNOWN,扫描 OCR + IPA 锚点版面解析（四行对照） | 整理日期 2026-09,medium
SANGJIAJING-P0689-L-04,SANGJIAJING,689,L,4,正,,tch133 qD33 21 4u33 siss nu,failed,0.40,5,米 白 种 若 长,白 米 若 发 芽,UNKNOWN,扫描 OCR + IPA 锚点版面解析（四行对照） | 整理日期 2026-09,medium
SANGJIAJING-P0689-R-01,SANGJIAJING,689,R,1,A 田 A,tch³³ nu2 ²¹ 4u³³ mɒ²¹,tch33 nu² 21 4u33 mD21,suspect,0.50,4,米 白 种 不 长,白 米 不 发 芽,UNKNOWN,扫描 OCR + IPA 锚点版面解析（四行对照） | 整理日期 2026-09,medium
SANGJIAJING-P0689-R-02,SANGJIAJING,689,R,2,张 丑 田 与,zi¹⁴ ɒe2 mp ²¹ rep,Zi14 De2 mp 21 reP,suspect,0.67,3,魂 美 拦 不 得,不 得 阻 生 魂,UNKNOWN,扫描 OCR + IPA 锚点版面解析（四行对照） | 整理日期 2026-09,medium
SANGJIAJING-P0689-R-03,SANGJIAJING,689,R,3,介 半 中,⁵⁵ mi³³ ho³³ np,55 m133 ho33 np,suspect,0.50,4,阴 间 养 呢 马,阴 间 饲 养 马,UNKNOWN,扫描 OCR + IPA 锚点版面解析（四行对照） | 整理日期 2026-09,medium
SANGJIAJING-P0690-L-01,SANGJIAJING,690,L,1,半 中田,,mu? ho33khu44 mp,failed,0.33,3,马 养 角 不 长,马 若 不 长 角,UNKNOWN,扫描 OCR + IPA 锚点版面解析（四行对照） | 整理日期 2026-09,medium
SANGJIAJING-P0690-L-02,SANGJIAJING,690,L,2,张E % 田 与,3g ²¹ ⁵⁵ mɒ²¹ di³¹,3G 21 55 mp21 d131,suspect,0.50,4,魂 美 拦 得 不,不 得 阻 生 魂,UNKNOWN,扫描 OCR + IPA 锚点版面解析（四行对照） | 整理日期 2026-09,medium
SANGJIAJING-P0690-L-03,SANGJIAJING,690,L,3,企 7 7,⁵⁵ mi ³³ si⁴⁴ te³³ zi³³ ag,55 mr 33 si44 te33 zi33 aG,ok,0.83,6,阴 间 树 种 呢,阴 间 种 树 木,UNKNOWN,扫描 OCR + IPA 锚点版面解析（四行对照） | 整理日期 2026-09,medium
SANGJIAJING-P0690-L-04,SANGJIAJING,690,L,4,7 6,,"si44 q033 fe33 m33 ts""x",failed,0.40,5,木 干 地 中 插,干 木 插 地 中,UNKNOWN,扫描 OCR + IPA 锚点版面解析（四行对照） | 整理日期 2026-09,medium
SANGJIAJING-P0690-R-01,SANGJIAJING,690,R,1,7 6 3=,tshi³³ si⁴⁴ fe³³ tsps tsp ⁵⁵,tshi33 S144 fe33 tsp's tsp 55,suspect,0.75,4,木 干 根 发 发,干 木 可 生 根,UNKNOWN,扫描 OCR + IPA 锚点版面解析（四行对照） | 整理日期 2026-09,medium
SANGJIAJING-P0690-R-02,SANGJIAJING,690,R,2,7,q ɒ³³ si⁴⁴ fe³³ tsh³³ tsɒ,q”D33 si44 fe33 tsh33 tsD?,ok,0.80,5,木 干 根 如 发,干 木 若 生 根,UNKNOWN,扫描 OCR + IPA 锚点版面解析（四行对照） | 整理日期 2026-09,medium
SANGJIAJING-P0690-R-03,SANGJIAJING,690,R,3,7 6 田,si4 fe³³ tsh³³ tsɒ ⁵⁵ mɒ²¹,si4 fe33 tsh:33 tsD 55 mp21,suspect,0.50,4,木 干 根 不 发,干 木 不 生 根,UNKNOWN,扫描 OCR + IPA 锚点版面解析（四行对照） | 整理日期 2026-09,medium
SANGJIAJING-P0691-L-01,SANGJIAJING,691,L,1,? の3,zi³³ tshi2l tshi²¹ li⁰⁴4 ti⁴⁴,z.133 tshi2l tshi21 1044 ti44,suspect,0.75,4,水 石 泡 腐 腐,可 使 腐 石 泡,UNKNOWN,扫描 OCR + IPA 锚点版面解析（四行对照） | 整理日期 2026-09,medium
SANGJIAJING-P0691-L-02,SANGJIAJING,691,L,2,当册 ?,li⁰⁴ mp ³³ ti⁴⁴ ab h³³ tshi²¹,104 mp 33 ti44 ab h33 tshi21,ok,0.80,5,石 头 泡 如 腐,石 头 若 泡 腐,UNKNOWN,扫描 OCR + IPA 锚点版面解析（四行对照） | 整理日期 2026-09,medium
SANGJIAJING-P0691-L-03,SANGJIAJING,691,L,3,张E 与,,ne21 55 ZE ness,failed,0.33,3,魂 美 拦 得 是,可 以 阻 留 魂,UNKNOWN,扫描 OCR + IPA 锚点版面解析（四行对照） | 整理日期 2026-09,medium
SANGJIAJING-P0691-L-04,SANGJIAJING,691,L,4,? 田,tshi²¹ zi³³ li⁰⁴ mɒ³³ mɒ²¹,tshi21 zi33 104 mD33 mp²1,ok,1.00,5,石 头 不 腐 呢,石头 若不腐,UNKNOWN,扫描 OCR + IPA 锚点版面解析（四行对照） | 整理日期 2026-09,medium
SANGJIAJING-P0691-R-01,SANGJIAJING,691,R,1,4 分 飞,np ⁵⁵ mi³³ t4u³³ zɒ²¹,np 55 m133 t4u33 ZD21,suspect,0.50,4,阴 间 人 儿 女,阴 间 之 男 女,UNKNOWN,扫描 OCR + IPA 锚点版面解析（四行对照） | 整理日期 2026-09,medium
SANGJIAJING-P0691-R-02,SANGJIAJING,691,R,2,阴 间 之 男 女,⁰⁵5 be³³ a²¹ tsɒ³³ tsh³³,055 be33 A21 tsD33 tsh;33,suspect,0.60,5,头 蓬 麻 雀 窝,发 蓬 麻 雀窝,UNKNOWN,扫描 OCR + IPA 锚点版面解析（四行对照） | 整理日期 2026-09,medium
SANGJIAJING-P0691-R-03,SANGJIAJING,691,R,3,# 特,⁴⁰²¹ ne ⁴⁴ ⁴⁴ tshi³³ tho³³ xw,4021 ne 44 44 tshi33 tho33 xw,suspect,0.50,6,脸 黑 铁 锅 底,脸 黑 似 锅 底,UNKNOWN,扫描 OCR + IPA 锚点版面解析（四行对照） | 整理日期 2026-09,medium
SANGJIAJING-P0691-R-04,SANGJIAJING,691,R,4,7,,cemyl tshi21 le31 ne4 Si44,failed,0.33,3,手 黑 木 筒腐,手 黑 似 腐木,UNKNOWN,扫描 OCR + IPA 锚点版面解析（四行对照） | 整理日期 2026-09,medium
SANGJIAJING-P0692-L-01,SANGJIAJING,692,L,1,7 光 7,tsh³³ ⁴⁴ si⁴⁴ ne dy³¹ mess,tsh:33 44 si44 ne dy31 mess,suspect,0.60,5,脚 黑 木 烧 尾,脚 黑 似 柴 炭,UNKNOWN,扫描 OCR + IPA 锚点版面解析（四行对照） | 整理日期 2026-09,medium
SANGJIAJING-P0692-L-02,SANGJIAJING,692,L,2,脚 黑 似 柴 炭,tsu²¹ ku tsu2 1ɒ²¹ tshi⁴⁴,"tsu²1 ku"" tsu² 1D21 tshi44",suspect,0.67,3,丑 会 丑 了 绝,丑 陋 到 极 点,UNKNOWN,扫描 OCR + IPA 锚点版面解析（四行对照） | 整理日期 2026-09,medium
SANGJIAJING-P0692-L-03,SANGJIAJING,692,L,3,7世 飞= 3=,,"1D21 p""e h33 m6 21 m6 21",failed,0.25,4,刀尖 草 灰 朴 朴,茫 茫 刀 尖 草,UNKNOWN,扫描 OCR + IPA 锚点版面解析（四行对照） | 整理日期 2026-09,medium
SANGJIAJING-P0692-R-01,SANGJIAJING,692,R,1,3,tsho²¹ dzi2lkwku ni4,tsho21 dzi²lkwku ni4,suspect,0.50,2,荆 棘 刺 锐 锐,荆 棘 刺 锐 锐,UNKNOWN,扫描 OCR + IPA 锚点版面解析（四行对照） | 整理日期 2026-09,medium
SANGJIAJING-P0692-R-02,SANGJIAJING,692,R,2,男 与 田,di³¹ kh³³ ³³ e,di31 kh33 33 e,suspect,0.50,4,走 得 它 不 是,出 行 举 步 艰 .7,UNKNOWN,扫描 OCR + IPA 锚点版面解析（四行对照） | 整理日期 2026-09,medium
SANGJIAJING-P0693-L-01,SANGJIAJING,693,L,1,?,li⁰⁴4 tche²¹ tsɒ³³ mu³³,1044 tche²1tsD33 mu33,ok,1.00,4,石 子 饭 做 吃,石 子 饭 吃,UNKNOWN,扫描 OCR + IPA 锚点版面解析（四行对照） | 整理日期 2026-09,medium
SANGJIAJING-P0693-L-02,SANGJIAJING,693,L,2,效,ass khɒ²¹ yo²¹ mu³³ dzɒ²¹,ASs khD21 yo21 mu33 dzD21,suspect,0.75,4,枝 蒿 菜 做 吃,苦 蒿 菜 吃,UNKNOWN,扫描 OCR + IPA 锚点版面解析（四行对照） | 整理日期 2026-09,medium
SANGJIAJING-P0693-L-03,SANGJIAJING,693,L,3,见 面 %,du2i ⁰⁴ xɒ²¹ dzɒ²¹,du2i $04 XD21 dzD21,suspect,0.67,3,虫 肉 做 吃,虫 肉 吃,UNKNOWN,扫描 OCR + IPA 锚点版面解析（四行对照） | 整理日期 2026-09,medium
SANGJIAJING-P0693-L-04,SANGJIAJING,693,L,4,# 發 柔,dzɒ²¹ tu³³ li³³ zi³³,dzp²1 tu33 133 zi33,ok,1.00,4,吃 的 这 样 像,食 膳 如 此 般,UNKNOWN,扫描 OCR + IPA 锚点版面解析（四行对照） | 整理日期 2026-09,medium
SANGJIAJING-P0693-L-05,SANGJIAJING,693,L,5,3 万严 #,a²¹ kh³³ dzɒ²¹ sɒ³³,A21 kh33 dzD21 SD33,suspect,0.75,4,哪 个 它 吃 敢,有 谁 能 食 之,UNKNOWN,扫描 OCR + IPA 锚点版面解析（四行对照） | 整理日期 2026-09,medium
SANGJIAJING-P0693-R-01,SANGJIAJING,693,R,1,4,⁵⁵ mi³³ nɒ ⁵⁵ t4u³³ zi³³,55 m133 nD 55 t4u33 zi33,suspect,0.60,5,阴 间 阴 人 呢,阴 间 之 阴 魂,UNKNOWN,扫描 OCR + IPA 锚点版面解析（四行对照） | 整理日期 2026-09,medium
SANGJIAJING-P0693-R-02,SANGJIAJING,693,R,2,苗,niss ⁵⁵ nu ³³ z tsa ³¹ sɒ,niss 55 nu 33 !Z tsa 31 SD,ok,1.00,4,雾 露 水 蓄 难,雾露 难 蓄 集,UNKNOWN,扫描 OCR + IPA 锚点版面解析（四行对照） | 整理日期 2026-09,medium
SANGJIAJING-P0693-R-03,SANGJIAJING,693,R,3,4 #,,"q²D33 z,i33 tsiss 1031",failed,0.33,3,人 水 哪 喝 够,哪 够 人 解 渴,UNKNOWN,扫描 OCR + IPA 锚点版面解析（四行对照） | 整理日期 2026-09,medium
SANGJIAJING-P0694-L-01,SANGJIAJING,694,L,1,3飞 %,lu²¹ lu²¹ tch³³ thɒ²¹,lu²1 lu²1 tch33thD21,suspect,0.75,4,莫 拦 个 个 他,莫 阻 留 一 个,UNKNOWN,扫描 OCR + IPA 锚点版面解析（四行对照） | 整理日期 2026-09,medium
SANGJIAJING-P0694-L-02,SANGJIAJING,694,L,2,阳 界 人 世 间,tsɒ³³ li⁰²1 tsi³³ tos5 tsh³³,tsp33 1021 tsi33 tos5 tsh33,suspect,0.75,4,粮 满 楼 台 下,楼 粮 丰 堆 满,UNKNOWN,扫描 OCR + IPA 锚点版面解析（四行对照） | 整理日期 2026-09,medium
SANGJIAJING-P0694-L-03,SANGJIAJING,694,L,3,7 A,,tch33 33 bu²1 mp 33 4u33 mp,failed,0.17,6,大 米 大 虫 白,白 米 蚕 蛹 般,UNKNOWN,扫描 OCR + IPA 锚点版面解析（四行对照） | 整理日期 2026-09,medium
SANGJIAJING-P0694-R-01,SANGJIAJING,694,R,1,8,th²¹ qh⁰³1 thi²¹ lu²¹ niu³³,th²1 qh031 th121 lu²1 niu33,suspect,0.60,5,一 年 一 个 猪,一 年 养 一 猪,UNKNOWN,扫描 OCR + IPA 锚点版面解析（四行对照） | 整理日期 2026-09,medium
SANGJIAJING-P0694-R-02,SANGJIAJING,694,R,2,ZZZ,,ne4 h31 ve31 ob tsiss,failed,0.33,3,猪 黑 年 前 引,黑 猪 引 年 来,UNKNOWN,扫描 OCR + IPA 锚点版面解析（四行对照） | 整理日期 2026-09,medium
SANGJIAJING-P0694-R-03,SANGJIAJING,694,R,3,% 口 学,bɒ²¹ bu²¹ lu³³ m1,bp21 bu²1 lu33 m1,suspect,0.75,4,肉 片 蝴 蝶 飞,翅 肉 片 似 蝶,UNKNOWN,扫描 OCR + IPA 锚点版面解析（四行对照） | 整理日期 2026-09,medium
SANGJIAJING-P0694-R-04,SANGJIAJING,694,R,4,金,niss t⁰³3 ni⁴⁴ tchi⁴⁴ li³³,"niss t033 ni44 tchi44 1,33",ok,1.00,4,嘴 咽 心 抓 来,嘴 馋 心 痒 痒,UNKNOWN,扫描 OCR + IPA 锚点版面解析（四行对照） | 整理日期 2026-09,medium
SANGJIAJING-P0694-R-05,SANGJIAJING,694,R,5,7 与 田,,d131 mp 33 azp ne,failed,0.33,3,吃 完 能 不 是,盈 足食不尽,UNKNOWN,扫描 OCR + IPA 锚点版面解析（四行对照） | 整理日期 2026-09,medium
SANGJIAJING-P0695-L-01,SANGJIAJING,695,L,1,分 7 Z Z 日,du³³ niss ʊli³³ li⁰³3 yɒ,du33 niss V133 1033 YD,suspect,0.75,4,后 来 前 家 处,阳 界 人 世 间,UNKNOWN,扫描 OCR + IPA 锚点版面解析（四行对照） | 整理日期 2026-09,medium
SANGJIAJING-P0695-L-02,SANGJIAJING,695,L,2,冷車 九,,"m133 t h33 21 8021 ts""D ku33",failed,0.20,5,菜 地 块 大 里,菜 园 地 广 阔,UNKNOWN,扫描 OCR + IPA 锚点版面解析（四行对照） | 整理日期 2026-09,medium
SANGJIAJING-P0695-L-03,SANGJIAJING,695,L,3,A,yo²¹ 4u³³ yo²¹ ne dlg³³,yo21 4u33 yo21 ne dlg33,suspect,0.75,4,菜 白 菜 黑 满,栽 满 青 白 菜,UNKNOWN,扫描 OCR + IPA 锚点版面解析（四行对照） | 整理日期 2026-09,medium
SANGJIAJING-P0695-L-04,SANGJIAJING,695,L,4,z43=,,4D21 tsh133 tsh33 noSs ni4,failed,0.25,4,叶 嫩 鲜 青 鲜,叶 嫩 色 碧 绿,UNKNOWN,扫描 OCR + IPA 锚点版面解析（四行对照） | 整理日期 2026-09,medium
SANGJIAJING-P0695-R-01,SANGJIAJING,695,R,1,Z4 女 4 见,du²¹ mi³³ du²¹ t4u³³ du³³,du21 m133 du21 t4u33 du33,ok,0.80,5,阳 间 阳 人 地,阳 界 人 世 间,UNKNOWN,扫描 OCR + IPA 锚点版面解析（四行对照） | 整理日期 2026-09,medium
SANGJIAJING-P0695-R-02,SANGJIAJING,695,R,2,Z4 企 3=,t4y tce h ³³ du²¹ m³³ mi³³,"t4y+tc""e"" h-33 du21 m33 m133",suspect,0.50,4,阳 间 地 面 上,世 间 大 地 上,UNKNOWN,扫描 OCR + IPA 锚点版面解析（四行对照） | 整理日期 2026-09,medium
SANGJIAJING-P0695-R-03,SANGJIAJING,695,R,3,见 3,m1 ³³ ne²¹ tur³³ sɒ³³ mp ³³,m1 33 ne21 tur33 SD.33 mp 33,suspect,0.60,5,地 美 域 舒 大,山 水 美 宜 人,UNKNOWN,扫描 OCR + IPA 锚点版面解析（四行对照） | 整理日期 2026-09,medium
SANGJIAJING-P0695-R-04,SANGJIAJING,695,R,4,与,,tsh.33 4D21 mp 33 Di,failed,0.25,4,十 水 大 二 流,十 二 大 溪 水,UNKNOWN,扫描 OCR + IPA 锚点版面解析（四行对照） | 整理日期 2026-09,medium
SANGJIAJING-P0696-L-01,SANGJIAJING,696,L,1,,,z.33 tce 33 33 tsh;33 33 mp,failed,0.17,6,水 清 甜 美 大,溪 水 清 而 甘,UNKNOWN,扫描 OCR + IPA 锚点版面解析（四行对照） | 整理日期 2026-09,medium
SANGJIAJING-P0696-L-02,SANGJIAJING,696,L,2,ZZZ 命 仑 苗,,55 tsiss 1D33 ni4 SD,failed,0.00,3,喝 了 忘 记 难,饮 N 难 忘 怀,UNKNOWN,扫描 OCR + IPA 锚点版面解析（四行对照） | 整理日期 2026-09,medium
SANGJIAJING-P0696-L-03,SANGJIAJING,696,L,3,W 秋 不 分,,"lur's phu33 p133 ZD?1 1,33",failed,0.33,3,勒 普 毕 绕 来,勒 普 毕 绕 啊,UNKNOWN,扫描 OCR + IPA 锚点版面解析（四行对照） | 整理日期 2026-09,medium
SANGJIAJING-P0696-L-04,SANGJIAJING,696,L,4,分 张 九 张,2i⁴⁴ ³³ zi¹⁴ ne³³ nu,2i44 33 zi14 ne33 nu,suspect,0.60,5,儿 魂 与 女 魂,男儿女 儿 魂,UNKNOWN,扫描 OCR + IPA 锚点版面解析（四行对照） | 整理日期 2026-09,medium
SANGJIAJING-P0696-R-01,SANGJIAJING,696,R,1,m 张E 九 张,diss ³³ 4e4 ne,diss 33 4e4 ne,suspect,0.50,2,孙 魂 与 重孙 魂,孙 電儿 重 孙 魂,UNKNOWN,扫描 OCR + IPA 锚点版面解析（四行对照） | 整理日期 2026-09,medium
SANGJIAJING-P0696-R-02,SANGJIAJING,696,R,2,Z 张,phu³³ tche⁴⁴ ⁴⁴ fut duss zi,"phu33 tche44 :44 fu""t duss Zi",suspect,0.50,4,村 整寨 整 魂,寨 魂 与 村 魂,UNKNOWN,扫描 OCR + IPA 锚点版面解析（四行对照） | 整理日期 2026-09,medium
SANGJIAJING-P0696-R-03,SANGJIAJING,696,R,3,效 % 效 丰 张,a³³ ⁴⁴ a³³ mx ni³³,A33 44 A33 mx ni33,suspect,0.75,4,舅 妈 魂 舅 姑,舅亲姑亲 魂,UNKNOWN,扫描 OCR + IPA 锚点版面解析（四行对照） | 整理日期 2026-09,medium
SANGJIAJING-P0696-R-04,SANGJIAJING,696,R,4,面分,tce⁴⁴ phɒ²¹ q⁰³3,tce44 phD21 q033,suspect,0.67,3,寨中 父 儿 魂,村中 老少 魂,UNKNOWN,扫描 OCR + IPA 锚点版面解析（四行对照） | 整理日期 2026-09,medium
SANGJIAJING-P0697-L-01,SANGJIAJING,697,L,1,分 张,the³¹ the³¹ ²¹ tsos zɒ,the31 the31 21 tso's ZD .,suspect,0.50,4,抬 拾 儿 魂,抬 枢 者之 魂,UNKNOWN,扫描 OCR + IPA 锚点版面解析（四行对照） | 整理日期 2026-09,medium
SANGJIAJING-P0697-L-02,SANGJIAJING,697,L,2,不 不 勿 张,zzi¹⁴ pi³³ nis pi³³ zɒ²¹,"Zzi14 p133 ni,'s p133 ZD21",suspect,0.75,4,念 经 毕 儿 魂,丧 仪 毕 摩 魂,UNKNOWN,扫描 OCR + IPA 锚点版面解析（四行对照） | 整理日期 2026-09,medium
SANGJIAJING-P0697-L-03,SANGJIAJING,697,L,3,π,,55 dzi21 AS5 kp21 aG m133,failed,0.25,4,敖 米资 阿考,敖米资阿考,UNKNOWN,扫描 OCR + IPA 锚点版面解析（四行对照） | 整理日期 2026-09,medium
SANGJIAJING-P0697-R-01,SANGJIAJING,697,R,1,张 男 #,tsh³³ zi¹⁴ bi²¹ tsi³³,tsh;33 zi14 b121 ts133,suspect,0.75,4,魂 走 河 边 到,魂 归 至 河 边,UNKNOWN,扫描 OCR + IPA 锚点版面解析（四行对照） | 整理日期 2026-09,medium
SANGJIAJING-P0697-R-02,SANGJIAJING,697,R,2,张 田 目,,.44 kD33 tsu' z1 mp t$033,failed,0.33,3,魂 过 桥 不 有,过 河 没 有桥,UNKNOWN,扫描 OCR + IPA 锚点版面解析（四行对照） | 整理日期 2026-09,medium
SANGJIAJING-P0697-R-03,SANGJIAJING,697,R,3,张 特多,a³³ mi³³ kɒ³³ tsur ³³,A33 m133 kD33 tsur 33,ok,1.00,4,什么 魂 过桥,什么架河桥,UNKNOWN,扫描 OCR + IPA 锚点版面解析（四行对照） | 整理日期 2026-09,medium
SANGJIAJING-P0698-L-01,SANGJIAJING,698,L,1,W 而 张,tsiss 1i²¹ zi⁴⁴ kɒ³³ tsu,tsiss 1i21 zi44 kD33 tsu,suspect,0.75,4,麻 秆 魂 过 桥,麻 秆 架 河 桥,UNKNOWN,扫描 OCR + IPA 锚点版面解析（四行对照） | 整理日期 2026-09,medium
SANGJIAJING-P0698-L-02,SANGJIAJING,698,L,2,张,bi²¹ kɒ³³,b121 kD33,ok,1.00,2,魂 过 桥 做 给,河 桥架 与 魂,UNKNOWN,扫描 OCR + IPA 锚点版面解析（四行对照） | 整理日期 2026-09,medium
SANGJIAJING-P0698-L-03,SANGJIAJING,698,L,3,张 田,zi⁴⁴ no⁵⁵ tshi³³ mɒ²¹ t⁰³3,zi44 no5 tshi33 mp21 t$033,ok,0.80,5,魂 垫台 不 有,无 阶 登 桥 台,UNKNOWN,扫描 OCR + IPA 锚点版面解析（四行对照） | 整理日期 2026-09,medium
SANGJIAJING-P0698-L-04,SANGJIAJING,698,L,4,W 吊,,"tsiss h33 44 le.ss tsi33 p""D Ze",failed,0.25,4,布 鸡 皮 麻 癫,鸡 皮 般 麻 布,UNKNOWN,扫描 OCR + IPA 锚点版面解析（四行对照） | 整理日期 2026-09,medium
SANGJIAJING-P0698-L-05,SANGJIAJING,698,L,5,W,,tsiss pD33ku²tsh33 bu,failed,0.33,3,麻布九十 正,麻布九十正,UNKNOWN,扫描 OCR + IPA 锚点版面解析（四行对照） | 整理日期 2026-09,medium
SANGJIAJING-P0698-R-01,SANGJIAJING,698,R,1,丰 张 正,³³ h³³ ni⁴⁴ qe²¹ tsi³³ pɒ ve³¹,"33 h33 ni44 qe21 tsi33 p""D ve31",suspect,0.50,6,棉 布 猪 疮 皮,猪 皮 般棉 布,UNKNOWN,扫描 OCR + IPA 锚点版面解析（四行对照） | 整理日期 2026-09,medium
SANGJIAJING-P0698-R-02,SANGJIAJING,698,R,2,九4,,"h33 :44 ku33 tsh33 p""D ni mq",failed,0.20,5,棉 布 九十 定,棉 布 九十 正,UNKNOWN,扫描 OCR + IPA 锚点版面解析（四行对照） | 整理日期 2026-09,medium
SANGJIAJING-P0698-R-03,SANGJIAJING,698,R,3,张E 么,zi⁴⁴ no⁵⁵ tshi³³ mu³³ bi²¹,zi44 no5 tshi33 mu3 b121,ok,1.00,5,魂 垫 台 的 给,垫 起 登 桥 阶,UNKNOWN,扫描 OCR + IPA 锚点版面解析（四行对照） | 整理日期 2026-09,medium
SANGJIAJING-P0698-R-04,SANGJIAJING,698,R,4,张E,ob ³¹ fess yo tsh³³,ob 31 fess yo tsh:33,suspect,0.50,2,魂 际 回 崖 到,归 魂 遇 悬 崖,UNKNOWN,扫描 OCR + IPA 锚点版面解析（四行对照） | 整理日期 2026-09,medium
SANGJIAJING-P0698-R-05,SANGJIAJING,698,R,5,全 田,⁴⁴ fess de⁴⁴ emb mp ²¹ tso,44 fess de44 emb mp 21 tso,suspect,0.50,4,崖 上 梯 不 有,登崖没有梯,UNKNOWN,扫描 OCR + IPA 锚点版面解析（四行对照） | 整理日期 2026-09,medium
SANGJIAJING-P0699-L-01,SANGJIAJING,699,L,1,W 而 张 全,zi⁴⁴ tsiss 1i²¹ de⁴⁴ mb,zi44 tsiss 1i21 de44 mb,suspect,0.50,4,麻 秆 魂 上 梯,麻 秆 制 梯 子,UNKNOWN,扫描 OCR + IPA 锚点版面解析（四行对照） | 整理日期 2026-09,medium
SANGJIAJING-P0699-L-02,SANGJIAJING,699,L,2,张 全 & 每,de⁴⁴ mb ³³ mu ³³ bi²¹,de44 mb 33 mu 33 b121,suspect,0.75,4,给 魂 上 梯 的,作 魂 登 崖 用,UNKNOWN,扫描 OCR + IPA 锚点版面解析（四行对照） | 整理日期 2026-09,medium
SANGJIAJING-P0699-L-03,SANGJIAJING,699,L,3,7 分,du³³ fess zi³³ ze³¹,du33 fess zi33 Ze31,suspect,0.67,3,后 来 崖 下 呢,继 而 下 陡 崖,UNKNOWN,扫描 OCR + IPA 锚点版面解析（四行对照） | 整理日期 2026-09,medium
SANGJIAJING-P0699-L-04,SANGJIAJING,699,L,4,& 全,fess ze³¹ mb ³³ ab h³³ sɒ ³³,fess Ze31 mb 33 ab h33 SD 33,suspect,0.50,4,崖 下 梯 哪 找,找 梯 子 哪 里,UNKNOWN,扫描 OCR + IPA 锚点版面解析（四行对照） | 整理日期 2026-09,medium
SANGJIAJING-P0699-R-01,SANGJIAJING,699,R,1,效 张 全,,si55 :44 33 A33 Zi de4 mb,failed,0.40,5,刚 才 魂 上 梯,刚 才 登 崖 梯,UNKNOWN,扫描 OCR + IPA 锚点版面解析（四行对照） | 整理日期 2026-09,medium
SANGJIAJING-P0699-R-02,SANGJIAJING,699,R,2,张 &,a²¹ 2e³¹ mb ³³ ɒe³³,A21 2e31 mb 33 De3,suspect,0.50,4,现 在 魂 下 梯,用 来 下 陡 崖,UNKNOWN,扫描 OCR + IPA 锚点版面解析（四行对照） | 整理日期 2026-09,medium
SANGJIAJING-P0699-R-03,SANGJIAJING,699,R,3,张,³³ 1h³³ zi⁴⁴ kɒ³³ dzi³³ nɒ,"33 1h,33 zi44 kD33 dz.i33 nD",suspect,0.67,6,我 来 魂 路 开,我 开 魂 归 路,UNKNOWN,扫描 OCR + IPA 锚点版面解析（四行对照） | 整理日期 2026-09,medium
SANGJIAJING-P0699-R-04,SANGJIAJING,699,R,4,风,,"1h,33 np 33 np 55 ab 33 p ""u h33",failed,0.40,5,我 来 阴 门 开,开 门 我 阴 间,UNKNOWN,扫描 OCR + IPA 锚点版面解析（四行对照） | 整理日期 2026-09,medium
SANGJIAJING-P0700-L-01,SANGJIAJING,700,L,1,正决 张,,pu33 .44 dul thu31 np 33 Z1,failed,0.20,5,门 开 魂 放 出,开 门 让 魂 出,UNKNOWN,扫描 OCR + IPA 锚点版面解析（四行对照） | 整理日期 2026-09,medium
SANGJIAJING-P0700-L-02,SANGJIAJING,700,L,2,日 万 WI,,kh33 th121 mx 21 1033 qp 33,failed,0.40,5,前 处 那 一 门,道 阴 界 门 一,UNKNOWN,扫描 OCR + IPA 锚点版面解析（四行对照） | 整理日期 2026-09,medium
SANGJIAJING-P0700-R-01,SANGJIAJING,700,R,1,分 日 万 正,,33 YD 1033 kh33 th12i qD 33,failed,0.00,4,后 处 那 一 门,道 界 门 二 阴,UNKNOWN,扫描 OCR + IPA 锚点版面解析（四行对照） | 整理日期 2026-09,medium
SANGJIAJING-P0700-R-02,SANGJIAJING,700,R,2,7L 日 万 WI 正,tshi³¹ li⁰³3 khi³³ thi²¹,tshi31 1033 kh133 th121,ok,1.00,4,再 处 那 一 门,三 道 阴 界 门,UNKNOWN,扫描 OCR + IPA 锚点版面解析（四行对照） | 整理日期 2026-09,medium
SANGJIAJING-P0700-R-03,SANGJIAJING,700,R,3,7 正,,3 th21 qD qD 33 DS,failed,0.33,3,木 门 一 门 关,关 闭 木 板 门,UNKNOWN,扫描 OCR + IPA 锚点版面解析（四行对照） | 整理日期 2026-09,medium
SANGJIAJING-P0701-L-01,SANGJIAJING,701,L,1,W 张 九 张E,,4i55 ne 33 4e44,failed,0.33,3,孙 魂 与 重孙 魂,孙 魂 重 孙 魂,UNKNOWN,扫描 OCR + IPA 锚点版面解析（四行对照） | 整理日期 2026-09,medium
SANGJIAJING-P0701-L-02,SANGJIAJING,701,L,2,张 九 张E,dzi²¹ zi⁴⁴ ne ³³ ³³ tsp,dz121 Zi44 ne 33 33 tsp,suspect,0.60,5,牲 魂 与 粮 魂,牲 魂 与 粮 魂,UNKNOWN,扫描 OCR + IPA 锚点版面解析（四行对照） | 整理日期 2026-09,medium
SANGJIAJING-P0701-L-03,SANGJIAJING,701,L,3,Y,du²¹ thu³³ l du³¹ mi³³ q⁰³1,du²1 thu3l du31 m133 q031,ok,0.80,5,放 出 阳 间 回,放 出 返 阳 间,UNKNOWN,扫描 OCR + IPA 锚点版面解析（四行对照） | 整理日期 2026-09,medium
SANGJIAJING-P0701-R-01,SANGJIAJING,701,R,1,Z7 每 Z 不,,4uss mu33 duss dzp21 2.133,failed,0.00,3,种 的 种 吃 去,去 播 种 过 日,UNKNOWN,扫描 OCR + IPA 锚点版面解析（四行对照） | 整理日期 2026-09,medium
SANGJIAJING-P0701-R-02,SANGJIAJING,701,R,2,电 3E 电 田 每,du²¹ da⁴⁴ du²¹ mu mɒ²¹,du²1 da44 du²1 mu mp21,suspect,0.75,4,筒 断 筒 不 做,木 筒 不 做 别,UNKNOWN,扫描 OCR + IPA 锚点版面解析（四行对照） | 整理日期 2026-09,medium
SANGJIAJING-P0701-R-03,SANGJIAJING,701,R,3,电 3E,,21 du² da 44 1p21 1e33 SD,failed,0.20,5,筒 断 牛 脖 标记,木 筒置 牛 脖,UNKNOWN,扫描 OCR + IPA 锚点版面解析（四行对照） | 整理日期 2026-09,medium
SANGJIAJING-P0702-L-01,SANGJIAJING,702,L,1,电 3E,1p²¹ 1e³³ dur²¹ da ⁴⁴ fess,1p21 1e33 dur²1 da 44 fess,suspect,0.60,5,牛 脖 筒 断 扛,牛 脖 扛 担 伽,UNKNOWN,扫描 OCR + IPA 锚点版面解析（四行对照） | 整理日期 2026-09,medium
SANGJIAJING-P0702-L-02,SANGJIAJING,702,L,2,： 田 每,tche²⁴ 4u²¹ 4u²¹ mɒ²¹ mu,tche24 4u²1 4u21 mp21 mu,suspect,0.60,5,皮 划 皮 不 做,划 皮 不 为 别,UNKNOWN,扫描 OCR + IPA 锚点版面解析（四行对照） | 整理日期 2026-09,medium
SANGJIAJING-P0702-L-03,SANGJIAJING,702,L,3,划 皮 不 为 别,tche²¹ 1p²¹ le³³ niss,tche21 1p²1 le33 niss,suspect,0.75,4,皮 划 牛 脖 勒,皮 做 牛 脖 带,UNKNOWN,扫描 OCR + IPA 锚点版面解析（四行对照） | 整理日期 2026-09,medium
SANGJIAJING-P0702-L-04,SANGJIAJING,702,L,4,IM 田,thi2 1s⁰³ lɒ²¹ mp ²¹ pe ⁴⁴,th12! 1S03 lp²1 mp 21 pe 44,suspect,0.50,4,一 转 牛 不 伴,头 次 不 上,UNKNOWN,扫描 OCR + IPA 锚点版面解析（四行对照） | 整理日期 2026-09,medium
SANGJIAJING-P0702-L-05,SANGJIAJING,702,L,5,与 目 Z,ni²¹ lɒ²¹ niss pu³¹ t⁰³3,ni21 lp²1 niss pu31 t$033,suspect,0.50,4,二 转 牛 嘴 喷,二 次牛 喷鼻,UNKNOWN,扫描 OCR + IPA 锚点版面解析（四行对照） | 整理日期 2026-09,medium
SANGJIAJING-P0702-R-01,SANGJIAJING,702,R,1,% 雨,le³¹ tce du2lthɒ²¹,le31 tce du²lthD21,suspect,0.50,2,链 手 放 莫 完,链 环 莫 放 尽,UNKNOWN,扫描 OCR + IPA 锚点版面解析（四行对照） | 整理日期 2026-09,medium
SANGJIAJING-P0702-R-02,SANGJIAJING,702,R,2,% 会 3= ZZ W,tce⁴⁴ m he³¹ tsess,tce44 m he31 tsess,ok,1.00,3,，放 链 放 八 节,放 链 放 八 扣,UNKNOWN,扫描 OCR + IPA 锚点版面解析（四行对照） | 整理日期 2026-09,medium
SANGJIAJING-P0702-R-03,SANGJIAJING,702,R,3,放 链 放 八 扣,,ZZ W 3 7M,failed,0.00,1,0.55 he31 tsess tsess bu33,八 节 接 头 头,UNKNOWN,扫描 OCR + IPA 锚点版面解析（四行对照） | 整理日期 2026-09,medium
SANGJIAJING-P0702-R-04,SANGJIAJING,702,R,4,ZZ W 3 7M,,0.55 he31 tsess tsess bu33,failed,0.33,3,八 节 接 头 头,第八 链扣 处,UNKNOWN,扫描 OCR + IPA 锚点版面解析（四行对照） | 整理日期 2026-09,medium
SANGJIAJING-P0703-L-01,SANGJIAJING,703,L,1,X3= 2,tshi²¹ tshi²¹ li⁰⁴4 khx⁴⁴ li⁴⁴,tshi21 tshi21 1044 khx44 li44,ok,0.80,5,茨茨 石 棱 缠,茨茨 缠 石 般,UNKNOWN,扫描 OCR + IPA 锚点版面解析（四行对照） | 整理日期 2026-09,medium
SANGJIAJING-P0703-L-02,SANGJIAJING,703,L,2,7 苗,t ³³ bu³³ ag ⁵⁵ te³³,t@33 bu33 aG 55 te33,suspect,0.75,4,埂 子 犁 着 难,地 角 难 犁 尽,UNKNOWN,扫描 OCR + IPA 锚点版面解析（四行对照） | 整理日期 2026-09,medium
SANGJIAJING-P0703-L-03,SANGJIAJING,703,L,3,7 住,te³³ tsh³³ te³³ tsi³³ ³³ ms,te33 tsh;33 te33 tsi33 33 ms,suspect,0.50,6,埂 脚 埂 近 收,搜 犁 埂 脚 地,UNKNOWN,扫描 OCR + IPA 锚点版面解析（四行对照） | 整理日期 2026-09,medium
SANGJIAJING-P0703-R-01,SANGJIAJING,703,R,1,% 用,m6 tɒ³³ tce ⁴⁴ tsɒ ³³ siss,m6 tD33 tce 44 tsD 33 siss,suspect,0.75,4,犁 起 链 条 扭,提 犁 链 翻 扭,UNKNOWN,扫描 OCR + IPA 锚点版面解析（四行对照） | 整理日期 2026-09,medium
SANGJIAJING-P0703-R-02,SANGJIAJING,703,R,2,%,tce ⁴⁴ 1ɒ2 tche³³ de²¹ end,tce 44 1D² tche33 de21 end,suspect,0.75,4,链 扭 牛 条 打,铁 链 磨 牛 身,UNKNOWN,扫描 OCR + IPA 锚点版面解析（四行对照） | 整理日期 2026-09,medium
SANGJIAJING-P0703-R-03,SANGJIAJING,703,R,3,耕 牛 被 链 别,gu2i bu²¹ tghe³³,gu2i bu²1 tghe33,suspect,0.50,2,犁 犁 蚕线 走,沟 似 蚕 吐 丝,UNKNOWN,扫描 OCR + IPA 锚点版面解析（四行对照） | 整理日期 2026-09,medium
SANGJIAJING-P0703-R-04,SANGJIAJING,703,R,4,7 包 3,te³³ tsh³³ niss ⁴⁴ md,te33 tsh;33 niss 44 md,suspect,0.50,4,埂 脚 泥 黄 翻,地 角 翻 生 土,UNKNOWN,扫描 OCR + IPA 锚点版面解析（四行对照） | 整理日期 2026-09,medium
SANGJIAJING-P0704-L-01,SANGJIAJING,704,L,1,% 用,tce tsɒ³³ tce ⁴⁴ pu ³³ siss,tce tsD33 tce 44 pu 33 Siss,suspect,0.75,4,链 条 链 绞 扭,链 条 别 扭 曲,UNKNOWN,扫描 OCR + IPA 锚点版面解析（四行对照） | 整理日期 2026-09,medium
SANGJIAJING-P0704-L-02,SANGJIAJING,704,L,2,包 IM,,th21 si33 1D33 th21 si33,failed,0.40,5,一 样 啊 一 样,桩 又 一 桩,UNKNOWN,扫描 OCR + IPA 锚点版面解析（四行对照） | 整理日期 2026-09,medium
SANGJIAJING-P0704-L-03,SANGJIAJING,704,L,3,I,,th121 kh033 th121kh033 1D33,failed,0.40,5,一 件 啊 一 件,又 一 一,UNKNOWN,扫描 OCR + IPA 锚点版面解析（四行对照） | 整理日期 2026-09,medium
SANGJIAJING-P0704-L-04,SANGJIAJING,704,L,4,700 灶 700 苗 九,si²¹ si²¹ du³³ as ⁵⁵ ne ³³,si21 si21 du33 as 55 ne 33,ok,1.00,5,事 由 难 也,世 行 事 艰 难,UNKNOWN,扫描 OCR + IPA 锚点版面解析（四行对照） | 整理日期 2026-09,medium
SANGJIAJING-P0704-R-01,SANGJIAJING,704,R,1,700 苗 700 铁 G,si²¹ si³³ tshi⁴⁴ zɔss,si21 si33 tshi44 ZO.Ss,ok,1.00,4,难 断 要,凡 事 须 终 结,UNKNOWN,扫描 OCR + IPA 锚点版面解析（四行对照） | 整理日期 2026-09,medium
SANGJIAJING-P0704-R-02,SANGJIAJING,704,R,2,凡 事 须 终 结,kho²¹ ci ³³ pɒ h²¹ ne ²¹ nu³³,"kho21 CI 33 p""D h21 ne 21 nu33",ok,1.00,5,阔 兴 帕 安 奴,阔 兴 帕 安 奴,UNKNOWN,扫描 OCR + IPA 锚点版面解析（四行对照） | 整理日期 2026-09,medium
SANGJIAJING-P0704-R-03,SANGJIAJING,704,R,3,πZ4 WI,dzi²¹ tsh³³ fess th²¹ ams,dzi21 tsh33 fess th21 ams,suspect,0.75,4,官十 案 — 审,十 官 办 一 案,UNKNOWN,扫描 OCR + IPA 锚点版面解析（四行对照） | 整理日期 2026-09,medium
SANGJIAJING-P0704-R-04,SANGJIAJING,704,R,4,半4 用 WI π,,mus5 tsh33 siss th121 dzi21,failed,0.33,3,将十 草 一 捆,十 马 一 捆 草,UNKNOWN,扫描 OCR + IPA 锚点版面解析（四行对照） | 整理日期 2026-09,medium
SANGJIAJING-P0704-R-05,SANGJIAJING,704,R,5,Z出 用 田,li³³ si⁵⁵ s nu³³ mɒ²¹ dzi²¹,"1,33 si5s nu33 mD21 dzi21",ok,1.00,5,你 来 先 不 幸,抢 占先 你 死,UNKNOWN,扫描 OCR + IPA 锚点版面解析（四行对照） | 整理日期 2026-09,medium
SANGJIAJING-P0705-L-01,SANGJIAJING,705,L,1,田 π & 天,,21 dzi21 33 ni33 tsh33 mp mb,failed,0.33,6,不 幸 完 日 到,至 亡 故 之 日,UNKNOWN,扫描 OCR + IPA 锚点版面解析（四行对照） | 整理日期 2026-09,medium
SANGJIAJING-P0705-L-02,SANGJIAJING,705,L,2,与 日,tshi³³ ni²¹ lu²¹ bu³³ li⁰³3,tsh133 ni21 lu²1 bu33 1033,ok,1.00,5,十 二 鲁 伯 处,十 二 鲁 伯 处,UNKNOWN,扫描 OCR + IPA 锚点版面解析（四行对照） | 整理日期 2026-09,medium
SANGJIAJING-P0705-L-03,SANGJIAJING,705,L,3,与 3 来 日,tsh³³ ni²¹ bur ³³ li⁰³3,"tsh,33 ni21 bur 33 1033",suspect,0.75,4,十 二 诗 伯 处,十 二 诗 伯 处,UNKNOWN,扫描 OCR + IPA 锚点版面解析（四行对照） | 整理日期 2026-09,medium
SANGJIAJING-P0705-L-04,SANGJIAJING,705,L,4,W 不 分,luuss phu³³ 1h³³ pi³³ zɒ²¹,luuss phu33 1h33 p133 ZD21,suspect,0.50,4,勒 普 毕 绕 来,勒 普 毕 绕 我,UNKNOWN,扫描 OCR + IPA 锚点版面解析（四行对照） | 整理日期 2026-09,medium
SANGJIAJING-P0705-R-01,SANGJIAJING,705,R,1,安 G 不,⁵⁵ si²¹ ʊe³³ zɛ,55 S121 Ve33 ZE,suspect,0.50,4,客 美 赎 要 还,要 赎 亲 友 魂,UNKNOWN,扫描 OCR + IPA 锚点版面解析（四行对照） | 整理日期 2026-09,medium
SANGJIAJING-P0705-R-02,SANGJIAJING,705,R,2,张E 住 不 分 2,zi⁴⁴ tsi³³ pi³³ zɒ²¹ 1h³³,zi44 tsi33 p133 ZD21 1h33,ok,0.80,5,魂 接 毕 小 来,赎 魂 毕 摩 我,UNKNOWN,扫描 OCR + IPA 锚点版面解析（四行对照） | 整理日期 2026-09,medium
SANGJIAJING-P0705-R-03,SANGJIAJING,705,R,3,甘 比 甘,dɒ²¹ ve³¹ dɒ²¹ ³³ h³³ qɒ pu,"dp21 ve31 dp21 33 h33 qD p""u",suspect,0.50,6,岛 文 岛 高 开,开 岛 文 岛 高,UNKNOWN,扫描 OCR + IPA 锚点版面解析（四行对照） | 整理日期 2026-09,medium
SANGJIAJING-P0705-R-04,SANGJIAJING,705,R,4,甘 甘,dɒ²¹ ze ⁴⁴ dɒ²¹ phu³³ qɒ³³,dp21 ze 44 dp21 phu33 qD33,ok,1.00,5,岛 贡 岛 高 开,开 岛页,UNKNOWN,扫描 OCR + IPA 锚点版面解析（四行对照） | 整理日期 2026-09,medium
SANGJIAJING-P0706-L-01,SANGJIAJING,706,L,1,特 甘 正,phe³³ phu³³ mx ⁴⁴ dɒ²¹ qɒ ³³,phe33 phu33 mx 44 dp21 qD 33,ok,0.80,5,核 攀 岛 高 开,开 核 攀 岛 高,UNKNOWN,扫描 OCR + IPA 锚点版面解析（四行对照） | 整理日期 2026-09,medium
SANGJIAJING-P0706-L-02,SANGJIAJING,706,L,2,甘 正决,phu³³ dɒ²¹ ab ³³ do⁴⁴ li³³,"phu33 dp21 ab 33 do44 1,33",ok,1.00,5,阴 门 开 出 来,打 开 阴 间 门,UNKNOWN,扫描 OCR + IPA 锚点版面解析（四行对照） | 整理日期 2026-09,medium
SANGJIAJING-P0706-L-03,SANGJIAJING,706,L,3,了 玉 日,si³³ le⁴⁴ niss li⁰³3 tsɒ ⁵⁵,si33 le44 niss 1033 tsD? 55,suspect,0.75,4,金 吐 嘴 处 喂,黄 金 喂 进 嘴,UNKNOWN,扫描 OCR + IPA 锚点版面解析（四行对照） | 整理日期 2026-09,medium
SANGJIAJING-P0706-R-01,SANGJIAJING,706,R,1,张,zi⁴⁴ li³³ ʊe³³ zi dur2i,zi44 133 Ve33 Zi dur2i,suspect,0.50,4,放 来 客 魂 放,放 亲 朋 魂 吧,UNKNOWN,扫描 OCR + IPA 锚点版面解析（四行对照） | 整理日期 2026-09,medium
SANGJIAJING-P0707-L-01,SANGJIAJING,707,L,1,秋分 张,,"phu33 33 h44 :44 55 YD tc""e Z1 Z8",failed,0.17,6,村 的 寨 魂 赎,赎 村 魂 寨 魂,UNKNOWN,扫描 OCR + IPA 锚点版面解析（四行对照） | 整理日期 2026-09,medium
SANGJIAJING-P0707-L-02,SANGJIAJING,707,L,2,W 张E,,4i's 4e44 zi44 3Z 55,failed,0.33,3,孙 的 重 孙 赎,赎 孙 重 孙 运动,UNKNOWN,扫描 OCR + IPA 锚点版面解析（四行对照） | 整理日期 2026-09,medium
SANGJIAJING-P0707-L-03,SANGJIAJING,707,L,3,灶 分 台 4,,du33 33 4U33 yD 0$S,failed,0.25,4,后 来 头 白 赎,赎 皓 发 老 魂,UNKNOWN,扫描 OCR + IPA 锚点版面解析（四行对照） | 整理日期 2026-09,medium
SANGJIAJING-P0707-L-04,SANGJIAJING,707,L,4,7L 日,tsi³¹ tsh³³ si³³ 1o³³,tsi31 tsh:33 si33 1o33,suspect,0.50,4,再 处 脚 黄 赎,赎黄肤少 魂,UNKNOWN,扫描 OCR + IPA 锚点版面解析（四行对照） | 整理日期 2026-09,medium
SANGJIAJING-P0707-R-01,SANGJIAJING,707,R,1,张 住 不 分,²¹ 1h³³ tsi³³ zɒ,21 1h33 tsi33 ZD,suspect,0.50,4,依 资 毕 绕 来,依 资 毕 绕 啊,UNKNOWN,扫描 OCR + IPA 锚点版面解析（四行对照） | 整理日期 2026-09,medium
SANGJIAJING-P0707-R-02,SANGJIAJING,707,R,2,与 来 日,tsh³³ ni²¹ lu²¹ bur li⁰³3,tsh33 ni²1 lu21 bur 1033,suspect,0.50,4,十 二 鲁 伯 处,十 鲁 伯 处 二,UNKNOWN,扫描 OCR + IPA 锚点版面解析（四行对照） | 整理日期 2026-09,medium
SANGJIAJING-P0707-R-03,SANGJIAJING,707,R,3,十 与 3 来 日,tsh³³ ni²¹ si³³ bu³³ li⁰³3,tsh33 ni²1 si33 bu33 1033,ok,0.80,5,十 二 诗 伯 处,十 二 诗 伯 处,UNKNOWN,扫描 OCR + IPA 锚点版面解析（四行对照） | 整理日期 2026-09,medium
SANGJIAJING-P0707-R-04,SANGJIAJING,707,R,4,光分 全,,"siss h33 33 33 ne?i q""D yD SD",failed,0.25,4,种 美 哪 里 找,良种 哪 里 找,UNKNOWN,扫描 OCR + IPA 锚点版面解析（四行对照） | 整理日期 2026-09,medium
SANGJIAJING-P0708-L-01,SANGJIAJING,708,L,1,田 日 N.,tshi³³ tsh³³ mɒ²¹ tu ³³ li⁰³3,tshi33 tsh:33 mp21 tu 33 1033,ok,0.80,5,不 到 地 处 到,启 程 去 远 方,UNKNOWN,扫描 OCR + IPA 锚点版面解析（四行对照） | 整理日期 2026-09,medium
SANGJIAJING-P0708-L-02,SANGJIAJING,708,L,2,王 3 7个 N,,"Z,.03 1 tce33 te33 me33 tsh:33",failed,0.40,5,若 江 曼 到,至 若 江 曼,UNKNOWN,扫描 OCR + IPA 锚点版面解析（四行对照） | 整理日期 2026-09,medium
SANGJIAJING-P0708-L-03,SANGJIAJING,708,L,3,7个 日,zɔ ³³ dzi³³ te³³ me ³³ li⁰³3,ZO 33 dz133 te33 me 33 1033,ok,1.00,5,若 津 处 曼,若 津 曼 地,UNKNOWN,扫描 OCR + IPA 锚点版面解析（四行对照） | 整理日期 2026-09,medium
SANGJIAJING-P0708-L-04,SANGJIAJING,708,L,4,子 日 子 Z 住,mu²¹ li⁰³3 si³³ tsi³³ mu²¹,mu²1 1033 si33 tsi33 mu21,ok,1.00,5,天 处 天 神 遇,巧 遇 一 天 神,UNKNOWN,扫描 OCR + IPA 锚点版面解析（四行对照） | 整理日期 2026-09,medium
SANGJIAJING-P0708-L-05,SANGJIAJING,708,L,5,日 世 苏,ni⁴⁴ mu2l li⁰³3 tho²¹ dzi4,ni44 mu²l 1033 tho21 dzi4,suspect,0.75,4,天 处 松 青 砍,天庭 砍 青松,UNKNOWN,扫描 OCR + IPA 锚点版面解析（四行对照） | 整理日期 2026-09,medium
SANGJIAJING-P0708-R-01,SANGJIAJING,708,R,1,苏苏 配 世 分,,tho21 33 33 dzi no Z1 ZD21,failed,0.25,4,托 资 沃 因 绕,托 资 沃 因 绕,UNKNOWN,扫描 OCR + IPA 锚点版面解析（四行对照） | 整理日期 2026-09,medium
SANGJIAJING-P0708-R-02,SANGJIAJING,708,R,2,万住 万,khi³³ tsi³³ khi³³ nɒ³³ mu³³,kh133 tsi33 kh133 nD33 mu3,ok,1.00,5,他 遇 他 听 做,遇 他 忙 探 听,UNKNOWN,扫描 OCR + IPA 锚点版面解析（四行对照） | 整理日期 2026-09,medium
SANGJIAJING-P0709-L-01,SANGJIAJING,709,L,1,,thi²¹ tchi²¹ be do⁴⁴ 1h³³,th121 tch121 be do44 1h33,suspect,0.50,4,一 句 说 来 出,回 应 了 一 句,UNKNOWN,扫描 OCR + IPA 锚点版面解析（四行对照） | 整理日期 2026-09,medium
SANGJIAJING-P0709-L-02,SANGJIAJING,709,L,2,全,nu³³ as ³³ kuss dzi²¹ ɒ,nu33 as 33 kuss dzi21 $D,suspect,0.75,4,你 找 格 资 找,你去 找 格 资,UNKNOWN,扫描 OCR + IPA 锚点版面解析（四行对照） | 整理日期 2026-09,medium
SANGJIAJING-P0709-R-01,SANGJIAJING,709,R,1,万益 不,nu³³ khi³³ tɒ³³ ni4 zi³³,"nu33 kh133 t$D33 ni4 z,i33",suspect,0.75,4,你 找 看 去 他,可 向 格 各资 讨,UNKNOWN,扫描 OCR + IPA 锚点版面解析（四行对照） | 整理日期 2026-09,medium
SANGJIAJING-P0709-R-02,SANGJIAJING,709,R,2,张 不 分,²¹ li³³ tsi³³ ɒli³³ zɒ,"21 1,33 tsi33 D13. ZD",suspect,0.60,5,依 资 毕 绕 来,依 资 毕 绕 啊,UNKNOWN,扫描 OCR + IPA 锚点版面解析（四行对照） | 整理日期 2026-09,medium
SANGJIAJING-P0709-R-03,SANGJIAJING,709,R,3,与 3 飞,tshi³³ ni2i te³³ bɒ²¹,tshi33 ni²i te33 bD21,suspect,0.67,3,二 脚 云 面 登,双 脚 层 登 云,UNKNOWN,扫描 OCR + IPA 锚点版面解析（四行对照） | 整理日期 2026-09,medium
SANGJIAJING-P0709-R-04,SANGJIAJING,709,R,4,与 7,ni²¹ le³¹ te³³ me ³³,ni²1 le31 te33 me 33,ok,1.00,4,二 手 云 尾 攀,双 手 攀 云 端,UNKNOWN,扫描 OCR + IPA 锚点版面解析（四行对照） | 整理日期 2026-09,medium
SANGJIAJING-P0709-R-05,SANGJIAJING,709,R,5,Z &,,niss 33 33 mu tsw mu mb,failed,0.33,3,雾 露 桥 做 搭,浓 雾 做天 桥,UNKNOWN,扫描 OCR + IPA 锚点版面解析（四行对照） | 整理日期 2026-09,medium
SANGJIAJING-P0710-L-01,SANGJIAJING,710,L,1,飞比 子4,mul tch³³ di²¹ de⁴⁴,mul tch33 di21 de44,ok,1.00,3,霍 地 天 上 上,霍 跃 地 上 天,UNKNOWN,扫描 OCR + IPA 锚点版面解析（四行对照） | 整理日期 2026-09,medium
SANGJIAJING-P0710-L-02,SANGJIAJING,710,L,2,五π 住 众 日,kurs tsi²¹ tsi³³ li⁰³3,kur's tsi21 tsi33 1033,suspect,0.67,3,格 资 院 坝 处,格资院 坝 中,UNKNOWN,扫描 OCR + IPA 锚点版面解析（四行对照） | 整理日期 2026-09,medium
SANGJIAJING-P0710-L-03,SANGJIAJING,710,L,3,Z,kurs tsi²¹ dzi²¹ si³³,kur's tsi21 dzi21 si33,suspect,0.67,3,格 资 斯 额 玛,格 资 斯 额 玛,UNKNOWN,扫描 OCR + IPA 锚点版面解析（四行对照） | 整理日期 2026-09,medium
SANGJIAJING-P0710-L-04,SANGJIAJING,710,L,4,每,,siss fi33 siss b121 mu,failed,0.33,3,种 分 种 给 做,份 额 赠 良 种,UNKNOWN,扫描 OCR + IPA 锚点版面解析（四行对照） | 整理日期 2026-09,medium
SANGJIAJING-P0710-R-01,SANGJIAJING,710,R,1,灶,,33 qD2  phe33 kD33 du21 mp,failed,0.40,5,荞 灰掺 酒 曲,荞子酉 酿 荞 酒,UNKNOWN,扫描 OCR + IPA 锚点版面解析（四行对照） | 整理日期 2026-09,medium
SANGJIAJING-P0710-R-02,SANGJIAJING,710,R,2,正年 46 分,th³³ phe³³ kɒ mx ³³ zɒ ²¹,th33phe33 kD mx 33 ZD 21,suspect,0.75,4,谷灰掺 舅 儿,谷 子分 舅 表,UNKNOWN,扫描 OCR + IPA 锚点版面解析（四行对照） | 整理日期 2026-09,medium
SANGJIAJING-P0710-R-03,SANGJIAJING,710,R,3,4口 年 m 雪,tshy mɒ³³ kɒ³³ liss ³³ 4e⁴⁴,tshy?( mp3 kD33 liss 33 4e44,suspect,0.75,4,小 米 掺 孙 重孙,小 米 分 子 孙,UNKNOWN,扫描 OCR + IPA 锚点版面解析（四行对照） | 整理日期 2026-09,medium
SANGJIAJING-P0711-L-01,SANGJIAJING,711,L,1,勾 3= 3,siss siss no ⁴⁴ ip²¹ si³³,siss siss no 44 Ip21 si33,suspect,0.67,3,黄豆 种 种 那 黄,黄 豆 黄 灿 灿,UNKNOWN,扫描 OCR + IPA 锚点版面解析（四行对照） | 整理日期 2026-09,medium
SANGJIAJING-P0711-L-02,SANGJIAJING,711,L,2,与 瓷,siss tsh³³ ni²¹ kh⁰³3 ɒe1,siss tsh33 ni21 kh033 De1,suspect,0.75,4,种 良 冏十 二 件,十 冏二冏 类 粮 种,UNKNOWN,扫描 OCR + IPA 锚点版面解析（四行对照） | 整理日期 2026-09,medium
SANGJIAJING-P0711-L-03,SANGJIAJING,711,L,3,4与,tshi³³ ni²¹ kh⁰³3 bu³³ tshi⁴⁴,tsh133 ni²1 kh033 bu3 tshi44,ok,0.80,5,十 二 件有 绝,十 二 类 要 齐,UNKNOWN,扫描 OCR + IPA 锚点版面解析（四行对照） | 整理日期 2026-09,medium
SANGJIAJING-P0711-L-04,SANGJIAJING,711,L,4,日 每 甘,,1033 mu dp21 dze4tsh133,failed,0.33,3,轻 的 地 面 下,带 种 轻 盈 降,UNKNOWN,扫描 OCR + IPA 锚点版面解析（四行对照） | 整理日期 2026-09,medium
SANGJIAJING-P0711-R-01,SANGJIAJING,711,R,1,3次 灭 易,te³³ me ³³ ʊɒ²¹ bi²¹,te33 me 33 VD21 b121,suspect,0.75,4,云 尾 雪 撒 散,如 降 细 米 雪,UNKNOWN,扫描 OCR + IPA 锚点版面解析（四行对照） | 整理日期 2026-09,medium
SANGJIAJING-P0711-R-02,SANGJIAJING,711,R,2,甲,di²¹ ssld li³³ z⁰³1,"d121 ssld 1,33 Z031",suspect,0.67,3,沙 地 散 下 来,沙 沙 往 下 撒,UNKNOWN,扫描 OCR + IPA 锚点版面解析（四行对照） | 整理日期 2026-09,medium
SANGJIAJING-P0711-R-03,SANGJIAJING,711,R,3,亩 A,pi²¹ 1ɒ³³ lu²¹ bu tsh³³,p121 1D33 lu²1 bu tsh33,suspect,0.75,4,散 了 鲁 伯 下,粮 种 落 鲁 伯,UNKNOWN,扫描 OCR + IPA 锚点版面解析（四行对照） | 整理日期 2026-09,medium
SANGJIAJING-P0711-R-04,SANGJIAJING,711,R,4,焱 日,s tshi³³ tche³³ li⁰³3 t4ɒ³³,s tshi33tche33 1033 t4D33,suspect,0.75,4,晒 蛋 上 处 下,粮 落 晒 地,UNKNOWN,扫描 OCR + IPA 锚点版面解析（四行对照） | 整理日期 2026-09,medium
SANGJIAJING-P0711-R-05,SANGJIAJING,711,R,5,Y 企 分 7.0,du²¹ mi ³³ nu³³ zɒ²¹ tshi²¹,du²1 mi 33 nu33 ZD21 tshi21,ok,1.00,5,阳 间 你 儿 遗,子 阳 间 N 遗,UNKNOWN,扫描 OCR + IPA 锚点版面解析（四行对照） | 整理日期 2026-09,medium
SANGJIAJING-P0712-L-01,SANGJIAJING,712,L,1,丑4 与,siss ne²¹ tshi³³ ni²¹ kho³³,siss ne²1 tsh133 ni²1 kho33,suspect,0.75,4,种 良 十 二 件,良 十 类 种 二,UNKNOWN,扫描 OCR + IPA 锚点版面解析（四行对照） | 整理日期 2026-09,medium
SANGJIAJING-P0712-L-02,SANGJIAJING,712,L,2,又 田 3=,lu²¹ lu²¹ 1ɒ³³ tps,"lu²1 lu21 1D33 tp,s",suspect,0.50,4,个 个 找 了 搁,同 时 获 齐 全,UNKNOWN,扫描 OCR + IPA 锚点版面解析（四行对照） | 整理日期 2026-09,medium
SANGJIAJING-P0712-L-03,SANGJIAJING,712,L,3,7办4 飞让,me4 ⁴⁴ 1ɒ³³ thu⁴⁴ nu,me4 44 1D33 thu44 nu?,suspect,0.75,4,繁 了 厚 的 长,苗 齐 又 茁 壮,UNKNOWN,扫描 OCR + IPA 锚点版面解析（四行对照） | 整理日期 2026-09,medium
SANGJIAJING-P0712-R-01,SANGJIAJING,712,R,1,分 W 7L,ɒ²¹ di⁵⁵ s tsh³³ ni²¹ tshi³¹ zɒ,D21 di5s tsh33 ni21 tshi31 ZD,ok,0.83,6,儿 孙 冏十 二 代,子 孙 十 二 代,UNKNOWN,扫描 OCR + IPA 锚点版面解析（四行对照） | 整理日期 2026-09,medium
SANGJIAJING-P0712-R-02,SANGJIAJING,712,R,2,田 3= 丑 张E,zi¹⁴ lu²¹ lu²¹ ne²¹ tyss,zi14 lu²1 lu²1 ne21 tyss,ok,0.80,5,个 个 美 影 戴,代 代 吉 禅 得,UNKNOWN,扫描 OCR + IPA 锚点版面解析（四行对照） | 整理日期 2026-09,medium
SANGJIAJING-P0712-R-03,SANGJIAJING,712,R,3,勾 张E,tcrs rzp no ⁴⁴ zi4,"tcr""s rzp no 44 zi4",ok,1.00,2,牲 养 牲 毛 滑,养 牲 牲 膘 肥,UNKNOWN,扫描 OCR + IPA 锚点版面解析（四行对照） | 整理日期 2026-09,medium
SANGJIAJING-P0713-L-01,SANGJIAJING,713,L,1,,,tsp' 33 mu33 th21 9021 nj3,failed,0.20,5,粮 种做 日,地种 庄稼,UNKNOWN,扫描 OCR + IPA 锚点版面解析（四行对照） | 整理日期 2026-09,medium
SANGJIAJING-P0713-L-02,SANGJIAJING,713,L,2,也,,33 tsp21 q021 t133 ne 1021,failed,0.40,5,粮种楼 边满,粮丰堆满楼,UNKNOWN,扫描 OCR + IPA 锚点版面解析（四行对照） | 整理日期 2026-09,medium
SANGJIAJING-P0718-L-01,SANGJIAJING,718,L,1,WZ飞WI,lurs ʊli³³ tchi³³ thi²¹,lur's V133 tch133th121,suspect,0.67,3,勒 娓浸堤额,娓浸块 堤额 勒,UNKNOWN,扫描 OCR + IPA 锚点版面解析（四行对照） | 整理日期 2026-09,medium
SANGJIAJING-P0718-L-02,SANGJIAJING,718,L,2,4 每正 Z,,t4u44 mu33 tch33 V133,failed,0.25,4,翥木浸客 页娓 额,翥木浸额娓②,UNKNOWN,扫描 OCR + IPA 锚点版面解析（四行对照） | 整理日期 2026-09,medium
SANGJIAJING-P0718-L-03,SANGJIAJING,718,L,3,世,kho²¹ gi³³ si³³ ne²¹ nu³³,kho21 G133 si33 ne21 nu33,ok,1.00,5,柯 兴 诗 安奴,柯兴诗安奴③,UNKNOWN,扫描 OCR + IPA 锚点版面解析（四行对照） | 整理日期 2026-09,medium
SANGJIAJING-P0718-R-01,SANGJIAJING,718,R,1,Z,si³³ si³³ bi²¹ thi²¹ ni³³,si33 si33 b1²1 th121 ni33,ok,1.00,5,死神 给 一 日,死 神 降 N 日,UNKNOWN,扫描 OCR + IPA 锚点版面解析（四行对照） | 整理日期 2026-09,medium
SANGJIAJING-P0719-L-01,SANGJIAJING,719,L,1,W 决不,phu³³ ²¹ li³³ luurss pi³³ zɒ,phu33 21 133 luurss p133 ZD,suspect,0.60,5,勒 普 毕 绕 来,勒 普 毕 绕 来,UNKNOWN,扫描 OCR + IPA 锚点版面解析（四行对照） | 整理日期 2026-09,medium
SANGJIAJING-P0719-L-02,SANGJIAJING,719,L,2,Z4 与 7开7,me ³³ ze ³¹ tsh³³ ni²¹ dzj²¹,me 33 ze 31 tsh33 ni21 dz.j21,suspect,0.60,5,超 度 冏十 二 章,十 二 经 超 度,UNKNOWN,扫描 OCR + IPA 锚点版面解析（四行对照） | 整理日期 2026-09,medium
SANGJIAJING-P0719-L-03,SANGJIAJING,719,L,3,★ 3E 4 田,,da4 tsh133 suss lu²1 nDSs,failed,0.33,3,耳 过 十 三 个,加 哭 诉 十 三①,UNKNOWN,扫描 OCR + IPA 锚点版面解析（四行对照） | 整理日期 2026-09,medium
SANGJIAJING-P0719-L-04,SANGJIAJING,719,L,4,田 # 田 #,mp tsi³³ mp ²¹ tsi³³ mu ³³,mp ts133 mp 21 ts13 mu 33,suspect,0.75,4,不 剩 不 剩 做,本 意 无 遗 者,UNKNOWN,扫描 OCR + IPA 锚点版面解析（四行对照） | 整理日期 2026-09,medium
SANGJIAJING-P0719-R-01,SANGJIAJING,719,R,1,田 # 7开 工,mp ²¹ tsi³³ thi²¹ dzi²¹ tsi³³,"mp 21 ts133 th121 dz,i21 ts133",ok,0.80,5,不 剩 一 章 剩,却 还 缺 章 一,UNKNOWN,扫描 OCR + IPA 锚点版面解析（四行对照） | 整理日期 2026-09,medium
SANGJIAJING-P0719-R-02,SANGJIAJING,719,R,2,WI 7开 #,phu²¹ ku³³ th²¹ dzi²¹ tsi³³,"phu21 ku33 th21 dz,i21 ts133",ok,0.80,5,灵牌 制 章 剩 一,制 灵 牌 一 章,UNKNOWN,扫描 OCR + IPA 锚点版面解析（四行对照） | 整理日期 2026-09,medium
SANGJIAJING-P0719-R-03,SANGJIAJING,719,R,3,7开 # 又 米,thi²¹ dzi²¹ tsi³³ tɒss 1ɒ³³,"th121 dz,i21 ts133 tDSs 1D33",suspect,0.75,4,一 章 剩 搁 啊,遗 一 章 未 诵,UNKNOWN,扫描 OCR + IPA 锚点版面解析（四行对照） | 整理日期 2026-09,medium
SANGJIAJING-P0720-L-01,SANGJIAJING,720,L,1,3,,duss phu2! 21 33 mp t$o,failed,0.33,3,舒 播 祖灵 不 有,播 无 祖 灵 佑,UNKNOWN,扫描 OCR + IPA 锚点版面解析（四行对照） | 整理日期 2026-09,medium
SANGJIAJING-P0720-L-02,SANGJIAJING,720,L,2,米 庄星田,zi⁴⁴ phu²¹ zi tsi³³ mɒ²¹ to,zi44 phu²1 Zi tsi3 mp²1 t$o,ok,0.80,5,魂 接 祖灵 不 有,生 魂无 灵 荫,UNKNOWN,扫描 OCR + IPA 锚点版面解析（四行对照） | 整理日期 2026-09,medium
SANGJIAJING-P0720-L-03,SANGJIAJING,720,L,3,星丑 G 不,phu²¹ ne²¹ ku³³ zɔs si²¹,phu21 ne21 ku33 ZO$s S121,suspect,0.75,4,灵牌 良 制 要 还,尚 需 制 灵 牌,UNKNOWN,扫描 OCR + IPA 锚点版面解析（四行对照） | 整理日期 2026-09,medium
SANGJIAJING-P0720-L-04,SANGJIAJING,720,L,4,尚 需 认 祖 灵,a³³ phu²¹ mi³³ ne2i ku³³,A33 phu21 m133 ne2i ku33,suspect,0.75,4,什 么灵 牌 制,什么制灵牌,UNKNOWN,扫描 OCR + IPA 锚点版面解析（四行对照） | 整理日期 2026-09,medium
SANGJIAJING-P0720-R-01,SANGJIAJING,720,R,1,亦山,kyss 1xy⁵⁵ phu²¹ ku³³ ɒe1,ky.ss 1xy55 phu21 ku33 De1,suspect,0.75,4,竹节 草 灵牌 良 制,竹 节 草制 作,UNKNOWN,扫描 OCR + IPA 锚点版面解析（四行对照） | 整理日期 2026-09,medium
SANGJIAJING-P0720-R-02,SANGJIAJING,720,R,2,3 分,thi²¹ ⁴⁴ ³³ sɒ³³ zɒ²¹ zɔ,th121 44 33 SD33 ZD21 ZO,suspect,0.67,6,顺 舒 儿 一 人,吉 顺 儿 一 人,UNKNOWN,扫描 OCR + IPA 锚点版面解析（四行对照） | 整理日期 2026-09,medium
SANGJIAJING-P0720-R-03,SANGJIAJING,720,R,3,W # 分,²⁰³³ gi¹⁴ bu²¹ tu³³ zɒ,2.033 Gi14 bu21 tu33 ZD,ok,0.80,5,绵羊 毛 背 单 小,单 绵 羊 毡 背,UNKNOWN,扫描 OCR + IPA 锚点版面解析（四行对照） | 整理日期 2026-09,medium
SANGJIAJING-P0720-R-04,SANGJIAJING,720,R,4,W,ci⁴⁴ tche³³ bu²¹ ⁴⁴ tu³³ tce,Ci44 tche33 bu²1 44 tu33 tce,ok,0.83,6,毛 线 背 单 绳,毛织背单 带,UNKNOWN,扫描 OCR + IPA 锚点版面解析（四行对照） | 整理日期 2026-09,medium
SANGJIAJING-P0721-L-01,SANGJIAJING,721,L,1,科日叉,de²¹ tche³³ li⁰³3 khɒss s⁰³1,de21 tche33 1033 khDss S031,ok,1.00,4,伞 打 上 处 遮,打 伞 遮 头 顶,UNKNOWN,扫描 OCR + IPA 锚点版面解析（四行对照） | 整理日期 2026-09,medium
SANGJIAJING-P0721-L-02,SANGJIAJING,721,L,2,4 H,,"ph,33 fess fess dlDp33",failed,0.00,2,岩 大 岩 半 壁,石 岩 岩 壁 上,UNKNOWN,扫描 OCR + IPA 锚点版面解析（四行对照） | 整理日期 2026-09,medium
SANGJIAJING-P0721-L-03,SANGJIAJING,721,L,3,E 住 介,fess ph³³ kyss 1x5s tsi³³,fess ph33 kyss 1x5s tsi33,suspect,0.50,2,岩 半 竹节 草 棵,霜 长 竹 节 草,UNKNOWN,扫描 OCR + IPA 锚点版面解析（四行对照） | 整理日期 2026-09,medium
SANGJIAJING-P0721-L-04,SANGJIAJING,721,L,4,万,kh³³ zi³³ tshi³³ 1ɒ³³,kh33 zi33 tsh133 1D33,suspect,0.50,4,那 样 认 了 下,那 样认下来,UNKNOWN,扫描 OCR + IPA 锚点版面解析（四行对照） | 整理日期 2026-09,medium
SANGJIAJING-P0721-R-01,SANGJIAJING,721,R,1,日,²¹ ³³1 h³³ li⁰³3 bu²¹ zɒ,21 3.31 h33 1033 bu21 ZD,suspect,0.50,6,儿 背 上 处 背,背 在 儿 背 上,UNKNOWN,扫描 OCR + IPA 锚点版面解析（四行对照） | 整理日期 2026-09,medium
SANGJIAJING-P0721-R-02,SANGJIAJING,721,R,2,w 住 众 N,tsh³³ lus ʊ³³ tsi³³ dzi³³,tsh;33 lu's V33 tsi33 dz133,suspect,0.50,4,主 家 院 坝 到,回 丧 家 院 坝,UNKNOWN,扫描 OCR + IPA 锚点版面解析（四行对照） | 整理日期 2026-09,medium
SANGJIAJING-P0721-R-03,SANGJIAJING,721,R,3,住 众 tQ,tsi³³ dzi³³ he³³ tsh³³,tsi33 dz133 he33 tsh;33,suspect,0.75,4,院 坝 房 大 脚,院 坝 房 墙 根,UNKNOWN,扫描 OCR + IPA 锚点版面解析（四行对照） | 整理日期 2026-09,medium
SANGJIAJING-P0721-R-04,SANGJIAJING,721,R,4,院 坝 房 墙 根,,tQ 4 tQ 日,failed,0.00,1,he33 he33 tsh;33 1033,脚 房 大 房 处,UNKNOWN,扫描 OCR + IPA 锚点版面解析（四行对照） | 整理日期 2026-09,medium
SANGJIAJING-P0721-R-05,SANGJIAJING,721,R,5,tQ 4 tQ 日,he³³ he³³ tsh³³ li⁰³3,he33 he33 tsh;33 1033,suspect,0.75,4,脚 房 大 房 处,房 墙 根 之 处,UNKNOWN,扫描 OCR + IPA 锚点版面解析（四行对照） | 整理日期 2026-09,medium
SANGJIAJING-P0721-R-06,SANGJIAJING,721,R,6,万 日,khi³³ phu²¹ li⁰³3 ku³³ di³³,kh133 phu21 1033 ku33 d133,ok,1.00,5,那 里 灵牌 制 地,在那制灵牌,UNKNOWN,扫描 OCR + IPA 锚点版面解析（四行对照） | 整理日期 2026-09,medium
SANGJIAJING-P0722-L-01,SANGJIAJING,722,L,1,星 九,phu²¹ ku³³ d³³ ne ³³ sɒ³³,phu21 ku33 d33 ne 33 SD33,ok,0.80,5,灵牌 制 地 也 舒,制 灵 牌 地,UNKNOWN,扫描 OCR + IPA 锚点版面解析（四行对照） | 整理日期 2026-09,medium
SANGJIAJING-P0722-L-02,SANGJIAJING,722,L,2,万 日 分,khi³³ li⁰³3 phu²¹ ⁵⁵ ax ³³,kh133 1033 phu21 55 ax 33,ok,0.80,5,那 里 祖灵 认 处,那 里 认 祖 灵,UNKNOWN,扫描 OCR + IPA 锚点版面解析（四行对照） | 整理日期 2026-09,medium
SANGJIAJING-P0722-L-03,SANGJIAJING,722,L,3,3= 每万雨,kh³³ thɒ²¹ ne³¹ mu³³,kh33 thp21 ne31 mu33,suspect,0.75,4,早 早 的 那 时,远 古 的 时 候,UNKNOWN,扫描 OCR + IPA 锚点版面解析（四行对照） | 整理日期 2026-09,medium
SANGJIAJING-P0722-L-04,SANGJIAJING,722,L,4,子 司 介,,"th3tce ku"" m133 h33",failed,0.00,2,加 天 下 地 面 上,下 天 地 面 上,UNKNOWN,扫描 OCR + IPA 锚点版面解析（四行对照） | 整理日期 2026-09,medium
SANGJIAJING-P0722-R-01,SANGJIAJING,722,R,1,下: 西 WI 7开,me²¹ fu³³ tsq³¹ thi²¹ dzu ³³,me21 fu33 tsq31 th121 dzu 33,ok,0.80,5,妻 夫 好 一 对,是 恩 爱 夫 妻,UNKNOWN,扫描 OCR + IPA 锚点版面解析（四行对照） | 整理日期 2026-09,medium
SANGJIAJING-P0722-R-02,SANGJIAJING,722,R,2,万 分,khi³³ zi³³ bu ³³ 1ɒ³³ yɒ,kh133 zi33 bu' 33 1D33 yD,ok,0.80,5,那 样 有 了 得,生 育 得 如 此,UNKNOWN,扫描 OCR + IPA 锚点版面解析（四行对照） | 整理日期 2026-09,medium
SANGJIAJING-P0723-L-01,SANGJIAJING,723,L,1,,,kh33qh031 tho²1 qh031 33 e,failed,0.33,6,那 年 兔 年 是,此 年 是兔 年,UNKNOWN,扫描 OCR + IPA 锚点版面解析（四行对照） | 整理日期 2026-09,medium
SANGJIAJING-P0723-L-02,SANGJIAJING,723,L,2,万 O O,,kh133 4D33tho2 4D33,failed,0.33,3,那 月 兔 日 是,月 份 是 兔 月,UNKNOWN,扫描 OCR + IPA 锚点版面解析（四行对照） | 整理日期 2026-09,medium
SANGJIAJING-P0723-L-03,SANGJIAJING,723,L,3,万 天 天,khi³³ ni³³ tho²¹ ni³³ ne ³³,kh133 ni33 tho21 ni33 ne 33,ok,1.00,5,那 日 兔 日 是,该 日 属 兔 日,UNKNOWN,扫描 OCR + IPA 锚点版面解析（四行对照） | 整理日期 2026-09,medium
SANGJIAJING-P0723-L-04,SANGJIAJING,723,L,4,分 正 WI,tchi³³ thi²¹ ⁴⁴ zɒ1 zɔ,tch133 th121 44 ZD?1 ZO,suspect,0.50,4,儿 大 那 一 人,他 家 之 长 子,UNKNOWN,扫描 OCR + IPA 锚点版面解析（四行对照） | 整理日期 2026-09,medium
SANGJIAJING-P0723-L-05,SANGJIAJING,723,L,5,双,tho²¹ ³³ mg³³ mp ³³ a³³ me,tho21 33 mg33 mp? 33 A33 me,suspect,0.50,6,乳 名 阿 托 名,乳名取 阿托,UNKNOWN,扫描 OCR + IPA 锚点版面解析（四行对照） | 整理日期 2026-09,medium
SANGJIAJING-P0723-R-01,SANGJIAJING,723,R,1,分 WI,,21 1i44 th21 reyb ZD 204,failed,0.00,4,儿 次 生 一 年,次 子 出 生 年,UNKNOWN,扫描 OCR + IPA 锚点版面解析（四行对照） | 整理日期 2026-09,medium
SANGJIAJING-P0723-R-02,SANGJIAJING,723,R,2,国,khi³³ qh⁰³1 t tshi²¹ q⁰³1,kh133qh031 t tshi21 q031,suspect,0.50,4,那 年 狗 年 是,此 年 是 狗 年,UNKNOWN,扫描 OCR + IPA 锚点版面解析（四行对照） | 整理日期 2026-09,medium
SANGJIAJING-P0723-R-03,SANGJIAJING,723,R,3,万 办 O O 国,khi³³ 4ɒ³³ tshi²¹ 4ɒ³³ ne ³³,kh133 4D33 tshi21 4D33 ne 33,suspect,0.60,5,那 月 狗 日 是,月 份 是 狗 日,UNKNOWN,扫描 OCR + IPA 锚点版面解析（四行对照） | 整理日期 2026-09,medium
SANGJIAJING-P0723-R-04,SANGJIAJING,723,R,4,万 办 天,kh³³ tshi²¹ ɒi³³ ɒ⁰³3,kh33 tshi21 Di3 D033,suspect,0.75,4,那 天 狗 日 是,该 日 属 狗 日,UNKNOWN,扫描 OCR + IPA 锚点版面解析（四行对照） | 整理日期 2026-09,medium
SANGJIAJING-P0723-R-05,SANGJIAJING,723,R,5,分 面,,ZD1 1i44 tch33 th21 204,failed,0.00,4,儿 次 那 一 人,他家之 次 子,UNKNOWN,扫描 OCR + IPA 锚点版面解析（四行对照） | 整理日期 2026-09,medium
SANGJIAJING-P0724-L-01,SANGJIAJING,724,L,1,分 光 WI,,21 th21 qh031 ZD nas ZO,failed,0.00,4,儿 小 生 一 年,幼 子 出 生 年,UNKNOWN,扫描 OCR + IPA 锚点版面解析（四行对照） | 整理日期 2026-09,medium
SANGJIAJING-P0724-L-02,SANGJIAJING,724,L,2,Y,khi³³ q⁰³1 lu²¹ qh⁰³1 ne ³³,kh133 q031 lu²1 qh031 ne 33,suspect,0.60,5,那 年 龙 年 是,龙 年 此 年 是,UNKNOWN,扫描 OCR + IPA 锚点版面解析（四行对照） | 整理日期 2026-09,medium
SANGJIAJING-P0724-L-03,SANGJIAJING,724,L,3,万 O O,,kh33 4D33 lu²1 4D33 ne 33,failed,0.40,5,那 月 龙 月 是,月 份 是 龙 月,UNKNOWN,扫描 OCR + IPA 锚点版面解析（四行对照） | 整理日期 2026-09,medium
SANGJIAJING-P0724-L-04,SANGJIAJING,724,L,4,万 天,khi³³ ni³³ lu²¹ ³³ 3g,kh133 ni33 lu²1 33 3G,suspect,0.60,5,那 天 龙 日 是,该 日 属龙 日,UNKNOWN,扫描 OCR + IPA 锚点版面解析（四行对照） | 整理日期 2026-09,medium
SANGJIAJING-P0724-R-01,SANGJIAJING,724,R,1,分,,"21 55 tch33 th121 ZD na"" 204",failed,0.20,5,儿 小 那 一 人,他 家 N 幼 子,UNKNOWN,扫描 OCR + IPA 锚点版面解析（四行对照） | 整理日期 2026-09,medium
SANGJIAJING-P0724-R-02,SANGJIAJING,724,R,2,WI,,nw 33 Z.O kh33 th12l leOub,failed,0.33,3,女 生 那 一 年,女 儿 生 年 出,UNKNOWN,扫描 OCR + IPA 锚点版面解析（四行对照） | 整理日期 2026-09,medium
SANGJIAJING-P0724-R-03,SANGJIAJING,724,R,3,3,khi³³ q⁰³1 si³³ q⁰³1 ³³ ne,kh133 q031 si33 q031 33 ne,suspect,0.50,6,那 年 蛇 年 是,此 年 是 蛇 年,UNKNOWN,扫描 OCR + IPA 锚点版面解析（四行对照） | 整理日期 2026-09,medium
SANGJIAJING-P0724-R-04,SANGJIAJING,724,R,4,万 O 3 O,,kh133 4D33 si33 33 4D33,failed,0.40,5,那 月 蛇 月 是,月 份 是 蛇 年,UNKNOWN,扫描 OCR + IPA 锚点版面解析（四行对照） | 整理日期 2026-09,medium
SANGJIAJING-P0725-L-01,SANGJIAJING,725,L,1,万 3,kh³³ si³³ ³³ ni³³ ni³³ 3g,kh33 si33 33 ni33 ni33 3G,suspect,0.50,6,那 天 蛇 日 是,该 日 属 蛇 日,UNKNOWN,扫描 OCR + IPA 锚点版面解析（四行对照） | 整理日期 2026-09,medium
SANGJIAJING-P0725-L-02,SANGJIAJING,725,L,2,3 天 3,si³³ ni³³ thɒ²¹ dzo²¹,si33 ni33 thp²1 dzo21,ok,1.00,4,蛇 日 蛇 时 属,蛇 日 之 蛇 时,UNKNOWN,扫描 OCR + IPA 锚点版面解析（四行对照） | 整理日期 2026-09,medium
SANGJIAJING-P0725-L-03,SANGJIAJING,725,L,3,飞 丑 万 WI,³³ khi³³ thi²¹ ²⁰4 mu,33 kh133 th121 204 mu,suspect,0.60,5,女 佳 那 一 人,他 家 之 女 儿,UNKNOWN,扫描 OCR + IPA 锚点版面解析（四行对照） | 整理日期 2026-09,medium
SANGJIAJING-P0725-R-01,SANGJIAJING,725,R,1,3= 万π,ne³¹ ne³¹ khi³³ dzi²¹ thɒ²¹,ne31 ne31 kh133 dzi21 thD21,ok,1.00,5,早 早 那 时 候,远 古 的 时 候,UNKNOWN,扫描 OCR + IPA 锚点版面解析（四行对照） | 整理日期 2026-09,medium
SANGJIAJING-P0725-R-02,SANGJIAJING,725,R,2,X 四7L,ne ⁴⁴ tsiss ne4 dz⁰² l tshi³¹,"ne 44 tsiss ne4 dz,0²l tshi31",suspect,0.67,3,眼 独 眼 竖 代,独 眼 竖 眼 代,UNKNOWN,扫描 OCR + IPA 锚点版面解析（四行对照） | 整理日期 2026-09,medium
SANGJIAJING-P0725-R-03,SANGJIAJING,725,R,3,子 田,si²¹ qo²¹ mu²¹ mp hɒ³³,si21 qo²1 mu²1 mp hp33,ok,1.00,4,七 年 天 下 雨,七 年 不 下 雨,UNKNOWN,扫描 OCR + IPA 锚点版面解析（四行对照） | 整理日期 2026-09,medium
SANGJIAJING-P0725-R-04,SANGJIAJING,725,R,4,九 田,zi³³ ne³³ mɒ2 ²¹ li⁰³,z.133 ne33 mp² 21 1$03,ok,1.00,4,喝 水 也 不 有,没 有 饮 用 水,UNKNOWN,扫描 OCR + IPA 锚点版面解析（四行对照） | 整理日期 2026-09,medium
SANGJIAJING-P0725-R-05,SANGJIAJING,725,R,5,3=,,tsp 33 ob 21 tsp tsp !2,failed,0.33,3,水 烧 空 烧 烧,空空 烧 水 锅,UNKNOWN,扫描 OCR + IPA 锚点版面解析（四行对照） | 整理日期 2026-09,medium
SANGJIAJING-P0726-L-01,SANGJIAJING,726,L,1,G 3=,,fes5 qo 21 tsp 33,failed,0.00,2,旱 耕 粮 粮 粮 口,旱 地 种 旱 粮,UNKNOWN,扫描 OCR + IPA 锚点版面解析（四行对照） | 整理日期 2026-09,medium
SANGJIAJING-P0726-L-02,SANGJIAJING,726,L,2,G 6 企,,fess tsp33 fess m13 1Ob,failed,0.00,3,旱 粮 旱 地 耕,旱米 粮 种 旱 地,UNKNOWN,扫描 OCR + IPA 锚点版面解析（四行对照） | 整理日期 2026-09,medium
SANGJIAJING-P0726-R-01,SANGJIAJING,726,R,1,6 企 田,fess mi³³ mɒ²¹ bur,fess m133 mp21 bur,suspect,0.67,3,旱 地 不 有 呢,尚 无 旱 粮 地,UNKNOWN,扫描 OCR + IPA 锚点版面解析（四行对照） | 整理日期 2026-09,medium
SANGJIAJING-P0726-R-02,SANGJIAJING,726,R,2,与 介 Z 日,tshi³³ ni²¹ mi³³ dze⁴⁴ li⁰³3,tsh133 ni21 m133 dze44 1033,ok,1.00,5,十 二 地 荒 处,十 荒 二 野 地,UNKNOWN,扫描 OCR + IPA 锚点版面解析（四行对照） | 整理日期 2026-09,medium
SANGJIAJING-P0726-R-03,SANGJIAJING,726,R,3,每,the³³ pu tgh³³ ⁵⁵ mu ³³ np,the33pu tGh33 55 mu 33 np,suspect,0.60,5,上 翻 上 犁 做,翻 犁 生 荒 地,UNKNOWN,扫描 OCR + IPA 锚点版面解析（四行对照） | 整理日期 2026-09,medium
SANGJIAJING-P0726-R-04,SANGJIAJING,726,R,4,W 每,vi³¹ ³³ ne 4i³³ mu³³ nurs,vi31 33 ne 4i33 mu33 nur's,suspect,0.60,5,兄 妹 四 兄 妹,四 兄 妹 垦 荒,UNKNOWN,扫描 OCR + IPA 锚点版面解析（四行对照） | 整理日期 2026-09,medium
SANGJIAJING-P0727-L-01,SANGJIAJING,727,L,1,天 如 分 灶,ni³³ du²¹ ³³ du²¹ mx³¹ yɒ,ni33 du21 33 du21 mx31 yD,suspect,0.67,6,日 后 后 处 盖,次 冏日 地 复 原,UNKNOWN,扫描 OCR + IPA 锚点版面解析（四行对照） | 整理日期 2026-09,medium
SANGJIAJING-P0727-L-02,SANGJIAJING,727,L,2,日 tz 与,tsh³³ ni²¹ mi³³ li⁰³3,tsh33 ni21 m133 1033,suspect,0.75,4,十 二 地 大 处,十 二 大 地 处,UNKNOWN,扫描 OCR + IPA 锚点版面解析（四行对照） | 整理日期 2026-09,medium
SANGJIAJING-P0727-R-01,SANGJIAJING,727,R,1,另,,th21 ni33 44 md 1D33 tD's,failed,0.40,5,一 日 翻 了 搁,头 日 翻 起 地,UNKNOWN,扫描 OCR + IPA 锚点版面解析（四行对照） | 整理日期 2026-09,medium
SANGJIAJING-P0727-R-02,SANGJIAJING,727,R,2,分 天,tshɒ³³ ni³³ mi³³ tsh³³,tshD33 ni33 m13 tsh:33,suspect,0.75,4,后 日 地 块 到,次 日 返 中 地,UNKNOWN,扫描 OCR + IPA 锚点版面解析（四行对照） | 整理日期 2026-09,medium
SANGJIAJING-P0727-R-03,SANGJIAJING,727,R,3,米,tce h³³ pwtce ⁴⁴ h³³,"tc""e"" h33 pw""tc""e 44h33",suspect,0.67,3,上 翻 上 滑 回,地 复 原 无 痕,UNKNOWN,扫描 OCR + IPA 锚点版面解析（四行对照） | 整理日期 2026-09,medium
SANGJIAJING-P0728-L-01,SANGJIAJING,728,L,1,分 分 面 口,yɒ ³³ nj³³ zɒ2 1i⁴⁴ li³³,yD 33 nj33 ZD2 1i44 133,suspect,0.50,4,后 日 儿 次 来,次 子 于 次 日,UNKNOWN,扫描 OCR + IPA 锚点版面解析（四行对照） | 整理日期 2026-09,medium
SANGJIAJING-P0728-L-02,SANGJIAJING,728,L,2,每,,"tc""e”pw""to""e”” h33 44 h33 np 55 mu33",failed,0.20,5,上 翻 上 犁 做,翻 犁 生 荒 地,UNKNOWN,扫描 OCR + IPA 锚点版面解析（四行对照） | 整理日期 2026-09,medium
SANGJIAJING-P0728-L-03,SANGJIAJING,728,L,3,分 天 冷車,,33 nj33 tshD33 yD m133 ne 4,failed,0.40,5,后 天 地 块 看,过 天 看 地 块,UNKNOWN,扫描 OCR + IPA 锚点版面解析（四行对照） | 整理日期 2026-09,medium
SANGJIAJING-P0728-L-04,SANGJIAJING,728,L,4,过 天 看 地 块,dze4ko²¹ ⁵⁵ li⁰³1 mi³³ sɒ,dze4ko21 55 1031 m133 SD,suspect,0.60,5,地 荒 土 艰 成,荒 芜 地 模 样,UNKNOWN,扫描 OCR + IPA 锚点版面解析（四行对照） | 整理日期 2026-09,medium
SANGJIAJING-P0728-L-05,SANGJIAJING,728,L,5,荒 芜 地 模 样,,"tc""e""pw” h33 Itc""e"""" du33 l031",failed,0.33,3,上 翻 冏上 处 成,复 成 原样 原,UNKNOWN,扫描 OCR + IPA 锚点版面解析（四行对照） | 整理日期 2026-09,medium
SANGJIAJING-P0728-R-01,SANGJIAJING,728,R,1,光去 效 (2),qɒ³³ li³³ 2i³³,qD33 133 2i33,suspect,0.67,3,怎 么 这 样象,为 何 会 如 此,UNKNOWN,扫描 OCR + IPA 锚点版面解析（四行对照） | 整理日期 2026-09,medium
SANGJIAJING-P0728-R-02,SANGJIAJING,728,R,2,π 飞 m 每,ku ⁵⁵ dzi²¹ 4i³³ mu ³³ nu ⁵⁵,ku 55 dzi21 4i33 mu 33 nu 55,ok,0.80,5,格 资 四 兄 妹,格 资 四 兄 妹,UNKNOWN,扫描 OCR + IPA 锚点版面解析（四行对照） | 整理日期 2026-09,medium
SANGJIAJING-P0728-R-03,SANGJIAJING,728,R,3,田 幼飞田 h,,1x44 tch33 mp² 1y44 mD21,failed,0.25,4,不 踏实 他 不 实踏,心 中 存 疑 惑,UNKNOWN,扫描 OCR + IPA 锚点版面解析（四行对照） | 整理日期 2026-09,medium
SANGJIAJING-P0728-R-04,SANGJIAJING,728,R,4,分 光 Z IU,,21 55 si33 th21 ZD na 2.04,failed,0.20,5,儿 小 他 一 人,小 兄 弟 一 人,UNKNOWN,扫描 OCR + IPA 锚点版面解析（四行对照） | 整理日期 2026-09,medium
SANGJIAJING-P0729-L-01,SANGJIAJING,729,L,1,7L日 万WI 天,tshi³¹ li⁰³3 kh³³ th²¹ ni³³,tshi31 1033 kh33 th21 ni33,suspect,0.60,5,后 处 那 一 过,第 过 天 二 日,UNKNOWN,扫描 OCR + IPA 锚点版面解析（四行对照） | 整理日期 2026-09,medium
SANGJIAJING-P0729-L-02,SANGJIAJING,729,L,2,万 WI 天,,kh33 133 th21 ni33 md 44,failed,0.40,5,他 来 日 翻 一,他 来 翻 犁 地,UNKNOWN,扫描 OCR + IPA 锚点版面解析（四行对照） | 整理日期 2026-09,medium
SANGJIAJING-P0729-L-03,SANGJIAJING,729,L,3,WI 天 C 又,,th2i ni33 1D33 pu tDss,failed,0.00,3,一 日 了 搁,翻 犁 了 一 日,UNKNOWN,扫描 OCR + IPA 锚点版面解析（四行对照） | 整理日期 2026-09,medium
SANGJIAJING-P0729-L-04,SANGJIAJING,729,L,4,日 W 飞E,1o²¹ pu ³³ bɒ²¹ nes,1o21 pu 33 bD21 ne's,suspect,0.75,4,太 阳 山 坡 失,太 阳 落 下 山,UNKNOWN,扫描 OCR + IPA 锚点版面解析（四行对照） | 整理日期 2026-09,medium
SANGJIAJING-P0729-R-01,SANGJIAJING,729,R,1,子 天 又,mu²¹ ni³³ zi³³ pu ⁴⁴ tɒs,mu²1 ni33 zi33 pu 44 tD's,ok,1.00,5,白天 呢 翻 搁,白 天 翻 生 荒,UNKNOWN,扫描 OCR + IPA 锚点版面解析（四行对照） | 整理日期 2026-09,medium
SANGJIAJING-P0729-R-02,SANGJIAJING,729,R,2,子 冷車 3,m²¹ tghi³¹ mi³³ t tsɒ h³³,"m21 tghi31 m133 t ts""D h33",suspect,0.75,4,夜 块 守 晚 地,夜 晚 守土 地,UNKNOWN,扫描 OCR + IPA 锚点版面解析（四行对照） | 整理日期 2026-09,medium
SANGJIAJING-P0729-R-03,SANGJIAJING,729,R,3,m 6,³³ nu ⁵⁵ 1iss fe³³ ni³³ mu,33 nu 55 1i'ss fe33 ni33 mu,suspect,0.60,5,兄 妹 四 兄 妹,他 们 四 兄 妹,UNKNOWN,扫描 OCR + IPA 锚点版面解析（四行对照） | 整理日期 2026-09,medium
SANGJIAJING-P0730-L-01,SANGJIAJING,730,L,1,W 安 日 司 世,,"1i55 1033 33 V03 ms,",failed,0.20,5,四 方 处 地 藏,身 藏 四 地 头,UNKNOWN,扫描 OCR + IPA 锚点版面解析（四行对照） | 整理日期 2026-09,medium
SANGJIAJING-P0730-L-02,SANGJIAJING,730,L,2,分 4 了 Y Z,ʊli³³ zɒ ²¹ si³³ du²¹,V133 ZD 21 si33 du21,suspect,0.75,4,儿 大 金 挖 拿,大 儿 拿 锄 金,UNKNOWN,扫描 OCR + IPA 锚点版面解析（四行对照） | 整理日期 2026-09,medium
SANGJIAJING-P0730-L-03,SANGJIAJING,730,L,3,分 面 Z,,ZD 21 1i44 4u33 du2! V133,failed,0.25,4,儿 次 银 挖 拿,次 子 拿 银 锄,UNKNOWN,扫描 OCR + IPA 锚点版面解析（四行对照） | 整理日期 2026-09,medium
SANGJIAJING-P0730-L-04,SANGJIAJING,730,L,4,7个 IM 3,a²¹ mess thi²¹ ʊɒ³³ li³³,A21 mess th121 VD33 $133,suspect,0.50,4,自 己 一 处 守,各 自 守 一 处,UNKNOWN,扫描 OCR + IPA 锚点版面解析（四行对照） | 整理日期 2026-09,medium
SANGJIAJING-P0730-L-05,SANGJIAJING,730,L,5,面 7 女 N.,,ph33 33 tsh;33 ms 33 du21 np,failed,0.17,6,三 更 处 际 到,夜 半 三 更 时,UNKNOWN,扫描 OCR + IPA 锚点版面解析（四行对照） | 整理日期 2026-09,medium
SANGJIAJING-P0730-R-01,SANGJIAJING,730,R,1,3 台 日 A,⁰⁵5 li⁰³3 si³³ 4u³³ le p,055 1033 si33 4u33 le&p,suspect,0.60,5,头 处 戴 金 银,头 上 戴 金 银,UNKNOWN,扫描 OCR + IPA 锚点版面解析（四行对照） | 整理日期 2026-09,medium
SANGJIAJING-P0730-R-02,SANGJIAJING,730,R,2,日 3 A,ku li⁰³3 si³³ 4u³³ vi³¹,ku? 1033 si33 4u33 vi31,suspect,0.50,4,身 处 金 银 穿,身 上 穿 金 银,UNKNOWN,扫描 OCR + IPA 锚点版面解析（四行对照） | 整理日期 2026-09,medium
SANGJIAJING-P0730-R-03,SANGJIAJING,730,R,3,H,lu²¹ le³¹ t⁰⁴ pa py3,lu21 le31 t04 pa py3,suspect,0.75,4,手 拄 龙 拐 杖,手拄 主龙 头 杖,UNKNOWN,扫描 OCR + IPA 锚点版面解析（四行对照） | 整理日期 2026-09,medium
SANGJIAJING-P0731-L-01,SANGJIAJING,731,L,1,万,kh³³ zi³³ 1h³³ ze³¹ li⁰³3,"kh,33 zi33 1h33 Ze31 1$033",suspect,0.60,5,那 样 下 来 在,那 样 从 天 降,UNKNOWN,扫描 OCR + IPA 锚点版面解析（四行对照） | 整理日期 2026-09,medium
SANGJIAJING-P0731-L-02,SANGJIAJING,731,L,2,男 #,1p³³ mi³³ tsi³³ hy³¹,好女 1p33 m133 ts133 hy31,suspect,0.50,4,走 了 地 边 站,站 在 地 块 边,UNKNOWN,扫描 OCR + IPA 锚点版面解析（四行对照） | 整理日期 2026-09,medium
SANGJIAJING-P0731-L-03,SANGJIAJING,731,L,3,水 WI,,44 th121 tsx44 dzy4 pa py33,failed,0.25,4,拐 杖 一 下 捅,捅 一 下 拐 杖,UNKNOWN,扫描 OCR + IPA 锚点版面解析（四行对照） | 整理日期 2026-09,medium
SANGJIAJING-P0731-L-04,SANGJIAJING,731,L,4,C,,qhe33 1D33 mi pu 9031,failed,0.33,3,土 块 反 了 回,地翻覆原 貌,UNKNOWN,扫描 OCR + IPA 锚点版面解析（四行对照） | 整理日期 2026-09,medium
SANGJIAJING-P0731-R-01,SANGJIAJING,731,R,1,m 6 #,mu ³³ 4i⁵⁵ s fe³³ ni⁴⁴,mu 33 4i5s fe33 ni44,suspect,0.75,4,兄 妹 四 兄 妹,他 们 四 兄 妹,UNKNOWN,扫描 OCR + IPA 锚点版面解析（四行对照） | 整理日期 2026-09,medium
SANGJIAJING-P0731-R-02,SANGJIAJING,731,R,2,IM 雨 R 住,,th21 h1ss p133 1D33 tsi33,failed,0.25,4,一 步 跑 了 近,奔 至 老 者 旁,UNKNOWN,扫描 OCR + IPA 锚点版面解析（四行对照） | 整理日期 2026-09,medium
SANGJIAJING-P0731-R-03,SANGJIAJING,731,R,3,分 包 习,,ZD 21 21 mu niss,failed,0.33,3,儿 大 老 捆 喊,大 儿 喊 捆 绑,UNKNOWN,扫描 OCR + IPA 锚点版面解析（四行对照） | 整理日期 2026-09,medium
SANGJIAJING-P0731-R-04,SANGJIAJING,731,R,4,分 面 7科,1i⁴⁴ mu ²¹ de²¹ e⁵⁵ zɒ2,1i44 mu 21 de21 e.55 ZD2,ok,0.80,5,老 儿 次 打 喊,次 子 叫 捶 揍,UNKNOWN,扫描 OCR + IPA 锚点版面解析（四行对照） | 整理日期 2026-09,medium
SANGJIAJING-P0732-L-01,SANGJIAJING,732,L,1,包 九 田,,niss kh33 21 ng33 mp,failed,0.25,4,捆 也 他 不 喊,没 有 喊 捆 绑,UNKNOWN,扫描 OCR + IPA 锚点版面解析（四行对照） | 整理日期 2026-09,medium
SANGJIAJING-P0732-L-02,SANGJIAJING,732,L,2,74 九 万 田,de²¹ ne³³ khi³³ mɒ²¹ be⁴⁴,de21 ne33 kh133 mp²1 be44,ok,1.00,5,打 也 他 不 说,也 没 说 捶 揍,UNKNOWN,扫描 OCR + IPA 锚点版面解析（四行对照） | 整理日期 2026-09,medium
SANGJIAJING-P0732-L-03,SANGJIAJING,732,L,3,7科 田 与,tshomw de²¹ mɒ²¹,"tsho""mw de21 mp21",suspect,0.50,2,人 老 打 不 得,打 不 得 老 人,UNKNOWN,扫描 OCR + IPA 锚点版面解析（四行对照） | 整理日期 2026-09,medium
SANGJIAJING-P0732-L-04,SANGJIAJING,732,L,4,弘,be4 me³³ be⁴⁴ mu³³,be4 me33 be44 mu33,suspect,0.67,3,说 及 说 及 做,说道后 再说,UNKNOWN,扫描 OCR + IPA 锚点版面解析（四行对照） | 整理日期 2026-09,medium
SANGJIAJING-P0732-R-01,SANGJIAJING,732,R,1,目 每,³³ do²¹ ts⁰³3 zɒ³³ me³³ mu ³³,33 do21 tS033 Z.D3 me33 mu? 33,suspect,0.67,6,话 有 讲 及 做,有 理 先 讲 理,UNKNOWN,扫描 OCR + IPA 锚点版面解析（四行对照） | 整理日期 2026-09,medium
SANGJIAJING-P0732-R-02,SANGJIAJING,732,R,2,田 WI,,mp 21 t1tsho33th121,failed,0.33,3,不 像老 一 人,怪 异 N 老 人,UNKNOWN,扫描 OCR + IPA 锚点版面解析（四行对照） | 整理日期 2026-09,medium
SANGJIAJING-P0732-R-03,SANGJIAJING,732,R,3,万 日,khi³³ 1h³³ li⁰³3 nɒss ⁹⁰²¹,kh133 1h33 1033 nDss 9021,suspect,0.75,4,他 来 耳 处 闻,他 先 来 说 话,UNKNOWN,扫描 OCR + IPA 锚点版面解析（四行对照） | 整理日期 2026-09,medium
SANGJIAJING-P0732-R-04,SANGJIAJING,732,R,4,日 IM,niss thi²¹ tchi²¹ li⁰³3 be⁴⁴,niss th121tch121 1033 be44,suspect,0.75,4,头 处 一 句 说,先讲 出 一 句,UNKNOWN,扫描 OCR + IPA 锚点版面解析（四行对照） | 整理日期 2026-09,medium
SANGJIAJING-P0733-L-01,SANGJIAJING,733,L,1,子 Z,zi³³ mu²¹ si³³ ³³ e,zi33 mu21 si33 33 e,ok,0.80,5,我 呢 天 神 是,我 是 天 上 神,UNKNOWN,扫描 OCR + IPA 锚点版面解析（四行对照） | 整理日期 2026-09,medium
SANGJIAJING-P0733-L-02,SANGJIAJING,733,L,2,效,,33 2i33 AS5 ph21 me,failed,0.25,4,名 呢 阿 皮 取,名 字 叫 阿 皮,UNKNOWN,扫描 OCR + IPA 锚点版面解析（四行对照） | 整理日期 2026-09,medium
SANGJIAJING-P0733-L-03,SANGJIAJING,733,L,3,Z出 Z W 每,nu³³ ʊli³³ 4i³³ mu³³ nu,nu33 V133 4i33 mu33 nu,suspect,0.60,5,你 家 四 兄 妹,你 们 四 兄 妹,UNKNOWN,扫描 OCR + IPA 锚点版面解析（四行对照） | 整理日期 2026-09,medium
SANGJIAJING-P0733-L-04,SANGJIAJING,733,L,4,企 田 G,,33 mu m1 120b mp21 Z033,failed,0.25,4,地 耕 做 不 要,不 要 种 地 了,UNKNOWN,扫描 OCR + IPA 锚点版面解析（四行对照） | 整理日期 2026-09,medium
SANGJIAJING-P0733-R-01,SANGJIAJING,733,R,1,日 万 700,,"yur! 1033 kh,33 si21 q031",failed,0.25,4,前 处 它 七 年,过 去 那 七 年,UNKNOWN,扫描 OCR + IPA 锚点版面解析（四行对照） | 整理日期 2026-09,medium
SANGJIAJING-P0733-R-02,SANGJIAJING,733,R,2,可 子 田,si²¹ qo³¹ mu²¹ mɒ²¹ hɒ³³,si21 qo31mu²1 mp²1 hD33,ok,1.00,5,七 年 天 不 雨,七 年 不 降 雨,UNKNOWN,扫描 OCR + IPA 锚点版面解析（四行对照） | 整理日期 2026-09,medium
SANGJIAJING-P0733-R-03,SANGJIAJING,733,R,3,七 年 不 降 雨,mi³³ fe³³ mi³³ tuss dy³¹,m133 fe33 m133 tuss dy31,ok,1.00,4,地 干 地 火 燃,地 干 地 燃 火,UNKNOWN,扫描 OCR + IPA 锚点版面解析（四行对照） | 整理日期 2026-09,medium
SANGJIAJING-P0733-R-04,SANGJIAJING,733,R,4,分 日 700 O,s²¹ ³³ li⁰³3 4ɒ³³ kur³³ yɒ,S21 33 1033 4D33 kur33 yD,suspect,0.50,6,中 后 处 七 月,往 后 之 七 月,UNKNOWN,扫描 OCR + IPA 锚点版面解析（四行对照） | 整理日期 2026-09,medium
SANGJIAJING-P0733-R-05,SANGJIAJING,733,R,5,2700 O 子 田,si²¹ fe³³ 4ɒ³³ mu²¹ mɒ²¹,si21 fe33 4D33 mu²1 mp²1,ok,0.80,5,七 日 天 不 干,七 日天 无 晴,UNKNOWN,扫描 OCR + IPA 锚点版面解析（四行对照） | 整理日期 2026-09,medium
SANGJIAJING-P0734-L-01,SANGJIAJING,734,L,1,200 O 7.00 子,,si21 4D33 t4 mu2l,failed,0.33,3,七 月 七 天 淋,七 月 阴 雨 连,UNKNOWN,扫描 OCR + IPA 锚点版面解析（四行对照） | 整理日期 2026-09,medium
SANGJIAJING-P0734-L-02,SANGJIAJING,734,L,2,子 X 3,thi³³ 2li³³ ni⁴⁴ mu²¹ te³³,th133 2133 ni44 mu²1 te33,ok,0.80,5,水 浊 天 际 淹,洪 水 淹 至 天,UNKNOWN,扫描 OCR + IPA 锚点版面解析（四行对照） | 整理日期 2026-09,medium
SANGJIAJING-P0734-L-03,SANGJIAJING,734,L,3,3,2li³³ mi³³ te³³ ni⁴⁴,"2,133 m133 te33 ni44",suspect,0.75,4,水 浊 地 大 淹,洪 水 淹 大 地,UNKNOWN,扫描 OCR + IPA 锚点版面解析（四行对照） | 整理日期 2026-09,medium
SANGJIAJING-P0734-L-04,SANGJIAJING,734,L,4,甘 住,dɒ²¹ 1p²¹ tsi³³ li³³ 2,"dD21 1p21 tsi33 1,33 !2",suspect,0.60,5,洪 水 泛 滥 来,将 洪 水 泛 滥,UNKNOWN,扫描 OCR + IPA 锚点版面解析（四行对照） | 整理日期 2026-09,medium
SANGJIAJING-P0734-L-05,SANGJIAJING,734,L,5,Z Z W,si³³ ʊli³³ 4i³³ mu ³³ nus,si33 V133 4i33 mu 33 nu's,suspect,0.60,5,别人 家 四 兄 妹,他 们 四 兄 妹,UNKNOWN,扫描 OCR + IPA 锚点版面解析（四行对照） | 整理日期 2026-09,medium
SANGJIAJING-P0734-R-01,SANGJIAJING,734,R,1,交 日,zi³³ fa⁴⁴ ²¹ li⁰³3 ²¹ gp gp,z.133 fα44 21 1033 21 gp gp,suspect,0.50,6,水 发 闻 处 闻,听 闻 洪 水 泛,UNKNOWN,扫描 OCR + IPA 锚点版面解析（四行对照） | 整理日期 2026-09,medium
SANGJIAJING-P0734-R-02,SANGJIAJING,734,R,2,tz,,"yu²1 ku's ID33 tsh,33",failed,0.33,3,头 前 跪 了 下,跪 下 忙 磕 头,UNKNOWN,扫描 OCR + IPA 锚点版面解析（四行对照） | 整理日期 2026-09,medium
SANGJIAJING-P0734-R-03,SANGJIAJING,734,R,3,田 女,,21 1x44 tsh03mu² 33 mp np,failed,0.20,5,不 踏实 人 老 问,疑 惑 问 老 人,UNKNOWN,扫描 OCR + IPA 锚点版面解析（四行对照） | 整理日期 2026-09,medium
SANGJIAJING-P0734-R-04,SANGJIAJING,734,R,4,4P 光,zi³³ qɒ³³ se²¹ 2li³³ fa⁴⁴,z.133 qD33 Se21 2.133 fa44,ok,0.80,5,水 大 水 若发,若 发大 洪水,UNKNOWN,扫描 OCR + IPA 锚点版面解析（四行对照） | 整理日期 2026-09,medium
SANGJIAJING-P0735-L-01,SANGJIAJING,735,L,1,了 丰,2li³³ ni⁴⁴ te³³ mi³³,2133 ni44 te3 m133,suspect,0.75,4,水 浊 地 大 淹,洪 水 淹 大 地,UNKNOWN,扫描 OCR + IPA 锚点版面解析（四行对照） | 整理日期 2026-09,medium
SANGJIAJING-P0735-L-02,SANGJIAJING,735,L,2,甘 光住,,"1D33 h33 dp21 213 q""D tsi3",failed,0.20,5,洪 水 水 若 泛滥,洪 水 若 泛 滥,UNKNOWN,扫描 OCR + IPA 锚点版面解析（四行对照） | 整理日期 2026-09,medium
SANGJIAJING-P0735-L-03,SANGJIAJING,735,L,3,每 去 目,,h33 :33 di²1 ab Z1 mu33,failed,0.25,4,样 在 怎 做 的,应 该 怎 么 做,UNKNOWN,扫描 OCR + IPA 锚点版面解析（四行对照） | 整理日期 2026-09,medium
SANGJIAJING-P0735-L-04,SANGJIAJING,735,L,4,田 九零,,21 t1 tshomu 1D33 mp,failed,0.00,3,不 像 人老 啊,怪异 之老 人,UNKNOWN,扫描 OCR + IPA 锚点版面解析（四行对照） | 整理日期 2026-09,medium
SANGJIAJING-P0735-R-01,SANGJIAJING,735,R,1,日 3=,⁴⁰²¹ li⁰³3 ³³ si²¹ si²¹,4021 1033 33 S121 S121,suspect,0.60,5,笑 眯 脸 处 眯,脸 上 笑 眯,UNKNOWN,扫描 OCR + IPA 锚点版面解析（四行对照） | 整理日期 2026-09,medium
SANGJIAJING-P0735-R-02,SANGJIAJING,735,R,2,世 了,li³³ ni⁴⁴ mu2 ⁹⁰³³ t ³³,133 ni44 mu² 9033 t@33,suspect,0.75,4,水 浊 天 里 淹,洪 水 淹 至 天,UNKNOWN,扫描 OCR + IPA 锚点版面解析（四行对照） | 整理日期 2026-09,medium
SANGJIAJING-P0735-R-03,SANGJIAJING,735,R,3,万光,kh³³ tɒ²¹ h³³ zi³³ ab,kh33 tD21 h33 zi33 ab,suspect,0.60,5,若 那 时 到 呢,若 果 到 那 时,UNKNOWN,扫描 OCR + IPA 锚点版面解析（四行对照） | 整理日期 2026-09,medium
SANGJIAJING-P0736-L-01,SANGJIAJING,736,L,1,mI 3 h 咖,,th21 si33 q844 dzi31 1x31,failed,0.40,5,一 个 金 柜 子,个 金 柜 子 一,UNKNOWN,扫描 OCR + IPA 锚点版面解析（四行对照） | 整理日期 2026-09,medium
SANGJIAJING-P0736-L-02,SANGJIAJING,736,L,2,A 咖,,thr21 TE!ZP 4u33 1x31,failed,0.33,3,个 银 柜 子 一,一 个 银 柜 子,UNKNOWN,扫描 OCR + IPA 锚点版面解析（四行对照） | 整理日期 2026-09,medium
SANGJIAJING-P0736-L-03,SANGJIAJING,736,L,3,7 咖,,th12i dzi31 si4 1x31,failed,0.00,2,一 个 木 柜 子,一 个 木 柜 子,UNKNOWN,扫描 OCR + IPA 锚点版面解析（四行对照） | 整理日期 2026-09,medium
SANGJIAJING-P0736-L-04,SANGJIAJING,736,L,4,一 个 木 柜 子,iɒ³³ xɒ³³ nɒ²¹ bi²¹,ID33 XD33 nD21 b121,ok,1.00,4,送 了 你 们 给,送 你 ：们 兄 妹,UNKNOWN,扫描 OCR + IPA 锚点版面解析（四行对照） | 整理日期 2026-09,medium
SANGJIAJING-P0736-R-01,SANGJIAJING,736,R,1,去 九,,33 le&zp zi33 ne,failed,0.33,3,但 是 你 们 呢,但 你 们 兄 妹,UNKNOWN,扫描 OCR + IPA 锚点版面解析（四行对照） | 整理日期 2026-09,medium
SANGJIAJING-P0736-R-02,SANGJIAJING,736,R,2,但 你 们 兄 妹,,th21 nu 55 mp33 Z04 t$03,failed,0.40,5,妹 子 一 人 有,有 个 小 妹 一,UNKNOWN,扫描 OCR + IPA 锚点版面解析（四行对照） | 整理日期 2026-09,medium
SANGJIAJING-P0736-R-03,SANGJIAJING,736,R,3,万,a²¹ li³³ kh³³ tess sɒ³³,"A21 1,3 kh,33 tess SD.33",suspect,0.50,4,哪 个 来 她 带,哪 个 来 带 她,UNKNOWN,扫描 OCR + IPA 锚点版面解析（四行对照） | 整理日期 2026-09,medium
SANGJIAJING-P0736-R-04,SANGJIAJING,736,R,4,分 九 分 面,,1i44 ZD no33 ZD21,failed,0.33,3,儿 大 与 儿 次,长子 与 次 子,UNKNOWN,扫描 OCR + IPA 锚点版面解析（四行对照） | 整理日期 2026-09,medium
SANGJIAJING-P0737-L-01,SANGJIAJING,737,L,1,金 日 金 里,ni⁴⁴ li⁰³3 dy³¹ e4,ni44 1033 dy31 $e4,suspect,0.75,4,心 处 当 黑 结,心 中 存 自 私,UNKNOWN,扫描 OCR + IPA 锚点版面解析（四行对照） | 整理日期 2026-09,medium
SANGJIAJING-P0737-L-02,SANGJIAJING,737,L,2,3 咖,,2i33 1y31,failed,0.00,2,大 呢 金 柜 子,长 子 金 柜 子,UNKNOWN,扫描 OCR + IPA 锚点版面解析（四行对照） | 整理日期 2026-09,medium
SANGJIAJING-P0737-L-03,SANGJIAJING,737,L,3,万 77,,"kh,33 zi33 55 1D33 dzi21",failed,0.40,5,那 样 认 了 着,被 他 认 了 去,UNKNOWN,扫描 OCR + IPA 锚点版面解析（四行对照） | 整理日期 2026-09,medium
SANGJIAJING-P0737-L-04,SANGJIAJING,737,L,4,A 咖,,1i44 zi33 4u33 1y31,failed,0.25,4,次子 呢 银 柜 子,次 子 银 柜 子,UNKNOWN,扫描 OCR + IPA 锚点版面解析（四行对照） | 整理日期 2026-09,medium
SANGJIAJING-P0737-L-05,SANGJIAJING,737,L,5,万,,kh33 zi33 1D33 tsh33 55,failed,0.20,5,那 样 认 了 下,被 他 认 下了,UNKNOWN,扫描 OCR + IPA 锚点版面解析（四行对照） | 整理日期 2026-09,medium
SANGJIAJING-P0737-R-01,SANGJIAJING,737,R,1,分 光 飞 X,,21 niass 33 33 ZD ne nu tsiss,failed,0.25,4,儿 小 与 女 小,幼 子 与 小 女,UNKNOWN,扫描 OCR + IPA 锚点版面解析（四行对照） | 整理日期 2026-09,medium
SANGJIAJING-P0737-R-02,SANGJIAJING,737,R,2,万 7 咖,,"kh,33 $0's si44 1x31",failed,0.00,3,他 获 木 柜 子,他 俩 得 柜 木,UNKNOWN,扫描 OCR + IPA 锚点版面解析（四行对照） | 整理日期 2026-09,medium
SANGJIAJING-P0737-R-03,SANGJIAJING,737,R,3,子 Z 效 Z,mu si³³ a⁵⁵ phi²¹ 1h³³,mu si33 A55 ph121 1h33,suspect,0.50,4,天 神 阿 皮 来,天 上 神 阿 皮,UNKNOWN,扫描 OCR + IPA 锚点版面解析（四行对照） | 整理日期 2026-09,medium
SANGJIAJING-P0737-R-04,SANGJIAJING,737,R,4,O WI 田,,4D33 th21 lu21 VD 21 b121,failed,0.40,5,鸡 蛋 一 个 给,给 他 们 分 蛋,UNKNOWN,扫描 OCR + IPA 锚点版面解析（四行对照） | 整理日期 2026-09,medium
SANGJIAJING-P0738-L-01,SANGJIAJING,738,L,1,WI O 册,,th21 th121 Z0 44 4D33 $OSS,failed,0.40,5,一 人 一 个 获,人 分 个 一 一,UNKNOWN,扫描 OCR + IPA 锚点版面解析（四行对照） | 整理日期 2026-09,medium
SANGJIAJING-P0738-L-02,SANGJIAJING,738,L,2,Z 日 WI 开,niss li⁰³3 thi²¹ tchi²¹ be⁴⁴,niss 1033 th121 tch121 be44,suspect,0.75,4,嘴 处 一 句 说,嘴 里 吐 一 句,UNKNOWN,扫描 OCR + IPA 锚点版面解析（四行对照） | 整理日期 2026-09,medium
SANGJIAJING-P0738-L-03,SANGJIAJING,738,L,3,甘,dɒ²¹ 1ɒ²¹ qɒ³³ zi³³ tsi³³,dp21 1D21 qD33 Z133 tsi33,ok,0.80,5,地府 牛 水 若 遇,若 洪 水 泛 滥,UNKNOWN,扫描 OCR + IPA 锚点版面解析（四行对照） | 整理日期 2026-09,medium
SANGJIAJING-P0738-R-01,SANGJIAJING,738,R,1,O,,VD21 4D33 le31 ob 33 mx31,failed,0.40,5,鸡 蛋 手 中 握,鸡 蛋 水 中 握,UNKNOWN,扫描 OCR + IPA 锚点版面解析（四行对照） | 整理日期 2026-09,medium
SANGJIAJING-P0738-R-02,SANGJIAJING,738,R,2,咖秋 与,1y³¹ q ⁸⁴ phu³³ ɒess,1y31 q”84 phu33 Dess,suspect,0.50,4,柜 子 开 得 是,可 以 打 开 柜,UNKNOWN,扫描 OCR + IPA 锚点版面解析（四行对照） | 整理日期 2026-09,medium
SANGJIAJING-P0738-R-03,SANGJIAJING,738,R,3,分 田 文,,n21 21 VD ZD mp gD,failed,0.00,3,鸡 小 叫 不 闻,不 闻 小 鸡 鸣,UNKNOWN,扫描 OCR + IPA 锚点版面解析（四行对照） | 整理日期 2026-09,medium
SANGJIAJING-P0738-R-04,SANGJIAJING,738,R,4,咖 定,ab ³³ tc1 h³³ tɒ h²¹ pu h³³,"ab 33 tc""1"""" h.33 t""D"" h21 p""u h.33",suspect,0.75,4,柜 门 它 莫 开,莫 打 开 柜 门,UNKNOWN,扫描 OCR + IPA 锚点版面解析（四行对照） | 整理日期 2026-09,medium
SANGJIAJING-P0739-L-01,SANGJIAJING,739,L,1,W 子 正,do⁴⁴ mu²¹ th²¹ ³³ tsj³³ qɒ,do44 mu²1 th21 33 tsj33 qD,suspect,0.50,6,东 方 天 一 门,东 方 天 门 处,UNKNOWN,扫描 OCR + IPA 锚点版面解析（四行对照） | 整理日期 2026-09,medium
SANGJIAJING-P0739-L-02,SANGJIAJING,739,L,2,东 方 天 门 处,te³³ ne ⁴⁴ te³³ pu²³ t tɒ³³,te33 ne 44 te3 pu²3 t tD33,ok,1.00,5,云 黑 云 朵 起,黑 云 在 聚 结,UNKNOWN,扫描 OCR + IPA 锚点版面解析（四行对照） | 整理日期 2026-09,medium
SANGJIAJING-P0739-L-03,SANGJIAJING,739,L,3,学分 正 W WI,li³³ t4ur³³ yɒ ³³ th²¹ qɒ ³³,133 t4ur33 yD 33 th21 qD 33,suspect,0.60,5,西 方 处 一 门,西 方 之 天 门,UNKNOWN,扫描 OCR + IPA 锚点版面解析（四行对照） | 整理日期 2026-09,medium
SANGJIAJING-P0739-L-04,SANGJIAJING,739,L,4,3 4 了,te³³ ⁴⁰³³ tg³³ thu z⁰²1,te33 4033 tg33 thu Z.021,suspect,0.50,4,飞 云 白 云 游,白 云 在 飞 驰,UNKNOWN,扫描 OCR + IPA 锚点版面解析（四行对照） | 整理日期 2026-09,medium
SANGJIAJING-P0739-L-05,SANGJIAJING,739,L,5,# 子 IM 正,,4i33 th121 tsiss mu²1,failed,0.33,3,南 方 天 一 门,南方之 天 门,UNKNOWN,扫描 OCR + IPA 锚点版面解析（四行对照） | 整理日期 2026-09,medium
SANGJIAJING-P0739-R-01,SANGJIAJING,739,R,1,思 子 灶 3=,,mu² du²1 SDSS lun33 lur33,failed,0.33,3,艰 雷 打 在 在,正 在 打 闷 雷,UNKNOWN,扫描 OCR + IPA 锚点版面解析（四行对照） | 整理日期 2026-09,medium
SANGJIAJING-P0739-R-02,SANGJIAJING,739,R,2,W 7 子 WI 正,,33 4i33 mess mu21 th121 ab,failed,0.40,5,北 方 天 一 门,北 方 之 天 门,UNKNOWN,扫描 OCR + IPA 锚点版面解析（四行对照） | 整理日期 2026-09,medium
SANGJIAJING-P0739-R-03,SANGJIAJING,739,R,3,子 3E 7科,mu²¹ mi²¹ da⁴⁴ de²¹,mu²1 m1²1 da44 de21,ok,1.00,4,雷 闪 火 镰 打,电 闪 似 火 镰,UNKNOWN,扫描 OCR + IPA 锚点版面解析（四行对照） | 整理日期 2026-09,medium
SANGJIAJING-P0739-R-04,SANGJIAJING,739,R,4,子,te³³ ne ⁴⁴ ne ⁴⁴ hɒ³³ mu²¹,te33 ne* 44 ne 44 hD33 mu21,ok,1.00,5,云 黑 天 黑 下,黑 云 降 黑 雨,UNKNOWN,扫描 OCR + IPA 锚点版面解析（四行对照） | 整理日期 2026-09,medium
SANGJIAJING-P0739-R-05,SANGJIAJING,739,R,5,子 西 天,ni³³ mu²¹ ne4 surs hɒ³³,ni33 mu²1 ne4 surs hD33,suspect,0.67,3,天 黑 三 日 下,黑雨 降 三 天,UNKNOWN,扫描 OCR + IPA 锚点版面解析（四行对照） | 整理日期 2026-09,medium
SANGJIAJING-P0740-L-01,SANGJIAJING,740,L,1,3 子 3,,21 te33 mu² hp33,failed,0.33,3,云 黄 天 黄 下,黄 云 下 黄 雨,UNKNOWN,扫描 OCR + IPA 锚点版面解析（四行对照） | 整理日期 2026-09,medium
SANGJIAJING-P0740-L-02,SANGJIAJING,740,L,2,子 3 西 天,mu²¹ sms ni³³ hɒ³³,mu21 sms ni33 hp33,ok,1.00,3,天 黄 三 天 下,黄 雨 下 三 天,UNKNOWN,扫描 OCR + IPA 锚点版面解析（四行对照） | 整理日期 2026-09,medium
SANGJIAJING-P0740-L-03,SANGJIAJING,740,L,3,黄 雨 下 三 天,mi³³ th³³ tsi³³ mb ³³ li³³,m133 th33 tsi33 mb 33 .13,suspect,0.60,5,水 完 地 面 遇,大 地 水 淹 尽,UNKNOWN,扫描 OCR + IPA 锚点版面解析（四行对照） | 整理日期 2026-09,medium
SANGJIAJING-P0740-L-04,SANGJIAJING,740,L,4,子 200,si²¹ ni³³ hɒ³³ mu ne4,si21 ni33 hp33 mu ne4,suspect,0.75,4,天 黑 七 天 下,黑 雨 下 七 天,UNKNOWN,扫描 OCR + IPA 锚点版面解析（四行对照） | 整理日期 2026-09,medium
SANGJIAJING-P0740-L-05,SANGJIAJING,740,L,5,子 3 700 ZZ,he³¹ hɒ³³,he31 hD33,ok,1.00,2,天 黄 七 夜 下,黄 雨 下 七 夜,UNKNOWN,扫描 OCR + IPA 锚点版面解析（四行对照） | 整理日期 2026-09,medium
SANGJIAJING-P0740-R-01,SANGJIAJING,740,R,1,子 日 77,li⁰³3 dzi²¹ te³³ mu²¹,1033 dzi21 te33 mu²1,ok,1.00,4,水 淹 天 处 着,洪 水 淹 至 天,UNKNOWN,扫描 OCR + IPA 锚点版面解析（四行对照） | 整理日期 2026-09,medium
SANGJIAJING-P0740-R-02,SANGJIAJING,740,R,2,西 日 万 200 天,ni³³ yw ²¹ li⁰³3 kh³³ si²¹,"ni33 yw 21 1033 kh,33 si21",suspect,0.60,5,前 处 那 七 天,开 头 那 七 天,UNKNOWN,扫描 OCR + IPA 锚点版面解析（四行对照） | 整理日期 2026-09,medium
SANGJIAJING-P0740-R-03,SANGJIAJING,740,R,3,分 列,zɒ ²¹ ²¹ khu²¹ ²¹ ʊɒ²¹ gɒ,ZD 21 21 khu21 21 VD21 gD,suspect,0.50,6,儿 大 声 闻 鸡,长 子 闻 鸡 声,UNKNOWN,扫描 OCR + IPA 锚点版面解析（四行对照） | 整理日期 2026-09,medium
SANGJIAJING-P0740-R-04,SANGJIAJING,740,R,4,万 了 咖秋,khi³³ zi³³ qh⁴⁴ phu³³ 8li³³,kh133 zi33 qh44phu33 8133,suspect,0.60,5,他 呢 金 柜开,他 打 开 金 柜,UNKNOWN,扫描 OCR + IPA 锚点版面解析（四行对照） | 整理日期 2026-09,medium
SANGJIAJING-P0740-R-05,SANGJIAJING,740,R,5,3 咖Z,2li³³ si³³ qh⁸⁴ bur²¹ dlu³³,"2,133 si33 qh84 bur²1 dlu33",suspect,0.60,5,水 淌 金 柜 进,洪 水 进 金 柜,UNKNOWN,扫描 OCR + IPA 锚点版面解析（四行对照） | 整理日期 2026-09,medium
SANGJIAJING-P0741-L-01,SANGJIAJING,741,L,1,了咖,si³³ b zi³³ kw,"si33 b z,133 kw",suspect,0.67,3,金 柜 水 中 矢,金 柜 失 水 中,UNKNOWN,扫描 OCR + IPA 锚点版面解析（四行对照） | 整理日期 2026-09,medium
SANGJIAJING-P0741-L-02,SANGJIAJING,741,L,2,分 日 万,kh³³ si²¹ ni³³ yɒ ³³ li⁰³3,kh33 si21 ni33 YD 33 1033,ok,0.80,5,后 处 那 七 天,后 面 那 七 天,UNKNOWN,扫描 OCR + IPA 锚点版面解析（四行对照） | 整理日期 2026-09,medium
SANGJIAJING-P0741-L-03,SANGJIAJING,741,L,3,分 面 列,zɒ 1i⁴⁴ ʊɒ²¹ khu²¹ gɒ,ZD 1i44 VD21 khu21 gD,suspect,0.50,4,儿 次 鸡 声 闻,次 子 闻 鸡 声,UNKNOWN,扫描 OCR + IPA 锚点版面解析（四行对照） | 整理日期 2026-09,medium
SANGJIAJING-P0741-L-04,SANGJIAJING,741,L,4,万 A 咖秋,,"kh,33 zi33 4u33 h_44 h33 8b p""u",failed,0.17,6,他 呢 银 柜 开,他 打 开 银 柜,UNKNOWN,扫描 OCR + IPA 锚点版面解析（四行对照） | 整理日期 2026-09,medium
SANGJIAJING-P0741-L-05,SANGJIAJING,741,L,5,咖Z,zi³³ bur²¹ 4u³³ dlur³³,"z,133 bur²1 4u33 dlur33",suspect,0.75,4,水 淌 银 柜 进,洪水进银柜,UNKNOWN,扫描 OCR + IPA 锚点版面解析（四行对照） | 整理日期 2026-09,medium
SANGJIAJING-P0741-R-01,SANGJIAJING,741,R,1,4 咖 二1-,,4u33 h44 ness 8b,failed,0.00,3,.13 银 柜 水 里 失,银 柜 失 水 中,UNKNOWN,扫描 OCR + IPA 锚点版面解析（四行对照） | 整理日期 2026-09,medium
SANGJIAJING-P0741-R-02,SANGJIAJING,741,R,2,7L 日 發 200,tshi³¹ li³³ si²¹ ni³³ li⁰³3,tshi31 133 si21 ni33 1033,ok,1.00,5,后 处 这 七 天,最 后 这 七 天,UNKNOWN,扫描 OCR + IPA 锚点版面解析（四行对照） | 整理日期 2026-09,medium
SANGJIAJING-P0741-R-03,SANGJIAJING,741,R,3,分 光 光,,ZD na 55 ne 33 mu na 55,failed,0.33,3,儿 小 与 女 小,小 儿 与 小 女,UNKNOWN,扫描 OCR + IPA 锚点版面解析（四行对照） | 整理日期 2026-09,medium
SANGJIAJING-P0741-R-04,SANGJIAJING,741,R,4,O,le³¹ ob ³³ ʊɒ 4ɒ³³ phiss,le31 ob 33 VD 4D33 phiss,suspect,0.75,4,手 里 鸡 蛋 破,手 中 蛋 破 壳,UNKNOWN,扫描 OCR + IPA 锚点版面解析（四行对照） | 整理日期 2026-09,medium
SANGJIAJING-P0741-R-05,SANGJIAJING,741,R,5,O 引 文,,phiss khu² 4D33 VD²1,failed,0.00,2,蛋 破 鸡 声 闻,蛋破闻鸡声,UNKNOWN,扫描 OCR + IPA 锚点版面解析（四行对照） | 整理日期 2026-09,medium
SANGJIAJING-P0742-L-01,SANGJIAJING,742,L,1,光 咖决,q⁸⁴ phu³³ nu ³³ si⁴⁴,q84phu33 nu 33 si44,suspect,0.75,4,女 小 木 柜 开,小 女 开 木 柜,UNKNOWN,扫描 OCR + IPA 锚点版面解析（四行对照） | 整理日期 2026-09,medium
SANGJIAJING-P0742-L-02,SANGJIAJING,742,L,2,? 7 咖Z,,"z,j33 bur2! si44 dlu33",failed,0.33,3,水 淌 木 柜 进,洪 水 进 木 柜,UNKNOWN,扫描 OCR + IPA 锚点版面解析（四行对照） | 整理日期 2026-09,medium
SANGJIAJING-P0742-L-03,SANGJIAJING,742,L,3,每 飞 Z 与,mu ³³ nu ⁵⁵ si³³ ni²¹ ²⁰4,mu 33 nu 55 si33 ni21 204,ok,0.80,5,兄 妹 别人 二 人,兄 与 妹 二 人,UNKNOWN,扫描 OCR + IPA 锚点版面解析（四行对照） | 整理日期 2026-09,medium
SANGJIAJING-P0742-R-01,SANGJIAJING,742,R,1,7 咖,qh⁸⁴4 si⁴⁴ pu 1ɒ ³³ tɒ³³,qh844 si44 pu 1D-33 tD33,suspect,0.50,4,木 柜 浮 了 起,木 柜 浮 水 面,UNKNOWN,扫描 OCR + IPA 锚点版面解析（四行对照） | 整理日期 2026-09,medium
SANGJIAJING-P0742-R-02,SANGJIAJING,742,R,2,天 IM 工,mu ⁵⁵ ni²¹ tsi³³ th2i ⁰⁴,mu' 55 ni21 ts133 th2i 04,suspect,0.75,4,鸡 孵 二 十 一,孵 鸡 廿 一 天,UNKNOWN,扫描 OCR + IPA 锚点版面解析（四行对照） | 整理日期 2026-09,medium
SANGJIAJING-P0742-R-03,SANGJIAJING,742,R,3,IM MI,th²¹ ni³³ 1ɒ³³ thi²¹ ni³³,th21 ni33 1D33 th121 ni33,suspect,0.60,5,一 日 啊 一 日,一 日 又 一 日,UNKNOWN,扫描 OCR + IPA 锚点版面解析（四行对照） | 整理日期 2026-09,medium
SANGJIAJING-P0742-R-04,SANGJIAJING,742,R,4,7 咖,q⁴⁴ zi³³ tche³³ si⁴⁴,q44 zi33 tche3 Si44,suspect,0.75,4,木 柜 水 上 漂,木 柜 水 上 漂,UNKNOWN,扫描 OCR + IPA 锚点版面解析（四行对照） | 整理日期 2026-09,medium
SANGJIAJING-P0742-R-05,SANGJIAJING,742,R,5,每 咖 天,ni³³ mu nu ⁵⁵ xb h⁴⁴ ob ³³,ni33 mu nu 55 xb h44 ob 33,suspect,0.50,4,兄 妹 柜 里 坐,妹 里 兄 坐 柜,UNKNOWN,扫描 OCR + IPA 锚点版面解析（四行对照） | 整理日期 2026-09,medium
SANGJIAJING-P0743-L-01,SANGJIAJING,743,L,1,子子 Z面,,"mu? tghe33 mu² p""p21 si3",failed,0.33,3,天 冏上 天 主 父,天 冏上 N 天 神,UNKNOWN,扫描 OCR + IPA 锚点版面解析（四行对照） | 整理日期 2026-09,medium
SANGJIAJING-P0743-L-02,SANGJIAJING,743,L,2,子 专 Z,mu2l tche³³ ph²¹ si³³ as5,mu2l tche33 ph21 si33 AS5,suspect,0.50,4,天 上 神 阿 皮,皮 天 上 神 阿,UNKNOWN,扫描 OCR + IPA 锚点版面解析（四行对照） | 整理日期 2026-09,medium
SANGJIAJING-P0743-L-03,SANGJIAJING,743,L,3,配 y 日 7 咖,kh³³ li⁰³3 si⁴⁴ 8b no ³³,kh33 1033 si44 8..b no 33,suspect,0.50,4,那 里 木 柜 见,见 水 上 木 柜,UNKNOWN,扫描 OCR + IPA 锚点版面解析（四行对照） | 整理日期 2026-09,medium
SANGJIAJING-P0743-L-04,SANGJIAJING,743,L,4,3 3 A,dze²¹ du³³ du²¹ dzu,dze21 du33 du²1 dzu,ok,1.00,4,金 梭 银 锄 对,金 梭 和 银 锄,UNKNOWN,扫描 OCR + IPA 锚点版面解析（四行对照） | 整理日期 2026-09,medium
SANGJIAJING-P0743-R-01,SANGJIAJING,743,R,1,mI WI,,th21 33 th21 033 mp $O.Ss,failed,0.20,5,一 个 获 一 们,各 人 获 一 样,UNKNOWN,扫描 OCR + IPA 锚点版面解析（四行对照） | 整理日期 2026-09,medium
SANGJIAJING-P0743-R-02,SANGJIAJING,743,R,2,3 3 ? π,si³³ dze²¹ li⁰⁴4 ne⁴⁴ dzi²¹,si33 dze21 1044 ne44 dzi21,ok,1.00,5,金 梭 石 黑 凿,凿 金 梭 石 头,UNKNOWN,扫描 OCR + IPA 锚点版面解析（四行对照） | 整理日期 2026-09,medium
SANGJIAJING-P0743-R-03,SANGJIAJING,743,R,3,4 Y 企 百,4u³³ du²¹ mi³³ qa ⁵⁵,4u33 du21 m133 qa 55,suspect,0.75,4,银 锄 洞 抠 地,银 锄 掏 地 洞,UNKNOWN,扫描 OCR + IPA 锚点版面解析（四行对照） | 整理日期 2026-09,medium
SANGJIAJING-P0743-R-04,SANGJIAJING,743,R,4,G,,133 m133 3.91 h33 mr puss,failed,0.40,5,地 上 地 洞 通,地 上 通 地 洞,UNKNOWN,扫描 OCR + IPA 锚点版面解析（四行对照） | 整理日期 2026-09,medium
SANGJIAJING-P0744-L-01,SANGJIAJING,744,L,1,万 无 面,kh³³ zi³³ iɒ³³ ms ³³,"kh,33 zi33 ID33 ms 33",suspect,0.50,4,那 样 水 呢 干,如 此 洪 水 干,UNKNOWN,扫描 OCR + IPA 锚点版面解析（四行对照） | 整理日期 2026-09,medium
SANGJIAJING-P0744-L-02,SANGJIAJING,744,L,2,A ZZ 面,⁵⁵ he³¹ ⁵⁵ ni³³ li⁰³1 ms,55 he31 55 ni33 1031 ms,suspect,0.50,6,三 夜 三 天 满,三 天 三 夜 后,UNKNOWN,扫描 OCR + IPA 锚点版面解析（四行对照） | 整理日期 2026-09,medium
SANGJIAJING-P0744-L-03,SANGJIAJING,744,L,3,的,,"2z,133 1D33 33 sw 33 XD",failed,0.20,5,水 浊 干 了 掉,洪 水 全 退 去,UNKNOWN,扫描 OCR + IPA 锚点版面解析（四行对照） | 整理日期 2026-09,medium
SANGJIAJING-P0744-R-01,SANGJIAJING,744,R,1,丑,fess fe ss ph³³ dlɒ³³,fess fe-ss ph33 dlD33,suspect,0.50,2,崖 佳 崖 半 壁,高 崖 半 壁 上,UNKNOWN,扫描 OCR + IPA 锚点版面解析（四行对照） | 整理日期 2026-09,medium
SANGJIAJING-P0744-R-02,SANGJIAJING,744,R,2,Z 介 住,phi³³ fess kyss 1x5s tsi³³,ph133 fess kyss 1x5s tsi33,suspect,0.50,2,崖 半 竹节 草 遇,长 节 草 壁 竹,UNKNOWN,扫描 OCR + IPA 锚点版面解析（四行对照） | 整理日期 2026-09,medium
SANGJIAJING-P0744-R-03,SANGJIAJING,744,R,3,咖女 介 7,kyss 1yss si⁴⁴ onyxb ⁵⁵,kyss 1yss si44 onyxb 55,suspect,0.50,2,竹节 草 木 柜 挂,木 柜 挂 草 上,UNKNOWN,扫描 OCR + IPA 锚点版面解析（四行对照） | 整理日期 2026-09,medium
SANGJIAJING-P0744-R-04,SANGJIAJING,744,R,4,九 与,mu ³³ ne ³³ nw ⁵⁵ ni²¹ fe³³,mu 33 ne 33 nw 55 ni21 fe33,ok,0.80,5,兄 与 妹 两 兄妹,他 们 两 兄 妹,UNKNOWN,扫描 OCR + IPA 锚点版面解析（四行对照） | 整理日期 2026-09,medium
SANGJIAJING-P0744-R-05,SANGJIAJING,744,R,5,田,si²¹ ³³ se³¹ le³¹ mp ²¹ me,si21 33 Se31 le31 mp 21 me,suspect,0.67,6,果 摘 手 不 及,摘 果 手 难 及,UNKNOWN,扫描 OCR + IPA 锚点版面解析（四行对照） | 整理日期 2026-09,medium
SANGJIAJING-P0745-L-01,SANGJIAJING,745,L,1,与 飞比 证,ni²¹ tsh³³ tg³³ bɒ²¹ dlo4,ni21 tsh:33 tg33 bp21 dlo4,suspect,0.60,5,二 脚 云 脸 登,双 脚 登 云 端,UNKNOWN,扫描 OCR + IPA 锚点版面解析（四行对照） | 整理日期 2026-09,medium
SANGJIAJING-P0745-L-02,SANGJIAJING,745,L,2,九 万 田 与,kh³³ ²¹ ze³¹ ne³³ mp di³¹,kh33 21 Ze31 ne33 mp di31,suspect,0.60,5,下 也 它 不 行,下 也 难 往 下,UNKNOWN,扫描 OCR + IPA 锚点版面解析（四行对照） | 整理日期 2026-09,medium
SANGJIAJING-P0745-L-03,SANGJIAJING,745,L,3,九 万 田 不,,de44 ng33 kh33 mp 21 D13,failed,0.20,5,上 也 它 不 胜,上 也 上 不 去,UNKNOWN,扫描 OCR + IPA 锚点版面解析（四行对照） | 整理日期 2026-09,medium
SANGJIAJING-P0745-L-04,SANGJIAJING,745,L,4,介 苗 ?,,ky.ss 1y5s fuss,failed,0.00,1,竹节 草 乞 求 做,恳 求 竹 节 草,UNKNOWN,扫描 OCR + IPA 锚点版面解析（四行对照） | 整理日期 2026-09,medium
SANGJIAJING-P0745-L-05,SANGJIAJING,745,L,5,介 介,,p²p²1 ky.ss dzo44 kxss 1o21,failed,0.33,3,革 佐 革 罗 帕,革 佐革罗 帕?,UNKNOWN,扫描 OCR + IPA 锚点版面解析（四行对照） | 整理日期 2026-09,medium
SANGJIAJING-P0745-R-01,SANGJIAJING,745,R,1,Z 与 每,³³ ni²¹ np mu³³ nus,33 ni21 np mu33 nu's,suspect,0.75,4,我 家 两 兄 妹,我 们 两 兄 妹,UNKNOWN,扫描 OCR + IPA 锚点版面解析（四行对照） | 整理日期 2026-09,medium
SANGJIAJING-P0745-R-02,SANGJIAJING,745,R,2,WI Z,,th121 44 si33 l33 pa tD33,failed,0.40,5,一 下 牵 上 来,拉 我 们 上 来,UNKNOWN,扫描 OCR + IPA 锚点版面解析（四行对照） | 整理日期 2026-09,medium
SANGJIAJING-P0745-R-03,SANGJIAJING,745,R,3,介 亦,kyss dzo kyss 1o²¹ pɒ h²¹,"kyss dzo kyss 1o21 p""D h21",suspect,0.50,2,革 佐 革 罗 帕,革 佐 革 罗 帕,UNKNOWN,扫描 OCR + IPA 锚点版面解析（四行对照） | 整理日期 2026-09,medium
SANGJIAJING-P0745-R-04,SANGJIAJING,745,R,4,公 WI Z,,fess ph33 th21 toss si33,failed,0.33,3,台 崖 半 一 牵,拉 上 一 台 崖,UNKNOWN,扫描 OCR + IPA 锚点版面解析（四行对照） | 整理日期 2026-09,medium
SANGJIAJING-P0745-R-05,SANGJIAJING,745,R,5,Z 7=,si³³ fess 1ɒ³³ myb tshi³³,si33 fess 1D33 myb tshi33,suspect,0.67,3,牵 了 崖 口 到,到 达 了崖 口 品,UNKNOWN,扫描 OCR + IPA 锚点版面解析（四行对照） | 整理日期 2026-09,medium
SANGJIAJING-P0746-L-01,SANGJIAJING,746,L,1,来,qu²¹ fess c1 wuu³³ bur³³,qu²1 fess C1 WUu33 bur33,suspect,0.67,3,崖 口 青 栎 丛,崖 长 青 栎 口,UNKNOWN,扫描 OCR + IPA 锚点版面解析（四行对照） | 整理日期 2026-09,medium
SANGJIAJING-P0746-L-02,SANGJIAJING,746,L,2,亚 WI,bu³³ pu²¹ vu³³ thi²¹,bu*3 pu21 vu33 th121,ok,1.00,4,3 青 栎 一 丛 碰,遇 一 丛 青 栎,UNKNOWN,扫描 OCR + IPA 锚点版面解析（四行对照） | 整理日期 2026-09,medium
SANGJIAJING-P0746-L-03,SANGJIAJING,746,L,3,Z: 飞 与 每,si³³ ʊli³³ ni²¹ mu³³ nurs,si33 V133 ni²1 mu33 nur's,ok,0.80,5,别人 家 两 兄 妹,他 们 两 兄 妹,UNKNOWN,扫描 OCR + IPA 锚点版面解析（四行对照） | 整理日期 2026-09,medium
SANGJIAJING-P0746-L-04,SANGJIAJING,746,L,4,平u ① 苗 ? 每,,fuss V3 mu3,failed,0.00,1,613 青 栎 乞 求 做,恳 求 青 栎 木,UNKNOWN,扫描 OCR + IPA 锚点版面解析（四行对照） | 整理日期 2026-09,medium
SANGJIAJING-P0746-L-05,SANGJIAJING,746,L,5,平u 飞4 平u,pɒ²¹ dzo ⁴⁴ si³³ 1o²¹ gi³³,pD21 dzo 44 S133 1o21 G133,ok,0.80,5,兴 佐 兴 罗 帕,兴 佐 兴 罗 帕,UNKNOWN,扫描 OCR + IPA 锚点版面解析（四行对照） | 整理日期 2026-09,medium
SANGJIAJING-P0746-R-01,SANGJIAJING,746,R,1,与 与 Z,,33 ni²1 YD ni33 toss si33,failed,0.25,4,后 天 二 台 牵,次 日 拉 二 台,UNKNOWN,扫描 OCR + IPA 锚点版面解析（四行对照） | 整理日期 2026-09,medium
SANGJIAJING-P0746-R-02,SANGJIAJING,746,R,2,Z,si³³ iɒ³³ fess tghe³³ de⁴⁴,si33 ID33 fess tghe33 de44,suspect,0.75,4,牵 了 崖 上 上,拉 冏上 了 崖 边,UNKNOWN,扫描 OCR + IPA 锚点版面解析（四行对照） | 整理日期 2026-09,medium
SANGJIAJING-P0746-R-03,SANGJIAJING,746,R,3,拉 冏上 了 崖 边,fess tchetho²¹ ni⁴⁴ phu²¹,fess tchetho21 ni44 phu21,suspect,0.67,3,崖 上 松 绿 碰,崖 边 遇 青 松,UNKNOWN,扫描 OCR + IPA 锚点版面解析（四行对照） | 整理日期 2026-09,medium
SANGJIAJING-P0746-R-04,SANGJIAJING,746,R,4,崖 边 遇 青 松,tche³³ tho2 ni⁴⁴ li³³ fess,tche33tho2 ni44 133 fess,suspect,0.75,4,崖 上 松 绿 来,崖 顶 青 松 树,UNKNOWN,扫描 OCR + IPA 锚点版面解析（四行对照） | 整理日期 2026-09,medium
SANGJIAJING-P0746-R-05,SANGJIAJING,746,R,5,每 Z,si³³ tho²¹ le³¹ mu³³ le³¹,si33 tho21 le31 mu33 le31,ok,1.00,5,松 手 做 手 牵,公枝 当 手 拉 松,UNKNOWN,扫描 OCR + IPA 锚点版面解析（四行对照） | 整理日期 2026-09,medium
SANGJIAJING-P0747-L-01,SANGJIAJING,747,L,1,Z,tho²¹ ⁰⁵5 si³³ fess de⁴⁴,tho21 055 si33 fess de44,suspect,0.50,4,松 草 崖 头 上,拉 上 了 崖 顶?,UNKNOWN,扫描 OCR + IPA 锚点版面解析（四行对照） | 整理日期 2026-09,medium
SANGJIAJING-P0747-L-02,SANGJIAJING,747,L,2,每 九 飞 与,mu ³³ ne ³³ nu ⁵⁵ ni²¹ fe³³,mu 33 ne 33 nu 55 ni21 fe33,ok,1.00,5,兄 与 妹 二 兄妹,他 们 啊 妹 俩,UNKNOWN,扫描 OCR + IPA 锚点版面解析（四行对照） | 整理日期 2026-09,medium
SANGJIAJING-P0747-L-03,SANGJIAJING,747,L,3,每 7# ZI,,"mu 33 du33 h21 31 p""D” yo n133",failed,0.40,5,兄 想 父 际 念,兄 见 父 迹 念,UNKNOWN,扫描 OCR + IPA 锚点版面解析（四行对照） | 整理日期 2026-09,medium
SANGJIAJING-P0747-R-01,SANGJIAJING,747,R,1,田 配,pɒ h²¹ sɒ ³³ pɒ hn²¹ mp,"p""D h21 SD"" 33 pD"" hn21 mp",suspect,0.75,4,父 找 父 不 见,找 父 不 见 父,UNKNOWN,扫描 OCR + IPA 锚点版面解析（四行对照） | 整理日期 2026-09,medium
SANGJIAJING-P0747-R-02,SANGJIAJING,747,R,2,州,a³³ tho2i ⁰⁵5 hx³¹ ne⁴⁴,A33 tho2i 0.55 hx31 ne44,suspect,0.50,4,乌 鸦 松 头 站,乌鸦立松 梢,UNKNOWN,扫描 OCR + IPA 锚点版面解析（四行对照） | 整理日期 2026-09,medium
SANGJIAJING-P0748-L-01,SANGJIAJING,748,L,1,效 面本 四,a³³ ⁴⁴ tchi²¹ ne ms,A33 44 tchi21 ne ms,suspect,0.75,4,乌 鸦 三 句 喊,乌 鸦 啼 三 声,UNKNOWN,扫描 OCR + IPA 锚点版面解析（四行对照） | 整理日期 2026-09,medium
SANGJIAJING-P0748-L-02,SANGJIAJING,748,L,2,效,,tgh21 A33 ne4 ssms De33,failed,0.33,3,乌 鸦 三 句 叫,乌 鸣 声 鸦 三,UNKNOWN,扫描 OCR + IPA 锚点版面解析（四行对照） | 整理日期 2026-09,medium
SANGJIAJING-P0748-L-03,SANGJIAJING,748,L,3,Z 發 列 田,,bp²lkhu21 mp 21,failed,0.00,2,阿 爸 声 不 像,不 像 阿 爸 声,UNKNOWN,扫描 OCR + IPA 锚点版面解析（四行对照） | 整理日期 2026-09,medium
SANGJIAJING-P0748-L-04,SANGJIAJING,748,L,4,發 比 列 田,li³³ bɒ²¹ khu²¹ ³³ mɒ²¹ ne,133 bp²1 khu21 33 mp21 ne,ok,0.83,6,阿 爸 声 不 是,不 是 阿 爸 声,UNKNOWN,扫描 OCR + IPA 锚点版面解析（四行对照） | 整理日期 2026-09,medium
SANGJIAJING-P0748-L-05,SANGJIAJING,748,L,5,發 飞比 田 Z,li³³ siss zi³³ bɒ²¹ mɒ²¹,133 siss zi33 bp²1 mD21,suspect,0.75,4,阿 爸 不 像 呢,不 像 阿 爸 声,UNKNOWN,扫描 OCR + IPA 锚点版面解析（四行对照） | 整理日期 2026-09,medium
SANGJIAJING-P0748-R-01,SANGJIAJING,748,R,1,發 口 列 3=,,33 khu21 33 33 mD33 3G 30,failed,0.33,6,阿 妈 声 是 是,可 是 阿 妈 声,UNKNOWN,扫描 OCR + IPA 锚点版面解析（四行对照） | 整理日期 2026-09,medium
SANGJIAJING-P0748-R-02,SANGJIAJING,748,R,2,列 九 田 Z,mɒ³³ khu²¹ ne³³ mp ²¹ si⁵⁵ s,mp33 khu²1 ne33 mp 21 si5s,suspect,0.67,6,妈 声 也 不 像,像 妈 声 不 阿,UNKNOWN,扫描 OCR + IPA 锚点版面解析（四行对照） | 整理日期 2026-09,medium
SANGJIAJING-P0748-R-03,SANGJIAJING,748,R,3,去 Z 国 列,,44 33 khu21 n033 ne,failed,0.40,5,春 鸟 叫 声 闻,闻 见 春 鸟 声,UNKNOWN,扫描 OCR + IPA 锚点版面解析（四行对照） | 整理日期 2026-09,medium
SANGJIAJING-P0749-L-01,SANGJIAJING,749,L,1,孕九 列 Z,,"h21 33 khu21 si55 p""D ne mp33",failed,0.40,5,父 与 舟 声 像,仿 佛 父 舟 声,UNKNOWN,扫描 OCR + IPA 锚点版面解析（四行对照） | 整理日期 2026-09,medium
SANGJIAJING-P0749-L-02,SANGJIAJING,749,L,2,州列 国,,55 pu²3 khu21 3G 55 1D33 mb,failed,0.33,6,布 谷 声 是 啊,是 布 谷 鸟 声,UNKNOWN,扫描 OCR + IPA 锚点版面解析（四行对照） | 整理日期 2026-09,medium
SANGJIAJING-P0749-L-03,SANGJIAJING,749,L,3,7 A,,tsa44 0.55 du²1 4u33 hy31,failed,0.40,5,斑 鸠 桩 头 站,斑鸠 鸟立桩头,UNKNOWN,扫描 OCR + IPA 锚点版面解析（四行对照） | 整理日期 2026-09,medium
SANGJIAJING-P0749-R-01,SANGJIAJING,749,R,1,日X,li⁰³3 tsuss ku dze kw,"1033 tsuss ku"" dze' kw",suspect,0.50,2,身 花 身 处美,身 羽 花 纹 美,UNKNOWN,扫描 OCR + IPA 锚点版面解析（四行对照） | 整理日期 2026-09,medium
SANGJIAJING-P0749-R-02,SANGJIAJING,749,R,2,答 柔 答 众,le³³ fuss zi³³ le³³ dzi³³,le33 fuss zi33 le33 dz133,suspect,0.75,4,脖 缩 呢 脖 伸,脖 又 伸 缩 脖,UNKNOWN,扫描 OCR + IPA 锚点版面解析（四行对照） | 整理日期 2026-09,medium
SANGJIAJING-P0749-R-03,SANGJIAJING,749,R,3,7 A 引,du²¹ 4u³³ pu³³ khu²¹ gp ²¹,du21 4u33 pu3 khu21 gp 21,suspect,0.60,5,斑 鸠 啼 声 闻,闻 见 斑 鸠 鸣,UNKNOWN,扫描 OCR + IPA 锚点版面解析（四行对照） | 整理日期 2026-09,medium
SANGJIAJING-P0749-R-04,SANGJIAJING,749,R,4,列 国 日 Z,si⁵⁵ s mɒ³³ khu²¹ 3g ³³ li⁰³3,si5s mD33 khu21 3G 33 1033,ok,0.80,5,母 声 是 仿 像,仿佛 弗母声 音,UNKNOWN,扫描 OCR + IPA 锚点版面解析（四行对照） | 整理日期 2026-09,medium
SANGJIAJING-P0750-L-01,SANGJIAJING,750,L,1,Z ： 每,tsho²¹ si²¹ tso²¹ ⁴⁴ mu ³³,tsho21 si21 tso21 44 mu 33,ok,0.80,5,伴 行 伴 走 做,兄 妹 结 伴 走,UNKNOWN,扫描 OCR + IPA 锚点版面解析（四行对照） | 整理日期 2026-09,medium
SANGJIAJING-P0750-L-02,SANGJIAJING,750,L,2,九 与 日,tshi³³ ni²¹ fess dlɒ³³ li⁰³3,tsh133 ni²1 fess dlp33 1033,suspect,0.75,4,十 二 崖 壁 处,十 二 石 崖 壁,UNKNOWN,扫描 OCR + IPA 锚点版面解析（四行对照） | 整理日期 2026-09,medium
SANGJIAJING-P0750-L-03,SANGJIAJING,750,L,3,E 住,,fess dlp33 kyss 1yss tsi33,failed,0.00,2,崖 壁 竹节 草 遇,崖长 竹节 草,UNKNOWN,扫描 OCR + IPA 锚点版面解析（四行对照） | 整理日期 2026-09,medium
SANGJIAJING-P0750-R-01,SANGJIAJING,750,R,1,每 九 与,ni²¹ eenu ne³³ fe³³,ni²1 eenu ne33 fe33,suspect,0.67,3,兄 与 妹 二 兄妹,他 们 兄 妹 俩,UNKNOWN,扫描 OCR + IPA 锚点版面解析（四行对照） | 整理日期 2026-09,medium
SANGJIAJING-P0750-R-02,SANGJIAJING,750,R,2,日 万 Z,si³³ yu²¹ li⁰³3 kh³³ 1n³³,"si33 yu²1 1033 kh,33 1n33",suspect,0.60,5,前 处 它 来 牵,先 前 被 它 拉,UNKNOWN,扫描 OCR + IPA 锚点版面解析（四行对照） | 整理日期 2026-09,medium
SANGJIAJING-P0750-R-03,SANGJIAJING,750,R,3,万 又,khi³³ zi³³ 1ɒ³³ ⁵⁵ tɒss,kh133 zi33 1D33 55 tDss,suspect,0.60,5,那 样 啊 认 搁,将 它 认 作 亲,UNKNOWN,扫描 OCR + IPA 锚点版面解析（四行对照） | 整理日期 2026-09,medium
SANGJIAJING-P0750-R-04,SANGJIAJING,750,R,4,介 国,,"1y5s ky.ss p""u"""" h21 P""D h21 33",failed,0.33,3,竹节 草 祖 先 是,此 草 为 祖 先,UNKNOWN,扫描 OCR + IPA 锚点版面解析（四行对照） | 整理日期 2026-09,medium
SANGJIAJING-P0751-L-01,SANGJIAJING,751,L,1,星70 ?,si³³ vu³³ phu²¹ tshi²¹ dlu³³,S133 vu33 phu21 tshi21 dlu33,ok,1.00,5,青 祖灵 牌 盒,灵牌盒 青 栎,UNKNOWN,扫描 OCR + IPA 锚点版面解析（四行对照） | 整理日期 2026-09,medium
SANGJIAJING-P0751-L-02,SANGJIAJING,751,L,2,3 星t 天,mp ³³ si³³ phu²¹ he³³ nij³³,mp 33 si33 phu21 he33 nij33,ok,0.80,5,竹 祖灵 住 金 房,金 竹 作灵 房,UNKNOWN,扫描 OCR + IPA 锚点版面解析（四行对照） | 整理日期 2026-09,medium
SANGJIAJING-P0751-L-03,SANGJIAJING,751,L,3,亩,tho²¹ ni⁴⁴ phu²¹ std y⁰³1,tho21 ni44 phu21 std Y031,suspect,0.75,4,松 绿 祖灵 围 腰,青 松 灵 围 腰,UNKNOWN,扫描 OCR + IPA 锚点版面解析（四行对照） | 整理日期 2026-09,medium
SANGJIAJING-P0751-L-04,SANGJIAJING,751,L,4,口,si³³ pru²¹ vi³¹ md ⁴⁴ lu³³,si33 pru21 vi31 md 44 lu33,ok,0.80,5,绸 金 祖灵 穿 衣,金绸 灵衣裳,UNKNOWN,扫描 OCR + IPA 锚点版面解析（四行对照） | 整理日期 2026-09,medium
SANGJIAJING-P0751-R-01,SANGJIAJING,751,R,1,包,,tch3dzi²pu²dzo Di's,failed,0.00,1,丝线 祖灵 腰 带,丝 线 灵 腰 带,UNKNOWN,扫描 OCR + IPA 锚点版面解析（四行对照） | 整理日期 2026-09,medium
SANGJIAJING-P0751-R-02,SANGJIAJING,751,R,2,勾品,⁰⁵5 tshw³³ pu³³ no ⁴⁴ phu²¹,055 tshw33 pu33 no 44 phu21,suspect,0.60,5,绵羊 毛 祖灵 头 发,羊絮灵头 发,UNKNOWN,扫描 OCR + IPA 锚点版面解析（四行对照） | 整理日期 2026-09,medium
SANGJIAJING-P0751-R-03,SANGJIAJING,751,R,3,羊絮灵头 发,,"tsiss h33h21 33 xw p""D p""u"" m6",failed,0.25,4,布 祖灵 盖 麻 铺,麻 布 灵 被 褥,UNKNOWN,扫描 OCR + IPA 锚点版面解析（四行对照） | 整理日期 2026-09,medium
SANGJIAJING-P0751-R-04,SANGJIAJING,751,R,4,万 又,,kh33 zi33 55 1D33 tD$s,failed,0.40,5,那 样 认 了 搁,如 此 来 认 下,UNKNOWN,扫描 OCR + IPA 锚点版面解析（四行对照） | 整理日期 2026-09,medium
SANGJIAJING-P0751-R-05,SANGJIAJING,751,R,5,w tQ tZ,,lur's he33 he33 m6 33,failed,0.33,3,主 家 死 家 里,房主丧家 中,UNKNOWN,扫描 OCR + IPA 锚点版面解析（四行对照） | 整理日期 2026-09,medium
SANGJIAJING-P0752-L-01,SANGJIAJING,752,L,1,t 灶 to 有 开,he³³ du²¹ he³³ kɒss be⁴⁴,he33 du21 he33 kDSs be44,suspect,0.75,4,房 房 隙 条,橡子 等 距 排,UNKNOWN,扫描 OCR + IPA 锚点版面解析（四行对照） | 整理日期 2026-09,medium
SANGJIAJING-P0752-L-02,SANGJIAJING,752,L,2,九开,kurs be⁴⁴ thi²¹ tche³³ tshi2,kur's be44 th121 tche33tshi2,suspect,0.75,4,九条 一 根着,插第 九 根 上,UNKNOWN,扫描 OCR + IPA 锚点版面解析（四行对照） | 整理日期 2026-09,medium
SANGJIAJING-P0752-L-03,SANGJIAJING,752,L,3,开 7.0,si²¹ th²¹ tche³³ tshi²¹ be⁴⁴,si21 th21 tche3tshi21 be44,ok,0.80,5,七 条 一 根着,插 第 七 根 上,UNKNOWN,扫描 OCR + IPA 锚点版面解析（四行对照） | 整理日期 2026-09,medium
SANGJIAJING-P0752-R-01,SANGJIAJING,752,R,1,,th²¹ tche³³ tshi²¹ sw ⁵⁵ be⁴⁴,th21tche3tshi21 sw 55 be44,suspect,0.60,5,三 条 一 根着,插 第 三 根 上,UNKNOWN,扫描 OCR + IPA 锚点版面解析（四行对照） | 整理日期 2026-09,medium
SANGJIAJING-P0752-R-02,SANGJIAJING,752,R,2,不 3=,phu²¹ hy³¹ ³³ si²¹ si²¹,phu21 hy31 33 S121 S121,suspect,0.60,5,祖灵 站 笑 眯 眯,祖 灵 笑 盈 盈,UNKNOWN,扫描 OCR + IPA 锚点版面解析（四行对照） | 整理日期 2026-09,medium
SANGJIAJING-P0752-R-03,SANGJIAJING,752,R,3,电 九 3,,phu2 hx31 tu ne 33,failed,0.00,2,祖灵 站 地 也 舒,祖 立 也 舒 适,UNKNOWN,扫描 OCR + IPA 锚点版面解析（四行对照） | 整理日期 2026-09,medium
SANGJIAJING-P0752-R-04,SANGJIAJING,752,R,4,目 电 九,phu²¹ tu ³³ ɒ³³ to³³ ne sɒ,phu21 tu 33 D33 to33 ne SD,ok,0.80,5,祖灵 在 寺 也 舒,祖 居 也 舒 坦,UNKNOWN,扫描 OCR + IPA 锚点版面解析（四行对照） | 整理日期 2026-09,medium
SANGJIAJING-P0752-R-05,SANGJIAJING,752,R,5,星安电 九,phu²¹ dle⁴⁴ tu ne ³³ sɒ ³³,phu21 dle44 tu ne 33 SD 33,suspect,0.75,4,祖灵 觅食 地 也 舒,祖游也 畅 坦,UNKNOWN,扫描 OCR + IPA 锚点版面解析（四行对照） | 整理日期 2026-09,medium
SANGJIAJING-P0753-L-01,SANGJIAJING,753,L,1,星洲星九 W,phu²¹ hx³¹ phu²¹ ne ³³ lurs,phu21 hx31 phu21 ne 33 lur's,ok,0.80,5,祖灵 站 祖灵 也 喜,祖 立 也 喜 悦,UNKNOWN,扫描 OCR + IPA 锚点版面解析（四行对照） | 整理日期 2026-09,medium
SANGJIAJING-P0753-L-02,SANGJIAJING,753,L,2,目,duss phu2l n⁸³3 li⁰³3 sɒ³³,duss phu2l n833 1$033 SD33,suspect,0.67,3,舒 种 祖灵 也 有,有护 播 祖 灵,UNKNOWN,扫描 OCR + IPA 锚点版面解析（四行对照） | 整理日期 2026-09,medium
SANGJIAJING-P0753-R-01,SANGJIAJING,753,R,1,张,z1 ⁴⁴ tsi³³ phu²¹ li⁰³3,Z1 44 tsi33 phu21 1$033,suspect,0.75,4,顺 接 祖灵 也 有,有护 婚祖 灵,UNKNOWN,扫描 OCR + IPA 锚点版面解析（四行对照） | 整理日期 2026-09,medium
SANGJIAJING-P0753-R-02,SANGJIAJING,753,R,2,天,ne ³³ dzɒ2 tsh³³ thi²¹ ni³³,ne 33 dzD² tsh;33 th121 ni33,suspect,0.75,4,美味 吃 到 一 日,值 美 品 食 之 日,UNKNOWN,扫描 OCR + IPA 锚点版面解析（四行对照） | 整理日期 2026-09,medium
SANGJIAJING-P0753-R-03,SANGJIAJING,753,R,3,ZZZ IM 天,³³ tsi⁵⁵ s tshi³³ th²¹ ni³³ ne,33 tsi5s tshi33 th21 ni33 ne,suspect,0.67,6,美味 喝 一 到 一 日,值美 饮 N 日,UNKNOWN,扫描 OCR + IPA 锚点版面解析（四行对照） | 整理日期 2026-09,medium
SANGJIAJING-P0753-R-04,SANGJIAJING,753,R,4,W to路 日,,luur's he33 butche33 1033,failed,0.33,3,喜 家 聚 上 处,家 庭 聚 宴 时,UNKNOWN,扫描 OCR + IPA 锚点版面解析（四行对照） | 整理日期 2026-09,medium
SANGJIAJING-P0753-R-05,SANGJIAJING,753,R,5,分 飞 W,,21 33 33 4i55 4e44 ZD nw ne,failed,0.00,6,儿 女 与 孙 重孙,你 儿 孙 后 辈,UNKNOWN,扫描 OCR + IPA 锚点版面解析（四行对照） | 整理日期 2026-09,medium
SANGJIAJING-P0754-L-01,SANGJIAJING,754,L,1,,ne³³ tsɒ³³ ne³³ nu³³ gi³³,ne33 tsp33 ne33 nu33 G133,ok,1.00,5,美味饭也你献,美食献与你,UNKNOWN,扫描 OCR + IPA 锚点版面解析（四行对照） | 整理日期 2026-09,medium
SANGJIAJING-P0754-R-01,SANGJIAJING,754,R,1,,ne³³ tsiss ng³³ nu³³ si³³,ne3 tsiss ng33 nu33 S133,ok,1.00,4,美味 喝也 你 献,美饮献与你,UNKNOWN,扫描 OCR + IPA 锚点版面解析（四行对照） | 整理日期 2026-09,medium
